market_ticker,event_ticker,series_ticker,market_type,title,yes_sub_title,no_sub_title,result,result_binary,status,open_time,close_time,expected_expiration_time,strike_date,tipoff_ts_used,tipoff_source,candle_ts,price_at_start_yes_bid,price_at_start_yes_ask,price_at_start_mid,price_at_start_last,n_candles_in_window,volume,open_interest
KXCOACHOUTNBA-0-26-WAS,KXCOACHOUTNBA-0,KXCOACHOUTNBA,other,Which pro men's basketball coachces will be out before 2026?,Brian Keefe,Brian Keefe,no,0,finalized,2025-06-07T14:00:00Z,2026-01-01T04:59:00Z,2026-01-01T15:00:00Z,,1767270600,expected_expiration-150m,,,,,,0,2350.00,0.00
KXCOACHOUTNBA-0-26-SAS,KXCOACHOUTNBA-0,KXCOACHOUTNBA,other,Which pro men's basketball coachces will be out before 2026?,Mitchell Johnson,Mitchell Johnson,no,0,finalized,2025-06-07T14:00:00Z,2026-01-01T04:59:00Z,2026-01-01T15:00:00Z,,1767270600,expected_expiration-150m,,,,,,0,606.00,0.00
KXCOACHOUTNBA-0-26-SAC,KXCOACHOUTNBA-0,KXCOACHOUTNBA,other,Which pro men's basketball coachces will be out before 2026?,Doug Christie,Doug Christie,no,0,finalized,2025-06-07T14:00:00Z,2026-01-01T04:59:00Z,2026-01-01T15:00:00Z,,1767270600,expected_expiration-150m,,,,,,0,9666.00,0.00
KXCOACHOUTNBA-0-26-PHX,KXCOACHOUTNBA-0,KXCOACHOUTNBA,other,Which pro men's basketball coachces will be out before 2026?,Jordan Ott,Jordan Ott,no,0,finalized,2025-06-07T14:00:00Z,2026-01-01T04:59:00Z,2026-01-01T15:00:00Z,,1767270600,expected_expiration-150m,,,,,,0,11.00,0.00
KXCOACHOUTNBA-0-26-ORL,KXCOACHOUTNBA-0,KXCOACHOUTNBA,other,Which pro men's basketball coachces will be out before 2026?,Jamahl Mosley,Jamahl Mosley,no,0,finalized,2025-06-07T14:00:00Z,2026-01-01T04:59:00Z,2026-01-01T15:00:00Z,,1767270600,expected_expiration-150m,,,,,,0,2312.00,0.00
KXCOACHOUTNBA-0-26-NO,KXCOACHOUTNBA-0,KXCOACHOUTNBA,other,Which pro men's basketball coachces will be out before 2026?,Willie Green,Willie Green,yes,1,finalized,2025-06-07T14:00:00Z,2025-11-15T18:46:43.016604Z,2026-01-01T15:00:00Z,,1767270600,expected_expiration-150m,,,,,,0,9325.00,0.00
KXCOACHOUTNBA-0-26-MIA,KXCOACHOUTNBA-0,KXCOACHOUTNBA,other,Which pro men's basketball coachces will be out before 2026?,Erik Spoelstra,Erik Spoelstra,no,0,finalized,2025-06-07T14:00:00Z,2026-01-01T04:59:00Z,2026-01-01T15:00:00Z,,1767270600,expected_expiration-150m,,,,,,0,472.00,0.00
KXCOACHOUTNBA-0-26-MEM,KXCOACHOUTNBA-0,KXCOACHOUTNBA,other,Which pro men's basketball coachces will be out before 2026?,Tuomas Iisalo,Tuomas Iisalo,no,0,finalized,2025-06-07T14:00:00Z,2026-01-01T04:59:00Z,2026-01-01T15:00:00Z,,1767270600,expected_expiration-150m,,,,,,0,62.00,0.00
KXCOACHOUTNBA-0-26-LAL,KXCOACHOUTNBA-0,KXCOACHOUTNBA,other,Which pro men's basketball coachces will be out before 2026?,JJ Reddick,JJ Reddick,no,0,finalized,2025-06-07T14:00:00Z,2026-01-01T04:59:00Z,2026-01-01T15:00:00Z,,1767270600,expected_expiration-150m,,,,,,0,542.00,0.00
KXCOACHOUTNBA-0-26-LAC,KXCOACHOUTNBA-0,KXCOACHOUTNBA,other,Which pro men's basketball coachces will be out before 2026?,Tyronn Lue,Tyronn Lue,no,0,finalized,2025-06-07T14:00:00Z,2026-01-01T04:59:00Z,2026-01-01T15:00:00Z,,1767270600,expected_expiration-150m,,,,,,0,18248.00,0.00
KXCOACHOUTNBA-0-26-HOU,KXCOACHOUTNBA-0,KXCOACHOUTNBA,other,Which pro men's basketball coachces will be out before 2026?,Ime Udoka,Ime Udoka,no,0,finalized,2025-06-07T14:00:00Z,2026-01-01T04:59:00Z,2026-01-01T15:00:00Z,,1767270600,expected_expiration-150m,,,,,,0,32.00,0.00
KXCOACHOUTNBA-0-26-DAL,KXCOACHOUTNBA-0,KXCOACHOUTNBA,other,Which pro men's basketball coachces will be out before 2026?,Jason Kidd,Jason Kidd,no,0,finalized,2025-06-07T14:00:00Z,2026-01-01T04:59:00Z,2026-01-01T15:00:00Z,,1767270600,expected_expiration-150m,,,,,,0,4419.00,0.00
KXCOACHOUTNBA-0-26-CHA,KXCOACHOUTNBA-0,KXCOACHOUTNBA,other,Which pro men's basketball coachces will be out before 2026?,Charles Lee,Charles Lee,no,0,finalized,2025-06-07T14:00:00Z,2026-01-01T04:59:00Z,2026-01-01T15:00:00Z,,1767270600,expected_expiration-150m,,,,,,0,1461.00,0.00
KXCOACHOUTNBA-0-26-ATL,KXCOACHOUTNBA-0,KXCOACHOUTNBA,other,Which pro men's basketball coachces will be out before 2026?,Quin Snyder,Quin Snyder,no,0,finalized,2025-06-07T14:00:00Z,2026-01-01T04:59:00Z,2026-01-01T15:00:00Z,,1767270600,expected_expiration-150m,,,,,,0,2091.00,0.00
KXCOACHOUTNBA-0-26-UTA,KXCOACHOUTNBA-0,KXCOACHOUTNBA,other,Which pro men's basketball coachces will be out before 2026?,Will Hardy,Will Hardy,no,0,finalized,2025-06-07T14:00:00Z,2026-01-01T04:59:00Z,2026-01-01T15:00:00Z,,1767270600,expected_expiration-150m,,,,,,0,50.00,0.00
KXCOACHOUTNBA-0-26-TOR,KXCOACHOUTNBA-0,KXCOACHOUTNBA,other,Which pro men's basketball coachces will be out before 2026?,Darko Rajakovic,Darko Rajakovic,no,0,finalized,2025-06-07T14:00:00Z,2026-01-01T04:59:00Z,2026-01-01T15:00:00Z,,1767270600,expected_expiration-150m,,,,,,0,307.00,0.00
KXCOACHOUTNBA-0-26-POR,KXCOACHOUTNBA-0,KXCOACHOUTNBA,other,Which pro men's basketball coachces will be out before 2026?,Chauncey Billups,Chauncey Billups,no,0,finalized,2025-06-07T14:00:00Z,2026-01-01T04:59:00Z,2026-01-01T15:00:00Z,,1767270600,expected_expiration-150m,,,,,,0,22208.00,0.00
KXCOACHOUTNBA-0-26-PHI,KXCOACHOUTNBA-0,KXCOACHOUTNBA,other,Which pro men's basketball coachces will be out before 2026?,Nick Nurse,Nick Nurse,no,0,finalized,2025-06-07T14:00:00Z,2026-01-01T04:59:00Z,2026-01-01T15:00:00Z,,1767270600,expected_expiration-150m,,,,,,0,1505.00,0.00
KXCOACHOUTNBA-0-26-OKC,KXCOACHOUTNBA-0,KXCOACHOUTNBA,other,Which pro men's basketball coachces will be out before 2026?,Mark Daigneault,Mark Daigneault,no,0,finalized,2025-06-07T14:00:00Z,2026-01-01T04:59:00Z,2026-01-01T15:00:00Z,,1767270600,expected_expiration-150m,,,,,,0,26.00,0.00
KXCOACHOUTNBA-0-26-MIN,KXCOACHOUTNBA-0,KXCOACHOUTNBA,other,Which pro men's basketball coachces will be out before 2026?,Chris Finch,Chris Finch,no,0,finalized,2025-06-07T14:00:00Z,2026-01-01T04:59:00Z,2026-01-01T15:00:00Z,,1767270600,expected_expiration-150m,,,,,,0,1462.00,0.00
KXCOACHOUTNBA-0-26-MIL,KXCOACHOUTNBA-0,KXCOACHOUTNBA,other,Which pro men's basketball coachces will be out before 2026?,Doc Rivers,Doc Rivers,no,0,finalized,2025-06-07T14:00:00Z,2026-01-01T04:59:00Z,2026-01-01T15:00:00Z,,1767270600,expected_expiration-150m,,,,,,0,4597.00,0.00
KXCOACHOUTNBA-0-26-IND,KXCOACHOUTNBA-0,KXCOACHOUTNBA,other,Which pro men's basketball coachces will be out before 2026?,Rick Carlisle,Rick Carlisle,no,0,finalized,2025-06-07T14:00:00Z,2026-01-01T04:59:00Z,2026-01-01T15:00:00Z,,1767270600,expected_expiration-150m,,,,,,0,139.00,0.00
KXCOACHOUTNBA-0-26-GS,KXCOACHOUTNBA-0,KXCOACHOUTNBA,other,Which pro men's basketball coachces will be out before 2026?,Steve Kerr,Steve Kerr,no,0,finalized,2025-06-07T14:00:00Z,2026-01-01T04:59:00Z,2026-01-01T15:00:00Z,,1767270600,expected_expiration-150m,,,,,,0,203.00,0.00
KXCOACHOUTNBA-0-26-DET,KXCOACHOUTNBA-0,KXCOACHOUTNBA,other,Which pro men's basketball coachces will be out before 2026?,J.B. Bickerstaff,J.B. Bickerstaff,no,0,finalized,2025-06-07T14:00:00Z,2026-01-01T04:59:00Z,2026-01-01T15:00:00Z,,1767270600,expected_expiration-150m,,,,,,0,0.00,0.00
KXCOACHOUTNBA-0-26-DEN,KXCOACHOUTNBA-0,KXCOACHOUTNBA,other,Which pro men's basketball coachces will be out before 2026?,David Adelman,David Adelman,no,0,finalized,2025-06-07T14:00:00Z,2026-01-01T04:59:00Z,2026-01-01T15:00:00Z,,1767270600,expected_expiration-150m,,,,,,0,883.00,0.00
KXCOACHOUTNBA-0-26-CLE,KXCOACHOUTNBA-0,KXCOACHOUTNBA,other,Which pro men's basketball coachces will be out before 2026?,Kenny Atkinson,Kenny Atkinson,no,0,finalized,2025-06-07T14:00:00Z,2026-01-01T04:59:00Z,2026-01-01T15:00:00Z,,1767270600,expected_expiration-150m,,,,,,0,1412.00,0.00
KXCOACHOUTNBA-0-26-CHI,KXCOACHOUTNBA-0,KXCOACHOUTNBA,other,Which pro men's basketball coachces will be out before 2026?,Billy Donovan,Billy Donovan,no,0,finalized,2025-06-07T14:00:00Z,2026-01-01T04:59:00Z,2026-01-01T15:00:00Z,,1767270600,expected_expiration-150m,,,,,,0,900.00,0.00
KXCOACHOUTNBA-0-26-BOS,KXCOACHOUTNBA-0,KXCOACHOUTNBA,other,Which pro men's basketball coaches will be out before 2026?,Joe Mazzulla,Joe Mazzulla,no,0,finalized,2025-06-07T14:00:00Z,2026-01-01T04:59:00Z,2026-01-01T15:00:00Z,,1767270600,expected_expiration-150m,,,,,,0,1.00,0.00
KXCOACHOUTNBA-0-26-BKN,KXCOACHOUTNBA-0,KXCOACHOUTNBA,other,Which pro men's basketball coachces will be out before 2026?,Jordi Fernandez,Jordi Fernandez,no,0,finalized,2025-06-07T14:00:00Z,2026-01-01T04:59:00Z,2026-01-01T15:00:00Z,,1767270600,expected_expiration-150m,,,,,,0,1403.00,0.00
KXCOACHOUTNBADATE-27NNUR-26JUL01,KXCOACHOUTNBADATE-27NNUR,KXCOACHOUTNBADATE,other,"Will Nick Nurse be out before Jul 1, 2026?","Out before Jul 1, 2026","Out before Jul 1, 2026",,,active,2026-05-11T03:50:00Z,2026-07-01T03:59:00Z,2027-10-25T14:00:00Z,,1824463800,expected_expiration-150m,,,,,,0,2388.99,902.08
KXCOACHOUTNBADATE-27MBRO-26JUL01,KXCOACHOUTNBADATE-27MBRO,KXCOACHOUTNBADATE,other,"Will Mike Brown be out before Jul 1, 2026?","Out before Jul 1, 2026","Out before Jul 1, 2026",,,active,2026-04-27T20:00:00Z,2026-07-01T03:59:00Z,2027-10-25T14:00:00Z,,1824463800,expected_expiration-150m,,,,,,0,7804.60,5187.70
KXCOACHOUTNBADATE-27SKER-26JUL01,KXCOACHOUTNBADATE-27SKER,KXCOACHOUTNBADATE,other,"Will Steve Kerr be out before Jul 1, 2026?","Out before Jul 1, 2026","Out before Jul 1, 2026",,,active,2026-04-27T18:00:00Z,2026-07-01T03:59:00Z,2027-10-25T14:00:00Z,,1824463800,expected_expiration-150m,,,,,,0,6810.64,4377.69
KXLEADERNBA3PT-26-TMAX,KXLEADERNBA3PT-26,KXLEADERNBA3PT,player_prop,Will Tyrese Maxey lead Pro Basketball in Three Pointers Made Per Game for the 2025-26 Regular Season?,Tyrese Maxey,Tyrese Maxey,no,0,finalized,2025-11-25T15:00:00Z,2026-04-13T03:57:19Z,2026-04-13T14:00:00Z,,1776079800,expected_expiration-150m,,,,,,0,9013.00,8813.00
KXLEADERNBA3PT-26-SMER,KXLEADERNBA3PT-26,KXLEADERNBA3PT,player_prop,Will Sam Merrill lead Pro Basketball in Three Pointers Made Per Game for the 2025-26 Regular Season?,Sam Merrill,Sam Merrill,no,0,finalized,2025-11-25T15:00:00Z,2026-04-13T03:57:19Z,2026-04-13T14:00:00Z,,1776079800,expected_expiration-150m,,,,,,0,3008.00,3000.00
KXLEADERNBA3PT-26-SCUR,KXLEADERNBA3PT-26,KXLEADERNBA3PT,player_prop,Will Stephen Curry lead Pro Basketball in Three Pointers Made Per Game for the 2025-26 Regular Season?,Stephen Curry,Stephen Curry,no,0,finalized,2025-11-25T15:00:00Z,2026-04-13T03:57:19Z,2026-04-13T14:00:00Z,,1776079800,expected_expiration-150m,,,,,,0,192945.00,53944.00
KXLEADERNBA3PT-26-MPJR,KXLEADERNBA3PT-26,KXLEADERNBA3PT,player_prop,Will Michael Porter Jr. lead Pro Basketball in Three Pointers Made Per Game for the 2025-26 Regular Season?,Michael Porter Jr.,Michael Porter Jr.,no,0,finalized,2025-11-25T15:00:00Z,2026-04-13T03:57:19Z,2026-04-13T14:00:00Z,,1776079800,expected_expiration-150m,,,,,,0,6536.00,5114.00
KXLEADERNBA3PT-26-LMAR,KXLEADERNBA3PT-26,KXLEADERNBA3PT,player_prop,Will Lauri Markkanen lead Pro Basketball in Three Pointers Made Per Game for the 2025-26 Regular Season?,Lauri Markkanen,Lauri Markkanen,no,0,finalized,2025-11-25T15:00:00Z,2026-04-13T03:57:19Z,2026-04-13T14:00:00Z,,1776079800,expected_expiration-150m,,,,,,0,844.00,844.00
KXLEADERNBA3PT-26-LDON,KXLEADERNBA3PT-26,KXLEADERNBA3PT,player_prop,Will Luka Doncic lead Pro Basketball in Three Pointers Made Per Game for the 2025-26 Regular Season?,Luka Doncic,Luka Doncic,yes,1,finalized,2025-11-25T15:00:00Z,2026-04-13T03:57:19Z,2026-04-13T14:00:00Z,,1776079800,expected_expiration-150m,,,,,,0,122822.00,78546.00
KXLEADERNBA3PT-26-LBAL,KXLEADERNBA3PT-26,KXLEADERNBA3PT,player_prop,Will LaMelo Ball lead Pro Basketball in Three Pointers Made Per Game for the 2025-26 Regular Season?,LaMelo Ball,LaMelo Ball,no,0,finalized,2025-11-25T15:00:00Z,2026-04-13T03:57:19Z,2026-04-13T14:00:00Z,,1776079800,expected_expiration-150m,,,,,,0,17686.00,16544.00
KXLEADERNBA3PT-26-KKNU,KXLEADERNBA3PT-26,KXLEADERNBA3PT,player_prop,Will Kon Knueppel lead Pro Basketball in Three Pointers Made Per Game for the 2025-26 Regular Season?,Kon Knueppel,Kon Knueppel,no,0,finalized,2025-11-25T15:00:00Z,2026-04-13T03:57:19Z,2026-04-13T14:00:00Z,,1776079800,expected_expiration-150m,,,,,,0,77968.00,55436.00
KXLEADERNBA3PT-26-JHAR,KXLEADERNBA3PT-26,KXLEADERNBA3PT,player_prop,Will James Harden lead Pro Basketball in Three Pointers Made Per Game for the 2025-26 Regular Season?,James Harden,James Harden,no,0,finalized,2025-11-25T15:00:00Z,2026-04-13T03:57:19Z,2026-04-13T14:00:00Z,,1776079800,expected_expiration-150m,,,,,,0,671.00,667.00
KXLEADERNBA3PT-26-GAL,KXLEADERNBA3PT-26,KXLEADERNBA3PT,player_prop,Will Grayson Allen lead Pro Basketball in Three Pointers Made Per Game for the 2025-26 Regular Season?,Grayson Allen,Grayson Allen,no,0,finalized,2025-11-25T15:00:00Z,2026-04-13T03:57:19Z,2026-04-13T14:00:00Z,,1776079800,expected_expiration-150m,,,,,,0,2883.00,2882.00
KXLEADERNBA3PT-26-DMIT,KXLEADERNBA3PT-26,KXLEADERNBA3PT,player_prop,Will Donovan Mitchell lead Pro Basketball in Three Pointers Made Per Game for the 2025-26 Regular Season?,Donovan Mitchell,Donovan Mitchell,no,0,finalized,2025-11-25T15:00:00Z,2026-04-13T03:57:19Z,2026-04-13T14:00:00Z,,1776079800,expected_expiration-150m,,,,,,0,29633.00,18144.00
KXLEADERNBA3PT-26-AEDW,KXLEADERNBA3PT-26,KXLEADERNBA3PT,player_prop,Will Anthony Edwards lead Pro Basketball in Three Pointers Made Per Game for the 2025-26 Regular Season?,Anthony Edwards,Anthony Edwards,no,0,finalized,2025-11-25T15:00:00Z,2026-04-13T03:57:19Z,2026-04-13T14:00:00Z,,1776079800,expected_expiration-150m,,,,,,0,7313.00,6847.00
KXLEADERNBAAST-26-TYOU,KXLEADERNBAAST-26,KXLEADERNBAAST,player_prop,Will Trae Young lead Pro Basketball in Assists Per Game for the 2025-26 Regular Season?,Trae Young,Trae Young,no,0,finalized,2025-11-25T15:00:00Z,2026-04-13T13:42:58Z,2026-04-13T14:00:00Z,,1776079800,expected_expiration-150m,,,,,,0,4678.00,2726.00
KXLEADERNBAAST-26-TMAX,KXLEADERNBAAST-26,KXLEADERNBAAST,player_prop,Will Tyrese Maxey lead Pro Basketball in Assists Per Game for the 2025-26 Regular Season?,Tyrese Maxey,Tyrese Maxey,no,0,finalized,2025-11-25T15:00:00Z,2026-04-13T13:42:58Z,2026-04-13T14:00:00Z,,1776079800,expected_expiration-150m,,,,,,0,167.00,167.00
KXLEADERNBAAST-26-NJOK,KXLEADERNBAAST-26,KXLEADERNBAAST,player_prop,Will Nikola Jokic lead Pro Basketball in Assists Per Game for the 2025-26 Regular Season?,Nikola Jokic,Nikola Jokic,yes,1,finalized,2025-11-25T15:00:00Z,2026-04-13T13:42:58Z,2026-04-13T14:00:00Z,,1776079800,expected_expiration-150m,1776075420,0.99,1.0,0.995,,1,66287.00,25873.00
KXLEADERNBAAST-26-LDON,KXLEADERNBAAST-26,KXLEADERNBAAST,player_prop,Will Luka Doncic lead Pro Basketball in Assists Per Game for the 2025-26 Regular Season?,Luka Doncic,Luka Doncic,no,0,finalized,2025-11-25T15:00:00Z,2026-04-13T13:42:58Z,2026-04-13T14:00:00Z,,1776079800,expected_expiration-150m,,,,,,0,3277.00,3277.00
KXLEADERNBAAST-26-LBAL,KXLEADERNBAAST-26,KXLEADERNBAAST,player_prop,Will LaMelo Ball lead Pro Basketball in Assists Per Game for the 2025-26 Regular Season?,LaMelo Ball,LaMelo Ball,no,0,finalized,2025-11-25T15:00:00Z,2026-04-13T13:42:58Z,2026-04-13T14:00:00Z,,1776079800,expected_expiration-150m,1776075960,0.0,0.01,0.005,,1,984.00,984.00
KXLEADERNBAAST-26-JHOL,KXLEADERNBAAST-26,KXLEADERNBAAST,player_prop,Will Jrue Holiday lead Pro Basketball in Assists Per Game for the 2025-26 Regular Season?,Jrue Holiday,Jrue Holiday,no,0,finalized,2025-11-25T15:00:00Z,2026-04-13T13:42:58Z,2026-04-13T14:00:00Z,,1776079800,expected_expiration-150m,,,,,,0,499.00,499.00
KXLEADERNBAAST-26-JHAR,KXLEADERNBAAST-26,KXLEADERNBAAST,player_prop,Will James Harden lead Pro Basketball in Assists Per Game for the 2025-26 Regular Season?,James Harden,James Harden,no,0,finalized,2025-11-25T15:00:00Z,2026-04-13T13:42:58Z,2026-04-13T14:00:00Z,,1776079800,expected_expiration-150m,1776075960,0.0,0.01,0.005,,1,1146.00,1146.00
KXLEADERNBAAST-26-JGID,KXLEADERNBAAST-26,KXLEADERNBAAST,player_prop,Will Josh Giddey lead Pro Basketball in Assists Per Game for the 2025-26 Regular Season?,Josh Giddey,Josh Giddey,no,0,finalized,2025-11-25T15:00:00Z,2026-04-13T13:42:58Z,2026-04-13T14:00:00Z,,1776079800,expected_expiration-150m,1776079800,0.0,0.01,0.005,0.01,1,1179.00,742.00
KXLEADERNBAAST-26-CCUN,KXLEADERNBAAST-26,KXLEADERNBAAST,player_prop,Will Cade Cunningham lead Pro Basketball in Assists Per Game for the 2025-26 Regular Season?,Cade Cunningham,Cade Cunningham,no,0,finalized,2025-11-25T15:00:00Z,2026-04-13T13:42:58Z,2026-04-13T14:00:00Z,,1776079800,expected_expiration-150m,1776075420,0.0,0.01,0.005,,2,31528.00,9263.00
KXLEADERNBABLK-26-VWEM,KXLEADERNBABLK-26,KXLEADERNBABLK,player_prop,Will Victor Wembanyama lead Pro Basketball in Blocks Per Game for the 2025-26 Regular Season?,Victor Wembanyama,Victor Wembanyama,yes,1,finalized,2025-11-25T15:00:00Z,2026-04-13T04:00:06Z,2026-04-13T14:00:00Z,,1776079800,expected_expiration-150m,,,,,,0,79874.00,35960.00
KXLEADERNBABLK-26-SBAR,KXLEADERNBABLK-26,KXLEADERNBABLK,player_prop,Will Scottie Barnes lead Pro Basketball in Blocks Per Game for the 2025-26 Regular Season?,Scottie Barnes,Scottie Barnes,no,0,finalized,2025-11-25T15:00:00Z,2026-04-13T04:00:06Z,2026-04-13T14:00:00Z,,1776079800,expected_expiration-150m,,,,,,0,101.00,101.00
KXLEADERNBABLK-26-RKAL,KXLEADERNBABLK-26,KXLEADERNBABLK,player_prop,Will Ryan Kalkbrenner lead Pro Basketball in Blocks Per Game for the 2025-26 Regular Season?,Ryan Kalkbrenner,Ryan Kalkbrenner,no,0,finalized,2025-11-25T15:00:00Z,2026-04-13T04:00:06Z,2026-04-13T14:00:00Z,,1776079800,expected_expiration-150m,,,,,,0,243.00,210.00
KXLEADERNBABLK-26-RGOB,KXLEADERNBABLK-26,KXLEADERNBABLK,player_prop,Will Rudy Gobert lead Pro Basketball in Blocks Per Game for the 2025-26 Regular Season?,Rudy Gobert,Rudy Gobert,no,0,finalized,2025-11-25T15:00:00Z,2026-04-13T04:00:06Z,2026-04-13T14:00:00Z,,1776079800,expected_expiration-150m,,,,,,0,393.00,388.00
KXLEADERNBABLK-26-MTUR,KXLEADERNBABLK-26,KXLEADERNBABLK,player_prop,Will Myles Turner lead Pro Basketball in Blocks Per Game for the 2025-26 Regular Season?,Myles Turner,Myles Turner,no,0,finalized,2025-11-25T15:00:00Z,2026-04-13T04:00:06Z,2026-04-13T14:00:00Z,,1776079800,expected_expiration-150m,,,,,,0,231.00,131.00
KXLEADERNBABLK-26-JJAC,KXLEADERNBABLK-26,KXLEADERNBABLK,player_prop,Will Jaren Jackson Jr. lead Pro Basketball in Blocks Per Game for the 2025-26 Regular Season?,Jaren Jackson Jr.,Jaren Jackson Jr.,no,0,finalized,2025-11-25T15:00:00Z,2026-04-13T04:00:06Z,2026-04-13T14:00:00Z,,1776079800,expected_expiration-150m,,,,,,0,52.00,52.00
KXLEADERNBABLK-26-JHUF,KXLEADERNBABLK-26,KXLEADERNBABLK,player_prop,Will Jay Huff lead Pro Basketball in Blocks Per Game for the 2025-26 Regular Season?,Jay Huff,Jay Huff,no,0,finalized,2025-11-25T15:00:00Z,2026-04-13T04:00:06Z,2026-04-13T14:00:00Z,,1776079800,expected_expiration-150m,,,,,,0,6780.00,3093.00
KXLEADERNBABLK-26-ISTE,KXLEADERNBABLK-26,KXLEADERNBABLK,player_prop,Will Isaiah Stewart lead Pro Basketball in Blocks Per Game for the 2025-26 Regular Season?,Isaiah Stewart,Isaiah Stewart,no,0,finalized,2025-11-25T15:00:00Z,2026-04-13T04:00:06Z,2026-04-13T14:00:00Z,,1776079800,expected_expiration-150m,,,,,,0,1822.00,1620.00
KXLEADERNBABLK-26-EMOB,KXLEADERNBABLK-26,KXLEADERNBABLK,player_prop,Will Evan Mobley lead Pro Basketball in Blocks Per Game for the 2025-26 Regular Season?,Evan Mobley,Evan Mobley,no,0,finalized,2025-11-25T15:00:00Z,2026-04-13T04:00:06Z,2026-04-13T14:00:00Z,,1776079800,expected_expiration-150m,,,,,,0,1970.00,1970.00
KXLEADERNBABLK-26-ASAR,KXLEADERNBABLK-26,KXLEADERNBABLK,player_prop,Will Alex Sarr lead Pro Basketball in Blocks Per Game for the 2025-26 Regular Season?,Alex Sarr,Alex Sarr,no,0,finalized,2025-11-25T15:00:00Z,2026-04-13T04:00:06Z,2026-04-13T14:00:00Z,,1776079800,expected_expiration-150m,,,,,,0,9695.00,8053.00
KXLEADERNBAPTS-26-TMAX,KXLEADERNBAPTS-26,KXLEADERNBAPTS,player_prop,Will Tyrese Maxey lead Pro Basketball in Points Per Game for the 2025-26 Regular Season?,Tyrese Maxey,Tyrese Maxey,no,0,finalized,2025-11-25T15:00:00Z,2026-04-13T03:50:46Z,2026-04-13T14:00:00Z,,1776079800,expected_expiration-150m,,,,,,0,5596.00,4702.00
KXLEADERNBAPTS-26-SGAL,KXLEADERNBAPTS-26,KXLEADERNBAPTS,player_prop,Will Shai Gilgeous-Alexander lead Pro Basketball in Points Per Game for the 2025-26 Regular Season?,Shai Gilgeous-Alexander,Shai Gilgeous-Alexander,no,0,finalized,2025-11-25T15:00:00Z,2026-04-13T03:50:46Z,2026-04-13T14:00:00Z,,1776079800,expected_expiration-150m,,,,,,0,42655.00,20564.00
KXLEADERNBAPTS-26-SCUR,KXLEADERNBAPTS-26,KXLEADERNBAPTS,player_prop,Will Stephen Curry lead Pro Basketball in Points Per Game for the 2025-26 Regular Season?,Stephen Curry,Stephen Curry,no,0,finalized,2025-11-25T15:00:00Z,2026-04-13T03:50:46Z,2026-04-13T14:00:00Z,,1776079800,expected_expiration-150m,,,,,,0,1871.00,1507.00
KXLEADERNBAPTS-26-NJOK,KXLEADERNBAPTS-26,KXLEADERNBAPTS,player_prop,Will Nikola Jokic lead Pro Basketball in Points Per Game for the 2025-26 Regular Season?,Nikola Jokic,Nikola Jokic,no,0,finalized,2025-11-25T15:00:00Z,2026-04-13T03:50:46Z,2026-04-13T14:00:00Z,,1776079800,expected_expiration-150m,,,,,,0,807.00,806.00
KXLEADERNBAPTS-26-LMAR,KXLEADERNBAPTS-26,KXLEADERNBAPTS,player_prop,Will Lauri Markkanen lead Pro Basketball in Points Per Game for the 2025-26 Regular Season?,Lauri Markkanen,Lauri Markkanen,no,0,finalized,2025-11-25T15:00:00Z,2026-04-13T03:50:46Z,2026-04-13T14:00:00Z,,1776079800,expected_expiration-150m,,,,,,0,46.00,46.00
KXLEADERNBAPTS-26-LJAM,KXLEADERNBAPTS-26,KXLEADERNBAPTS,player_prop,Will LeBron James lead Pro Basketball in Points Per Game for the 2025-26 Regular Season?,LeBron James,LeBron James,no,0,finalized,2025-11-25T15:00:00Z,2026-04-13T03:50:46Z,2026-04-13T14:00:00Z,,1776079800,expected_expiration-150m,,,,,,0,662.00,638.00
KXLEADERNBAPTS-26-LDON,KXLEADERNBAPTS-26,KXLEADERNBAPTS,player_prop,Will Luka Doncic lead Pro Basketball in Points Per Game for the 2025-26 Regular Season?,Luka Doncic,Luka Doncic,yes,1,finalized,2025-11-25T15:00:00Z,2026-04-13T03:50:46Z,2026-04-13T14:00:00Z,,1776079800,expected_expiration-150m,,,,,,0,27211.00,15619.00
KXLEADERNBAPTS-26-JHAR,KXLEADERNBAPTS-26,KXLEADERNBAPTS,player_prop,Will James Harden lead Pro Basketball in Points Per Game for the 2025-26 Regular Season?,James Harden,James Harden,no,0,finalized,2025-11-25T15:00:00Z,2026-04-13T03:50:46Z,2026-04-13T14:00:00Z,,1776079800,expected_expiration-150m,,,,,,0,2190.00,2172.00
KXLEADERNBAPTS-26-JBRU,KXLEADERNBAPTS-26,KXLEADERNBAPTS,player_prop,Will Jalen Brunson lead Pro Basketball in Points Per Game for the 2025-26 Regular Season?,Jalen Brunson,Jalen Brunson,no,0,finalized,2025-11-25T15:00:00Z,2026-04-13T03:50:46Z,2026-04-13T14:00:00Z,,1776079800,expected_expiration-150m,,,,,,0,1282.00,1272.00
KXLEADERNBAPTS-26-JBRO,KXLEADERNBAPTS-26,KXLEADERNBAPTS,player_prop,Will Jaylen Brown lead Pro Basketball in Points Per Game for the 2025-26 Regular Season?,Jaylen Brown,Jaylen Brown,no,0,finalized,2025-11-25T15:00:00Z,2026-04-13T03:50:46Z,2026-04-13T14:00:00Z,,1776079800,expected_expiration-150m,,,,,,0,732.00,732.00
KXLEADERNBAPTS-26-GANT,KXLEADERNBAPTS-26,KXLEADERNBAPTS,player_prop,Will Giannis Antetokounmpo lead Pro Basketball in Points Per Game for the 2025-26 Regular Season?,Giannis Antetokounmpo,Giannis Antetokounmpo,no,0,finalized,2025-11-25T15:00:00Z,2026-04-13T03:50:46Z,2026-04-13T14:00:00Z,,1776079800,expected_expiration-150m,,,,,,0,2354.00,2061.00
KXLEADERNBAPTS-26-DMIT,KXLEADERNBAPTS-26,KXLEADERNBAPTS,player_prop,Will Donovan Mitchell lead Pro Basketball in Points Per Game for the 2025-26 Regular Season?,Donovan Mitchell,Donovan Mitchell,no,0,finalized,2025-11-25T15:00:00Z,2026-04-13T03:50:46Z,2026-04-13T14:00:00Z,,1776079800,expected_expiration-150m,,,,,,0,798.00,798.00
KXLEADERNBAPTS-26-CCUN,KXLEADERNBAPTS-26,KXLEADERNBAPTS,player_prop,Will Cade Cunningham lead Pro Basketball in Points Per Game for the 2025-26 Regular Season?,Cade Cunningham,Cade Cunningham,no,0,finalized,2025-11-25T15:00:00Z,2026-04-13T03:50:46Z,2026-04-13T14:00:00Z,,1776079800,expected_expiration-150m,,,,,,0,91.00,91.00
KXLEADERNBAPTS-26-AREA,KXLEADERNBAPTS-26,KXLEADERNBAPTS,player_prop,Will Austin Reaves lead Pro Basketball in Points Per Game for the 2025-26 Regular Season?,Austin Reaves,Austin Reaves,no,0,finalized,2025-11-25T15:00:00Z,2026-04-13T03:50:46Z,2026-04-13T14:00:00Z,,1776079800,expected_expiration-150m,,,,,,0,99.00,99.00
KXLEADERNBAPTS-26-AEDW,KXLEADERNBAPTS-26,KXLEADERNBAPTS,player_prop,Will Anthony Edwards lead Pro Basketball in Points Per Game for the 2025-26 Regular Season?,Anthony Edwards,Anthony Edwards,no,0,finalized,2025-11-25T15:00:00Z,2026-04-13T03:50:46Z,2026-04-13T14:00:00Z,,1776079800,expected_expiration-150m,,,,,,0,7654.00,6316.00
KXLEADERNBAREB-26-DCLI,KXLEADERNBAREB-26,KXLEADERNBAREB,player_prop,Will Donovan Clingan lead Pro Basketball in Rebounds Per Game for the 2025-26 Regular Season?,Donovan Clingan,Donovan Clingan,no,0,finalized,2026-01-27T20:00:00Z,2026-04-13T03:51:15Z,2026-04-13T14:00:00Z,,1776079800,expected_expiration-150m,,,,,,0,7404.00,4380.00
KXLEADERNBAREB-26-VWEM,KXLEADERNBAREB-26,KXLEADERNBAREB,player_prop,Will Victor Wembanyama lead Pro Basketball in Rebounds Per Game for the 2025-26 Regular Season?,Victor Wembanyama,Victor Wembanyama,no,0,finalized,2025-11-25T15:00:00Z,2026-04-13T03:51:15Z,2026-04-13T14:00:00Z,,1776079800,expected_expiration-150m,,,,,,0,22189.00,12215.00
KXLEADERNBAREB-26-RGOB,KXLEADERNBAREB-26,KXLEADERNBAREB,player_prop,Will Rudy Gobert lead Pro Basketball in Rebounds Per Game for the 2025-26 Regular Season?,Rudy Gobert,Rudy Gobert,no,0,finalized,2025-11-25T15:00:00Z,2026-04-13T03:51:15Z,2026-04-13T14:00:00Z,,1776079800,expected_expiration-150m,,,,,,0,13317.00,11063.00
KXLEADERNBAREB-26-NJOK,KXLEADERNBAREB-26,KXLEADERNBAREB,player_prop,Will Nikola Jokic lead Pro Basketball in Rebounds Per Game for the 2025-26 Regular Season?,Nikola Jokic,Nikola Jokic,yes,1,finalized,2025-11-25T15:00:00Z,2026-04-13T03:51:15Z,2026-04-13T14:00:00Z,,1776079800,expected_expiration-150m,,,,,,0,83392.00,36856.00
KXLEADERNBAREB-26-KWAR,KXLEADERNBAREB-26,KXLEADERNBAREB,player_prop,Will Kel'el Ware lead Pro Basketball in Rebounds Per Game for the 2025-26 Regular Season?,Kel'el Ware,Kel'el Ware,no,0,finalized,2025-11-25T15:00:00Z,2026-04-13T03:51:15Z,2026-04-13T14:00:00Z,,1776079800,expected_expiration-150m,,,,,,0,1391.00,971.00
KXLEADERNBAREB-26-KATO,KXLEADERNBAREB-26,KXLEADERNBAREB,player_prop,Will Karl-Anthony Towns lead Pro Basketball in Rebounds Per Game for the 2025-26 Regular Season?,Karl-Anthony Towns,Karl-Anthony Towns,no,0,finalized,2025-11-25T15:00:00Z,2026-04-13T03:51:15Z,2026-04-13T14:00:00Z,,1776079800,expected_expiration-150m,,,,,,0,19731.00,5626.00
KXLEADERNBAREB-26-JDUR,KXLEADERNBAREB-26,KXLEADERNBAREB,player_prop,Will Jalen Duren lead Pro Basketball in Rebounds Per Game for the 2025-26 Regular Season?,Jalen Duren,Jalen Duren,no,0,finalized,2025-11-25T15:00:00Z,2026-04-13T03:51:15Z,2026-04-13T14:00:00Z,,1776079800,expected_expiration-150m,,,,,,0,5771.00,5385.00
KXLEADERNBAREB-26-IZUB,KXLEADERNBAREB-26,KXLEADERNBAREB,player_prop,Will Ivica Zubac lead Pro Basketball in Rebounds Per Game for the 2025-26 Regular Season?,Ivica Zubac,Ivica Zubac,no,0,finalized,2025-11-25T15:00:00Z,2026-04-13T03:51:15Z,2026-04-13T14:00:00Z,,1776079800,expected_expiration-150m,,,,,,0,5156.00,4259.00
KXLEADERNBAREB-26-IHAR,KXLEADERNBAREB-26,KXLEADERNBAREB,player_prop,Will Isaiah Hartenstein lead Pro Basketball in Rebounds Per Game for the 2025-26 Regular Season?,Isaiah Hartenstein,Isaiah Hartenstein,no,0,finalized,2025-11-25T15:00:00Z,2026-04-13T03:51:15Z,2026-04-13T14:00:00Z,,1776079800,expected_expiration-150m,,,,,,0,1565.00,1565.00
KXLEADERNBAREB-26-GANT,KXLEADERNBAREB-26,KXLEADERNBAREB,player_prop,Will Giannis Antetokounmpo lead Pro Basketball in Rebounds Per Game for the 2025-26 Regular Season?,Giannis Antetokounmpo,Giannis Antetokounmpo,no,0,finalized,2025-11-25T15:00:00Z,2026-04-13T03:51:15Z,2026-04-13T14:00:00Z,,1776079800,expected_expiration-150m,,,,,,0,1052.00,1052.00
KXLEADERNBAREB-26-ADRU,KXLEADERNBAREB-26,KXLEADERNBAREB,player_prop,Will Andre Drummond lead Pro Basketball in Rebounds Per Game for the 2025-26 Regular Season?,Andre Drummond,Andre Drummond,no,0,finalized,2025-11-25T15:00:00Z,2026-04-13T03:51:15Z,2026-04-13T14:00:00Z,,1776079800,expected_expiration-150m,,,,,,0,237.00,237.00
KXLEADERNBASTL-26-KPOR,KXLEADERNBASTL-26,KXLEADERNBASTL,player_prop,Will Kevin Porter Jr. lead Pro Basketball in Steals Per Game for the 2025-26 Regular Season?,Kevin Porter Jr.,Kevin Porter Jr.,no,0,finalized,2026-01-13T18:20:00Z,2026-04-13T04:07:40Z,2026-04-13T14:00:00Z,,1776079800,expected_expiration-150m,,,,,,0,16501.00,11373.00
KXLEADERNBASTL-26-KLEO,KXLEADERNBASTL-26,KXLEADERNBASTL,player_prop,Will Kawhi Leonard lead Pro Basketball in Steals Per Game for the 2025-26 Regular Season?,Kawhi Leonard,Kawhi Leonard,no,0,finalized,2026-01-13T18:20:00Z,2026-04-13T04:07:40Z,2026-04-13T14:00:00Z,,1776079800,expected_expiration-150m,,,,,,0,34923.00,19026.00
KXLEADERNBASTL-26-TMUR,KXLEADERNBASTL-26,KXLEADERNBASTL,player_prop,Will Trey Murphy III lead Pro Basketball in Steals Per Game for the 2025-26 Regular Season?,Trey Murphy III,Trey Murphy III,no,0,finalized,2025-11-25T15:00:00Z,2026-04-13T04:07:40Z,2026-04-13T14:00:00Z,,1776079800,expected_expiration-150m,,,,,,0,1.00,1.00
KXLEADERNBASTL-26-TMAX,KXLEADERNBASTL-26,KXLEADERNBASTL,player_prop,Will Tyrese Maxey lead Pro Basketball in Steals Per Game for the 2025-26 Regular Season?,Tyrese Maxey,Tyrese Maxey,no,0,finalized,2025-11-25T15:00:00Z,2026-04-13T04:07:40Z,2026-04-13T14:00:00Z,,1776079800,expected_expiration-150m,,,,,,0,73476.00,24504.00
KXLEADERNBASTL-26-TJON,KXLEADERNBASTL-26,KXLEADERNBASTL,player_prop,Will Tre Jones lead Pro Basketball in Steals Per Game for the 2025-26 Regular Season?,Tre Jones,Tre Jones,no,0,finalized,2025-11-25T15:00:00Z,2026-04-13T04:07:40Z,2026-04-13T14:00:00Z,,1776079800,expected_expiration-150m,,,,,,0,42.00,42.00
KXLEADERNBASTL-26-SCAS,KXLEADERNBASTL-26,KXLEADERNBASTL,player_prop,Will Stephon Castle lead Pro Basketball in Steals Per Game for the 2025-26 Regular Season?,Stephon Castle,Stephon Castle,no,0,finalized,2025-11-25T15:00:00Z,2026-04-13T04:07:40Z,2026-04-13T14:00:00Z,,1776079800,expected_expiration-150m,,,,,,0,29.00,28.00
KXLEADERNBASTL-26-RHOL,KXLEADERNBASTL-26,KXLEADERNBASTL,player_prop,Will Ronald Holland II lead Pro Basketball in Steals Per Game for the 2025-26 Regular Season?,Ronald Holland II,Ronald Holland II,no,0,finalized,2025-11-25T15:00:00Z,2026-04-13T04:07:40Z,2026-04-13T14:00:00Z,,1776079800,expected_expiration-150m,,,,,,0,1.00,1.00
KXLEADERNBASTL-26-OANU,KXLEADERNBASTL-26,KXLEADERNBASTL,player_prop,Will OG Anunoby lead Pro Basketball in Steals Per Game for the 2025-26 Regular Season?,OG Anunoby,OG Anunoby,no,0,finalized,2025-11-25T15:00:00Z,2026-04-13T04:07:40Z,2026-04-13T14:00:00Z,,1776079800,expected_expiration-150m,,,,,,0,1281.00,1281.00
KXLEADERNBASTL-26-MSMA,KXLEADERNBASTL-26,KXLEADERNBASTL,player_prop,Will Marcus Smart lead Pro Basketball in Steals Per Game for the 2025-26 Regular Season?,Marcus Smart,Marcus Smart,no,0,finalized,2025-11-25T15:00:00Z,2026-04-13T04:07:40Z,2026-04-13T14:00:00Z,,1776079800,expected_expiration-150m,,,,,,0,17.00,17.00
KXLEADERNBASTL-26-MBRI,KXLEADERNBASTL-26,KXLEADERNBASTL,player_prop,Will Mikal Bridges lead Pro Basketball in Steals Per Game for the 2025-26 Regular Season?,Mikal Bridges,Mikal Bridges,no,0,finalized,2025-11-25T15:00:00Z,2026-04-13T04:07:40Z,2026-04-13T14:00:00Z,,1776079800,expected_expiration-150m,,,,,,0,1006.00,987.00
KXLEADERNBASTL-26-LDON,KXLEADERNBASTL-26,KXLEADERNBASTL,player_prop,Will Luka Doncic lead Pro Basketball in Steals Per Game for the 2025-26 Regular Season?,Luka Doncic,Luka Doncic,no,0,finalized,2025-11-25T15:00:00Z,2026-04-13T04:07:40Z,2026-04-13T14:00:00Z,,1776079800,expected_expiration-150m,,,,,,0,33.00,33.00
KXLEADERNBASTL-26-JNUR,KXLEADERNBASTL-26,KXLEADERNBASTL,player_prop,Will Jusuf Nurkic lead Pro Basketball in Steals Per Game for the 2025-26 Regular Season?,Jusuf Nurkic,Jusuf Nurkic,no,0,finalized,2025-11-25T15:00:00Z,2026-04-13T04:07:40Z,2026-04-13T14:00:00Z,,1776079800,expected_expiration-150m,,,,,,0,1.00,1.00
KXLEADERNBASTL-26-JJOH,KXLEADERNBASTL-26,KXLEADERNBASTL,player_prop,Will Jalen Johnson lead Pro Basketball in Steals Per Game for the 2025-26 Regular Season?,Jalen Johnson,Jalen Johnson,no,0,finalized,2025-11-25T15:00:00Z,2026-04-13T04:07:40Z,2026-04-13T14:00:00Z,,1776079800,expected_expiration-150m,,,,,,0,102.00,102.00
KXLEADERNBASTL-26-JHOL,KXLEADERNBASTL-26,KXLEADERNBASTL,player_prop,Will Jrue Holiday lead Pro Basketball in Steals Per Game for the 2025-26 Regular Season?,Jrue Holiday,Jrue Holiday,no,0,finalized,2025-11-25T15:00:00Z,2026-04-13T04:07:40Z,2026-04-13T14:00:00Z,,1776079800,expected_expiration-150m,,,,,,0,1.00,1.00
KXLEADERNBASTL-26-JFEA,KXLEADERNBASTL-26,KXLEADERNBASTL,player_prop,Will Jeremiah Fears lead Pro Basketball in Steals Per Game for the 2025-26 Regular Season?,Jeremiah Fears,Jeremiah Fears,no,0,finalized,2025-11-25T15:00:00Z,2026-04-13T04:07:40Z,2026-04-13T14:00:00Z,,1776079800,expected_expiration-150m,,,,,,0,1.00,1.00
KXLEADERNBASTL-26-JBUT,KXLEADERNBASTL-26,KXLEADERNBASTL,player_prop,Will Jimmy Butler III lead Pro Basketball in Steals Per Game for the 2025-26 Regular Season?,Jimmy Butler III,Jimmy Butler III,no,0,finalized,2025-11-25T15:00:00Z,2026-04-13T04:07:40Z,2026-04-13T14:00:00Z,,1776079800,expected_expiration-150m,,,,,,0,1.00,1.00
KXLEADERNBASTL-26-DWHI,KXLEADERNBASTL-26,KXLEADERNBASTL,player_prop,Will Derrick White lead Pro Basketball in Steals Per Game for the 2025-26 Regular Season?,Derrick White,Derrick White,no,0,finalized,2025-11-25T15:00:00Z,2026-04-13T04:07:40Z,2026-04-13T14:00:00Z,,1776079800,expected_expiration-150m,,,,,,0,1.00,1.00
KXLEADERNBASTL-26-DDAN,KXLEADERNBASTL-26,KXLEADERNBASTL,player_prop,Will Dyson Daniels lead Pro Basketball in Steals Per Game for the 2025-26 Regular Season?,Dyson Daniels,Dyson Daniels,no,0,finalized,2025-11-25T15:00:00Z,2026-04-13T04:07:40Z,2026-04-13T14:00:00Z,,1776079800,expected_expiration-150m,,,,,,0,45784.00,21860.00
KXLEADERNBASTL-26-CWAL,KXLEADERNBASTL-26,KXLEADERNBASTL,player_prop,Will Cason Wallace lead Pro Basketball in Steals Per Game for the 2025-26 Regular Season?,Cason Wallace,Cason Wallace,no,0,finalized,2025-11-25T15:00:00Z,2026-04-13T04:07:40Z,2026-04-13T14:00:00Z,,1776079800,expected_expiration-150m,,,,,,0,55258.00,33368.00
KXLEADERNBASTL-26-ATHO,KXLEADERNBASTL-26,KXLEADERNBASTL,player_prop,Will Ausar Thompson lead Pro Basketball in Steals Per Game for the 2025-26 Regular Season?,Ausar Thompson,Ausar Thompson,yes,1,finalized,2025-11-25T15:00:00Z,2026-04-13T04:07:40Z,2026-04-13T14:00:00Z,,1776079800,expected_expiration-150m,,,,,,0,63513.00,33202.00
KXLEADERNBASTL-26-AMIT,KXLEADERNBASTL-26,KXLEADERNBASTL,player_prop,Will Ajay Mitchell lead Pro Basketball in Steals Per Game for the 2025-26 Regular Season?,Ajay Mitchell,Ajay Mitchell,no,0,finalized,2025-11-25T15:00:00Z,2026-04-13T04:07:40Z,2026-04-13T14:00:00Z,,1776079800,expected_expiration-150m,,,,,,0,1.00,1.00
KXLEADERNBASTL-26-ACAR,KXLEADERNBASTL-26,KXLEADERNBASTL,player_prop,Will Alex Caruso lead Pro Basketball in Steals Per Game for the 2025-26 Regular Season?,Alex Caruso,Alex Caruso,no,0,finalized,2025-11-25T15:00:00Z,2026-04-13T04:07:40Z,2026-04-13T14:00:00Z,,1776079800,expected_expiration-150m,,,,,,0,635.00,622.00
KXNBA-26-WAS,KXNBA-26,KXNBA,champion,Will the Washington win the 2026 Pro Basketball Finals?,Washington,Washington,no,0,finalized,2025-07-12T14:00:00Z,2026-04-09T18:18:51Z,2026-06-30T14:00:00Z,,1782819000,expected_expiration-150m,,,,,,0,11307.00,11307.00
KXNBA-26-UTA,KXNBA-26,KXNBA,champion,Will the Utah win the 2026 Pro Basketball Finals?,Utah,Utah,no,0,finalized,2025-07-12T14:00:00Z,2026-04-09T18:18:51Z,2026-06-30T14:00:00Z,,1782819000,expected_expiration-150m,,,,,,0,26909.00,26909.00
KXNBA-26-TOR,KXNBA-26,KXNBA,champion,Will the Toronto win the 2026 Pro Basketball Finals?,Toronto,Toronto,no,0,finalized,2025-07-12T14:00:00Z,2026-05-04T02:47:42Z,2026-06-30T14:00:00Z,,1782819000,expected_expiration-150m,,,,,,0,903286.51,885068.51
KXNBA-26-SAC,KXNBA-26,KXNBA,champion,Will the Sacramento win the 2026 Pro Basketball Finals?,Sacramento,Sacramento,no,0,finalized,2025-07-12T14:00:00Z,2026-04-09T18:18:51Z,2026-06-30T14:00:00Z,,1782819000,expected_expiration-150m,,,,,,0,40025.00,40025.00
KXNBA-26-POR,KXNBA-26,KXNBA,champion,Will the Portland win the 2026 Pro Basketball Finals?,Portland,Portland,no,0,finalized,2025-07-12T14:00:00Z,2026-04-29T04:29:42Z,2026-06-30T14:00:00Z,,1782819000,expected_expiration-150m,,,,,,0,400330.18,395655.18
KXNBA-26-PHX,KXNBA-26,KXNBA,champion,Will the Phoenix win the 2026 Pro Basketball Finals?,Phoenix,Phoenix,no,0,finalized,2025-07-12T14:00:00Z,2026-04-28T04:26:09Z,2026-06-30T14:00:00Z,,1782819000,expected_expiration-150m,,,,,,0,774740.07,774740.07
KXNBA-26-PHI,KXNBA-26,KXNBA,champion,Will the Philadelphia win the 2026 Pro Basketball Finals?,Philadelphia,Philadelphia,no,0,finalized,2025-07-12T14:00:00Z,2026-05-10T22:14:11Z,2026-06-30T14:00:00Z,,1782819000,expected_expiration-150m,,,,,,0,14093687.87,12209652.62
KXNBA-26-ORL,KXNBA-26,KXNBA,champion,Will the Orlando win the 2026 Pro Basketball Finals?,Orlando,Orlando,no,0,finalized,2025-07-12T14:00:00Z,2026-05-03T22:19:44Z,2026-06-30T14:00:00Z,,1782819000,expected_expiration-150m,,,,,,0,2300139.74,2230259.74
KXNBA-26-OKC,KXNBA-26,KXNBA,champion,Will the Oklahoma City win the 2026 Pro Basketball Finals?,Oklahoma City,Oklahoma City,no,0,finalized,2025-07-12T14:00:00Z,2026-05-31T02:50:41Z,2026-06-30T14:00:00Z,,1782819000,expected_expiration-150m,,,,,,0,22937068.05,13108418.22
KXNBA-26-NOP,KXNBA-26,KXNBA,champion,Will the New Orleans win the 2026 Pro Basketball Finals?,New Orleans,New Orleans,no,0,finalized,2025-07-12T14:00:00Z,2026-04-09T18:18:51Z,2026-06-30T14:00:00Z,,1782819000,expected_expiration-150m,,,,,,0,37778.00,37778.00
KXNBA-26-MIN,KXNBA-26,KXNBA,champion,Will the Minnesota win the 2026 Pro Basketball Finals?,Minnesota,Minnesota,no,0,finalized,2025-07-12T14:00:00Z,2026-05-16T04:33:40Z,2026-06-30T14:00:00Z,,1782819000,expected_expiration-150m,,,,,,0,24254933.75,16088635.24
KXNBA-26-MIL,KXNBA-26,KXNBA,champion,Will the Milwaukee win the 2026 Pro Basketball Finals?,Milwaukee,Milwaukee,no,0,finalized,2025-07-12T14:00:00Z,2026-04-09T18:17:01Z,2026-06-30T14:00:00Z,,1782819000,expected_expiration-150m,,,,,,0,537935.00,495134.00
KXNBA-26-MIA,KXNBA-26,KXNBA,champion,Will the Miami win the 2026 Pro Basketball Finals?,Miami,Miami,no,0,finalized,2025-07-12T14:00:00Z,2026-04-15T04:49:43Z,2026-06-30T14:00:00Z,,1782819000,expected_expiration-150m,,,,,,0,989236.00,888140.00
KXNBA-26-MEM,KXNBA-26,KXNBA,champion,Will the Memphis win the 2026 Pro Basketball Finals?,Memphis,Memphis,no,0,finalized,2025-07-12T14:00:00Z,2026-04-09T18:18:51Z,2026-06-30T14:00:00Z,,1782819000,expected_expiration-150m,,,,,,0,27353.00,27353.00
KXNBA-26-LAL,KXNBA-26,KXNBA,champion,Will the Los Angeles L win the 2026 Pro Basketball Finals?,Los Angeles L,Los Angeles L,no,0,finalized,2025-07-12T14:00:00Z,2026-05-12T05:34:06Z,2026-06-30T14:00:00Z,,1782819000,expected_expiration-150m,,,,,,0,23494521.74,16023512.45
KXNBA-26-LAC,KXNBA-26,KXNBA,champion,Will the Los Angeles C win the 2026 Pro Basketball Finals?,Los Angeles C,Los Angeles C,no,0,finalized,2025-07-12T14:00:00Z,2026-04-16T05:04:54Z,2026-06-30T14:00:00Z,,1782819000,expected_expiration-150m,,,,,,0,2975577.00,2633183.00
KXNBA-26-IND,KXNBA-26,KXNBA,champion,Will the Indiana win the 2026 Pro Basketball Finals?,Indiana,Indiana,no,0,finalized,2025-07-12T14:00:00Z,2026-04-09T18:18:51Z,2026-06-30T14:00:00Z,,1782819000,expected_expiration-150m,,,,,,0,166753.00,166353.00
KXNBA-26-HOU,KXNBA-26,KXNBA,champion,Will the Houston win the 2026 Pro Basketball Finals?,Houston,Houston,no,0,finalized,2025-07-12T14:00:00Z,2026-05-02T04:27:15Z,2026-06-30T14:00:00Z,,1782819000,expected_expiration-150m,,,,,,0,4734796.20,3595031.67
KXNBA-26-GSW,KXNBA-26,KXNBA,champion,Will the Golden State win the 2026 Pro Basketball Finals?,Golden State,Golden State,no,0,finalized,2025-07-12T14:00:00Z,2026-04-18T04:53:46Z,2026-06-30T14:00:00Z,,1782819000,expected_expiration-150m,,,,,,0,2986698.08,2592744.08
KXNBA-26-DET,KXNBA-26,KXNBA,champion,Will the Detroit win the 2026 Pro Basketball Finals?,Detroit,Detroit,no,0,finalized,2025-07-12T14:00:00Z,2026-05-18T02:50:39Z,2026-06-30T14:00:00Z,,1782819000,expected_expiration-150m,,,,,,0,15130272.40,9259438.02
KXNBA-26-DEN,KXNBA-26,KXNBA,champion,Will the Denver win the 2026 Pro Basketball Finals?,Denver,Denver,no,0,finalized,2025-07-12T14:00:00Z,2026-05-01T04:25:34Z,2026-06-30T14:00:00Z,,1782819000,expected_expiration-150m,,,,,,0,8409269.06,6274158.98
KXNBA-26-DAL,KXNBA-26,KXNBA,champion,Will the Dallas win the 2026 Pro Basketball Finals?,Dallas,Dallas,no,0,finalized,2025-07-12T14:00:00Z,2026-04-09T18:18:51Z,2026-06-30T14:00:00Z,,1782819000,expected_expiration-150m,,,,,,0,432082.00,414761.00
KXNBA-26-CLE,KXNBA-26,KXNBA,champion,Will the Cleveland win the 2026 Pro Basketball Finals?,Cleveland,Cleveland,no,0,finalized,2025-07-12T14:00:00Z,2026-05-26T02:32:20Z,2026-06-30T14:00:00Z,,1782819000,expected_expiration-150m,,,,,,0,18589724.64,10614041.15
KXNBA-26-CHI,KXNBA-26,KXNBA,champion,Will the Chicago win the 2026 Pro Basketball Finals?,Chicago,Chicago,no,0,finalized,2025-07-12T14:00:00Z,2026-04-09T18:17:14Z,2026-06-30T14:00:00Z,,1782819000,expected_expiration-150m,,,,,,0,74914.00,74914.00
KXNBA-26-CHA,KXNBA-26,KXNBA,champion,Will the Charlotte win the 2026 Pro Basketball Finals?,Charlotte,Charlotte,no,0,finalized,2025-07-12T14:00:00Z,2026-04-18T02:25:40Z,2026-06-30T14:00:00Z,,1782819000,expected_expiration-150m,,,,,,0,4466850.02,3345850.02
KXNBA-26-BOS,KXNBA-26,KXNBA,champion,Will the Boston win the 2026 Pro Basketball Finals?,Boston,Boston,no,0,finalized,2025-07-12T14:00:00Z,2026-05-03T02:12:59Z,2026-06-30T14:00:00Z,,1782819000,expected_expiration-150m,,,,,,0,10003907.35,5989172.44
KXNBA-26-BKN,KXNBA-26,KXNBA,champion,Will the Brooklyn win the 2026 Pro Basketball Finals?,Brooklyn,Brooklyn,no,0,finalized,2025-07-12T14:00:00Z,2026-04-09T18:18:51Z,2026-06-30T14:00:00Z,,1782819000,expected_expiration-150m,,,,,,0,5723.00,5723.00
KXNBA-26-ATL,KXNBA-26,KXNBA,champion,Will the Atlanta win the 2026 Pro Basketball Finals?,Atlanta,Atlanta,no,0,finalized,2025-07-12T14:00:00Z,2026-05-01T01:52:36Z,2026-06-30T14:00:00Z,,1782819000,expected_expiration-150m,,,,,,0,3067347.95,3036136.95
KXNBA-25-LAL,KXNBA-25,KXNBA,champion,Will the Los Angeles Lakers win the NBA Finals?,Los Angeles L,Los Angeles L,no,0,finalized,2025-01-23T13:00:00Z,2025-06-23T02:51:09.791711Z,2025-06-30T14:00:00Z,,1751283000,expected_expiration-150m,,,,,,0,3627856.00,0.00
KXNBA-25-WAS,KXNBA-25,KXNBA,champion,Will the Washington Wizards win the NBA Finals?,Washington,Washington,no,0,finalized,2025-01-23T13:00:00Z,2025-06-23T02:51:09.791711Z,2025-06-30T14:00:00Z,,1751283000,expected_expiration-150m,,,,,,0,1.00,0.00
KXNBA-25-UTA,KXNBA-25,KXNBA,champion,Will the Utah Jazz win the NBA Finals?,Utah,Utah,no,0,finalized,2025-01-23T13:00:00Z,2025-06-23T02:51:09.791711Z,2025-06-30T14:00:00Z,,1751283000,expected_expiration-150m,,,,,,0,0.00,0.00
KXNBA-25-TOR,KXNBA-25,KXNBA,champion,Will the Toronto Raptors win the NBA Finals?,Toronto,Toronto,no,0,finalized,2025-01-23T13:00:00Z,2025-06-23T02:51:09.791711Z,2025-06-30T14:00:00Z,,1751283000,expected_expiration-150m,,,,,,0,1.00,0.00
KXNBA-25-SAS,KXNBA-25,KXNBA,champion,Will the San Antonio Spurs win the NBA Finals?,San Antonio,San Antonio,no,0,finalized,2025-01-23T13:00:00Z,2025-06-23T02:51:09.791711Z,2025-06-30T14:00:00Z,,1751283000,expected_expiration-150m,,,,,,0,65402.00,0.00
KXNBA-25-SAC,KXNBA-25,KXNBA,champion,Will the Sacramento Kings win the NBA Finals?,Sacramento,Sacramento,no,0,finalized,2025-01-23T13:00:00Z,2025-06-23T02:51:09.791711Z,2025-06-30T14:00:00Z,,1751283000,expected_expiration-150m,,,,,,0,2946.00,0.00
KXNBA-25-POR,KXNBA-25,KXNBA,champion,Will the Portland Trail Blazers win the NBA Finals?,Portland,Portland,no,0,finalized,2025-01-23T13:00:00Z,2025-06-23T02:51:09.791711Z,2025-06-30T14:00:00Z,,1751283000,expected_expiration-150m,,,,,,0,1.00,0.00
KXNBA-25-PHX,KXNBA-25,KXNBA,champion,Will the Phoenix Suns win the NBA Finals?,Phoenix,Phoenix,no,0,finalized,2025-01-23T13:00:00Z,2025-06-23T02:51:09.791711Z,2025-06-30T14:00:00Z,,1751283000,expected_expiration-150m,,,,,,0,21296.00,0.00
KXNBA-25-PHI,KXNBA-25,KXNBA,champion,Will the Philadelphia 76ers win the NBA Finals?,Philadelphia,Philadelphia,no,0,finalized,2025-01-23T13:00:00Z,2025-06-23T02:51:09.791711Z,2025-06-30T14:00:00Z,,1751283000,expected_expiration-150m,,,,,,0,35145.00,0.00
KXNBA-25-ORL,KXNBA-25,KXNBA,champion,Will the Orlando Magic win the NBA Finals?,Orlando,Orlando,no,0,finalized,2025-01-23T13:00:00Z,2025-06-23T02:51:09.791711Z,2025-06-30T14:00:00Z,,1751283000,expected_expiration-150m,,,,,,0,27093.00,0.00
KXNBA-25-OKC,KXNBA-25,KXNBA,champion,Will the Oklahoma City Thunder win the NBA Finals?,Oklahoma City,Oklahoma City,yes,1,finalized,2025-01-23T13:00:00Z,2025-06-23T02:51:09.791711Z,2025-06-30T14:00:00Z,,1751283000,expected_expiration-150m,,,,,,0,35691758.00,0.00
KXNBA-25-NYK,KXNBA-25,KXNBA,champion,Will the New York Knicks win the NBA Finals?,New York,New York,no,0,finalized,2025-01-23T13:00:00Z,2025-06-23T02:51:09.791711Z,2025-06-30T14:00:00Z,,1751283000,expected_expiration-150m,,,,,,0,6742838.00,0.00
KXNBA-25-NOP,KXNBA-25,KXNBA,champion,Will the New Orleans Pelicans win the NBA Finals?,New Orleans,New Orleans,no,0,finalized,2025-01-23T13:00:00Z,2025-06-23T02:51:09.791711Z,2025-06-30T14:00:00Z,,1751283000,expected_expiration-150m,,,,,,0,0.00,0.00
KXNBA-25-MIN,KXNBA-25,KXNBA,champion,Will the Minnesota Timberwolves win the NBA Finals?,Minnesota,Minnesota,no,0,finalized,2025-01-23T13:00:00Z,2025-06-23T02:51:09.791711Z,2025-06-30T14:00:00Z,,1751283000,expected_expiration-150m,,,,,,0,6131569.00,0.00
KXNBA-25-MIL,KXNBA-25,KXNBA,champion,Will the Milwaukee Bucks win the NBA Finals?,Milwaukee,Milwaukee,no,0,finalized,2025-01-23T13:00:00Z,2025-06-23T02:51:09.791711Z,2025-06-30T14:00:00Z,,1751283000,expected_expiration-150m,,,,,,0,564012.00,0.00
KXNBA-25-MIA,KXNBA-25,KXNBA,champion,Will the Miami Heat win the NBA Finals?,Miami,Miami,no,0,finalized,2025-01-23T13:00:00Z,2025-06-23T02:51:09.791711Z,2025-06-30T14:00:00Z,,1751283000,expected_expiration-150m,,,,,,0,25101.00,0.00
KXNBA-25-MEM,KXNBA-25,KXNBA,champion,Will the Memphis Grizzlies win the NBA Finals?,Memphis,Memphis,no,0,finalized,2025-01-23T13:00:00Z,2025-06-23T02:51:09.791711Z,2025-06-30T14:00:00Z,,1751283000,expected_expiration-150m,,,,,,0,0.00,0.00
KXNBA-25-LAC,KXNBA-25,KXNBA,champion,Will the Los Angeles Clippers win the NBA Finals?,Los Angeles C,Los Angeles C,no,0,finalized,2025-01-23T13:00:00Z,2025-06-23T02:51:09.791711Z,2025-06-30T14:00:00Z,,1751283000,expected_expiration-150m,,,,,,0,1141886.00,0.00
KXNBA-25-IND,KXNBA-25,KXNBA,champion,Will the Indiana Pacers win the NBA Finals?,Indiana,Indiana,no,0,finalized,2025-01-23T13:00:00Z,2025-06-23T02:51:09.791711Z,2025-06-30T14:00:00Z,,1751283000,expected_expiration-150m,,,,,,0,58114197.00,0.00
KXNBA-25-HOU,KXNBA-25,KXNBA,champion,Will the Houston Rockets win the NBA Finals?,Houston,Houston,no,0,finalized,2025-01-23T13:00:00Z,2025-06-23T02:51:09.791711Z,2025-06-30T14:00:00Z,,1751283000,expected_expiration-150m,,,,,,0,1103154.00,0.00
KXNBA-25-GSW,KXNBA-25,KXNBA,champion,Will the Golden State Warriors win the NBA Finals?,Golden State,Golden State,no,0,finalized,2025-01-23T13:00:00Z,2025-06-23T02:51:09.791711Z,2025-06-30T14:00:00Z,,1751283000,expected_expiration-150m,,,,,,0,4843736.00,0.00
KXNBA-25-DET,KXNBA-25,KXNBA,champion,Will the Detroit Pistons win the NBA Finals?,Detroit,Detroit,no,0,finalized,2025-01-23T13:00:00Z,2025-06-23T02:51:09.791711Z,2025-06-30T14:00:00Z,,1751283000,expected_expiration-150m,,,,,,0,85695.00,0.00
KXNBA-25-DEN,KXNBA-25,KXNBA,champion,Will the Denver Nuggets win the NBA Finals?,Denver,Denver,no,0,finalized,2025-01-23T13:00:00Z,2025-06-23T02:51:09.791711Z,2025-06-30T14:00:00Z,,1751283000,expected_expiration-150m,,,,,,0,5379153.00,0.00
KXNBA-25-DAL,KXNBA-25,KXNBA,champion,Will the Dallas Mavericks win the NBA Finals?,Dallas,Dallas,no,0,finalized,2025-01-23T13:00:00Z,2025-06-23T02:51:09.791711Z,2025-06-30T14:00:00Z,,1751283000,expected_expiration-150m,,,,,,0,177510.00,0.00
KXNBA-25-CLE,KXNBA-25,KXNBA,champion,Will the Cleveland Cavaliers win the NBA Finals?,Cleveland,Cleveland,no,0,finalized,2025-01-23T13:00:00Z,2025-06-23T02:51:09.791711Z,2025-06-30T14:00:00Z,,1751283000,expected_expiration-150m,,,,,,0,2828857.00,0.00
KXNBA-25-CHI,KXNBA-25,KXNBA,champion,Will the Chicago Bulls win the NBA Finals?,Chicago,Chicago,no,0,finalized,2025-01-23T13:00:00Z,2025-06-23T02:51:09.791711Z,2025-06-30T14:00:00Z,,1751283000,expected_expiration-150m,,,,,,0,2634.00,0.00
KXNBA-25-CHA,KXNBA-25,KXNBA,champion,Will the Charlotte Hornets win the NBA Finals?,Charlotte,Charlotte,no,0,finalized,2025-01-23T13:00:00Z,2025-06-23T02:51:09.791711Z,2025-06-30T14:00:00Z,,1751283000,expected_expiration-150m,,,,,,0,936.00,0.00
KXNBA-25-BOS,KXNBA-25,KXNBA,champion,Will the Boston Celtics win the NBA Finals?,Boston,Boston,no,0,finalized,2025-01-23T13:00:00Z,2025-06-23T02:51:09.791711Z,2025-06-30T14:00:00Z,,1751283000,expected_expiration-150m,,,,,,0,3652086.00,0.00
KXNBA-25-BKN,KXNBA-25,KXNBA,champion,Will the Brooklyn Nets win the NBA Finals?,Brooklyn,Brooklyn,no,0,finalized,2025-01-23T13:00:00Z,2025-06-23T02:51:09.791711Z,2025-06-30T14:00:00Z,,1751283000,expected_expiration-150m,,,,,,0,103.00,0.00
KXNBA-25-ATL,KXNBA-25,KXNBA,champion,Will the Atlanta Hawks win the NBA Finals?,Atlanta,Atlanta,no,0,finalized,2025-01-23T13:00:00Z,2025-06-23T02:51:09.791711Z,2025-06-30T14:00:00Z,,1751283000,expected_expiration-150m,,,,,,0,2799.00,0.00
KXNBA1HSPREAD-26JUN08SASNYK-NYK22,KXNBA1HSPREAD-26JUN08SASNYK,KXNBA1HSPREAD,spread,Will New York win the 1H by over 22.5 points?,New York wins the 1H by over 22.5 points,New York wins the 1H by over 22.5 points,,,active,2026-06-06T06:16:00Z,2026-06-23T00:30:00Z,2026-06-09T03:30:00Z,,1780966800,expected_expiration-150m,,,,,,0,104.94,104.94
KXNBA1HSPREAD-26JUN08SASNYK-NYK19,KXNBA1HSPREAD-26JUN08SASNYK,KXNBA1HSPREAD,spread,Will New York win the 1H by over 19.5 points?,New York wins the 1H by over 19.5 points,New York wins the 1H by over 19.5 points,,,active,2026-06-06T06:16:00Z,2026-06-23T00:30:00Z,2026-06-09T03:30:00Z,,1780966800,expected_expiration-150m,,,,,,0,0.00,0.00
KXNBA1HSPREAD-26JUN08SASNYK-SAS17,KXNBA1HSPREAD-26JUN08SASNYK,KXNBA1HSPREAD,spread,Will San Antonio win the 1H by over 17.5 points?,San Antonio wins the 1H by over 17.5 points,San Antonio wins the 1H by over 17.5 points,,,active,2026-06-06T06:16:00Z,2026-06-23T00:30:00Z,2026-06-09T03:30:00Z,,1780966800,expected_expiration-150m,,,,,,0,0.00,0.00
KXNBA1HSPREAD-26JUN08SASNYK-SAS20,KXNBA1HSPREAD-26JUN08SASNYK,KXNBA1HSPREAD,spread,Will San Antonio win the 1H by over 20.5 points?,San Antonio wins the 1H by over 20.5 points,San Antonio wins the 1H by over 20.5 points,,,active,2026-06-06T06:16:00Z,2026-06-23T00:30:00Z,2026-06-09T03:30:00Z,,1780966800,expected_expiration-150m,,,,,,0,74.14,74.14
KXNBA1HSPREAD-26JUN08SASNYK-SAS8,KXNBA1HSPREAD-26JUN08SASNYK,KXNBA1HSPREAD,spread,Will San Antonio win the 1H by over 8.5 points?,San Antonio wins the 1H by over 8.5 points,San Antonio wins the 1H by over 8.5 points,,,active,2026-06-06T05:35:00Z,2026-06-23T00:30:00Z,2026-06-09T03:30:00Z,,1780966800,expected_expiration-150m,,,,,,0,504.59,475.58
KXNBA1HSPREAD-26JUN08SASNYK-SAS5,KXNBA1HSPREAD-26JUN08SASNYK,KXNBA1HSPREAD,spread,Will San Antonio win the 1H by over 5.5 points?,San Antonio wins the 1H by over 5.5 points,San Antonio wins the 1H by over 5.5 points,,,active,2026-06-06T05:35:00Z,2026-06-23T00:30:00Z,2026-06-09T03:30:00Z,,1780966800,expected_expiration-150m,,,,,,0,2478.51,2463.77
KXNBA1HSPREAD-26JUN08SASNYK-SAS2,KXNBA1HSPREAD-26JUN08SASNYK,KXNBA1HSPREAD,spread,Will San Antonio win the 1H by over 2.5 points?,San Antonio wins the 1H by over 2.5 points,San Antonio wins the 1H by over 2.5 points,,,active,2026-06-06T05:35:00Z,2026-06-23T00:30:00Z,2026-06-09T03:30:00Z,,1780966800,expected_expiration-150m,,,,,,0,4920.40,4831.20
KXNBA1HSPREAD-26JUN08SASNYK-SAS14,KXNBA1HSPREAD-26JUN08SASNYK,KXNBA1HSPREAD,spread,Will San Antonio win the 1H by over 14.5 points?,San Antonio wins the 1H by over 14.5 points,San Antonio wins the 1H by over 14.5 points,,,active,2026-06-06T05:35:00Z,2026-06-23T00:30:00Z,2026-06-09T03:30:00Z,,1780966800,expected_expiration-150m,,,,,,0,1286.86,1286.86
KXNBA1HSPREAD-26JUN08SASNYK-SAS11,KXNBA1HSPREAD-26JUN08SASNYK,KXNBA1HSPREAD,spread,Will San Antonio win the 1H by over 11.5 points?,San Antonio wins the 1H by over 11.5 points,San Antonio wins the 1H by over 11.5 points,,,active,2026-06-06T05:35:00Z,2026-06-23T00:30:00Z,2026-06-09T03:30:00Z,,1780966800,expected_expiration-150m,,,,,,0,309.47,309.47
KXNBA1HSPREAD-26JUN08SASNYK-NYK7,KXNBA1HSPREAD-26JUN08SASNYK,KXNBA1HSPREAD,spread,Will New York win the 1H by over 7.5 points?,New York wins the 1H by over 7.5 points,New York wins the 1H by over 7.5 points,,,active,2026-06-06T05:35:00Z,2026-06-23T00:30:00Z,2026-06-09T03:30:00Z,,1780966800,expected_expiration-150m,,,,,,0,223.66,223.66
KXNBA1HSPREAD-26JUN08SASNYK-NYK4,KXNBA1HSPREAD-26JUN08SASNYK,KXNBA1HSPREAD,spread,Will New York win the 1H by over 4.5 points?,New York wins the 1H by over 4.5 points,New York wins the 1H by over 4.5 points,,,active,2026-06-06T05:35:00Z,2026-06-23T00:30:00Z,2026-06-09T03:30:00Z,,1780966800,expected_expiration-150m,,,,,,0,1291.51,1242.51
KXNBA1HSPREAD-26JUN08SASNYK-NYK16,KXNBA1HSPREAD-26JUN08SASNYK,KXNBA1HSPREAD,spread,Will New York win the 1H by over 16.5 points?,New York wins the 1H by over 16.5 points,New York wins the 1H by over 16.5 points,,,active,2026-06-06T05:35:00Z,2026-06-23T00:30:00Z,2026-06-09T03:30:00Z,,1780966800,expected_expiration-150m,,,,,,0,190.01,190.01
KXNBA1HSPREAD-26JUN08SASNYK-NYK13,KXNBA1HSPREAD-26JUN08SASNYK,KXNBA1HSPREAD,spread,Will New York win the 1H by over 13.5 points?,New York wins the 1H by over 13.5 points,New York wins the 1H by over 13.5 points,,,active,2026-06-06T05:35:00Z,2026-06-23T00:30:00Z,2026-06-09T03:30:00Z,,1780966800,expected_expiration-150m,,,,,,0,329.60,324.56
KXNBA1HSPREAD-26JUN08SASNYK-NYK10,KXNBA1HSPREAD-26JUN08SASNYK,KXNBA1HSPREAD,spread,Will New York win the 1H by over 10.5 points?,New York wins the 1H by over 10.5 points,New York wins the 1H by over 10.5 points,,,active,2026-06-06T05:35:00Z,2026-06-23T00:30:00Z,2026-06-09T03:30:00Z,,1780966800,expected_expiration-150m,,,,,,0,749.56,720.14
KXNBA1HSPREAD-26JUN08SASNYK-NYK1,KXNBA1HSPREAD-26JUN08SASNYK,KXNBA1HSPREAD,spread,Will New York win the 1H by over 1.5 points?,New York wins the 1H by over 1.5 points,New York wins the 1H by over 1.5 points,,,active,2026-06-06T05:35:00Z,2026-06-23T00:30:00Z,2026-06-09T03:30:00Z,,1780966800,expected_expiration-150m,,,,,,0,11565.18,8901.65
KXNBA1HSPREAD-26JUN05NYKSAS-NYK17,KXNBA1HSPREAD-26JUN05NYKSAS,KXNBA1HSPREAD,spread,Will New York win the 1H by over 17.5 points?,New York wins the 1H by over 17.5 points,New York wins the 1H by over 17.5 points,no,0,finalized,2026-06-05T20:16:00Z,2026-06-06T01:55:20Z,2026-06-06T03:30:00Z,,1780707600,expected_expiration-150m,1780707600,0.0,0.01,0.005,,48,2031.31,1389.56
KXNBA1HSPREAD-26JUN05NYKSAS-NYK14,KXNBA1HSPREAD-26JUN05NYKSAS,KXNBA1HSPREAD,spread,Will New York win the 1H by over 14.5 points?,New York wins the 1H by over 14.5 points,New York wins the 1H by over 14.5 points,no,0,finalized,2026-06-05T20:16:00Z,2026-06-06T01:55:20Z,2026-06-06T03:30:00Z,,1780707600,expected_expiration-150m,1780707600,0.01,0.02,0.015,,49,1065.60,767.67
KXNBA1HSPREAD-26JUN05NYKSAS-SAS22,KXNBA1HSPREAD-26JUN05NYKSAS,KXNBA1HSPREAD,spread,Will San Antonio win the 1H by over 22.5 points?,San Antonio wins the 1H by over 22.5 points,San Antonio wins the 1H by over 22.5 points,no,0,finalized,2026-06-05T20:16:00Z,2026-06-06T01:55:18Z,2026-06-06T03:30:00Z,,1780707600,expected_expiration-150m,1780707600,0.06,0.08,0.07,,54,1397.42,965.69
KXNBA1HSPREAD-26JUN05NYKSAS-SAS25,KXNBA1HSPREAD-26JUN05NYKSAS,KXNBA1HSPREAD,spread,Will San Antonio win the 1H by over 25.5 points?,San Antonio wins the 1H by over 25.5 points,San Antonio wins the 1H by over 25.5 points,no,0,finalized,2026-06-05T20:16:00Z,2026-06-06T01:55:18Z,2026-06-06T03:30:00Z,,1780707600,expected_expiration-150m,1780707600,0.03,0.04,0.035,,43,3749.00,2916.08
KXNBA1HSPREAD-26JUN05NYKSAS-SAS7,KXNBA1HSPREAD-26JUN05NYKSAS,KXNBA1HSPREAD,spread,Will San Antonio win the 1H by over 7.5 points?,San Antonio wins the 1H by over 7.5 points,San Antonio wins the 1H by over 7.5 points,no,0,finalized,2026-06-05T19:16:00Z,2026-06-06T01:55:19Z,2026-06-06T03:30:00Z,,1780707600,expected_expiration-150m,1780707600,0.5,0.52,0.51,0.52,98,96797.70,54189.04
KXNBA1HSPREAD-26JUN05NYKSAS-SAS4,KXNBA1HSPREAD-26JUN05NYKSAS,KXNBA1HSPREAD,spread,Will San Antonio win the 1H by over 4.5 points?,San Antonio wins the 1H by over 4.5 points,San Antonio wins the 1H by over 4.5 points,no,0,finalized,2026-06-05T19:16:00Z,2026-06-06T01:55:19Z,2026-06-06T03:30:00Z,,1780707600,expected_expiration-150m,1780707600,0.64,0.66,0.65,0.66,111,457525.54,302622.17
KXNBA1HSPREAD-26JUN05NYKSAS-SAS19,KXNBA1HSPREAD-26JUN05NYKSAS,KXNBA1HSPREAD,spread,Will San Antonio win the 1H by over 19.5 points?,San Antonio wins the 1H by over 19.5 points,San Antonio wins the 1H by over 19.5 points,no,0,finalized,2026-06-05T19:16:00Z,2026-06-06T01:55:18Z,2026-06-06T03:30:00Z,,1780707600,expected_expiration-150m,1780707600,0.1,0.13,0.115,,67,18296.21,5789.29
KXNBA1HSPREAD-26JUN05NYKSAS-SAS16,KXNBA1HSPREAD-26JUN05NYKSAS,KXNBA1HSPREAD,spread,Will San Antonio win the 1H by over 16.5 points?,San Antonio wins the 1H by over 16.5 points,San Antonio wins the 1H by over 16.5 points,no,0,finalized,2026-06-05T19:16:00Z,2026-06-06T01:55:18Z,2026-06-06T03:30:00Z,,1780707600,expected_expiration-150m,1780707600,0.16,0.18,0.16999999999999998,,75,8078.74,5050.16
KXNBA1HSPREAD-26JUN05NYKSAS-SAS13,KXNBA1HSPREAD-26JUN05NYKSAS,KXNBA1HSPREAD,spread,Will San Antonio win the 1H by over 13.5 points?,San Antonio wins the 1H by over 13.5 points,San Antonio wins the 1H by over 13.5 points,no,0,finalized,2026-06-05T19:16:00Z,2026-06-06T01:55:19Z,2026-06-06T03:30:00Z,,1780707600,expected_expiration-150m,1780707600,0.26,0.29,0.275,,74,13048.04,7264.06
KXNBA1HSPREAD-26JUN05NYKSAS-SAS10,KXNBA1HSPREAD-26JUN05NYKSAS,KXNBA1HSPREAD,spread,Will San Antonio win the 1H by over 10.5 points?,San Antonio wins the 1H by over 10.5 points,San Antonio wins the 1H by over 10.5 points,no,0,finalized,2026-06-05T19:16:00Z,2026-06-06T01:55:19Z,2026-06-06T03:30:00Z,,1780707600,expected_expiration-150m,1780707600,0.36,0.39,0.375,0.36,91,94128.03,38909.09
KXNBA1HSPREAD-26JUN05NYKSAS-SAS1,KXNBA1HSPREAD-26JUN05NYKSAS,KXNBA1HSPREAD,spread,Will San Antonio win the 1H by over 1.5 points?,San Antonio wins the 1H by over 1.5 points,San Antonio wins the 1H by over 1.5 points,no,0,finalized,2026-06-05T19:16:00Z,2026-06-06T01:55:19Z,2026-06-06T03:30:00Z,,1780707600,expected_expiration-150m,1780707600,0.75,0.77,0.76,0.77,109,147017.70,95348.06
KXNBA1HSPREAD-26JUN05NYKSAS-NYK8,KXNBA1HSPREAD-26JUN05NYKSAS,KXNBA1HSPREAD,spread,Will New York win the 1H by over 8.5 points?,New York wins the 1H by over 8.5 points,New York wins the 1H by over 8.5 points,no,0,finalized,2026-06-05T19:16:00Z,2026-06-06T01:55:20Z,2026-06-06T03:30:00Z,,1780707600,expected_expiration-150m,1780707600,0.05,0.07,0.060000000000000005,,76,53323.42,29475.96
KXNBA1HSPREAD-26JUN05NYKSAS-NYK5,KXNBA1HSPREAD-26JUN05NYKSAS,KXNBA1HSPREAD,spread,Will New York win the 1H by over 5.5 points?,New York wins the 1H by over 5.5 points,New York wins the 1H by over 5.5 points,no,0,finalized,2026-06-05T19:16:00Z,2026-06-06T01:55:20Z,2026-06-06T03:30:00Z,,1780707600,expected_expiration-150m,1780707600,0.13,0.21,0.16999999999999998,0.15,77,56296.32,31861.08
KXNBA1HSPREAD-26JUN05NYKSAS-NYK2,KXNBA1HSPREAD-26JUN05NYKSAS,KXNBA1HSPREAD,spread,Will New York win the 1H by over 2.5 points?,New York wins the 1H by over 2.5 points,New York wins the 1H by over 2.5 points,yes,1,finalized,2026-06-05T19:16:00Z,2026-06-06T01:55:19Z,2026-06-06T03:30:00Z,,1780707600,expected_expiration-150m,1780707600,0.2,0.23,0.21500000000000002,,98,86811.14,54675.20
KXNBA1HSPREAD-26JUN05NYKSAS-NYK11,KXNBA1HSPREAD-26JUN05NYKSAS,KXNBA1HSPREAD,spread,Will New York win the 1H by over 11.5 points?,New York wins the 1H by over 11.5 points,New York wins the 1H by over 11.5 points,no,0,finalized,2026-06-05T19:16:00Z,2026-06-06T01:55:20Z,2026-06-06T03:30:00Z,,1780707600,expected_expiration-150m,1780707600,0.03,0.05,0.04,,70,3126.35,2764.32
KXNBA1HSPREAD-26JUN03NYKSAS-NYK19,KXNBA1HSPREAD-26JUN03NYKSAS,KXNBA1HSPREAD,spread,Will New York win the 1H by over 19.5 points?,New York wins the 1H by over 19.5 points,New York wins the 1H by over 19.5 points,no,0,finalized,2026-05-31T09:16:00Z,2026-06-04T01:47:52Z,2026-06-04T03:30:00Z,,1780534800,expected_expiration-150m,1780534800,0.03,0.08,0.055,,45,3395.87,3137.15
KXNBA1HSPREAD-26JUN03NYKSAS-NYK16,KXNBA1HSPREAD-26JUN03NYKSAS,KXNBA1HSPREAD,spread,Will New York win the 1H by over 16.5 points?,New York wins the 1H by over 16.5 points,New York wins the 1H by over 16.5 points,no,0,finalized,2026-05-31T09:16:00Z,2026-06-04T01:47:52Z,2026-06-04T03:30:00Z,,1780534800,expected_expiration-150m,1780534800,0.04,0.12,0.08,,54,2146.39,1361.70
KXNBA1HSPREAD-26JUN03NYKSAS-SAS20,KXNBA1HSPREAD-26JUN03NYKSAS,KXNBA1HSPREAD,spread,Will San Antonio win the 1H by over 20.5 points?,San Antonio wins the 1H by over 20.5 points,San Antonio wins the 1H by over 20.5 points,no,0,finalized,2026-05-31T09:16:00Z,2026-06-04T01:47:50Z,2026-06-04T03:30:00Z,,1780534800,expected_expiration-150m,1780534800,0.02,0.09,0.055,,66,5179.09,4015.63
KXNBA1HSPREAD-26JUN03NYKSAS-SAS23,KXNBA1HSPREAD-26JUN03NYKSAS,KXNBA1HSPREAD,spread,Will San Antonio win the 1H by over 23.5 points?,San Antonio wins the 1H by over 23.5 points,San Antonio wins the 1H by over 23.5 points,no,0,finalized,2026-05-31T09:16:00Z,2026-06-04T01:47:50Z,2026-06-04T03:30:00Z,,1780534800,expected_expiration-150m,1780534800,0.01,0.06,0.034999999999999996,,58,5423.97,4559.43
KXNBA1HSPREAD-26JUN03NYKSAS-SAS8,KXNBA1HSPREAD-26JUN03NYKSAS,KXNBA1HSPREAD,spread,Will San Antonio win the 1H by over 8.5 points?,San Antonio wins the 1H by over 8.5 points,San Antonio wins the 1H by over 8.5 points,no,0,finalized,2026-05-31T07:35:00Z,2026-06-04T01:47:51Z,2026-06-04T03:30:00Z,,1780534800,expected_expiration-150m,1780534800,0.14,0.34,0.24000000000000002,,90,69504.10,34613.26
KXNBA1HSPREAD-26JUN03NYKSAS-SAS5,KXNBA1HSPREAD-26JUN03NYKSAS,KXNBA1HSPREAD,spread,Will San Antonio win the 1H by over 5.5 points?,San Antonio wins the 1H by over 5.5 points,San Antonio wins the 1H by over 5.5 points,yes,1,finalized,2026-05-31T07:35:00Z,2026-06-04T01:47:51Z,2026-06-04T03:30:00Z,,1780534800,expected_expiration-150m,1780534800,0.31,0.35,0.32999999999999996,0.36,106,148769.93,81733.91
KXNBA1HSPREAD-26JUN03NYKSAS-SAS2,KXNBA1HSPREAD-26JUN03NYKSAS,KXNBA1HSPREAD,spread,Will San Antonio win the 1H by over 2.5 points?,San Antonio wins the 1H by over 2.5 points,San Antonio wins the 1H by over 2.5 points,yes,1,finalized,2026-05-31T07:35:00Z,2026-06-04T01:47:51Z,2026-06-04T03:30:00Z,,1780534800,expected_expiration-150m,1780534800,0.44,0.55,0.495,0.55,111,490767.63,333030.14
KXNBA1HSPREAD-26JUN03NYKSAS-SAS17,KXNBA1HSPREAD-26JUN03NYKSAS,KXNBA1HSPREAD,spread,Will San Antonio win the 1H by over 17.5 points?,San Antonio wins the 1H by over 17.5 points,San Antonio wins the 1H by over 17.5 points,no,0,finalized,2026-05-31T07:35:00Z,2026-06-04T01:47:50Z,2026-06-04T03:30:00Z,,1780534800,expected_expiration-150m,1780534800,0.02,0.14,0.08,,54,5622.13,3809.78
KXNBA1HSPREAD-26JUN03NYKSAS-SAS14,KXNBA1HSPREAD-26JUN03NYKSAS,KXNBA1HSPREAD,spread,Will San Antonio win the 1H by over 14.5 points?,San Antonio wins the 1H by over 14.5 points,San Antonio wins the 1H by over 14.5 points,no,0,finalized,2026-05-31T07:35:00Z,2026-06-04T01:47:50Z,2026-06-04T03:30:00Z,,1780534800,expected_expiration-150m,1780534800,0.05,0.15,0.1,,72,12734.12,10151.87
KXNBA1HSPREAD-26JUN03NYKSAS-SAS11,KXNBA1HSPREAD-26JUN03NYKSAS,KXNBA1HSPREAD,spread,Will San Antonio win the 1H by over 11.5 points?,San Antonio wins the 1H by over 11.5 points,San Antonio wins the 1H by over 11.5 points,no,0,finalized,2026-05-31T07:35:00Z,2026-06-04T01:47:50Z,2026-06-04T03:30:00Z,,1780534800,expected_expiration-150m,1780534800,0.12,0.31,0.215,0.13,78,23170.74,15112.25
KXNBA1HSPREAD-26JUN03NYKSAS-NYK7,KXNBA1HSPREAD-26JUN03NYKSAS,KXNBA1HSPREAD,spread,Will New York win the 1H by over 7.5 points?,New York wins the 1H by over 7.5 points,New York wins the 1H by over 7.5 points,no,0,finalized,2026-05-31T07:35:00Z,2026-06-04T01:47:52Z,2026-06-04T03:30:00Z,,1780534800,expected_expiration-150m,1780534800,0.26,0.43,0.345,,78,22029.50,16451.50
KXNBA1HSPREAD-26JUN03NYKSAS-NYK4,KXNBA1HSPREAD-26JUN03NYKSAS,KXNBA1HSPREAD,spread,Will New York win the 1H by over 4.5 points?,New York wins the 1H by over 4.5 points,New York wins the 1H by over 4.5 points,no,0,finalized,2026-05-31T07:35:00Z,2026-06-04T01:47:51Z,2026-06-04T03:30:00Z,,1780534800,expected_expiration-150m,1780534800,0.31,0.42,0.365,,91,33298.55,23644.97
KXNBA1HSPREAD-26JUN03NYKSAS-NYK13,KXNBA1HSPREAD-26JUN03NYKSAS,KXNBA1HSPREAD,spread,Will New York win the 1H by over 13.5 points?,New York wins the 1H by over 13.5 points,New York wins the 1H by over 13.5 points,no,0,finalized,2026-05-31T07:35:00Z,2026-06-04T01:47:52Z,2026-06-04T03:30:00Z,,1780534800,expected_expiration-150m,1780534800,0.06,0.21,0.135,,58,4906.34,4630.44
KXNBA1HSPREAD-26JUN03NYKSAS-NYK10,KXNBA1HSPREAD-26JUN03NYKSAS,KXNBA1HSPREAD,spread,Will New York win the 1H by over 10.5 points?,New York wins the 1H by over 10.5 points,New York wins the 1H by over 10.5 points,no,0,finalized,2026-05-31T07:35:00Z,2026-06-04T01:47:52Z,2026-06-04T03:30:00Z,,1780534800,expected_expiration-150m,1780534800,0.22,0.28,0.25,0.22,68,76799.89,53012.32
KXNBA1HSPREAD-26JUN03NYKSAS-NYK1,KXNBA1HSPREAD-26JUN03NYKSAS,KXNBA1HSPREAD,spread,Will New York win the 1H by over 1.5 points?,New York wins the 1H by over 1.5 points,New York wins the 1H by over 1.5 points,no,0,finalized,2026-05-31T07:35:00Z,2026-06-04T01:47:51Z,2026-06-04T03:30:00Z,,1780534800,expected_expiration-150m,1780534800,0.38,0.43,0.405,0.38,95,105682.38,67341.23
KXNBA1HSPREAD-26MAY30SASOKC-OKC23,KXNBA1HSPREAD-26MAY30SASOKC,KXNBA1HSPREAD,spread,Will Oklahoma City win the 1H by over 23.5 points?,Oklahoma City wins the 1H by over 23.5 points,Oklahoma City wins the 1H by over 23.5 points,no,0,finalized,2026-05-29T05:16:00Z,2026-05-31T01:18:45Z,2026-05-31T03:00:00Z,,1780187400,expected_expiration-150m,1780187400,0.0,0.01,0.005,,66,6555.49,6426.17
KXNBA1HSPREAD-26MAY30SASOKC-OKC20,KXNBA1HSPREAD-26MAY30SASOKC,KXNBA1HSPREAD,spread,Will Oklahoma City win the 1H by over 20.5 points?,Oklahoma City wins the 1H by over 20.5 points,Oklahoma City wins the 1H by over 20.5 points,no,0,finalized,2026-05-29T05:16:00Z,2026-05-31T01:18:45Z,2026-05-31T03:00:00Z,,1780187400,expected_expiration-150m,1780187400,0.0,0.01,0.005,,65,1099.56,807.56
KXNBA1HSPREAD-26MAY30SASOKC-SAS16,KXNBA1HSPREAD-26MAY30SASOKC,KXNBA1HSPREAD,spread,Will San Antonio win the 1H by over 16.5 points?,San Antonio wins the 1H by over 16.5 points,San Antonio wins the 1H by over 16.5 points,no,0,finalized,2026-05-29T05:16:00Z,2026-05-31T01:18:48Z,2026-05-31T03:00:00Z,,1780187400,expected_expiration-150m,1780187400,0.14,0.16,0.15000000000000002,0.16,62,13051.33,9903.43
KXNBA1HSPREAD-26MAY30SASOKC-SAS19,KXNBA1HSPREAD-26MAY30SASOKC,KXNBA1HSPREAD,spread,Will San Antonio win the 1H by over 19.5 points?,San Antonio wins the 1H by over 19.5 points,San Antonio wins the 1H by over 19.5 points,no,0,finalized,2026-05-29T05:16:00Z,2026-05-31T01:18:48Z,2026-05-31T03:00:00Z,,1780187400,expected_expiration-150m,1780187400,0.09,0.1,0.095,0.11,66,23168.46,16077.64
KXNBA1HSPREAD-26MAY30SASOKC-SAS7,KXNBA1HSPREAD-26MAY30SASOKC,KXNBA1HSPREAD,spread,Will San Antonio win the 1H by over 7.5 points?,San Antonio wins the 1H by over 7.5 points,San Antonio wins the 1H by over 7.5 points,no,0,finalized,2026-05-29T03:35:00Z,2026-05-31T01:18:47Z,2026-05-31T03:00:00Z,,1780187400,expected_expiration-150m,1780187400,0.46,0.47,0.46499999999999997,0.47,65,115240.60,53413.17
KXNBA1HSPREAD-26MAY30SASOKC-SAS4,KXNBA1HSPREAD-26MAY30SASOKC,KXNBA1HSPREAD,spread,Will San Antonio win the 1H by over 4.5 points?,San Antonio wins the 1H by over 4.5 points,San Antonio wins the 1H by over 4.5 points,no,0,finalized,2026-05-29T03:35:00Z,2026-05-31T01:18:47Z,2026-05-31T03:00:00Z,,1780187400,expected_expiration-150m,1780187400,0.59,0.6,0.595,0.6,86,156985.79,66596.53
KXNBA1HSPREAD-26MAY30SASOKC-SAS13,KXNBA1HSPREAD-26MAY30SASOKC,KXNBA1HSPREAD,spread,Will San Antonio win the 1H by over 13.5 points?,San Antonio wins the 1H by over 13.5 points,San Antonio wins the 1H by over 13.5 points,no,0,finalized,2026-05-29T03:35:00Z,2026-05-31T01:18:47Z,2026-05-31T03:00:00Z,,1780187400,expected_expiration-150m,1780187400,0.23,0.25,0.24,0.28,62,18913.26,8729.25
KXNBA1HSPREAD-26MAY30SASOKC-SAS10,KXNBA1HSPREAD-26MAY30SASOKC,KXNBA1HSPREAD,spread,Will San Antonio win the 1H by over 10.5 points?,San Antonio wins the 1H by over 10.5 points,San Antonio wins the 1H by over 10.5 points,no,0,finalized,2026-05-29T03:35:00Z,2026-05-31T01:18:47Z,2026-05-31T03:00:00Z,,1780187400,expected_expiration-150m,1780187400,0.37,0.39,0.38,0.42,72,34841.03,17793.80
KXNBA1HSPREAD-26MAY30SASOKC-SAS1,KXNBA1HSPREAD-26MAY30SASOKC,KXNBA1HSPREAD,spread,Will San Antonio win the 1H by over 1.5 points?,San Antonio wins the 1H by over 1.5 points,San Antonio wins the 1H by over 1.5 points,yes,1,finalized,2026-05-29T03:35:00Z,2026-05-31T01:18:46Z,2026-05-31T03:00:00Z,,1780187400,expected_expiration-150m,1780187400,0.71,0.73,0.72,0.74,103,171506.48,93917.98
KXNBA1HSPREAD-26MAY30SASOKC-OKC8,KXNBA1HSPREAD-26MAY30SASOKC,KXNBA1HSPREAD,spread,Will Oklahoma City win the 1H by over 8.5 points?,Oklahoma City wins the 1H by over 8.5 points,Oklahoma City wins the 1H by over 8.5 points,no,0,finalized,2026-05-29T03:35:00Z,2026-05-31T01:18:46Z,2026-05-31T03:00:00Z,,1780187400,expected_expiration-150m,1780187400,0.05,0.06,0.055,,79,24492.57,14281.75
KXNBA1HSPREAD-26MAY30SASOKC-OKC5,KXNBA1HSPREAD-26MAY30SASOKC,KXNBA1HSPREAD,spread,Will Oklahoma City win the 1H by over 5.5 points?,Oklahoma City wins the 1H by over 5.5 points,Oklahoma City wins the 1H by over 5.5 points,no,0,finalized,2026-05-29T03:35:00Z,2026-05-31T01:18:46Z,2026-05-31T03:00:00Z,,1780187400,expected_expiration-150m,1780187400,0.1,0.12,0.11,0.08,92,32474.89,22145.34
KXNBA1HSPREAD-26MAY30SASOKC-OKC2,KXNBA1HSPREAD-26MAY30SASOKC,KXNBA1HSPREAD,spread,Will Oklahoma City win the 1H by over 2.5 points?,Oklahoma City wins the 1H by over 2.5 points,Oklahoma City wins the 1H by over 2.5 points,no,0,finalized,2026-05-29T03:35:00Z,2026-05-31T01:18:46Z,2026-05-31T03:00:00Z,,1780187400,expected_expiration-150m,1780187400,0.17,0.19,0.18,0.14,110,313747.23,173301.20
KXNBA1HSPREAD-26MAY30SASOKC-OKC17,KXNBA1HSPREAD-26MAY30SASOKC,KXNBA1HSPREAD,spread,Will Oklahoma City win the 1H by over 17.5 points?,Oklahoma City wins the 1H by over 17.5 points,Oklahoma City wins the 1H by over 17.5 points,no,0,finalized,2026-05-29T03:35:00Z,2026-05-31T01:18:45Z,2026-05-31T03:00:00Z,,1780187400,expected_expiration-150m,1780187400,0.0,0.01,0.005,,73,1057.85,796.91
KXNBA1HSPREAD-26MAY30SASOKC-OKC14,KXNBA1HSPREAD-26MAY30SASOKC,KXNBA1HSPREAD,spread,Will Oklahoma City win the 1H by over 14.5 points?,Oklahoma City wins the 1H by over 14.5 points,Oklahoma City wins the 1H by over 14.5 points,no,0,finalized,2026-05-29T03:35:00Z,2026-05-31T01:18:45Z,2026-05-31T03:00:00Z,,1780187400,expected_expiration-150m,1780187400,0.0,0.01,0.005,0.01,64,5432.50,4769.50
KXNBA1HSPREAD-26MAY30SASOKC-OKC11,KXNBA1HSPREAD-26MAY30SASOKC,KXNBA1HSPREAD,spread,Will Oklahoma City win the 1H by over 11.5 points?,Oklahoma City wins the 1H by over 11.5 points,Oklahoma City wins the 1H by over 11.5 points,no,0,finalized,2026-05-29T03:35:00Z,2026-05-31T01:18:46Z,2026-05-31T03:00:00Z,,1780187400,expected_expiration-150m,1780187400,0.02,0.03,0.025,0.02,74,6728.66,5923.92
KXNBA1HSPREAD-26MAY28OKCSAS-SAS23,KXNBA1HSPREAD-26MAY28OKCSAS,KXNBA1HSPREAD,spread,Will San Antonio win the 1H by over 23.5 points?,San Antonio wins the 1H by over 23.5 points,San Antonio wins the 1H by over 23.5 points,no,0,finalized,2026-05-27T08:16:00Z,2026-05-29T01:37:22Z,2026-05-29T03:30:00Z,,1780016400,expected_expiration-150m,1780016400,0.03,0.05,0.04,0.04,81,8998.67,7997.81
KXNBA1HSPREAD-26MAY28OKCSAS-SAS20,KXNBA1HSPREAD-26MAY28OKCSAS,KXNBA1HSPREAD,spread,Will San Antonio win the 1H by over 20.5 points?,San Antonio wins the 1H by over 20.5 points,San Antonio wins the 1H by over 20.5 points,no,0,finalized,2026-05-27T08:16:00Z,2026-05-29T01:37:22Z,2026-05-29T03:30:00Z,,1780016400,expected_expiration-150m,1780016400,0.06,0.09,0.075,,72,5374.69,4110.52
KXNBA1HSPREAD-26MAY28OKCSAS-OKC16,KXNBA1HSPREAD-26MAY28OKCSAS,KXNBA1HSPREAD,spread,Will Oklahoma City win the 1H by over 16.5 points?,Oklahoma City wins the 1H by over 16.5 points,Oklahoma City wins the 1H by over 16.5 points,no,0,finalized,2026-05-27T08:16:00Z,2026-05-29T01:37:24Z,2026-05-29T03:30:00Z,,1780016400,expected_expiration-150m,1780016400,0.0,0.01,0.005,,73,2687.59,1200.00
KXNBA1HSPREAD-26MAY28OKCSAS-OKC19,KXNBA1HSPREAD-26MAY28OKCSAS,KXNBA1HSPREAD,spread,Will Oklahoma City win the 1H by over 19.5 points?,Oklahoma City wins the 1H by over 19.5 points,Oklahoma City wins the 1H by over 19.5 points,no,0,finalized,2026-05-27T08:16:00Z,2026-05-29T01:37:24Z,2026-05-29T03:30:00Z,,1780016400,expected_expiration-150m,1780016400,0.0,0.01,0.005,,70,3234.23,2949.72
KXNBA1HSPREAD-26MAY28OKCSAS-SAS8,KXNBA1HSPREAD-26MAY28OKCSAS,KXNBA1HSPREAD,spread,Will San Antonio win the 1H by over 8.5 points?,San Antonio wins the 1H by over 8.5 points,San Antonio wins the 1H by over 8.5 points,no,0,finalized,2026-05-27T06:35:00Z,2026-05-29T01:37:23Z,2026-05-29T03:30:00Z,,1780016400,expected_expiration-150m,1780016400,0.45,0.48,0.46499999999999997,0.44,88,129884.07,48476.72
KXNBA1HSPREAD-26MAY28OKCSAS-SAS5,KXNBA1HSPREAD-26MAY28OKCSAS,KXNBA1HSPREAD,spread,Will San Antonio win the 1H by over 5.5 points?,San Antonio wins the 1H by over 5.5 points,San Antonio wins the 1H by over 5.5 points,yes,1,finalized,2026-05-27T06:35:00Z,2026-05-29T01:37:23Z,2026-05-29T03:30:00Z,,1780016400,expected_expiration-150m,1780016400,0.6,0.63,0.615,0.62,100,112796.26,46097.87
KXNBA1HSPREAD-26MAY28OKCSAS-SAS2,KXNBA1HSPREAD-26MAY28OKCSAS,KXNBA1HSPREAD,spread,Will San Antonio win the 1H by over 2.5 points?,San Antonio wins the 1H by over 2.5 points,San Antonio wins the 1H by over 2.5 points,yes,1,finalized,2026-05-27T06:35:00Z,2026-05-29T01:37:23Z,2026-05-29T03:30:00Z,,1780016400,expected_expiration-150m,1780016400,0.76,0.77,0.765,0.77,111,276182.91,157144.33
KXNBA1HSPREAD-26MAY28OKCSAS-SAS17,KXNBA1HSPREAD-26MAY28OKCSAS,KXNBA1HSPREAD,spread,Will San Antonio win the 1H by over 17.5 points?,San Antonio wins the 1H by over 17.5 points,San Antonio wins the 1H by over 17.5 points,no,0,finalized,2026-05-27T06:35:00Z,2026-05-29T01:37:22Z,2026-05-29T03:30:00Z,,1780016400,expected_expiration-150m,1780016400,0.12,0.15,0.135,,77,6933.80,4027.57
KXNBA1HSPREAD-26MAY28OKCSAS-SAS14,KXNBA1HSPREAD-26MAY28OKCSAS,KXNBA1HSPREAD,spread,Will San Antonio win the 1H by over 14.5 points?,San Antonio wins the 1H by over 14.5 points,San Antonio wins the 1H by over 14.5 points,no,0,finalized,2026-05-27T06:35:00Z,2026-05-29T01:37:22Z,2026-05-29T03:30:00Z,,1780016400,expected_expiration-150m,1780016400,0.23,0.24,0.235,0.25,83,40958.52,19735.47
KXNBA1HSPREAD-26MAY28OKCSAS-SAS11,KXNBA1HSPREAD-26MAY28OKCSAS,KXNBA1HSPREAD,spread,Will San Antonio win the 1H by over 11.5 points?,San Antonio wins the 1H by over 11.5 points,San Antonio wins the 1H by over 11.5 points,no,0,finalized,2026-05-27T06:35:00Z,2026-05-29T01:37:22Z,2026-05-29T03:30:00Z,,1780016400,expected_expiration-150m,1780016400,0.32,0.34,0.33,0.32,90,91474.38,41900.12
KXNBA1HSPREAD-26MAY28OKCSAS-OKC7,KXNBA1HSPREAD-26MAY28OKCSAS,KXNBA1HSPREAD,spread,Will Oklahoma City win the 1H by over 7.5 points?,Oklahoma City wins the 1H by over 7.5 points,Oklahoma City wins the 1H by over 7.5 points,no,0,finalized,2026-05-27T06:35:00Z,2026-05-29T01:37:24Z,2026-05-29T03:30:00Z,,1780016400,expected_expiration-150m,1780016400,0.04,0.05,0.045,,87,13299.70,10463.01
KXNBA1HSPREAD-26MAY28OKCSAS-OKC4,KXNBA1HSPREAD-26MAY28OKCSAS,KXNBA1HSPREAD,spread,Will Oklahoma City win the 1H by over 4.5 points?,Oklahoma City wins the 1H by over 4.5 points,Oklahoma City wins the 1H by over 4.5 points,no,0,finalized,2026-05-27T06:35:00Z,2026-05-29T01:37:24Z,2026-05-29T03:30:00Z,,1780016400,expected_expiration-150m,1780016400,0.07,0.08,0.07500000000000001,,90,26104.74,20981.67
KXNBA1HSPREAD-26MAY28OKCSAS-OKC13,KXNBA1HSPREAD-26MAY28OKCSAS,KXNBA1HSPREAD,spread,Will Oklahoma City win the 1H by over 13.5 points?,Oklahoma City wins the 1H by over 13.5 points,Oklahoma City wins the 1H by over 13.5 points,no,0,finalized,2026-05-27T06:35:00Z,2026-05-29T01:37:24Z,2026-05-29T03:30:00Z,,1780016400,expected_expiration-150m,1780016400,0.0,0.01,0.005,,71,4024.56,2872.53
KXNBA1HSPREAD-26MAY28OKCSAS-OKC10,KXNBA1HSPREAD-26MAY28OKCSAS,KXNBA1HSPREAD,spread,Will Oklahoma City win the 1H by over 10.5 points?,Oklahoma City wins the 1H by over 10.5 points,Oklahoma City wins the 1H by over 10.5 points,no,0,finalized,2026-05-27T06:35:00Z,2026-05-29T01:37:24Z,2026-05-29T03:30:00Z,,1780016400,expected_expiration-150m,1780016400,0.0,0.01,0.005,0.01,77,6056.24,5483.67
KXNBA1HSPREAD-26MAY28OKCSAS-OKC1,KXNBA1HSPREAD-26MAY28OKCSAS,KXNBA1HSPREAD,spread,Will Oklahoma City win the 1H by over 1.5 points?,Oklahoma City wins the 1H by over 1.5 points,Oklahoma City wins the 1H by over 1.5 points,no,0,finalized,2026-05-27T06:35:00Z,2026-05-29T01:37:23Z,2026-05-29T03:30:00Z,,1780016400,expected_expiration-150m,1780016400,0.15,0.16,0.155,0.17,102,106526.00,78040.28
KXNBA1HSPREAD-26MAY26SASOKC-SAS18,KXNBA1HSPREAD-26MAY26SASOKC,KXNBA1HSPREAD,spread,Will San Antonio win the 1H by over 18.5 points?,San Antonio wins the 1H by over 18.5 points,San Antonio wins the 1H by over 18.5 points,no,0,finalized,2026-05-25T06:17:00Z,2026-05-27T01:52:39Z,2026-05-27T03:30:00Z,,1779843600,expected_expiration-150m,1779843600,0.01,0.02,0.015,,61,3081.37,2774.03
KXNBA1HSPREAD-26MAY26SASOKC-SAS15,KXNBA1HSPREAD-26MAY26SASOKC,KXNBA1HSPREAD,spread,Will San Antonio win the 1H by over 15.5 points?,San Antonio wins the 1H by over 15.5 points,San Antonio wins the 1H by over 15.5 points,no,0,finalized,2026-05-25T06:17:00Z,2026-05-27T01:52:39Z,2026-05-27T03:30:00Z,,1779843600,expected_expiration-150m,1779843600,0.02,0.03,0.025,,66,4296.77,3304.26
KXNBA1HSPREAD-26MAY26SASOKC-OKC21,KXNBA1HSPREAD-26MAY26SASOKC,KXNBA1HSPREAD,spread,Will Oklahoma City win the 1H by over 21.5 points?,Oklahoma City wins the 1H by over 21.5 points,Oklahoma City wins the 1H by over 21.5 points,no,0,finalized,2026-05-25T06:17:00Z,2026-05-27T01:52:37Z,2026-05-27T03:30:00Z,,1779843600,expected_expiration-150m,1779843600,0.0,0.01,0.005,,68,1976.73,1951.73
KXNBA1HSPREAD-26MAY26SASOKC-OKC24,KXNBA1HSPREAD-26MAY26SASOKC,KXNBA1HSPREAD,spread,Will Oklahoma City win the 1H by over 24.5 points?,Oklahoma City wins the 1H by over 24.5 points,Oklahoma City wins the 1H by over 24.5 points,no,0,finalized,2026-05-25T06:17:00Z,2026-05-27T01:52:36Z,2026-05-27T03:30:00Z,,1779843600,expected_expiration-150m,1779843600,0.0,0.01,0.005,,67,5141.24,4466.65
KXNBA1HSPREAD-26MAY26SASOKC-SAS9,KXNBA1HSPREAD-26MAY26SASOKC,KXNBA1HSPREAD,spread,Will San Antonio win the 1H by over 9.5 points?,San Antonio wins the 1H by over 9.5 points,San Antonio wins the 1H by over 9.5 points,no,0,finalized,2026-05-25T05:35:00Z,2026-05-27T01:52:38Z,2026-05-27T03:30:00Z,,1779843600,expected_expiration-150m,1779843600,0.11,0.13,0.12,,97,12985.89,10194.33
KXNBA1HSPREAD-26MAY26SASOKC-SAS6,KXNBA1HSPREAD-26MAY26SASOKC,KXNBA1HSPREAD,spread,Will San Antonio win the 1H by over 6.5 points?,San Antonio wins the 1H by over 6.5 points,San Antonio wins the 1H by over 6.5 points,no,0,finalized,2026-05-25T05:35:00Z,2026-05-27T01:52:38Z,2026-05-27T03:30:00Z,,1779843600,expected_expiration-150m,1779843600,0.2,0.22,0.21000000000000002,0.25,94,32417.55,24967.92
KXNBA1HSPREAD-26MAY26SASOKC-SAS3,KXNBA1HSPREAD-26MAY26SASOKC,KXNBA1HSPREAD,spread,Will San Antonio win the 1H by over 3.5 points?,San Antonio wins the 1H by over 3.5 points,San Antonio wins the 1H by over 3.5 points,no,0,finalized,2026-05-25T05:35:00Z,2026-05-27T01:52:38Z,2026-05-27T03:30:00Z,,1779843600,expected_expiration-150m,1779843600,0.33,0.34,0.335,0.34,104,168298.45,115950.20
KXNBA1HSPREAD-26MAY26SASOKC-SAS12,KXNBA1HSPREAD-26MAY26SASOKC,KXNBA1HSPREAD,spread,Will San Antonio win the 1H by over 12.5 points?,San Antonio wins the 1H by over 12.5 points,San Antonio wins the 1H by over 12.5 points,no,0,finalized,2026-05-25T05:35:00Z,2026-05-27T01:52:39Z,2026-05-27T03:30:00Z,,1779843600,expected_expiration-150m,1779843600,0.05,0.07,0.060000000000000005,,84,9863.11,8296.09
KXNBA1HSPREAD-26MAY26SASOKC-OKC9,KXNBA1HSPREAD-26MAY26SASOKC,KXNBA1HSPREAD,spread,Will Oklahoma City win the 1H by over 9.5 points?,Oklahoma City wins the 1H by over 9.5 points,Oklahoma City wins the 1H by over 9.5 points,yes,1,finalized,2026-05-25T05:35:00Z,2026-05-27T01:52:37Z,2026-05-27T03:30:00Z,,1779843600,expected_expiration-150m,1779843600,0.14,0.15,0.14500000000000002,,90,107762.54,40123.78
KXNBA1HSPREAD-26MAY26SASOKC-OKC6,KXNBA1HSPREAD-26MAY26SASOKC,KXNBA1HSPREAD,spread,Will Oklahoma City win the 1H by over 6.5 points?,Oklahoma City wins the 1H by over 6.5 points,Oklahoma City wins the 1H by over 6.5 points,yes,1,finalized,2026-05-25T05:35:00Z,2026-05-27T01:52:38Z,2026-05-27T03:30:00Z,,1779843600,expected_expiration-150m,1779843600,0.24,0.26,0.25,0.26,91,137639.97,48497.67
KXNBA1HSPREAD-26MAY26SASOKC-OKC3,KXNBA1HSPREAD-26MAY26SASOKC,KXNBA1HSPREAD,spread,Will Oklahoma City win the 1H by over 3.5 points?,Oklahoma City wins the 1H by over 3.5 points,Oklahoma City wins the 1H by over 3.5 points,yes,1,finalized,2026-05-25T05:35:00Z,2026-05-27T01:52:38Z,2026-05-27T03:30:00Z,,1779843600,expected_expiration-150m,1779843600,0.37,0.39,0.38,0.39,109,299414.91,129670.09
KXNBA1HSPREAD-26MAY26SASOKC-OKC18,KXNBA1HSPREAD-26MAY26SASOKC,KXNBA1HSPREAD,spread,Will Oklahoma City win the 1H by over 18.5 points?,Oklahoma City wins the 1H by over 18.5 points,Oklahoma City wins the 1H by over 18.5 points,no,0,finalized,2026-05-25T05:35:00Z,2026-05-27T01:52:37Z,2026-05-27T03:30:00Z,,1779843600,expected_expiration-150m,1779843600,0.01,0.02,0.015,,79,6673.26,4522.16
KXNBA1HSPREAD-26MAY26SASOKC-OKC15,KXNBA1HSPREAD-26MAY26SASOKC,KXNBA1HSPREAD,spread,Will Oklahoma City win the 1H by over 15.5 points?,Oklahoma City wins the 1H by over 15.5 points,Oklahoma City wins the 1H by over 15.5 points,no,0,finalized,2026-05-25T05:35:00Z,2026-05-27T01:52:37Z,2026-05-27T03:30:00Z,,1779843600,expected_expiration-150m,1779843600,0.03,0.04,0.035,,69,8435.88,4360.56
KXNBA1HSPREAD-26MAY26SASOKC-OKC12,KXNBA1HSPREAD-26MAY26SASOKC,KXNBA1HSPREAD,spread,Will Oklahoma City win the 1H by over 12.5 points?,Oklahoma City wins the 1H by over 12.5 points,Oklahoma City wins the 1H by over 12.5 points,no,0,finalized,2026-05-25T05:35:00Z,2026-05-27T01:52:37Z,2026-05-27T03:30:00Z,,1779843600,expected_expiration-150m,1779843600,0.07,0.09,0.08,,93,79428.49,56699.30
KXNBA1HSPREAD-26MAY25NYKCLE-NYK22,KXNBA1HSPREAD-26MAY25NYKCLE,KXNBA1HSPREAD,spread,Will New York win the 1H by over 22.5 points?,New York wins the 1H by over 22.5 points,New York wins the 1H by over 22.5 points,no,0,finalized,2026-05-24T04:16:00Z,2026-05-26T01:14:53Z,2026-05-26T03:00:00Z,,1779755400,expected_expiration-150m,1779755400,0.0,0.03,0.015,0.03,48,119579.64,46331.61
KXNBA1HSPREAD-26MAY25NYKCLE-NYK19,KXNBA1HSPREAD-26MAY25NYKCLE,KXNBA1HSPREAD,spread,Will New York win the 1H by over 19.5 points?,New York wins the 1H by over 19.5 points,New York wins the 1H by over 19.5 points,no,0,finalized,2026-05-24T04:16:00Z,2026-05-26T01:14:53Z,2026-05-26T03:00:00Z,,1779755400,expected_expiration-150m,1779755400,0.0,0.06,0.03,,50,95986.07,42525.43
KXNBA1HSPREAD-26MAY25NYKCLE-CLE17,KXNBA1HSPREAD-26MAY25NYKCLE,KXNBA1HSPREAD,spread,Will Cleveland win the 1H by over 17.5 points?,Cleveland wins the 1H by over 17.5 points,Cleveland wins the 1H by over 17.5 points,no,0,finalized,2026-05-24T04:16:00Z,2026-05-26T01:14:48Z,2026-05-26T03:00:00Z,,1779755400,expected_expiration-150m,1779755400,0.0,0.02,0.01,0.01,48,6978.81,6978.81
KXNBA1HSPREAD-26MAY25NYKCLE-CLE20,KXNBA1HSPREAD-26MAY25NYKCLE,KXNBA1HSPREAD,spread,Will Cleveland win the 1H by over 20.5 points?,Cleveland wins the 1H by over 20.5 points,Cleveland wins the 1H by over 20.5 points,no,0,finalized,2026-05-24T04:16:00Z,2026-05-26T01:14:47Z,2026-05-26T03:00:00Z,,1779755400,expected_expiration-150m,1779755400,0.0,0.01,0.005,,52,1738.30,1522.05
KXNBA1HSPREAD-26MAY25NYKCLE-NYK7,KXNBA1HSPREAD-26MAY25NYKCLE,KXNBA1HSPREAD,spread,Will New York win the 1H by over 7.5 points?,New York wins the 1H by over 7.5 points,New York wins the 1H by over 7.5 points,yes,1,finalized,2026-05-24T03:35:00Z,2026-05-26T01:14:51Z,2026-05-26T03:00:00Z,,1779755400,expected_expiration-150m,1779755400,0.38,0.4,0.39,0.4,81,47041.73,16331.21
KXNBA1HSPREAD-26MAY25NYKCLE-NYK4,KXNBA1HSPREAD-26MAY25NYKCLE,KXNBA1HSPREAD,spread,Will New York win the 1H by over 4.5 points?,New York wins the 1H by over 4.5 points,New York wins the 1H by over 4.5 points,yes,1,finalized,2026-05-24T03:35:00Z,2026-05-26T01:14:51Z,2026-05-26T03:00:00Z,,1779755400,expected_expiration-150m,1779755400,0.5,0.54,0.52,0.54,101,89367.64,34733.44
KXNBA1HSPREAD-26MAY25NYKCLE-NYK16,KXNBA1HSPREAD-26MAY25NYKCLE,KXNBA1HSPREAD,spread,Will New York win the 1H by over 16.5 points?,New York wins the 1H by over 16.5 points,New York wins the 1H by over 16.5 points,yes,1,finalized,2026-05-24T03:35:00Z,2026-05-26T01:14:52Z,2026-05-26T03:00:00Z,,1779755400,expected_expiration-150m,1779755400,0.03,0.11,0.07,,56,61038.61,23243.10
KXNBA1HSPREAD-26MAY25NYKCLE-NYK13,KXNBA1HSPREAD-26MAY25NYKCLE,KXNBA1HSPREAD,spread,Will New York win the 1H by over 13.5 points?,New York wins the 1H by over 13.5 points,New York wins the 1H by over 13.5 points,yes,1,finalized,2026-05-24T03:35:00Z,2026-05-26T01:14:52Z,2026-05-26T03:00:00Z,,1779755400,expected_expiration-150m,1779755400,0.16,0.18,0.16999999999999998,,59,56205.76,22794.52
KXNBA1HSPREAD-26MAY25NYKCLE-NYK10,KXNBA1HSPREAD-26MAY25NYKCLE,KXNBA1HSPREAD,spread,Will New York win the 1H by over 10.5 points?,New York wins the 1H by over 10.5 points,New York wins the 1H by over 10.5 points,yes,1,finalized,2026-05-24T03:35:00Z,2026-05-26T01:14:52Z,2026-05-26T03:00:00Z,,1779755400,expected_expiration-150m,1779755400,0.26,0.27,0.265,0.26,77,67464.79,28857.30
KXNBA1HSPREAD-26MAY25NYKCLE-NYK1,KXNBA1HSPREAD-26MAY25NYKCLE,KXNBA1HSPREAD,spread,Will New York win the 1H by over 1.5 points?,New York wins the 1H by over 1.5 points,New York wins the 1H by over 1.5 points,yes,1,finalized,2026-05-24T03:35:00Z,2026-05-26T01:14:51Z,2026-05-26T03:00:00Z,,1779755400,expected_expiration-150m,1779755400,0.65,0.68,0.665,0.65,111,301571.27,170542.82
KXNBA1HSPREAD-26MAY25NYKCLE-CLE8,KXNBA1HSPREAD-26MAY25NYKCLE,KXNBA1HSPREAD,spread,Will Cleveland win the 1H by over 8.5 points?,Cleveland wins the 1H by over 8.5 points,Cleveland wins the 1H by over 8.5 points,no,0,finalized,2026-05-24T03:35:00Z,2026-05-26T01:14:49Z,2026-05-26T03:00:00Z,,1779755400,expected_expiration-150m,1779755400,0.06,0.07,0.065,,66,9076.50,5752.82
KXNBA1HSPREAD-26MAY25NYKCLE-CLE5,KXNBA1HSPREAD-26MAY25NYKCLE,KXNBA1HSPREAD,spread,Will Cleveland win the 1H by over 5.5 points?,Cleveland wins the 1H by over 5.5 points,Cleveland wins the 1H by over 5.5 points,no,0,finalized,2026-05-24T03:35:00Z,2026-05-26T01:14:50Z,2026-05-26T03:00:00Z,,1779755400,expected_expiration-150m,1779755400,0.14,0.16,0.15000000000000002,0.12,83,23201.43,15680.68
KXNBA1HSPREAD-26MAY25NYKCLE-CLE2,KXNBA1HSPREAD-26MAY25NYKCLE,KXNBA1HSPREAD,spread,Will Cleveland win the 1H by over 2.5 points?,Cleveland wins the 1H by over 2.5 points,Cleveland wins the 1H by over 2.5 points,no,0,finalized,2026-05-24T03:35:00Z,2026-05-26T01:14:50Z,2026-05-26T03:00:00Z,,1779755400,expected_expiration-150m,1779755400,0.22,0.24,0.22999999999999998,0.26,92,96868.65,63566.53
KXNBA1HSPREAD-26MAY25NYKCLE-CLE14,KXNBA1HSPREAD-26MAY25NYKCLE,KXNBA1HSPREAD,spread,Will Cleveland win the 1H by over 14.5 points?,Cleveland wins the 1H by over 14.5 points,Cleveland wins the 1H by over 14.5 points,no,0,finalized,2026-05-24T03:35:00Z,2026-05-26T01:14:48Z,2026-05-26T03:00:00Z,,1779755400,expected_expiration-150m,1779755400,0.01,0.02,0.015,,64,1743.87,1618.87
KXNBA1HSPREAD-26MAY25NYKCLE-CLE11,KXNBA1HSPREAD-26MAY25NYKCLE,KXNBA1HSPREAD,spread,Will Cleveland win the 1H by over 11.5 points?,Cleveland wins the 1H by over 11.5 points,Cleveland wins the 1H by over 11.5 points,no,0,finalized,2026-05-24T03:35:00Z,2026-05-26T01:14:49Z,2026-05-26T03:00:00Z,,1779755400,expected_expiration-150m,1779755400,0.03,0.05,0.04,,77,5865.61,5284.68
KXNBA1HSPREAD-26MAY24OKCSAS-SAS23,KXNBA1HSPREAD-26MAY24OKCSAS,KXNBA1HSPREAD,spread,Will San Antonio win the 1H by over 23.5 points?,San Antonio wins the 1H by over 23.5 points,San Antonio wins the 1H by over 23.5 points,no,0,finalized,2026-05-23T06:16:00Z,2026-05-25T01:19:57Z,2026-05-25T03:00:00Z,,1779669000,expected_expiration-150m,1779669000,0.0,0.1,0.05,,45,4410.16,4092.93
KXNBA1HSPREAD-26MAY24OKCSAS-SAS20,KXNBA1HSPREAD-26MAY24OKCSAS,KXNBA1HSPREAD,spread,Will San Antonio win the 1H by over 20.5 points?,San Antonio wins the 1H by over 20.5 points,San Antonio wins the 1H by over 20.5 points,no,0,finalized,2026-05-23T06:16:00Z,2026-05-25T01:19:57Z,2026-05-25T03:00:00Z,,1779669000,expected_expiration-150m,1779669000,0.12,0.15,0.135,0.14,48,3226.33,3007.20
KXNBA1HSPREAD-26MAY24OKCSAS-OKC16,KXNBA1HSPREAD-26MAY24OKCSAS,KXNBA1HSPREAD,spread,Will Oklahoma City win the 1H by over 16.5 points?,Oklahoma City wins the 1H by over 16.5 points,Oklahoma City wins the 1H by over 16.5 points,no,0,finalized,2026-05-23T06:16:00Z,2026-05-25T01:20:01Z,2026-05-25T03:00:00Z,,1779669000,expected_expiration-150m,1779669000,0.0,0.01,0.005,,39,321.72,321.72
KXNBA1HSPREAD-26MAY24OKCSAS-OKC19,KXNBA1HSPREAD-26MAY24OKCSAS,KXNBA1HSPREAD,spread,Will Oklahoma City win the 1H by over 19.5 points?,Oklahoma City wins the 1H by over 19.5 points,Oklahoma City wins the 1H by over 19.5 points,no,0,finalized,2026-05-23T06:16:00Z,2026-05-25T01:20:01Z,2026-05-25T03:00:00Z,,1779669000,expected_expiration-150m,1779669000,0.0,0.01,0.005,,33,309.13,309.13
KXNBA1HSPREAD-26MAY24OKCSAS-SAS8,KXNBA1HSPREAD-26MAY24OKCSAS,KXNBA1HSPREAD,spread,Will San Antonio win the 1H by over 8.5 points?,San Antonio wins the 1H by over 8.5 points,San Antonio wins the 1H by over 8.5 points,yes,1,finalized,2026-05-23T05:35:00Z,2026-05-25T01:19:59Z,2026-05-25T03:00:00Z,,1779669000,expected_expiration-150m,1779669000,0.58,0.6,0.59,0.59,67,196825.88,90958.23
KXNBA1HSPREAD-26MAY24OKCSAS-SAS5,KXNBA1HSPREAD-26MAY24OKCSAS,KXNBA1HSPREAD,spread,Will San Antonio win the 1H by over 5.5 points?,San Antonio wins the 1H by over 5.5 points,San Antonio wins the 1H by over 5.5 points,yes,1,finalized,2026-05-23T05:35:00Z,2026-05-25T01:19:59Z,2026-05-25T03:00:00Z,,1779669000,expected_expiration-150m,1779669000,0.7,0.72,0.71,0.72,94,168570.29,77342.18
KXNBA1HSPREAD-26MAY24OKCSAS-SAS2,KXNBA1HSPREAD-26MAY24OKCSAS,KXNBA1HSPREAD,spread,Will San Antonio win the 1H by over 2.5 points?,San Antonio wins the 1H by over 2.5 points,San Antonio wins the 1H by over 2.5 points,yes,1,finalized,2026-05-23T05:35:00Z,2026-05-25T01:19:59Z,2026-05-25T03:00:00Z,,1779669000,expected_expiration-150m,1779669000,0.81,0.82,0.815,0.81,109,219235.56,112303.29
KXNBA1HSPREAD-26MAY24OKCSAS-SAS17,KXNBA1HSPREAD-26MAY24OKCSAS,KXNBA1HSPREAD,spread,Will San Antonio win the 1H by over 17.5 points?,San Antonio wins the 1H by over 17.5 points,San Antonio wins the 1H by over 17.5 points,no,0,finalized,2026-05-23T05:35:00Z,2026-05-25T01:19:58Z,2026-05-25T03:00:00Z,,1779669000,expected_expiration-150m,1779669000,0.2,0.26,0.23,0.22,52,1801.48,1621.56
KXNBA1HSPREAD-26MAY24OKCSAS-SAS14,KXNBA1HSPREAD-26MAY24OKCSAS,KXNBA1HSPREAD,spread,Will San Antonio win the 1H by over 14.5 points?,San Antonio wins the 1H by over 14.5 points,San Antonio wins the 1H by over 14.5 points,no,0,finalized,2026-05-23T05:35:00Z,2026-05-25T01:19:58Z,2026-05-25T03:00:00Z,,1779669000,expected_expiration-150m,1779669000,0.32,0.36,0.33999999999999997,0.36,55,15864.36,9399.56
KXNBA1HSPREAD-26MAY24OKCSAS-SAS11,KXNBA1HSPREAD-26MAY24OKCSAS,KXNBA1HSPREAD,spread,Will San Antonio win the 1H by over 11.5 points?,San Antonio wins the 1H by over 11.5 points,San Antonio wins the 1H by over 11.5 points,yes,1,finalized,2026-05-23T05:35:00Z,2026-05-25T01:19:58Z,2026-05-25T03:00:00Z,,1779669000,expected_expiration-150m,1779669000,0.44,0.46,0.45,0.46,77,84263.26,38406.87
KXNBA1HSPREAD-26MAY24OKCSAS-OKC7,KXNBA1HSPREAD-26MAY24OKCSAS,KXNBA1HSPREAD,spread,Will Oklahoma City win the 1H by over 7.5 points?,Oklahoma City wins the 1H by over 7.5 points,Oklahoma City wins the 1H by over 7.5 points,no,0,finalized,2026-05-23T05:35:00Z,2026-05-25T01:20:00Z,2026-05-25T03:00:00Z,,1779669000,expected_expiration-150m,1779669000,0.02,0.03,0.025,,58,11623.99,10982.02
KXNBA1HSPREAD-26MAY24OKCSAS-OKC4,KXNBA1HSPREAD-26MAY24OKCSAS,KXNBA1HSPREAD,spread,Will Oklahoma City win the 1H by over 4.5 points?,Oklahoma City wins the 1H by over 4.5 points,Oklahoma City wins the 1H by over 4.5 points,no,0,finalized,2026-05-23T05:35:00Z,2026-05-25T01:20:00Z,2026-05-25T03:00:00Z,,1779669000,expected_expiration-150m,1779669000,0.05,0.06,0.055,,82,33322.28,22964.94
KXNBA1HSPREAD-26MAY24OKCSAS-OKC13,KXNBA1HSPREAD-26MAY24OKCSAS,KXNBA1HSPREAD,spread,Will Oklahoma City win the 1H by over 13.5 points?,Oklahoma City wins the 1H by over 13.5 points,Oklahoma City wins the 1H by over 13.5 points,no,0,finalized,2026-05-23T05:35:00Z,2026-05-25T01:20:01Z,2026-05-25T03:00:00Z,,1779669000,expected_expiration-150m,1779669000,0.0,0.01,0.005,,43,513.53,513.53
KXNBA1HSPREAD-26MAY24OKCSAS-OKC10,KXNBA1HSPREAD-26MAY24OKCSAS,KXNBA1HSPREAD,spread,Will Oklahoma City win the 1H by over 10.5 points?,Oklahoma City wins the 1H by over 10.5 points,Oklahoma City wins the 1H by over 10.5 points,no,0,finalized,2026-05-23T05:35:00Z,2026-05-25T01:20:00Z,2026-05-25T03:00:00Z,,1779669000,expected_expiration-150m,1779669000,0.0,0.01,0.005,,59,17466.76,13847.77
KXNBA1HSPREAD-26MAY24OKCSAS-OKC1,KXNBA1HSPREAD-26MAY24OKCSAS,KXNBA1HSPREAD,spread,Will Oklahoma City win the 1H by over 1.5 points?,Oklahoma City wins the 1H by over 1.5 points,Oklahoma City wins the 1H by over 1.5 points,no,0,finalized,2026-05-23T05:35:00Z,2026-05-25T01:20:00Z,2026-05-25T03:00:00Z,,1779669000,expected_expiration-150m,1779669000,0.09,0.11,0.1,0.11,102,108327.21,77326.98
KXNBA1HSPREAD-26MAY23NYKCLE-CLE23,KXNBA1HSPREAD-26MAY23NYKCLE,KXNBA1HSPREAD,spread,Will Cleveland win the 1H by over 23.5 points?,Cleveland wins the 1H by over 23.5 points,Cleveland wins the 1H by over 23.5 points,no,0,finalized,2026-05-22T06:16:00Z,2026-05-24T01:20:58Z,2026-05-24T03:00:00Z,,1779582600,expected_expiration-150m,1779582600,0.0,0.01,0.005,,42,2269.15,2013.15
KXNBA1HSPREAD-26MAY23NYKCLE-CLE20,KXNBA1HSPREAD-26MAY23NYKCLE,KXNBA1HSPREAD,spread,Will Cleveland win the 1H by over 20.5 points?,Cleveland wins the 1H by over 20.5 points,Cleveland wins the 1H by over 20.5 points,no,0,finalized,2026-05-22T06:16:00Z,2026-05-24T01:20:59Z,2026-05-24T03:00:00Z,,1779582600,expected_expiration-150m,1779582600,0.0,0.01,0.005,,43,453.00,443.00
KXNBA1HSPREAD-26MAY23NYKCLE-NYK16,KXNBA1HSPREAD-26MAY23NYKCLE,KXNBA1HSPREAD,spread,Will New York win the 1H by over 16.5 points?,New York wins the 1H by over 16.5 points,New York wins the 1H by over 16.5 points,no,0,finalized,2026-05-22T06:16:00Z,2026-05-24T01:21:06Z,2026-05-24T03:00:00Z,,1779582600,expected_expiration-150m,1779582600,0.06,0.09,0.075,,48,5347.13,4055.84
KXNBA1HSPREAD-26MAY23NYKCLE-NYK19,KXNBA1HSPREAD-26MAY23NYKCLE,KXNBA1HSPREAD,spread,Will New York win the 1H by over 19.5 points?,New York wins the 1H by over 19.5 points,New York wins the 1H by over 19.5 points,no,0,finalized,2026-05-22T06:16:00Z,2026-05-24T01:21:06Z,2026-05-24T03:00:00Z,,1779582600,expected_expiration-150m,1779582600,0.03,0.06,0.045,,53,5551.12,5421.70
KXNBA1HSPREAD-26MAY23NYKCLE-NYK7,KXNBA1HSPREAD-26MAY23NYKCLE,KXNBA1HSPREAD,spread,Will New York win the 1H by over 7.5 points?,New York wins the 1H by over 7.5 points,New York wins the 1H by over 7.5 points,no,0,finalized,2026-05-22T05:35:00Z,2026-05-24T01:21:04Z,2026-05-24T03:00:00Z,,1779582600,expected_expiration-150m,1779582600,0.3,0.33,0.315,0.3,66,66459.63,31606.16
KXNBA1HSPREAD-26MAY23NYKCLE-NYK4,KXNBA1HSPREAD-26MAY23NYKCLE,KXNBA1HSPREAD,spread,Will New York win the 1H by over 4.5 points?,New York wins the 1H by over 4.5 points,New York wins the 1H by over 4.5 points,yes,1,finalized,2026-05-22T05:35:00Z,2026-05-24T01:21:04Z,2026-05-24T03:00:00Z,,1779582600,expected_expiration-150m,1779582600,0.43,0.44,0.435,0.44,80,157961.02,61830.13
KXNBA1HSPREAD-26MAY23NYKCLE-NYK13,KXNBA1HSPREAD-26MAY23NYKCLE,KXNBA1HSPREAD,spread,Will New York win the 1H by over 13.5 points?,New York wins the 1H by over 13.5 points,New York wins the 1H by over 13.5 points,no,0,finalized,2026-05-22T05:35:00Z,2026-05-24T01:21:05Z,2026-05-24T03:00:00Z,,1779582600,expected_expiration-150m,1779582600,0.11,0.14,0.125,0.12,51,22805.86,16698.08
KXNBA1HSPREAD-26MAY23NYKCLE-NYK10,KXNBA1HSPREAD-26MAY23NYKCLE,KXNBA1HSPREAD,spread,Will New York win the 1H by over 10.5 points?,New York wins the 1H by over 10.5 points,New York wins the 1H by over 10.5 points,no,0,finalized,2026-05-22T05:35:00Z,2026-05-24T01:21:05Z,2026-05-24T03:00:00Z,,1779582600,expected_expiration-150m,1779582600,0.2,0.22,0.21000000000000002,,62,28654.11,9220.99
KXNBA1HSPREAD-26MAY23NYKCLE-NYK1,KXNBA1HSPREAD-26MAY23NYKCLE,KXNBA1HSPREAD,spread,Will New York win the 1H by over 1.5 points?,New York wins the 1H by over 1.5 points,New York wins the 1H by over 1.5 points,yes,1,finalized,2026-05-22T05:35:00Z,2026-05-24T01:21:03Z,2026-05-24T03:00:00Z,,1779582600,expected_expiration-150m,1779582600,0.57,0.59,0.58,0.59,98,246552.10,118125.24
KXNBA1HSPREAD-26MAY23NYKCLE-CLE8,KXNBA1HSPREAD-26MAY23NYKCLE,KXNBA1HSPREAD,spread,Will Cleveland win the 1H by over 8.5 points?,Cleveland wins the 1H by over 8.5 points,Cleveland wins the 1H by over 8.5 points,no,0,finalized,2026-05-22T05:35:00Z,2026-05-24T01:21:01Z,2026-05-24T03:00:00Z,,1779582600,expected_expiration-150m,1779582600,0.11,0.13,0.12,,67,17248.27,10632.74
KXNBA1HSPREAD-26MAY23NYKCLE-CLE5,KXNBA1HSPREAD-26MAY23NYKCLE,KXNBA1HSPREAD,spread,Will Cleveland win the 1H by over 5.5 points?,Cleveland wins the 1H by over 5.5 points,Cleveland wins the 1H by over 5.5 points,no,0,finalized,2026-05-22T05:35:00Z,2026-05-24T01:21:02Z,2026-05-24T03:00:00Z,,1779582600,expected_expiration-150m,1779582600,0.17,0.19,0.18,0.2,92,66273.91,53250.21
KXNBA1HSPREAD-26MAY23NYKCLE-CLE2,KXNBA1HSPREAD-26MAY23NYKCLE,KXNBA1HSPREAD,spread,Will Cleveland win the 1H by over 2.5 points?,Cleveland wins the 1H by over 2.5 points,Cleveland wins the 1H by over 2.5 points,no,0,finalized,2026-05-22T05:35:00Z,2026-05-24T01:21:02Z,2026-05-24T03:00:00Z,,1779582600,expected_expiration-150m,1779582600,0.29,0.3,0.295,0.3,108,431068.89,243530.87
KXNBA1HSPREAD-26MAY23NYKCLE-CLE17,KXNBA1HSPREAD-26MAY23NYKCLE,KXNBA1HSPREAD,spread,Will Cleveland win the 1H by over 17.5 points?,Cleveland wins the 1H by over 17.5 points,Cleveland wins the 1H by over 17.5 points,no,0,finalized,2026-05-22T05:35:00Z,2026-05-24T01:20:59Z,2026-05-24T03:00:00Z,,1779582600,expected_expiration-150m,1779582540,0.0,0.01,0.005,,44,759.52,759.52
KXNBA1HSPREAD-26MAY23NYKCLE-CLE14,KXNBA1HSPREAD-26MAY23NYKCLE,KXNBA1HSPREAD,spread,Will Cleveland win the 1H by over 14.5 points?,Cleveland wins the 1H by over 14.5 points,Cleveland wins the 1H by over 14.5 points,no,0,finalized,2026-05-22T05:35:00Z,2026-05-24T01:21:00Z,2026-05-24T03:00:00Z,,1779582600,expected_expiration-150m,1779582600,0.0,0.03,0.015,,53,1362.70,1276.62
KXNBA1HSPREAD-26MAY23NYKCLE-CLE11,KXNBA1HSPREAD-26MAY23NYKCLE,KXNBA1HSPREAD,spread,Will Cleveland win the 1H by over 11.5 points?,Cleveland wins the 1H by over 11.5 points,Cleveland wins the 1H by over 11.5 points,no,0,finalized,2026-05-22T05:35:00Z,2026-05-24T01:21:01Z,2026-05-24T03:00:00Z,,1779582600,expected_expiration-150m,1779582600,0.03,0.06,0.045,0.06,60,3825.63,2701.17
KXNBA1HSPREAD-26MAY22OKCSAS-SAS24,KXNBA1HSPREAD-26MAY22OKCSAS,KXNBA1HSPREAD,spread,Will San Antonio win the 1H by over 24.5 points?,San Antonio wins the 1H by over 24.5 points,San Antonio wins the 1H by over 24.5 points,no,0,finalized,2026-05-21T12:17:00Z,2026-05-23T01:45:16Z,2026-05-23T03:30:00Z,,1779498000,expected_expiration-150m,1779498000,0.0,0.02,0.01,,52,4888.89,4315.07
KXNBA1HSPREAD-26MAY22OKCSAS-OKC21,KXNBA1HSPREAD-26MAY22OKCSAS,KXNBA1HSPREAD,spread,Will Oklahoma City win the 1H by over 21.5 points?,Oklahoma City wins the 1H by over 21.5 points,Oklahoma City wins the 1H by over 21.5 points,no,0,finalized,2026-05-21T05:16:00Z,2026-05-23T01:45:20Z,2026-05-23T03:30:00Z,,1779498000,expected_expiration-150m,1779498000,0.0,0.01,0.005,,56,636.77,636.77
KXNBA1HSPREAD-26MAY22OKCSAS-OKC18,KXNBA1HSPREAD-26MAY22OKCSAS,KXNBA1HSPREAD,spread,Will Oklahoma City win the 1H by over 18.5 points?,Oklahoma City wins the 1H by over 18.5 points,Oklahoma City wins the 1H by over 18.5 points,no,0,finalized,2026-05-21T05:16:00Z,2026-05-23T01:45:20Z,2026-05-23T03:30:00Z,,1779498000,expected_expiration-150m,1779498000,0.0,0.01,0.005,,52,98.51,98.51
KXNBA1HSPREAD-26MAY22OKCSAS-SAS18,KXNBA1HSPREAD-26MAY22OKCSAS,KXNBA1HSPREAD,spread,Will San Antonio win the 1H by over 18.5 points?,San Antonio wins the 1H by over 18.5 points,San Antonio wins the 1H by over 18.5 points,no,0,finalized,2026-05-21T05:16:00Z,2026-05-23T01:45:17Z,2026-05-23T03:30:00Z,,1779498000,expected_expiration-150m,1779498000,0.03,0.05,0.04,,54,1830.13,1517.68
KXNBA1HSPREAD-26MAY22OKCSAS-SAS21,KXNBA1HSPREAD-26MAY22OKCSAS,KXNBA1HSPREAD,spread,Will San Antonio win the 1H by over 21.5 points?,San Antonio wins the 1H by over 21.5 points,San Antonio wins the 1H by over 21.5 points,no,0,finalized,2026-05-21T05:16:00Z,2026-05-23T01:45:17Z,2026-05-23T03:30:00Z,,1779498000,expected_expiration-150m,1779498000,0.01,0.03,0.02,,48,2376.36,2047.67
KXNBA1HSPREAD-26MAY22OKCSAS-SAS9,KXNBA1HSPREAD-26MAY22OKCSAS,KXNBA1HSPREAD,spread,Will San Antonio win the 1H by over 9.5 points?,San Antonio wins the 1H by over 9.5 points,San Antonio wins the 1H by over 9.5 points,no,0,finalized,2026-05-21T04:35:00Z,2026-05-23T01:45:18Z,2026-05-23T03:30:00Z,,1779498000,expected_expiration-150m,1779498000,0.23,0.26,0.245,0.25,76,41088.88,15275.41
KXNBA1HSPREAD-26MAY22OKCSAS-SAS6,KXNBA1HSPREAD-26MAY22OKCSAS,KXNBA1HSPREAD,spread,Will San Antonio win the 1H by over 6.5 points?,San Antonio wins the 1H by over 6.5 points,San Antonio wins the 1H by over 6.5 points,no,0,finalized,2026-05-21T04:35:00Z,2026-05-23T01:45:18Z,2026-05-23T03:30:00Z,,1779498000,expected_expiration-150m,1779498000,0.34,0.36,0.35,0.37,101,154582.78,66207.77
KXNBA1HSPREAD-26MAY22OKCSAS-SAS3,KXNBA1HSPREAD-26MAY22OKCSAS,KXNBA1HSPREAD,spread,Will San Antonio win the 1H by over 3.5 points?,San Antonio wins the 1H by over 3.5 points,San Antonio wins the 1H by over 3.5 points,no,0,finalized,2026-05-21T04:35:00Z,2026-05-23T01:45:18Z,2026-05-23T03:30:00Z,,1779498000,expected_expiration-150m,1779498000,0.51,0.53,0.52,0.53,107,219602.70,128315.01
KXNBA1HSPREAD-26MAY22OKCSAS-SAS15,KXNBA1HSPREAD-26MAY22OKCSAS,KXNBA1HSPREAD,spread,Will San Antonio win the 1H by over 15.5 points?,San Antonio wins the 1H by over 15.5 points,San Antonio wins the 1H by over 15.5 points,no,0,finalized,2026-05-21T04:35:00Z,2026-05-23T01:45:17Z,2026-05-23T03:30:00Z,,1779498000,expected_expiration-150m,1779498000,0.07,0.08,0.07500000000000001,,64,7659.30,4713.97
KXNBA1HSPREAD-26MAY22OKCSAS-SAS12,KXNBA1HSPREAD-26MAY22OKCSAS,KXNBA1HSPREAD,spread,Will San Antonio win the 1H by over 12.5 points?,San Antonio wins the 1H by over 12.5 points,San Antonio wins the 1H by over 12.5 points,no,0,finalized,2026-05-21T04:35:00Z,2026-05-23T01:45:17Z,2026-05-23T03:30:00Z,,1779498000,expected_expiration-150m,1779498000,0.14,0.15,0.14500000000000002,0.14,77,39647.58,18474.50
KXNBA1HSPREAD-26MAY22OKCSAS-OKC9,KXNBA1HSPREAD-26MAY22OKCSAS,KXNBA1HSPREAD,spread,Will Oklahoma City win the 1H by over 9.5 points?,Oklahoma City wins the 1H by over 9.5 points,Oklahoma City wins the 1H by over 9.5 points,no,0,finalized,2026-05-21T04:35:00Z,2026-05-23T01:45:20Z,2026-05-23T03:30:00Z,,1779498000,expected_expiration-150m,1779498000,0.03,0.05,0.04,0.04,52,23684.90,14676.12
KXNBA1HSPREAD-26MAY22OKCSAS-OKC6,KXNBA1HSPREAD-26MAY22OKCSAS,KXNBA1HSPREAD,spread,Will Oklahoma City win the 1H by over 6.5 points?,Oklahoma City wins the 1H by over 6.5 points,Oklahoma City wins the 1H by over 6.5 points,yes,1,finalized,2026-05-21T04:35:00Z,2026-05-23T01:45:19Z,2026-05-23T03:30:00Z,,1779498000,expected_expiration-150m,1779498000,0.07,0.13,0.1,,76,42407.39,20933.08
KXNBA1HSPREAD-26MAY22OKCSAS-OKC3,KXNBA1HSPREAD-26MAY22OKCSAS,KXNBA1HSPREAD,spread,Will Oklahoma City win the 1H by over 3.5 points?,Oklahoma City wins the 1H by over 3.5 points,Oklahoma City wins the 1H by over 3.5 points,yes,1,finalized,2026-05-21T04:35:00Z,2026-05-23T01:45:18Z,2026-05-23T03:30:00Z,,1779498000,expected_expiration-150m,1779498000,0.2,0.23,0.21500000000000002,0.23,94,151135.45,71661.11
KXNBA1HSPREAD-26MAY22OKCSAS-OKC15,KXNBA1HSPREAD-26MAY22OKCSAS,KXNBA1HSPREAD,spread,Will Oklahoma City win the 1H by over 15.5 points?,Oklahoma City wins the 1H by over 15.5 points,Oklahoma City wins the 1H by over 15.5 points,no,0,finalized,2026-05-21T04:35:00Z,2026-05-23T01:45:20Z,2026-05-23T03:30:00Z,,1779498000,expected_expiration-150m,1779498000,0.0,0.02,0.01,,55,393.03,346.00
KXNBA1HSPREAD-26MAY22OKCSAS-OKC12,KXNBA1HSPREAD-26MAY22OKCSAS,KXNBA1HSPREAD,spread,Will Oklahoma City win the 1H by over 12.5 points?,Oklahoma City wins the 1H by over 12.5 points,Oklahoma City wins the 1H by over 12.5 points,no,0,finalized,2026-05-21T04:35:00Z,2026-05-23T01:45:20Z,2026-05-23T03:30:00Z,,1779498000,expected_expiration-150m,1779497580,0.0,0.01,0.005,,40,977.00,968.45
KXNBA1HSPREAD-26MAY21CLENYK-CLE18,KXNBA1HSPREAD-26MAY21CLENYK,KXNBA1HSPREAD,spread,Will Cleveland win the 1H by over 18.5 points?,Cleveland wins the 1H by over 18.5 points,Cleveland wins the 1H by over 18.5 points,no,0,finalized,2026-05-20T09:16:00Z,2026-05-22T01:11:16Z,2026-05-22T03:00:00Z,,1779409800,expected_expiration-150m,1779409800,0.01,0.02,0.015,0.01,39,1254.86,1201.44
KXNBA1HSPREAD-26MAY21CLENYK-CLE15,KXNBA1HSPREAD-26MAY21CLENYK,KXNBA1HSPREAD,spread,Will Cleveland win the 1H by over 15.5 points?,Cleveland wins the 1H by over 15.5 points,Cleveland wins the 1H by over 15.5 points,no,0,finalized,2026-05-20T09:16:00Z,2026-05-22T01:11:16Z,2026-05-22T03:00:00Z,,1779409800,expected_expiration-150m,1779409800,0.03,0.05,0.04,,40,657.60,607.60
KXNBA1HSPREAD-26MAY21CLENYK-NYK21,KXNBA1HSPREAD-26MAY21CLENYK,KXNBA1HSPREAD,spread,Will New York win the 1H by over 21.5 points?,New York wins the 1H by over 21.5 points,New York wins the 1H by over 21.5 points,no,0,finalized,2026-05-20T09:16:00Z,2026-05-22T01:11:14Z,2026-05-22T03:00:00Z,,1779409800,expected_expiration-150m,1779409740,0.0,0.01,0.005,,49,4670.88,4670.88
KXNBA1HSPREAD-26MAY21CLENYK-NYK24,KXNBA1HSPREAD-26MAY21CLENYK,KXNBA1HSPREAD,spread,Will New York win the 1H by over 24.5 points?,New York wins the 1H by over 24.5 points,New York wins the 1H by over 24.5 points,no,0,finalized,2026-05-20T09:16:00Z,2026-05-22T01:11:14Z,2026-05-22T03:00:00Z,,1779409800,expected_expiration-150m,1779409740,0.0,0.01,0.005,,41,1010.75,1010.75
KXNBA1HSPREAD-26MAY21CLENYK-NYK9,KXNBA1HSPREAD-26MAY21CLENYK,KXNBA1HSPREAD,spread,Will New York win the 1H by over 9.5 points?,New York wins the 1H by over 9.5 points,New York wins the 1H by over 9.5 points,no,0,finalized,2026-05-20T08:35:00Z,2026-05-22T01:11:15Z,2026-05-22T03:00:00Z,,1779409800,expected_expiration-150m,1779409800,0.16,0.19,0.175,,73,33455.71,27044.19
KXNBA1HSPREAD-26MAY21CLENYK-NYK6,KXNBA1HSPREAD-26MAY21CLENYK,KXNBA1HSPREAD,spread,Will New York win the 1H by over 6.5 points?,New York wins the 1H by over 6.5 points,New York wins the 1H by over 6.5 points,no,0,finalized,2026-05-20T08:35:00Z,2026-05-22T01:11:15Z,2026-05-22T03:00:00Z,,1779409800,expected_expiration-150m,1779409800,0.27,0.29,0.28,,99,55592.35,39569.15
KXNBA1HSPREAD-26MAY21CLENYK-NYK3,KXNBA1HSPREAD-26MAY21CLENYK,KXNBA1HSPREAD,spread,Will New York win the 1H by over 3.5 points?,New York wins the 1H by over 3.5 points,New York wins the 1H by over 3.5 points,yes,1,finalized,2026-05-20T08:35:00Z,2026-05-22T01:11:15Z,2026-05-22T03:00:00Z,,1779409800,expected_expiration-150m,1779409800,0.39,0.43,0.41000000000000003,0.43,111,470830.94,284303.64
KXNBA1HSPREAD-26MAY21CLENYK-NYK18,KXNBA1HSPREAD-26MAY21CLENYK,KXNBA1HSPREAD,spread,Will New York win the 1H by over 18.5 points?,New York wins the 1H by over 18.5 points,New York wins the 1H by over 18.5 points,no,0,finalized,2026-05-20T08:35:00Z,2026-05-22T01:11:14Z,2026-05-22T03:00:00Z,,1779409800,expected_expiration-150m,1779409800,0.0,0.01,0.005,,43,1866.54,1866.54
KXNBA1HSPREAD-26MAY21CLENYK-NYK15,KXNBA1HSPREAD-26MAY21CLENYK,KXNBA1HSPREAD,spread,Will New York win the 1H by over 15.5 points?,New York wins the 1H by over 15.5 points,New York wins the 1H by over 15.5 points,no,0,finalized,2026-05-20T08:35:00Z,2026-05-22T01:11:14Z,2026-05-22T03:00:00Z,,1779409800,expected_expiration-150m,1779409800,0.04,0.05,0.045,,48,11449.90,8856.81
KXNBA1HSPREAD-26MAY21CLENYK-NYK12,KXNBA1HSPREAD-26MAY21CLENYK,KXNBA1HSPREAD,spread,Will New York win the 1H by over 12.5 points?,New York wins the 1H by over 12.5 points,New York wins the 1H by over 12.5 points,no,0,finalized,2026-05-20T08:35:00Z,2026-05-22T01:11:14Z,2026-05-22T03:00:00Z,,1779409800,expected_expiration-150m,1779409800,0.08,0.1,0.09,,61,7379.37,5227.51
KXNBA1HSPREAD-26MAY21CLENYK-CLE9,KXNBA1HSPREAD-26MAY21CLENYK,KXNBA1HSPREAD,spread,Will Cleveland win the 1H by over 9.5 points?,Cleveland wins the 1H by over 9.5 points,Cleveland wins the 1H by over 9.5 points,no,0,finalized,2026-05-20T08:35:00Z,2026-05-22T01:11:16Z,2026-05-22T03:00:00Z,,1779409800,expected_expiration-150m,1779409800,0.12,0.15,0.135,,62,7903.80,7328.20
KXNBA1HSPREAD-26MAY21CLENYK-CLE6,KXNBA1HSPREAD-26MAY21CLENYK,KXNBA1HSPREAD,spread,Will Cleveland win the 1H by over 6.5 points?,Cleveland wins the 1H by over 6.5 points,Cleveland wins the 1H by over 6.5 points,no,0,finalized,2026-05-20T08:35:00Z,2026-05-22T01:11:15Z,2026-05-22T03:00:00Z,,1779409800,expected_expiration-150m,1779409800,0.21,0.22,0.215,,70,9991.88,7414.90
KXNBA1HSPREAD-26MAY21CLENYK-CLE3,KXNBA1HSPREAD-26MAY21CLENYK,KXNBA1HSPREAD,spread,Will Cleveland win the 1H by over 3.5 points?,Cleveland wins the 1H by over 3.5 points,Cleveland wins the 1H by over 3.5 points,no,0,finalized,2026-05-20T08:35:00Z,2026-05-22T01:11:15Z,2026-05-22T03:00:00Z,,1779409800,expected_expiration-150m,1779409800,0.32,0.34,0.33,0.34,96,86892.10,51986.26
KXNBA1HSPREAD-26MAY21CLENYK-CLE12,KXNBA1HSPREAD-26MAY21CLENYK,KXNBA1HSPREAD,spread,Will Cleveland win the 1H by over 12.5 points?,Cleveland wins the 1H by over 12.5 points,Cleveland wins the 1H by over 12.5 points,no,0,finalized,2026-05-20T08:35:00Z,2026-05-22T01:11:16Z,2026-05-22T03:00:00Z,,1779409800,expected_expiration-150m,1779409740,0.06,0.08,0.07,,52,1686.56,1324.91
KXNBA1HSPREAD-26MAY20SASOKC-SAS17,KXNBA1HSPREAD-26MAY20SASOKC,KXNBA1HSPREAD,spread,Will San Antonio win the 1H by over 17.5 points?,San Antonio wins the 1H by over 17.5 points,San Antonio wins the 1H by over 17.5 points,no,0,finalized,2026-05-19T05:16:00Z,2026-05-21T01:43:20Z,2026-05-21T03:30:00Z,,1779325200,expected_expiration-150m,1779325200,0.02,0.03,0.025,0.02,54,1903.98,1838.38
KXNBA1HSPREAD-26MAY20SASOKC-SAS14,KXNBA1HSPREAD-26MAY20SASOKC,KXNBA1HSPREAD,spread,Will San Antonio win the 1H by over 14.5 points?,San Antonio wins the 1H by over 14.5 points,San Antonio wins the 1H by over 14.5 points,no,0,finalized,2026-05-19T05:16:00Z,2026-05-21T01:43:20Z,2026-05-21T03:30:00Z,,1779325200,expected_expiration-150m,1779325140,0.04,0.05,0.045,,51,623.95,608.32
KXNBA1HSPREAD-26MAY20SASOKC-OKC22,KXNBA1HSPREAD-26MAY20SASOKC,KXNBA1HSPREAD,spread,Will Oklahoma City win the 1H by over 22.5 points?,Oklahoma City wins the 1H by over 22.5 points,Oklahoma City wins the 1H by over 22.5 points,no,0,finalized,2026-05-19T05:16:00Z,2026-05-21T01:43:17Z,2026-05-21T03:30:00Z,,1779325200,expected_expiration-150m,1779325140,0.0,0.01,0.005,,51,1841.59,1484.47
KXNBA1HSPREAD-26MAY20SASOKC-OKC25,KXNBA1HSPREAD-26MAY20SASOKC,KXNBA1HSPREAD,spread,Will Oklahoma City win the 1H by over 25.5 points?,Oklahoma City wins the 1H by over 25.5 points,Oklahoma City wins the 1H by over 25.5 points,no,0,finalized,2026-05-19T05:16:00Z,2026-05-21T01:43:17Z,2026-05-21T03:30:00Z,,1779325200,expected_expiration-150m,1779325140,0.0,0.01,0.005,,44,1805.02,1805.02
KXNBA1HSPREAD-26MAY20SASOKC-SAS8,KXNBA1HSPREAD-26MAY20SASOKC,KXNBA1HSPREAD,spread,Will San Antonio win the 1H by over 8.5 points?,San Antonio wins the 1H by over 8.5 points,San Antonio wins the 1H by over 8.5 points,no,0,finalized,2026-05-19T04:35:00Z,2026-05-21T01:43:19Z,2026-05-21T03:30:00Z,,1779325200,expected_expiration-150m,1779325200,0.14,0.17,0.15500000000000003,0.17,65,14799.37,12129.88
KXNBA1HSPREAD-26MAY20SASOKC-SAS5,KXNBA1HSPREAD-26MAY20SASOKC,KXNBA1HSPREAD,spread,Will San Antonio win the 1H by over 5.5 points?,San Antonio wins the 1H by over 5.5 points,San Antonio wins the 1H by over 5.5 points,no,0,finalized,2026-05-19T04:35:00Z,2026-05-21T01:43:19Z,2026-05-21T03:30:00Z,,1779325200,expected_expiration-150m,1779325200,0.25,0.27,0.26,0.27,81,20125.76,17581.13
KXNBA1HSPREAD-26MAY20SASOKC-SAS2,KXNBA1HSPREAD-26MAY20SASOKC,KXNBA1HSPREAD,spread,Will San Antonio win the 1H by over 2.5 points?,San Antonio wins the 1H by over 2.5 points,San Antonio wins the 1H by over 2.5 points,no,0,finalized,2026-05-19T04:35:00Z,2026-05-21T01:43:19Z,2026-05-21T03:30:00Z,,1779325200,expected_expiration-150m,1779325200,0.38,0.4,0.39,0.4,104,97587.44,75675.01
KXNBA1HSPREAD-26MAY20SASOKC-SAS11,KXNBA1HSPREAD-26MAY20SASOKC,KXNBA1HSPREAD,spread,Will San Antonio win the 1H by over 11.5 points?,San Antonio wins the 1H by over 11.5 points,San Antonio wins the 1H by over 11.5 points,no,0,finalized,2026-05-19T04:35:00Z,2026-05-21T01:43:20Z,2026-05-21T03:30:00Z,,1779325200,expected_expiration-150m,1779325200,0.07,0.11,0.09,,63,2852.52,2851.52
KXNBA1HSPREAD-26MAY20SASOKC-OKC7,KXNBA1HSPREAD-26MAY20SASOKC,KXNBA1HSPREAD,spread,Will Oklahoma City win the 1H by over 7.5 points?,Oklahoma City wins the 1H by over 7.5 points,Oklahoma City wins the 1H by over 7.5 points,yes,1,finalized,2026-05-19T04:35:00Z,2026-05-21T01:43:18Z,2026-05-21T03:30:00Z,,1779325200,expected_expiration-150m,1779325140,0.22,0.24,0.22999999999999998,0.24,97,294530.34,161638.70
KXNBA1HSPREAD-26MAY20SASOKC-OKC4,KXNBA1HSPREAD-26MAY20SASOKC,KXNBA1HSPREAD,spread,Will Oklahoma City win the 1H by over 4.5 points?,Oklahoma City wins the 1H by over 4.5 points,Oklahoma City wins the 1H by over 4.5 points,yes,1,finalized,2026-05-19T04:35:00Z,2026-05-21T01:43:19Z,2026-05-21T03:30:00Z,,1779325200,expected_expiration-150m,1779325200,0.32,0.35,0.33499999999999996,0.32,110,342220.30,192795.05
KXNBA1HSPREAD-26MAY20SASOKC-OKC19,KXNBA1HSPREAD-26MAY20SASOKC,KXNBA1HSPREAD,spread,Will Oklahoma City win the 1H by over 19.5 points?,Oklahoma City wins the 1H by over 19.5 points,Oklahoma City wins the 1H by over 19.5 points,no,0,finalized,2026-05-19T04:35:00Z,2026-05-21T01:43:18Z,2026-05-21T03:30:00Z,,1779325200,expected_expiration-150m,1779325200,0.01,0.02,0.015,0.01,58,5005.93,4749.43
KXNBA1HSPREAD-26MAY20SASOKC-OKC16,KXNBA1HSPREAD-26MAY20SASOKC,KXNBA1HSPREAD,spread,Will Oklahoma City win the 1H by over 16.5 points?,Oklahoma City wins the 1H by over 16.5 points,Oklahoma City wins the 1H by over 16.5 points,no,0,finalized,2026-05-19T04:35:00Z,2026-05-21T01:43:18Z,2026-05-21T03:30:00Z,,1779325200,expected_expiration-150m,1779325140,0.03,0.05,0.04,,56,3600.11,2704.28
KXNBA1HSPREAD-26MAY20SASOKC-OKC13,KXNBA1HSPREAD-26MAY20SASOKC,KXNBA1HSPREAD,spread,Will Oklahoma City win the 1H by over 13.5 points?,Oklahoma City wins the 1H by over 13.5 points,Oklahoma City wins the 1H by over 13.5 points,no,0,finalized,2026-05-19T04:35:00Z,2026-05-21T01:43:18Z,2026-05-21T03:30:00Z,,1779325200,expected_expiration-150m,1779325200,0.07,0.09,0.08,0.07,70,23543.21,13525.02
KXNBA1HSPREAD-26MAY20SASOKC-OKC10,KXNBA1HSPREAD-26MAY20SASOKC,KXNBA1HSPREAD,spread,Will Oklahoma City win the 1H by over 10.5 points?,Oklahoma City wins the 1H by over 10.5 points,Oklahoma City wins the 1H by over 10.5 points,yes,1,finalized,2026-05-19T04:35:00Z,2026-05-21T01:43:18Z,2026-05-21T03:30:00Z,,1779325200,expected_expiration-150m,1779325200,0.13,0.14,0.135,0.12,85,48706.09,23249.68
KXNBA1HSPREAD-26MAY20SASOKC-OKC1,KXNBA1HSPREAD-26MAY20SASOKC,KXNBA1HSPREAD,spread,Will Oklahoma City win the 1H by over 1.5 points?,Oklahoma City wins the 1H by over 1.5 points,Oklahoma City wins the 1H by over 1.5 points,yes,1,finalized,2026-05-19T04:35:00Z,2026-05-21T01:43:19Z,2026-05-21T03:30:00Z,,1779325200,expected_expiration-150m,1779325200,0.47,0.5,0.485,0.5,98,86713.28,40054.89
KXNBA1HSPREAD-26MAY19CLENYK-NYK25,KXNBA1HSPREAD-26MAY19CLENYK,KXNBA1HSPREAD,spread,Will New York win the 1H by over 25.5 points?,New York wins the 1H by over 25.5 points,New York wins the 1H by over 25.5 points,no,0,finalized,2026-05-18T08:16:00Z,2026-05-20T01:13:15Z,2026-05-20T03:00:00Z,,1779237000,expected_expiration-150m,1779237000,0.0,0.01,0.005,,54,7773.10,6244.84
KXNBA1HSPREAD-26MAY19CLENYK-NYK22,KXNBA1HSPREAD-26MAY19CLENYK,KXNBA1HSPREAD,spread,Will New York win the 1H by over 22.5 points?,New York wins the 1H by over 22.5 points,New York wins the 1H by over 22.5 points,no,0,finalized,2026-05-18T08:16:00Z,2026-05-20T01:13:16Z,2026-05-20T03:00:00Z,,1779237000,expected_expiration-150m,1779237000,0.0,0.01,0.005,,44,2093.45,2093.45
KXNBA1HSPREAD-26MAY19CLENYK-CLE14,KXNBA1HSPREAD-26MAY19CLENYK,KXNBA1HSPREAD,spread,Will Cleveland win the 1H by over 14.5 points?,Cleveland wins the 1H by over 14.5 points,Cleveland wins the 1H by over 14.5 points,no,0,finalized,2026-05-18T08:16:00Z,2026-05-20T01:13:20Z,2026-05-20T03:00:00Z,,1779237000,expected_expiration-150m,1779237000,0.03,0.04,0.035,,60,4294.84,4009.62
KXNBA1HSPREAD-26MAY19CLENYK-CLE17,KXNBA1HSPREAD-26MAY19CLENYK,KXNBA1HSPREAD,spread,Will Cleveland win the 1H by over 17.5 points?,Cleveland wins the 1H by over 17.5 points,Cleveland wins the 1H by over 17.5 points,no,0,finalized,2026-05-18T08:16:00Z,2026-05-20T01:13:20Z,2026-05-20T03:00:00Z,,1779237000,expected_expiration-150m,1779237000,0.01,0.02,0.015,,40,519.64,514.64
KXNBA1HSPREAD-26MAY19CLENYK-NYK7,KXNBA1HSPREAD-26MAY19CLENYK,KXNBA1HSPREAD,spread,Will New York win the 1H by over 7.5 points?,New York wins the 1H by over 7.5 points,New York wins the 1H by over 7.5 points,no,0,finalized,2026-05-18T07:35:00Z,2026-05-20T01:13:19Z,2026-05-20T03:00:00Z,,1779237000,expected_expiration-150m,1779237000,0.25,0.29,0.27,0.19,93,154243.86,73643.14
KXNBA1HSPREAD-26MAY19CLENYK-NYK4,KXNBA1HSPREAD-26MAY19CLENYK,KXNBA1HSPREAD,spread,Will New York win the 1H by over 4.5 points?,New York wins the 1H by over 4.5 points,New York wins the 1H by over 4.5 points,no,0,finalized,2026-05-18T07:35:00Z,2026-05-20T01:13:19Z,2026-05-20T03:00:00Z,,1779237000,expected_expiration-150m,1779237000,0.37,0.39,0.38,0.32,109,257256.34,156351.41
KXNBA1HSPREAD-26MAY19CLENYK-NYK19,KXNBA1HSPREAD-26MAY19CLENYK,KXNBA1HSPREAD,spread,Will New York win the 1H by over 19.5 points?,New York wins the 1H by over 19.5 points,New York wins the 1H by over 19.5 points,no,0,finalized,2026-05-18T07:35:00Z,2026-05-20T01:13:17Z,2026-05-20T03:00:00Z,,1779237000,expected_expiration-150m,1779237000,0.0,0.04,0.02,,54,2441.43,2326.82
KXNBA1HSPREAD-26MAY19CLENYK-NYK16,KXNBA1HSPREAD-26MAY19CLENYK,KXNBA1HSPREAD,spread,Will New York win the 1H by over 16.5 points?,New York wins the 1H by over 16.5 points,New York wins the 1H by over 16.5 points,no,0,finalized,2026-05-18T07:35:00Z,2026-05-20T01:13:18Z,2026-05-20T03:00:00Z,,1779237000,expected_expiration-150m,1779237000,0.0,0.07,0.035,,58,4318.04,2308.39
KXNBA1HSPREAD-26MAY19CLENYK-NYK13,KXNBA1HSPREAD-26MAY19CLENYK,KXNBA1HSPREAD,spread,Will New York win the 1H by over 13.5 points?,New York wins the 1H by over 13.5 points,New York wins the 1H by over 13.5 points,no,0,finalized,2026-05-18T07:35:00Z,2026-05-20T01:13:18Z,2026-05-20T03:00:00Z,,1779237000,expected_expiration-150m,1779237000,0.06,0.12,0.09,,66,9488.53,6232.76
KXNBA1HSPREAD-26MAY19CLENYK-NYK10,KXNBA1HSPREAD-26MAY19CLENYK,KXNBA1HSPREAD,spread,Will New York win the 1H by over 10.5 points?,New York wins the 1H by over 10.5 points,New York wins the 1H by over 10.5 points,no,0,finalized,2026-05-18T07:35:00Z,2026-05-20T01:13:19Z,2026-05-20T03:00:00Z,,1779237000,expected_expiration-150m,1779237000,0.15,0.19,0.16999999999999998,0.12,67,36211.16,21128.51
KXNBA1HSPREAD-26MAY19CLENYK-NYK1,KXNBA1HSPREAD-26MAY19CLENYK,KXNBA1HSPREAD,spread,Will New York win the 1H by over 1.5 points?,New York wins the 1H by over 1.5 points,New York wins the 1H by over 1.5 points,no,0,finalized,2026-05-18T07:35:00Z,2026-05-20T01:13:19Z,2026-05-20T03:00:00Z,,1779237000,expected_expiration-150m,1779237000,0.51,0.52,0.515,0.5,104,151833.84,83820.66
KXNBA1HSPREAD-26MAY19CLENYK-CLE8,KXNBA1HSPREAD-26MAY19CLENYK,KXNBA1HSPREAD,spread,Will Cleveland win the 1H by over 8.5 points?,Cleveland wins the 1H by over 8.5 points,Cleveland wins the 1H by over 8.5 points,no,0,finalized,2026-05-18T07:35:00Z,2026-05-20T01:13:20Z,2026-05-20T03:00:00Z,,1779237000,expected_expiration-150m,1779237000,0.12,0.15,0.135,,65,5678.55,3713.22
KXNBA1HSPREAD-26MAY19CLENYK-CLE5,KXNBA1HSPREAD-26MAY19CLENYK,KXNBA1HSPREAD,spread,Will Cleveland win the 1H by over 5.5 points?,Cleveland wins the 1H by over 5.5 points,Cleveland wins the 1H by over 5.5 points,no,0,finalized,2026-05-18T07:35:00Z,2026-05-20T01:13:20Z,2026-05-20T03:00:00Z,,1779237000,expected_expiration-150m,1779237000,0.23,0.26,0.245,0.31,77,27916.47,17872.62
KXNBA1HSPREAD-26MAY19CLENYK-CLE2,KXNBA1HSPREAD-26MAY19CLENYK,KXNBA1HSPREAD,spread,Will Cleveland win the 1H by over 2.5 points?,Cleveland wins the 1H by over 2.5 points,Cleveland wins the 1H by over 2.5 points,no,0,finalized,2026-05-18T07:35:00Z,2026-05-20T01:13:19Z,2026-05-20T03:00:00Z,,1779237000,expected_expiration-150m,1779237000,0.38,0.39,0.385,0.4,94,112661.59,61061.09
KXNBA1HSPREAD-26MAY19CLENYK-CLE11,KXNBA1HSPREAD-26MAY19CLENYK,KXNBA1HSPREAD,spread,Will Cleveland win the 1H by over 11.5 points?,Cleveland wins the 1H by over 11.5 points,Cleveland wins the 1H by over 11.5 points,no,0,finalized,2026-05-18T07:35:00Z,2026-05-20T01:13:20Z,2026-05-20T03:00:00Z,,1779237000,expected_expiration-150m,1779237000,0.07,0.09,0.08,,53,758.47,758.47
KXNBA1HSPREAD-26MAY18SASOKC-OKC27,KXNBA1HSPREAD-26MAY18SASOKC,KXNBA1HSPREAD,spread,Will Oklahoma City win the 1H by over 27.5 points?,Oklahoma City wins the 1H by over 27.5 points,Oklahoma City wins the 1H by over 27.5 points,no,0,finalized,2026-05-16T16:16:00Z,2026-05-19T01:35:23Z,2026-05-19T03:30:00Z,,1779152400,expected_expiration-150m,1779152400,0.0,0.01,0.005,,35,925.69,925.69
KXNBA1HSPREAD-26MAY18SASOKC-OKC24,KXNBA1HSPREAD-26MAY18SASOKC,KXNBA1HSPREAD,spread,Will Oklahoma City win the 1H by over 24.5 points?,Oklahoma City wins the 1H by over 24.5 points,Oklahoma City wins the 1H by over 24.5 points,no,0,finalized,2026-05-16T15:16:00Z,2026-05-19T01:35:23Z,2026-05-19T03:30:00Z,,1779152400,expected_expiration-150m,1779152400,0.0,0.02,0.01,,41,1124.05,998.05
KXNBA1HSPREAD-26MAY18SASOKC-OKC21,KXNBA1HSPREAD-26MAY18SASOKC,KXNBA1HSPREAD,spread,Will Oklahoma City win the 1H by over 21.5 points?,Oklahoma City wins the 1H by over 21.5 points,Oklahoma City wins the 1H by over 21.5 points,no,0,finalized,2026-05-16T15:16:00Z,2026-05-19T01:35:24Z,2026-05-19T03:30:00Z,,1779152400,expected_expiration-150m,1779152400,0.0,0.02,0.01,,54,3954.04,3924.02
KXNBA1HSPREAD-26MAY18SASOKC-SAS15,KXNBA1HSPREAD-26MAY18SASOKC,KXNBA1HSPREAD,spread,Will San Antonio win the 1H by over 15.5 points?,San Antonio wins the 1H by over 15.5 points,San Antonio wins the 1H by over 15.5 points,no,0,finalized,2026-05-16T15:16:00Z,2026-05-19T01:35:26Z,2026-05-19T03:30:00Z,,1779152400,expected_expiration-150m,1779152400,0.0,0.02,0.01,,49,4465.97,4391.67
KXNBA1HSPREAD-26MAY18SASOKC-SAS18,KXNBA1HSPREAD-26MAY18SASOKC,KXNBA1HSPREAD,spread,Will San Antonio win the 1H by over 18.5 points?,San Antonio wins the 1H by over 18.5 points,San Antonio wins the 1H by over 18.5 points,no,0,finalized,2026-05-16T15:16:00Z,2026-05-19T01:35:26Z,2026-05-19T03:30:00Z,,1779152400,expected_expiration-150m,1779152400,0.0,0.01,0.005,,46,6185.50,6019.29
KXNBA1HSPREAD-26MAY18SASOKC-SAS9,KXNBA1HSPREAD-26MAY18SASOKC,KXNBA1HSPREAD,spread,Will San Antonio win the 1H by over 9.5 points?,San Antonio wins the 1H by over 9.5 points,San Antonio wins the 1H by over 9.5 points,no,0,finalized,2026-05-16T14:35:00Z,2026-05-19T01:35:26Z,2026-05-19T03:30:00Z,,1779152400,expected_expiration-150m,1779152400,0.05,0.06,0.055,0.05,76,19104.31,11482.77
KXNBA1HSPREAD-26MAY18SASOKC-SAS6,KXNBA1HSPREAD-26MAY18SASOKC,KXNBA1HSPREAD,spread,Will San Antonio win the 1H by over 6.5 points?,San Antonio wins the 1H by over 6.5 points,San Antonio wins the 1H by over 6.5 points,yes,1,finalized,2026-05-16T14:35:00Z,2026-05-19T01:35:25Z,2026-05-19T03:30:00Z,,1779152400,expected_expiration-150m,1779152400,0.11,0.13,0.12,,69,63782.72,37445.19
KXNBA1HSPREAD-26MAY18SASOKC-SAS3,KXNBA1HSPREAD-26MAY18SASOKC,KXNBA1HSPREAD,spread,Will San Antonio win the 1H by over 3.5 points?,San Antonio wins the 1H by over 3.5 points,San Antonio wins the 1H by over 3.5 points,yes,1,finalized,2026-05-16T14:35:00Z,2026-05-19T01:35:25Z,2026-05-19T03:30:00Z,,1779152400,expected_expiration-150m,1779152400,0.14,0.17,0.15500000000000003,0.17,98,199595.96,108371.29
KXNBA1HSPREAD-26MAY18SASOKC-SAS12,KXNBA1HSPREAD-26MAY18SASOKC,KXNBA1HSPREAD,spread,Will San Antonio win the 1H by over 12.5 points?,San Antonio wins the 1H by over 12.5 points,San Antonio wins the 1H by over 12.5 points,no,0,finalized,2026-05-16T14:35:00Z,2026-05-19T01:35:26Z,2026-05-19T03:30:00Z,,1779152400,expected_expiration-150m,1779152400,0.02,0.04,0.03,0.04,59,10013.78,9281.84
KXNBA1HSPREAD-26MAY18SASOKC-OKC9,KXNBA1HSPREAD-26MAY18SASOKC,KXNBA1HSPREAD,spread,Will Oklahoma City win the 1H by over 9.5 points?,Oklahoma City wins the 1H by over 9.5 points,Oklahoma City wins the 1H by over 9.5 points,no,0,finalized,2026-05-16T14:35:00Z,2026-05-19T01:35:24Z,2026-05-19T03:30:00Z,,1779152400,expected_expiration-150m,1779152400,0.24,0.29,0.265,0.29,71,11464.37,9515.73
KXNBA1HSPREAD-26MAY18SASOKC-OKC6,KXNBA1HSPREAD-26MAY18SASOKC,KXNBA1HSPREAD,spread,Will Oklahoma City win the 1H by over 6.5 points?,Oklahoma City wins the 1H by over 6.5 points,Oklahoma City wins the 1H by over 6.5 points,no,0,finalized,2026-05-16T14:35:00Z,2026-05-19T01:35:25Z,2026-05-19T03:30:00Z,,1779152400,expected_expiration-150m,1779152400,0.37,0.4,0.385,0.37,96,45441.92,31770.03
KXNBA1HSPREAD-26MAY18SASOKC-OKC3,KXNBA1HSPREAD-26MAY18SASOKC,KXNBA1HSPREAD,spread,Will Oklahoma City win the 1H by over 3.5 points?,Oklahoma City wins the 1H by over 3.5 points,Oklahoma City wins the 1H by over 3.5 points,no,0,finalized,2026-05-16T14:35:00Z,2026-05-19T01:35:25Z,2026-05-19T03:30:00Z,,1779152400,expected_expiration-150m,1779152400,0.51,0.53,0.52,0.51,111,338991.13,201427.85
KXNBA1HSPREAD-26MAY18SASOKC-OKC18,KXNBA1HSPREAD-26MAY18SASOKC,KXNBA1HSPREAD,spread,Will Oklahoma City win the 1H by over 18.5 points?,Oklahoma City wins the 1H by over 18.5 points,Oklahoma City wins the 1H by over 18.5 points,no,0,finalized,2026-05-16T14:35:00Z,2026-05-19T01:35:24Z,2026-05-19T03:30:00Z,,1779152400,expected_expiration-150m,1779152400,0.0,0.04,0.02,,61,287.56,265.00
KXNBA1HSPREAD-26MAY18SASOKC-OKC15,KXNBA1HSPREAD-26MAY18SASOKC,KXNBA1HSPREAD,spread,Will Oklahoma City win the 1H by over 15.5 points?,Oklahoma City wins the 1H by over 15.5 points,Oklahoma City wins the 1H by over 15.5 points,no,0,finalized,2026-05-16T14:35:00Z,2026-05-19T01:35:24Z,2026-05-19T03:30:00Z,,1779152400,expected_expiration-150m,1779152400,0.05,0.12,0.08499999999999999,,60,1296.23,1276.50
KXNBA1HSPREAD-26MAY18SASOKC-OKC12,KXNBA1HSPREAD-26MAY18SASOKC,KXNBA1HSPREAD,spread,Will Oklahoma City win the 1H by over 12.5 points?,Oklahoma City wins the 1H by over 12.5 points,Oklahoma City wins the 1H by over 12.5 points,no,0,finalized,2026-05-16T14:35:00Z,2026-05-19T01:35:24Z,2026-05-19T03:30:00Z,,1779152400,expected_expiration-150m,1779152400,0.15,0.17,0.16,,72,5025.13,3847.57
KXNBA1HSPREAD-26MAY17CLEDET-DET23,KXNBA1HSPREAD-26MAY17CLEDET,KXNBA1HSPREAD,spread,Will Detroit win the 1H by over 23.5 points?,Detroit wins the 1H by over 23.5 points,Detroit wins the 1H by over 23.5 points,no,0,finalized,2026-05-16T06:17:00Z,2026-05-18T01:21:14Z,2026-05-18T03:00:00Z,,1779064200,expected_expiration-150m,1779064140,0.0,0.01,0.005,,35,1832.72,1832.72
KXNBA1HSPREAD-26MAY17CLEDET-DET20,KXNBA1HSPREAD-26MAY17CLEDET,KXNBA1HSPREAD,spread,Will Detroit win the 1H by over 20.5 points?,Detroit wins the 1H by over 20.5 points,Detroit wins the 1H by over 20.5 points,no,0,finalized,2026-05-16T06:17:00Z,2026-05-18T01:21:14Z,2026-05-18T03:00:00Z,,1779064200,expected_expiration-150m,1779064140,0.0,0.02,0.01,,41,3942.20,3941.20
KXNBA1HSPREAD-26MAY17CLEDET-CLE16,KXNBA1HSPREAD-26MAY17CLEDET,KXNBA1HSPREAD,spread,Will Cleveland win the 1H by over 16.5 points?,Cleveland wins the 1H by over 16.5 points,Cleveland wins the 1H by over 16.5 points,yes,1,finalized,2026-05-16T06:17:00Z,2026-05-18T01:21:17Z,2026-05-18T03:00:00Z,,1779064200,expected_expiration-150m,1779064140,0.01,0.03,0.02,,42,33593.20,13090.43
KXNBA1HSPREAD-26MAY17CLEDET-CLE19,KXNBA1HSPREAD-26MAY17CLEDET,KXNBA1HSPREAD,spread,Will Cleveland win the 1H by over 19.5 points?,Cleveland wins the 1H by over 19.5 points,Cleveland wins the 1H by over 19.5 points,no,0,finalized,2026-05-16T06:17:00Z,2026-05-18T01:21:17Z,2026-05-18T03:00:00Z,,1779064200,expected_expiration-150m,1779064140,0.0,0.02,0.01,,39,39408.96,19132.72
KXNBA1HSPREAD-26MAY17CLEDET-DET8,KXNBA1HSPREAD-26MAY17CLEDET,KXNBA1HSPREAD,spread,Will Detroit win the 1H by over 8.5 points?,Detroit wins the 1H by over 8.5 points,Detroit wins the 1H by over 8.5 points,no,0,finalized,2026-05-16T05:35:00Z,2026-05-18T01:21:15Z,2026-05-18T03:00:00Z,,1779064200,expected_expiration-150m,1779064200,0.2,0.22,0.21000000000000002,,69,12349.25,10469.12
KXNBA1HSPREAD-26MAY17CLEDET-DET5,KXNBA1HSPREAD-26MAY17CLEDET,KXNBA1HSPREAD,spread,Will Detroit win the 1H by over 5.5 points?,Detroit wins the 1H by over 5.5 points,Detroit wins the 1H by over 5.5 points,no,0,finalized,2026-05-16T05:35:00Z,2026-05-18T01:21:16Z,2026-05-18T03:00:00Z,,1779064200,expected_expiration-150m,1779064200,0.31,0.32,0.315,0.31,91,33038.95,25592.99
KXNBA1HSPREAD-26MAY17CLEDET-DET2,KXNBA1HSPREAD-26MAY17CLEDET,KXNBA1HSPREAD,spread,Will Detroit win the 1H by over 2.5 points?,Detroit wins the 1H by over 2.5 points,Detroit wins the 1H by over 2.5 points,no,0,finalized,2026-05-16T05:35:00Z,2026-05-18T01:21:16Z,2026-05-18T03:00:00Z,,1779064200,expected_expiration-150m,1779064200,0.44,0.47,0.45499999999999996,0.47,110,278201.56,189497.85
KXNBA1HSPREAD-26MAY17CLEDET-DET17,KXNBA1HSPREAD-26MAY17CLEDET,KXNBA1HSPREAD,spread,Will Detroit win the 1H by over 17.5 points?,Detroit wins the 1H by over 17.5 points,Detroit wins the 1H by over 17.5 points,no,0,finalized,2026-05-16T05:35:00Z,2026-05-18T01:21:14Z,2026-05-18T03:00:00Z,,1779064200,expected_expiration-150m,1779064140,0.03,0.04,0.035,,41,17303.57,17210.74
KXNBA1HSPREAD-26MAY17CLEDET-DET14,KXNBA1HSPREAD-26MAY17CLEDET,KXNBA1HSPREAD,spread,Will Detroit win the 1H by over 14.5 points?,Detroit wins the 1H by over 14.5 points,Detroit wins the 1H by over 14.5 points,no,0,finalized,2026-05-16T05:35:00Z,2026-05-18T01:21:15Z,2026-05-18T03:00:00Z,,1779064200,expected_expiration-150m,1779064200,0.06,0.07,0.065,,57,5908.79,5898.40
KXNBA1HSPREAD-26MAY17CLEDET-DET11,KXNBA1HSPREAD-26MAY17CLEDET,KXNBA1HSPREAD,spread,Will Detroit win the 1H by over 11.5 points?,Detroit wins the 1H by over 11.5 points,Detroit wins the 1H by over 11.5 points,no,0,finalized,2026-05-16T05:35:00Z,2026-05-18T01:21:15Z,2026-05-18T03:00:00Z,,1779064200,expected_expiration-150m,1779064200,0.11,0.12,0.11499999999999999,,60,3683.81,3176.92
KXNBA1HSPREAD-26MAY17CLEDET-CLE7,KXNBA1HSPREAD-26MAY17CLEDET,KXNBA1HSPREAD,spread,Will Cleveland win the 1H by over 7.5 points?,Cleveland wins the 1H by over 7.5 points,Cleveland wins the 1H by over 7.5 points,yes,1,finalized,2026-05-16T05:35:00Z,2026-05-18T01:21:17Z,2026-05-18T03:00:00Z,,1779064200,expected_expiration-150m,1779064200,0.14,0.16,0.15000000000000002,,65,75276.88,27925.38
KXNBA1HSPREAD-26MAY17CLEDET-CLE4,KXNBA1HSPREAD-26MAY17CLEDET,KXNBA1HSPREAD,spread,Will Cleveland win the 1H by over 4.5 points?,Cleveland wins the 1H by over 4.5 points,Cleveland wins the 1H by over 4.5 points,yes,1,finalized,2026-05-16T05:35:00Z,2026-05-18T01:21:16Z,2026-05-18T03:00:00Z,,1779064200,expected_expiration-150m,1779064200,0.26,0.29,0.275,0.29,77,67988.83,29842.59
KXNBA1HSPREAD-26MAY17CLEDET-CLE13,KXNBA1HSPREAD-26MAY17CLEDET,KXNBA1HSPREAD,spread,Will Cleveland win the 1H by over 13.5 points?,Cleveland wins the 1H by over 13.5 points,Cleveland wins the 1H by over 13.5 points,yes,1,finalized,2026-05-16T05:35:00Z,2026-05-18T01:21:17Z,2026-05-18T03:00:00Z,,1779064200,expected_expiration-150m,1779064200,0.04,0.05,0.045,0.06,47,56231.08,26890.44
KXNBA1HSPREAD-26MAY17CLEDET-CLE10,KXNBA1HSPREAD-26MAY17CLEDET,KXNBA1HSPREAD,spread,Will Cleveland win the 1H by over 10.5 points?,Cleveland wins the 1H by over 10.5 points,Cleveland wins the 1H by over 10.5 points,yes,1,finalized,2026-05-16T05:35:00Z,2026-05-18T01:21:17Z,2026-05-18T03:00:00Z,,1779064200,expected_expiration-150m,1779064200,0.08,0.09,0.08499999999999999,,54,36934.75,17581.84
KXNBA1HSPREAD-26MAY17CLEDET-CLE1,KXNBA1HSPREAD-26MAY17CLEDET,KXNBA1HSPREAD,spread,Will Cleveland win the 1H by over 1.5 points?,Cleveland wins the 1H by over 1.5 points,Cleveland wins the 1H by over 1.5 points,yes,1,finalized,2026-05-16T05:35:00Z,2026-05-18T01:21:16Z,2026-05-18T03:00:00Z,,1779064200,expected_expiration-150m,1779064200,0.37,0.39,0.38,0.39,89,70318.37,31335.86
KXNBA1HSPREAD-26MAY15DETCLE-DET18,KXNBA1HSPREAD-26MAY15DETCLE,KXNBA1HSPREAD,spread,Will Detroit win the 1H by over 18.5 points?,Detroit wins the 1H by over 18.5 points,Detroit wins the 1H by over 18.5 points,no,0,finalized,2026-05-14T05:16:00Z,2026-05-16T00:17:20Z,2026-05-16T02:00:00Z,,1778887800,expected_expiration-150m,1778887800,0.0,0.01,0.005,,39,3371.43,2497.25
KXNBA1HSPREAD-26MAY15DETCLE-DET15,KXNBA1HSPREAD-26MAY15DETCLE,KXNBA1HSPREAD,spread,Will Detroit win the 1H by over 15.5 points?,Detroit wins the 1H by over 15.5 points,Detroit wins the 1H by over 15.5 points,no,0,finalized,2026-05-14T05:16:00Z,2026-05-16T00:17:20Z,2026-05-16T02:00:00Z,,1778887800,expected_expiration-150m,1778887800,0.02,0.03,0.025,,42,6716.30,4819.97
KXNBA1HSPREAD-26MAY15DETCLE-CLE21,KXNBA1HSPREAD-26MAY15DETCLE,KXNBA1HSPREAD,spread,Will Cleveland win the 1H by over 21.5 points?,Cleveland wins the 1H by over 21.5 points,Cleveland wins the 1H by over 21.5 points,no,0,finalized,2026-05-14T05:16:00Z,2026-05-16T00:17:18Z,2026-05-16T02:00:00Z,,1778887800,expected_expiration-150m,1778887800,0.0,0.02,0.01,,48,93.58,93.58
KXNBA1HSPREAD-26MAY15DETCLE-CLE24,KXNBA1HSPREAD-26MAY15DETCLE,KXNBA1HSPREAD,spread,Will Cleveland win the 1H by over 24.5 points?,Cleveland wins the 1H by over 24.5 points,Cleveland wins the 1H by over 24.5 points,no,0,finalized,2026-05-14T05:16:00Z,2026-05-16T00:17:18Z,2026-05-16T02:00:00Z,,1778887800,expected_expiration-150m,1778887800,0.01,0.02,0.015,,47,1999.00,1974.00
KXNBA1HSPREAD-26MAY15DETCLE-DET9,KXNBA1HSPREAD-26MAY15DETCLE,KXNBA1HSPREAD,spread,Will Detroit win the 1H by over 9.5 points?,Detroit wins the 1H by over 9.5 points,Detroit wins the 1H by over 9.5 points,no,0,finalized,2026-05-14T04:35:00Z,2026-05-16T00:17:20Z,2026-05-16T02:00:00Z,,1778887800,expected_expiration-150m,1778887800,0.03,0.05,0.04,0.05,54,40454.79,19666.70
KXNBA1HSPREAD-26MAY15DETCLE-DET6,KXNBA1HSPREAD-26MAY15DETCLE,KXNBA1HSPREAD,spread,Will Detroit win the 1H by over 6.5 points?,Detroit wins the 1H by over 6.5 points,Detroit wins the 1H by over 6.5 points,no,0,finalized,2026-05-14T04:35:00Z,2026-05-16T00:17:20Z,2026-05-16T02:00:00Z,,1778887800,expected_expiration-150m,1778887800,0.1,0.11,0.10500000000000001,0.11,89,138442.56,41284.54
KXNBA1HSPREAD-26MAY15DETCLE-DET3,KXNBA1HSPREAD-26MAY15DETCLE,KXNBA1HSPREAD,spread,Will Detroit win the 1H by over 3.5 points?,Detroit wins the 1H by over 3.5 points,Detroit wins the 1H by over 3.5 points,no,0,finalized,2026-05-14T04:35:00Z,2026-05-16T00:17:19Z,2026-05-16T02:00:00Z,,1778887800,expected_expiration-150m,1778887800,0.16,0.17,0.165,0.19,92,80174.08,38074.48
KXNBA1HSPREAD-26MAY15DETCLE-DET12,KXNBA1HSPREAD-26MAY15DETCLE,KXNBA1HSPREAD,spread,Will Detroit win the 1H by over 12.5 points?,Detroit wins the 1H by over 12.5 points,Detroit wins the 1H by over 12.5 points,no,0,finalized,2026-05-14T04:35:00Z,2026-05-16T00:17:20Z,2026-05-16T02:00:00Z,,1778887800,expected_expiration-150m,1778887800,0.01,0.02,0.015,0.02,52,6628.43,4207.35
KXNBA1HSPREAD-26MAY15DETCLE-CLE9,KXNBA1HSPREAD-26MAY15DETCLE,KXNBA1HSPREAD,spread,Will Cleveland win the 1H by over 9.5 points?,Cleveland wins the 1H by over 9.5 points,Cleveland wins the 1H by over 9.5 points,no,0,finalized,2026-05-14T04:35:00Z,2026-05-16T00:17:19Z,2026-05-16T02:00:00Z,,1778887800,expected_expiration-150m,1778887800,0.3,0.32,0.31,0.29,60,6500.17,5772.37
KXNBA1HSPREAD-26MAY15DETCLE-CLE6,KXNBA1HSPREAD-26MAY15DETCLE,KXNBA1HSPREAD,spread,Will Cleveland win the 1H by over 6.5 points?,Cleveland wins the 1H by over 6.5 points,Cleveland wins the 1H by over 6.5 points,no,0,finalized,2026-05-14T04:35:00Z,2026-05-16T00:17:19Z,2026-05-16T02:00:00Z,,1778887800,expected_expiration-150m,1778887800,0.42,0.43,0.425,0.42,74,32967.13,15341.23
KXNBA1HSPREAD-26MAY15DETCLE-CLE3,KXNBA1HSPREAD-26MAY15DETCLE,KXNBA1HSPREAD,spread,Will Cleveland win the 1H by over 3.5 points?,Cleveland wins the 1H by over 3.5 points,Cleveland wins the 1H by over 3.5 points,no,0,finalized,2026-05-14T04:35:00Z,2026-05-16T00:17:19Z,2026-05-16T02:00:00Z,,1778887800,expected_expiration-150m,1778887800,0.59,0.61,0.6,0.6,101,142302.66,76837.44
KXNBA1HSPREAD-26MAY15DETCLE-CLE18,KXNBA1HSPREAD-26MAY15DETCLE,KXNBA1HSPREAD,spread,Will Cleveland win the 1H by over 18.5 points?,Cleveland wins the 1H by over 18.5 points,Cleveland wins the 1H by over 18.5 points,no,0,finalized,2026-05-14T04:35:00Z,2026-05-16T00:17:18Z,2026-05-16T02:00:00Z,,1778887800,expected_expiration-150m,1778887800,0.04,0.05,0.045,,50,1800.21,1595.17
KXNBA1HSPREAD-26MAY15DETCLE-CLE15,KXNBA1HSPREAD-26MAY15DETCLE,KXNBA1HSPREAD,spread,Will Cleveland win the 1H by over 15.5 points?,Cleveland wins the 1H by over 15.5 points,Cleveland wins the 1H by over 15.5 points,no,0,finalized,2026-05-14T04:35:00Z,2026-05-16T00:17:18Z,2026-05-16T02:00:00Z,,1778887800,expected_expiration-150m,1778887800,0.09,0.1,0.095,0.1,55,483.07,483.07
KXNBA1HSPREAD-26MAY15DETCLE-CLE12,KXNBA1HSPREAD-26MAY15DETCLE,KXNBA1HSPREAD,spread,Will Cleveland win the 1H by over 12.5 points?,Cleveland wins the 1H by over 12.5 points,Cleveland wins the 1H by over 12.5 points,no,0,finalized,2026-05-14T04:35:00Z,2026-05-16T00:17:19Z,2026-05-16T02:00:00Z,,1778887800,expected_expiration-150m,1778887800,0.19,0.23,0.21000000000000002,0.15,59,31418.23,13590.28
KXNBA1HSPREAD-26MAY15SASMIN-MIN18,KXNBA1HSPREAD-26MAY15SASMIN,KXNBA1HSPREAD,spread,Will Minnesota win the 1H by over 18.5 points?,Minnesota wins the 1H by over 18.5 points,Minnesota wins the 1H by over 18.5 points,no,0,finalized,2026-05-13T10:17:00Z,2026-05-16T03:00:12Z,2026-05-16T04:30:00Z,,1778896800,expected_expiration-150m,1778896800,0.0,0.01,0.005,,33,1815.28,1815.28
KXNBA1HSPREAD-26MAY15SASMIN-MIN15,KXNBA1HSPREAD-26MAY15SASMIN,KXNBA1HSPREAD,spread,Will Minnesota win the 1H by over 15.5 points?,Minnesota wins the 1H by over 15.5 points,Minnesota wins the 1H by over 15.5 points,no,0,finalized,2026-05-13T10:17:00Z,2026-05-16T03:00:13Z,2026-05-16T04:30:00Z,,1778896800,expected_expiration-150m,1778896800,0.0,0.02,0.01,,38,2413.63,2413.63
KXNBA1HSPREAD-26MAY15SASMIN-SAS21,KXNBA1HSPREAD-26MAY15SASMIN,KXNBA1HSPREAD,spread,Will San Antonio win the 1H by over 21.5 points?,San Antonio wins the 1H by over 21.5 points,San Antonio wins the 1H by over 21.5 points,no,0,finalized,2026-05-13T10:17:00Z,2026-05-16T03:00:23Z,2026-05-16T04:30:00Z,,1778896800,expected_expiration-150m,1778896800,0.05,0.06,0.055,0.06,37,57045.38,22481.88
KXNBA1HSPREAD-26MAY15SASMIN-SAS24,KXNBA1HSPREAD-26MAY15SASMIN,KXNBA1HSPREAD,spread,Will San Antonio win the 1H by over 24.5 points?,San Antonio wins the 1H by over 24.5 points,San Antonio wins the 1H by over 24.5 points,no,0,finalized,2026-05-13T10:17:00Z,2026-05-16T03:00:23Z,2026-05-16T04:30:00Z,,1778896800,expected_expiration-150m,1778896800,0.0,0.04,0.02,,33,64472.61,30258.75
KXNBA1HSPREAD-26MAY15SASMIN-SAS9,KXNBA1HSPREAD-26MAY15SASMIN,KXNBA1HSPREAD,spread,Will San Antonio win the 1H by over 9.5 points?,San Antonio wins the 1H by over 9.5 points,San Antonio wins the 1H by over 9.5 points,yes,1,finalized,2026-05-13T06:35:00Z,2026-05-16T03:00:19Z,2026-05-16T04:30:00Z,,1778896800,expected_expiration-150m,1778896800,0.37,0.39,0.38,0.38,50,98266.70,34572.63
KXNBA1HSPREAD-26MAY15SASMIN-SAS6,KXNBA1HSPREAD-26MAY15SASMIN,KXNBA1HSPREAD,spread,Will San Antonio win the 1H by over 6.5 points?,San Antonio wins the 1H by over 6.5 points,San Antonio wins the 1H by over 6.5 points,yes,1,finalized,2026-05-13T06:35:00Z,2026-05-16T03:00:18Z,2026-05-16T04:30:00Z,,1778896800,expected_expiration-150m,1778896800,0.49,0.53,0.51,0.53,65,116432.49,46083.12
KXNBA1HSPREAD-26MAY15SASMIN-SAS3,KXNBA1HSPREAD-26MAY15SASMIN,KXNBA1HSPREAD,spread,Will San Antonio win the 1H by over 3.5 points?,San Antonio wins the 1H by over 3.5 points,San Antonio wins the 1H by over 3.5 points,yes,1,finalized,2026-05-13T06:35:00Z,2026-05-16T03:00:17Z,2026-05-16T04:30:00Z,,1778896800,expected_expiration-150m,1778896800,0.64,0.65,0.645,0.62,98,212049.71,105740.94
KXNBA1HSPREAD-26MAY15SASMIN-SAS18,KXNBA1HSPREAD-26MAY15SASMIN,KXNBA1HSPREAD,spread,Will San Antonio win the 1H by over 18.5 points?,San Antonio wins the 1H by over 18.5 points,San Antonio wins the 1H by over 18.5 points,no,0,finalized,2026-05-13T06:35:00Z,2026-05-16T03:00:22Z,2026-05-16T04:30:00Z,,1778896800,expected_expiration-150m,1778896800,0.11,0.15,0.13,,47,60670.59,21907.66
KXNBA1HSPREAD-26MAY15SASMIN-SAS15,KXNBA1HSPREAD-26MAY15SASMIN,KXNBA1HSPREAD,spread,Will San Antonio win the 1H by over 15.5 points?,San Antonio wins the 1H by over 15.5 points,San Antonio wins the 1H by over 15.5 points,no,0,finalized,2026-05-13T06:35:00Z,2026-05-16T03:00:21Z,2026-05-16T04:30:00Z,,1778896800,expected_expiration-150m,1778896800,0.15,0.17,0.16,0.18,42,91387.74,41711.13
KXNBA1HSPREAD-26MAY15SASMIN-SAS12,KXNBA1HSPREAD-26MAY15SASMIN,KXNBA1HSPREAD,spread,Will San Antonio win the 1H by over 12.5 points?,San Antonio wins the 1H by over 12.5 points,San Antonio wins the 1H by over 12.5 points,yes,1,finalized,2026-05-13T06:35:00Z,2026-05-16T03:00:20Z,2026-05-16T04:30:00Z,,1778896800,expected_expiration-150m,1778896800,0.28,0.29,0.28500000000000003,,55,122370.03,53067.41
KXNBA1HSPREAD-26MAY15SASMIN-MIN9,KXNBA1HSPREAD-26MAY15SASMIN,KXNBA1HSPREAD,spread,Will Minnesota win the 1H by over 9.5 points?,Minnesota wins the 1H by over 9.5 points,Minnesota wins the 1H by over 9.5 points,no,0,finalized,2026-05-13T06:35:00Z,2026-05-16T03:00:14Z,2026-05-16T04:30:00Z,,1778896800,expected_expiration-150m,1778896800,0.03,0.04,0.035,,47,314.81,310.81
KXNBA1HSPREAD-26MAY15SASMIN-MIN6,KXNBA1HSPREAD-26MAY15SASMIN,KXNBA1HSPREAD,spread,Will Minnesota win the 1H by over 6.5 points?,Minnesota wins the 1H by over 6.5 points,Minnesota wins the 1H by over 6.5 points,no,0,finalized,2026-05-13T06:35:00Z,2026-05-16T03:00:15Z,2026-05-16T04:30:00Z,,1778896800,expected_expiration-150m,1778896800,0.06,0.07,0.065,0.06,57,3115.98,2737.84
KXNBA1HSPREAD-26MAY15SASMIN-MIN3,KXNBA1HSPREAD-26MAY15SASMIN,KXNBA1HSPREAD,spread,Will Minnesota win the 1H by over 3.5 points?,Minnesota wins the 1H by over 3.5 points,Minnesota wins the 1H by over 3.5 points,no,0,finalized,2026-05-13T06:35:00Z,2026-05-16T03:00:16Z,2026-05-16T04:30:00Z,,1778896800,expected_expiration-150m,1778896800,0.12,0.14,0.13,0.12,70,22099.12,20086.64
KXNBA1HSPREAD-26MAY15SASMIN-MIN12,KXNBA1HSPREAD-26MAY15SASMIN,KXNBA1HSPREAD,spread,Will Minnesota win the 1H by over 12.5 points?,Minnesota wins the 1H by over 12.5 points,Minnesota wins the 1H by over 12.5 points,no,0,finalized,2026-05-13T06:35:00Z,2026-05-16T03:00:14Z,2026-05-16T04:30:00Z,,1778896800,expected_expiration-150m,1778896800,0.02,0.04,0.03,,36,3030.75,3005.75
KXNBA1HSPREAD-26MAY13CLEDET-CLE18,KXNBA1HSPREAD-26MAY13CLEDET,KXNBA1HSPREAD,spread,Will Cleveland win the 1H by over 18.5 points?,Cleveland wins the 1H by over 18.5 points,Cleveland wins the 1H by over 18.5 points,no,0,finalized,2026-05-12T18:17:00Z,2026-05-14T01:15:24Z,2026-05-14T03:00:00Z,,1778718600,expected_expiration-150m,1778718600,0.0,0.01,0.005,,40,1507.26,1507.26
KXNBA1HSPREAD-26MAY13CLEDET-CLE15,KXNBA1HSPREAD-26MAY13CLEDET,KXNBA1HSPREAD,spread,Will Cleveland win the 1H by over 15.5 points?,Cleveland wins the 1H by over 15.5 points,Cleveland wins the 1H by over 15.5 points,no,0,finalized,2026-05-12T18:17:00Z,2026-05-14T01:15:24Z,2026-05-14T03:00:00Z,,1778718600,expected_expiration-150m,1778718600,0.0,0.02,0.01,,35,749.73,749.73
KXNBA1HSPREAD-26MAY13CLEDET-DET21,KXNBA1HSPREAD-26MAY13CLEDET,KXNBA1HSPREAD,spread,Will Detroit win the 1H by over 21.5 points?,Detroit wins the 1H by over 21.5 points,Detroit wins the 1H by over 21.5 points,no,0,finalized,2026-05-12T18:17:00Z,2026-05-14T01:15:20Z,2026-05-14T03:00:00Z,,1778718600,expected_expiration-150m,1778718600,0.0,0.03,0.015,,37,2242.31,2011.07
KXNBA1HSPREAD-26MAY13CLEDET-DET24,KXNBA1HSPREAD-26MAY13CLEDET,KXNBA1HSPREAD,spread,Will Detroit win the 1H by over 24.5 points?,Detroit wins the 1H by over 24.5 points,Detroit wins the 1H by over 24.5 points,no,0,finalized,2026-05-12T18:17:00Z,2026-05-14T01:15:20Z,2026-05-14T03:00:00Z,,1778718600,expected_expiration-150m,1778718600,0.0,0.01,0.005,,43,895.25,895.25
KXNBA1HSPREAD-26MAY13CLEDET-DET9,KXNBA1HSPREAD-26MAY13CLEDET,KXNBA1HSPREAD,spread,Will Detroit win the 1H by over 9.5 points?,Detroit wins the 1H by over 9.5 points,Detroit wins the 1H by over 9.5 points,no,0,finalized,2026-05-12T17:35:00Z,2026-05-14T01:15:21Z,2026-05-14T03:00:00Z,,1778718600,expected_expiration-150m,1778718600,0.2,0.23,0.21500000000000002,,57,50602.21,26761.84
KXNBA1HSPREAD-26MAY13CLEDET-DET6,KXNBA1HSPREAD-26MAY13CLEDET,KXNBA1HSPREAD,spread,Will Detroit win the 1H by over 6.5 points?,Detroit wins the 1H by over 6.5 points,Detroit wins the 1H by over 6.5 points,yes,1,finalized,2026-05-12T17:35:00Z,2026-05-14T01:15:21Z,2026-05-14T03:00:00Z,,1778718600,expected_expiration-150m,1778718600,0.26,0.29,0.275,0.27,65,43371.35,19757.07
KXNBA1HSPREAD-26MAY13CLEDET-DET3,KXNBA1HSPREAD-26MAY13CLEDET,KXNBA1HSPREAD,spread,Will Detroit win the 1H by over 3.5 points?,Detroit wins the 1H by over 3.5 points,Detroit wins the 1H by over 3.5 points,yes,1,finalized,2026-05-12T17:35:00Z,2026-05-14T01:15:22Z,2026-05-14T03:00:00Z,,1778718600,expected_expiration-150m,1778718600,0.4,0.42,0.41000000000000003,0.39,107,187458.50,112536.82
KXNBA1HSPREAD-26MAY13CLEDET-DET18,KXNBA1HSPREAD-26MAY13CLEDET,KXNBA1HSPREAD,spread,Will Detroit win the 1H by over 18.5 points?,Detroit wins the 1H by over 18.5 points,Detroit wins the 1H by over 18.5 points,no,0,finalized,2026-05-12T17:35:00Z,2026-05-14T01:15:20Z,2026-05-14T03:00:00Z,,1778718600,expected_expiration-150m,1778718600,0.01,0.04,0.025,,43,1894.15,1485.98
KXNBA1HSPREAD-26MAY13CLEDET-DET15,KXNBA1HSPREAD-26MAY13CLEDET,KXNBA1HSPREAD,spread,Will Detroit win the 1H by over 15.5 points?,Detroit wins the 1H by over 15.5 points,Detroit wins the 1H by over 15.5 points,no,0,finalized,2026-05-12T17:35:00Z,2026-05-14T01:15:20Z,2026-05-14T03:00:00Z,,1778718600,expected_expiration-150m,1778718600,0.05,0.08,0.065,0.05,46,3539.43,2987.71
KXNBA1HSPREAD-26MAY13CLEDET-DET12,KXNBA1HSPREAD-26MAY13CLEDET,KXNBA1HSPREAD,spread,Will Detroit win the 1H by over 12.5 points?,Detroit wins the 1H by over 12.5 points,Detroit wins the 1H by over 12.5 points,no,0,finalized,2026-05-12T17:35:00Z,2026-05-14T01:15:21Z,2026-05-14T03:00:00Z,,1778718600,expected_expiration-150m,1778718600,0.1,0.12,0.11,0.1,51,19151.31,11909.92
KXNBA1HSPREAD-26MAY13CLEDET-CLE9,KXNBA1HSPREAD-26MAY13CLEDET,KXNBA1HSPREAD,spread,Will Cleveland win the 1H by over 9.5 points?,Cleveland wins the 1H by over 9.5 points,Cleveland wins the 1H by over 9.5 points,no,0,finalized,2026-05-12T17:35:00Z,2026-05-14T01:15:23Z,2026-05-14T03:00:00Z,,1778718600,expected_expiration-150m,1778718600,0.1,0.11,0.10500000000000001,0.1,62,2397.76,2150.00
KXNBA1HSPREAD-26MAY13CLEDET-CLE6,KXNBA1HSPREAD-26MAY13CLEDET,KXNBA1HSPREAD,spread,Will Cleveland win the 1H by over 6.5 points?,Cleveland wins the 1H by over 6.5 points,Cleveland wins the 1H by over 6.5 points,no,0,finalized,2026-05-12T17:35:00Z,2026-05-14T01:15:23Z,2026-05-14T03:00:00Z,,1778718600,expected_expiration-150m,1778718600,0.14,0.18,0.16,,59,4595.45,3765.97
KXNBA1HSPREAD-26MAY13CLEDET-CLE3,KXNBA1HSPREAD-26MAY13CLEDET,KXNBA1HSPREAD,spread,Will Cleveland win the 1H by over 3.5 points?,Cleveland wins the 1H by over 3.5 points,Cleveland wins the 1H by over 3.5 points,no,0,finalized,2026-05-12T17:35:00Z,2026-05-14T01:15:23Z,2026-05-14T03:00:00Z,,1778718600,expected_expiration-150m,1778718600,0.27,0.4,0.335,0.35,74,55606.85,41851.81
KXNBA1HSPREAD-26MAY13CLEDET-CLE12,KXNBA1HSPREAD-26MAY13CLEDET,KXNBA1HSPREAD,spread,Will Cleveland win the 1H by over 12.5 points?,Cleveland wins the 1H by over 12.5 points,Cleveland wins the 1H by over 12.5 points,no,0,finalized,2026-05-12T17:35:00Z,2026-05-14T01:15:23Z,2026-05-14T03:00:00Z,,1778718600,expected_expiration-150m,1778718600,0.04,0.05,0.045,,44,279.40,250.60
KXNBA1HSPREAD-26MAY12MINSAS-SAS28,KXNBA1HSPREAD-26MAY12MINSAS,KXNBA1HSPREAD,spread,Will San Antonio win the 1H by over 28.5 points?,San Antonio wins the 1H by over 28.5 points,San Antonio wins the 1H by over 28.5 points,no,0,finalized,2026-05-11T05:18:00Z,2026-05-13T01:17:19Z,2026-05-13T03:00:00Z,,1778632200,expected_expiration-150m,1778632200,0.04,0.1,0.07,0.15,37,1299.80,1294.80
KXNBA1HSPREAD-26MAY12MINSAS-SAS25,KXNBA1HSPREAD-26MAY12MINSAS,KXNBA1HSPREAD,spread,Will San Antonio win the 1H by over 25.5 points?,San Antonio wins the 1H by over 25.5 points,San Antonio wins the 1H by over 25.5 points,no,0,finalized,2026-05-11T05:18:00Z,2026-05-13T01:17:19Z,2026-05-13T03:00:00Z,,1778632200,expected_expiration-150m,1778632200,0.08,0.14,0.11000000000000001,,43,10670.37,9841.56
KXNBA1HSPREAD-26MAY12MINSAS-MIN11,KXNBA1HSPREAD-26MAY12MINSAS,KXNBA1HSPREAD,spread,Will Minnesota win the 1H by over 11.5 points?,Minnesota wins the 1H by over 11.5 points,Minnesota wins the 1H by over 11.5 points,no,0,finalized,2026-05-11T05:18:00Z,2026-05-13T01:17:22Z,2026-05-13T03:00:00Z,,1778632200,expected_expiration-150m,1778632200,0.0,0.01,0.005,,43,852.94,852.94
KXNBA1HSPREAD-26MAY12MINSAS-MIN14,KXNBA1HSPREAD-26MAY12MINSAS,KXNBA1HSPREAD,spread,Will Minnesota win the 1H by over 14.5 points?,Minnesota wins the 1H by over 14.5 points,Minnesota wins the 1H by over 14.5 points,no,0,finalized,2026-05-11T05:18:00Z,2026-05-13T01:17:23Z,2026-05-13T03:00:00Z,,1778632200,expected_expiration-150m,1778632200,0.0,0.01,0.005,,45,1331.03,1177.03
KXNBA1HSPREAD-26MAY12MINSAS-SAS7,KXNBA1HSPREAD-26MAY12MINSAS,KXNBA1HSPREAD,spread,Will San Antonio win the 1H by over 7.5 points?,San Antonio wins the 1H by over 7.5 points,San Antonio wins the 1H by over 7.5 points,yes,1,finalized,2026-05-11T04:35:00Z,2026-05-13T01:17:21Z,2026-05-13T03:00:00Z,,1778632200,expected_expiration-150m,1778632200,0.7,0.72,0.71,0.76,103,133138.29,69817.84
KXNBA1HSPREAD-26MAY12MINSAS-SAS4,KXNBA1HSPREAD-26MAY12MINSAS,KXNBA1HSPREAD,spread,Will San Antonio win the 1H by over 4.5 points?,San Antonio wins the 1H by over 4.5 points,San Antonio wins the 1H by over 4.5 points,yes,1,finalized,2026-05-11T04:35:00Z,2026-05-13T01:17:21Z,2026-05-13T03:00:00Z,,1778632200,expected_expiration-150m,1778632200,0.88,0.95,0.915,0.91,106,101469.97,52767.98
KXNBA1HSPREAD-26MAY12MINSAS-SAS22,KXNBA1HSPREAD-26MAY12MINSAS,KXNBA1HSPREAD,spread,Will San Antonio win the 1H by over 22.5 points?,San Antonio wins the 1H by over 22.5 points,San Antonio wins the 1H by over 22.5 points,no,0,finalized,2026-05-11T04:35:00Z,2026-05-13T01:17:20Z,2026-05-13T03:00:00Z,,1778632200,expected_expiration-150m,1778632200,0.15,0.4,0.275,,53,2333.17,2308.17
KXNBA1HSPREAD-26MAY12MINSAS-SAS19,KXNBA1HSPREAD-26MAY12MINSAS,KXNBA1HSPREAD,spread,Will San Antonio win the 1H by over 19.5 points?,San Antonio wins the 1H by over 19.5 points,San Antonio wins the 1H by over 19.5 points,no,0,finalized,2026-05-11T04:35:00Z,2026-05-13T01:17:20Z,2026-05-13T03:00:00Z,,1778632200,expected_expiration-150m,1778632200,0.24,0.43,0.33499999999999996,,58,6191.11,4722.54
KXNBA1HSPREAD-26MAY12MINSAS-SAS16,KXNBA1HSPREAD-26MAY12MINSAS,KXNBA1HSPREAD,spread,Will San Antonio win the 1H by over 16.5 points?,San Antonio wins the 1H by over 16.5 points,San Antonio wins the 1H by over 16.5 points,no,0,finalized,2026-05-11T04:35:00Z,2026-05-13T01:17:20Z,2026-05-13T03:00:00Z,,1778632200,expected_expiration-150m,1778632200,0.38,0.42,0.4,0.42,58,16626.60,6543.20
KXNBA1HSPREAD-26MAY12MINSAS-SAS13,KXNBA1HSPREAD-26MAY12MINSAS,KXNBA1HSPREAD,spread,Will San Antonio win the 1H by over 13.5 points?,San Antonio wins the 1H by over 13.5 points,San Antonio wins the 1H by over 13.5 points,no,0,finalized,2026-05-11T04:35:00Z,2026-05-13T01:17:21Z,2026-05-13T03:00:00Z,,1778632200,expected_expiration-150m,1778632200,0.51,0.59,0.55,0.5,57,62820.68,31621.19
KXNBA1HSPREAD-26MAY12MINSAS-SAS10,KXNBA1HSPREAD-26MAY12MINSAS,KXNBA1HSPREAD,spread,Will San Antonio win the 1H by over 10.5 points?,San Antonio wins the 1H by over 10.5 points,San Antonio wins the 1H by over 10.5 points,yes,1,finalized,2026-05-11T04:35:00Z,2026-05-13T01:17:21Z,2026-05-13T03:00:00Z,,1778632200,expected_expiration-150m,1778632200,0.59,0.64,0.615,0.64,75,103106.55,53043.78
KXNBA1HSPREAD-26MAY12MINSAS-SAS1,KXNBA1HSPREAD-26MAY12MINSAS,KXNBA1HSPREAD,spread,Will San Antonio win the 1H by over 1.5 points?,San Antonio wins the 1H by over 1.5 points,San Antonio wins the 1H by over 1.5 points,yes,1,finalized,2026-05-11T04:35:00Z,2026-05-13T01:17:21Z,2026-05-13T03:00:00Z,,1778632200,expected_expiration-150m,1778632200,0.91,0.93,0.92,0.9,74,34350.57,26105.48
KXNBA1HSPREAD-26MAY12MINSAS-MIN8,KXNBA1HSPREAD-26MAY12MINSAS,KXNBA1HSPREAD,spread,Will Minnesota win the 1H by over 8.5 points?,Minnesota wins the 1H by over 8.5 points,Minnesota wins the 1H by over 8.5 points,no,0,finalized,2026-05-11T04:35:00Z,2026-05-13T01:17:22Z,2026-05-13T03:00:00Z,,1778632200,expected_expiration-150m,1778632200,0.0,0.01,0.005,,43,531.39,531.39
KXNBA1HSPREAD-26MAY12MINSAS-MIN5,KXNBA1HSPREAD-26MAY12MINSAS,KXNBA1HSPREAD,spread,Will Minnesota win the 1H by over 5.5 points?,Minnesota wins the 1H by over 5.5 points,Minnesota wins the 1H by over 5.5 points,no,0,finalized,2026-05-11T04:35:00Z,2026-05-13T01:17:22Z,2026-05-13T03:00:00Z,,1778632200,expected_expiration-150m,1778632200,0.03,0.04,0.035,0.02,58,23782.84,20481.44
KXNBA1HSPREAD-26MAY12MINSAS-MIN2,KXNBA1HSPREAD-26MAY12MINSAS,KXNBA1HSPREAD,spread,Will Minnesota win the 1H by over 2.5 points?,Minnesota wins the 1H by over 2.5 points,Minnesota wins the 1H by over 2.5 points,no,0,finalized,2026-05-11T04:35:00Z,2026-05-13T01:17:22Z,2026-05-13T03:00:00Z,,1778632200,expected_expiration-150m,1778632200,0.04,0.07,0.05500000000000001,0.07,82,27232.16,23439.66
KXNBA1HSPREAD-26MAY11DETCLE-CLE23,KXNBA1HSPREAD-26MAY11DETCLE,KXNBA1HSPREAD,spread,Will Cleveland win the 1H by over 23.5 points?,Cleveland wins the 1H by over 23.5 points,Cleveland wins the 1H by over 23.5 points,no,0,finalized,2026-05-10T19:16:00Z,2026-05-12T01:13:18Z,2026-05-12T03:00:00Z,,1778545800,expected_expiration-150m,1778545800,0.01,0.02,0.015,,46,5340.81,4038.49
KXNBA1HSPREAD-26MAY11DETCLE-CLE20,KXNBA1HSPREAD-26MAY11DETCLE,KXNBA1HSPREAD,spread,Will Cleveland win the 1H by over 20.5 points?,Cleveland wins the 1H by over 20.5 points,Cleveland wins the 1H by over 20.5 points,no,0,finalized,2026-05-10T19:16:00Z,2026-05-12T01:13:18Z,2026-05-12T03:00:00Z,,1778545800,expected_expiration-150m,1778545800,0.03,0.05,0.04,,45,668.19,668.19
KXNBA1HSPREAD-26MAY11OKCLAL-OKC27,KXNBA1HSPREAD-26MAY11OKCLAL,KXNBA1HSPREAD,spread,Will Oklahoma City win the 1H by over 27.5 points?,Oklahoma City wins the 1H by over 27.5 points,Oklahoma City wins the 1H by over 27.5 points,no,0,finalized,2026-05-10T18:17:00Z,2026-05-12T03:51:24Z,2026-05-12T05:30:00Z,,1778554800,expected_expiration-150m,1778554800,0.01,0.02,0.015,,50,748.68,748.68
KXNBA1HSPREAD-26MAY11OKCLAL-OKC24,KXNBA1HSPREAD-26MAY11OKCLAL,KXNBA1HSPREAD,spread,Will Oklahoma City win the 1H by over 24.5 points?,Oklahoma City wins the 1H by over 24.5 points,Oklahoma City wins the 1H by over 24.5 points,no,0,finalized,2026-05-10T18:17:00Z,2026-05-12T03:51:23Z,2026-05-12T05:30:00Z,,1778554800,expected_expiration-150m,1778554800,0.02,0.05,0.035,,48,428.00,401.00
KXNBA1HSPREAD-26MAY11OKCLAL-LAL12,KXNBA1HSPREAD-26MAY11OKCLAL,KXNBA1HSPREAD,spread,Will Los Angeles L win the 1H by over 12.5 points?,Los Angeles L wins the 1H by over 12.5 points,Los Angeles L wins the 1H by over 12.5 points,no,0,finalized,2026-05-10T18:17:00Z,2026-05-12T03:51:21Z,2026-05-12T05:30:00Z,,1778554800,expected_expiration-150m,1778554620,0.0,0.01,0.005,0.01,45,9971.83,9657.57
KXNBA1HSPREAD-26MAY11OKCLAL-LAL15,KXNBA1HSPREAD-26MAY11OKCLAL,KXNBA1HSPREAD,spread,Will Los Angeles L win the 1H by over 15.5 points?,Los Angeles L wins the 1H by over 15.5 points,Los Angeles L wins the 1H by over 15.5 points,no,0,finalized,2026-05-10T18:17:00Z,2026-05-12T03:51:21Z,2026-05-12T05:30:00Z,,1778554800,expected_expiration-150m,1778554800,0.0,0.01,0.005,,41,4273.61,4246.60
KXNBA1HSPREAD-26MAY11DETCLE-DET16,KXNBA1HSPREAD-26MAY11DETCLE,KXNBA1HSPREAD,spread,Will Detroit win the 1H by over 16.5 points?,Detroit wins the 1H by over 16.5 points,Detroit wins the 1H by over 16.5 points,no,0,finalized,2026-05-10T18:16:00Z,2026-05-12T01:13:21Z,2026-05-12T03:00:00Z,,1778545800,expected_expiration-150m,1778545800,0.0,0.02,0.01,,50,5130.96,5103.76
KXNBA1HSPREAD-26MAY11DETCLE-DET19,KXNBA1HSPREAD-26MAY11DETCLE,KXNBA1HSPREAD,spread,Will Detroit win the 1H by over 19.5 points?,Detroit wins the 1H by over 19.5 points,Detroit wins the 1H by over 19.5 points,no,0,finalized,2026-05-10T18:16:00Z,2026-05-12T01:13:21Z,2026-05-12T03:00:00Z,,1778545800,expected_expiration-150m,1778545800,0.0,0.01,0.005,,46,1045.84,1025.84
KXNBA1HSPREAD-26MAY10SASMIN-MIN15,KXNBA1HSPREAD-26MAY10SASMIN,KXNBA1HSPREAD,spread,Will Minnesota win the 1H by over 15.5 points?,Minnesota wins the 1H by over 15.5 points,Minnesota wins the 1H by over 15.5 points,no,0,finalized,2026-05-10T18:16:00Z,2026-05-11T00:51:18Z,2026-05-11T02:30:00Z,,1778457600,expected_expiration-150m,1778457600,0.0,0.27,0.135,,35,461.18,461.18
KXNBA1HSPREAD-26MAY10SASMIN-MIN18,KXNBA1HSPREAD-26MAY10SASMIN,KXNBA1HSPREAD,spread,Will Minnesota win the 1H by over 18.5 points?,Minnesota wins the 1H by over 18.5 points,Minnesota wins the 1H by over 18.5 points,no,0,finalized,2026-05-10T18:16:00Z,2026-05-11T00:51:18Z,2026-05-11T02:30:00Z,,1778457600,expected_expiration-150m,1778457600,0.0,0.11,0.055,,36,295.65,295.65
KXNBA1HSPREAD-26MAY11DETCLE-DET7,KXNBA1HSPREAD-26MAY11DETCLE,KXNBA1HSPREAD,spread,Will Detroit win the 1H by over 7.5 points?,Detroit wins the 1H by over 7.5 points,Detroit wins the 1H by over 7.5 points,no,0,finalized,2026-05-10T17:37:00Z,2026-05-12T01:13:20Z,2026-05-12T03:00:00Z,,1778545800,expected_expiration-150m,1778545800,0.09,0.16,0.125,,66,5929.74,5041.80
KXNBA1HSPREAD-26MAY11DETCLE-DET4,KXNBA1HSPREAD-26MAY11DETCLE,KXNBA1HSPREAD,spread,Will Detroit win the 1H by over 4.5 points?,Detroit wins the 1H by over 4.5 points,Detroit wins the 1H by over 4.5 points,no,0,finalized,2026-05-10T17:37:00Z,2026-05-12T01:13:20Z,2026-05-12T03:00:00Z,,1778545800,expected_expiration-150m,1778545800,0.18,0.2,0.19,,76,46155.93,29735.62
KXNBA1HSPREAD-26MAY11DETCLE-DET13,KXNBA1HSPREAD-26MAY11DETCLE,KXNBA1HSPREAD,spread,Will Detroit win the 1H by over 13.5 points?,Detroit wins the 1H by over 13.5 points,Detroit wins the 1H by over 13.5 points,no,0,finalized,2026-05-10T17:37:00Z,2026-05-12T01:13:21Z,2026-05-12T03:00:00Z,,1778545800,expected_expiration-150m,1778545800,0.0,0.01,0.005,,57,1503.43,1074.43
KXNBA1HSPREAD-26MAY11DETCLE-DET10,KXNBA1HSPREAD-26MAY11DETCLE,KXNBA1HSPREAD,spread,Will Detroit win the 1H by over 10.5 points?,Detroit wins the 1H by over 10.5 points,Detroit wins the 1H by over 10.5 points,no,0,finalized,2026-05-10T17:37:00Z,2026-05-12T01:13:20Z,2026-05-12T03:00:00Z,,1778545800,expected_expiration-150m,1778545800,0.04,0.06,0.05,,57,2992.59,2896.06
KXNBA1HSPREAD-26MAY11DETCLE-DET1,KXNBA1HSPREAD-26MAY11DETCLE,KXNBA1HSPREAD,spread,Will Detroit win the 1H by over 1.5 points?,Detroit wins the 1H by over 1.5 points,Detroit wins the 1H by over 1.5 points,yes,1,finalized,2026-05-10T17:37:00Z,2026-05-12T01:13:20Z,2026-05-12T03:00:00Z,,1778545800,expected_expiration-150m,1778545800,0.3,0.32,0.31,0.32,81,152347.71,102609.89
KXNBA1HSPREAD-26MAY11DETCLE-CLE8,KXNBA1HSPREAD-26MAY11DETCLE,KXNBA1HSPREAD,spread,Will Cleveland win the 1H by over 8.5 points?,Cleveland wins the 1H by over 8.5 points,Cleveland wins the 1H by over 8.5 points,no,0,finalized,2026-05-10T17:37:00Z,2026-05-12T01:13:19Z,2026-05-12T03:00:00Z,,1778545800,expected_expiration-150m,1778545800,0.27,0.3,0.28500000000000003,,62,16712.33,9029.81
KXNBA1HSPREAD-26MAY11DETCLE-CLE5,KXNBA1HSPREAD-26MAY11DETCLE,KXNBA1HSPREAD,spread,Will Cleveland win the 1H by over 5.5 points?,Cleveland wins the 1H by over 5.5 points,Cleveland wins the 1H by over 5.5 points,no,0,finalized,2026-05-10T17:37:00Z,2026-05-12T01:13:19Z,2026-05-12T03:00:00Z,,1778545800,expected_expiration-150m,1778545800,0.41,0.42,0.415,0.41,76,48405.20,21589.16
KXNBA1HSPREAD-26MAY11DETCLE-CLE2,KXNBA1HSPREAD-26MAY11DETCLE,KXNBA1HSPREAD,spread,Will Cleveland win the 1H by over 2.5 points?,Cleveland wins the 1H by over 2.5 points,Cleveland wins the 1H by over 2.5 points,no,0,finalized,2026-05-10T17:37:00Z,2026-05-12T01:13:20Z,2026-05-12T03:00:00Z,,1778545800,expected_expiration-150m,1778545800,0.56,0.57,0.565,0.55,102,162368.32,67857.27
KXNBA1HSPREAD-26MAY11DETCLE-CLE17,KXNBA1HSPREAD-26MAY11DETCLE,KXNBA1HSPREAD,spread,Will Cleveland win the 1H by over 17.5 points?,Cleveland wins the 1H by over 17.5 points,Cleveland wins the 1H by over 17.5 points,no,0,finalized,2026-05-10T17:37:00Z,2026-05-12T01:13:19Z,2026-05-12T03:00:00Z,,1778545800,expected_expiration-150m,1778545800,0.05,0.09,0.07,,52,1249.41,1249.41
KXNBA1HSPREAD-26MAY11DETCLE-CLE14,KXNBA1HSPREAD-26MAY11DETCLE,KXNBA1HSPREAD,spread,Will Cleveland win the 1H by over 14.5 points?,Cleveland wins the 1H by over 14.5 points,Cleveland wins the 1H by over 14.5 points,no,0,finalized,2026-05-10T17:37:00Z,2026-05-12T01:13:19Z,2026-05-12T03:00:00Z,,1778545800,expected_expiration-150m,1778545800,0.1,0.12,0.11,0.11,55,10520.23,7998.86
KXNBA1HSPREAD-26MAY11DETCLE-CLE11,KXNBA1HSPREAD-26MAY11DETCLE,KXNBA1HSPREAD,spread,Will Cleveland win the 1H by over 11.5 points?,Cleveland wins the 1H by over 11.5 points,Cleveland wins the 1H by over 11.5 points,no,0,finalized,2026-05-10T17:37:00Z,2026-05-12T01:13:19Z,2026-05-12T03:00:00Z,,1778545800,expected_expiration-150m,1778545800,0.18,0.23,0.20500000000000002,0.18,69,7205.38,5954.77
KXNBA1HSPREAD-26MAY10SASMIN-SAS21,KXNBA1HSPREAD-26MAY10SASMIN,KXNBA1HSPREAD,spread,Will San Antonio win the 1H by over 21.5 points?,San Antonio wins the 1H by over 21.5 points,San Antonio wins the 1H by over 21.5 points,no,0,finalized,2026-05-10T17:18:00Z,2026-05-11T00:51:20Z,2026-05-11T02:30:00Z,,1778457600,expected_expiration-150m,1778457600,0.02,0.04,0.03,,44,4298.28,4298.28
KXNBA1HSPREAD-26MAY10SASMIN-SAS24,KXNBA1HSPREAD-26MAY10SASMIN,KXNBA1HSPREAD,spread,Will San Antonio win the 1H by over 24.5 points?,San Antonio wins the 1H by over 24.5 points,San Antonio wins the 1H by over 24.5 points,no,0,finalized,2026-05-10T17:18:00Z,2026-05-11T00:51:20Z,2026-05-11T02:30:00Z,,1778457600,expected_expiration-150m,1778457600,0.0,0.02,0.01,,45,362.66,362.66
KXNBA1HSPREAD-26MAY10NYKPHI-PHI21,KXNBA1HSPREAD-26MAY10NYKPHI,KXNBA1HSPREAD,spread,Will Philadelphia win the 1H by over 21.5 points?,Philadelphia wins the 1H by over 21.5 points,Philadelphia wins the 1H by over 21.5 points,no,0,finalized,2026-05-10T17:18:00Z,2026-05-10T20:47:24Z,2026-05-10T22:30:00Z,,1778443200,expected_expiration-150m,1778443200,0.0,0.01,0.005,,34,94.00,94.00
KXNBA1HSPREAD-26MAY10NYKPHI-PHI18,KXNBA1HSPREAD-26MAY10NYKPHI,KXNBA1HSPREAD,spread,Will Philadelphia win the 1H by over 18.5 points?,Philadelphia wins the 1H by over 18.5 points,Philadelphia wins the 1H by over 18.5 points,no,0,finalized,2026-05-10T17:18:00Z,2026-05-10T20:47:24Z,2026-05-10T22:30:00Z,,1778443200,expected_expiration-150m,1778443200,0.0,0.01,0.005,,33,94.51,94.51
KXNBA1HSPREAD-26MAY10NYKPHI-NYK18,KXNBA1HSPREAD-26MAY10NYKPHI,KXNBA1HSPREAD,spread,Will New York win the 1H by over 18.5 points?,New York wins the 1H by over 18.5 points,New York wins the 1H by over 18.5 points,yes,1,finalized,2026-05-10T17:18:00Z,2026-05-10T20:47:26Z,2026-05-10T22:30:00Z,,1778443200,expected_expiration-150m,1778443200,0.34,0.37,0.355,,41,47277.66,20635.07
KXNBA1HSPREAD-26MAY10NYKPHI-NYK21,KXNBA1HSPREAD-26MAY10NYKPHI,KXNBA1HSPREAD,spread,Will New York win the 1H by over 21.5 points?,New York wins the 1H by over 21.5 points,New York wins the 1H by over 21.5 points,yes,1,finalized,2026-05-10T17:18:00Z,2026-05-10T20:47:27Z,2026-05-10T22:30:00Z,,1778443200,expected_expiration-150m,1778443200,0.17,0.24,0.20500000000000002,0.21,42,80433.51,27928.09
KXNBA1HSPREAD-26MAY11OKCLAL-OKC9,KXNBA1HSPREAD-26MAY11OKCLAL,KXNBA1HSPREAD,spread,Will Oklahoma City win the 1H by over 9.5 points?,Oklahoma City wins the 1H by over 9.5 points,Oklahoma City wins the 1H by over 9.5 points,no,0,finalized,2026-05-10T17:14:00Z,2026-05-12T03:51:23Z,2026-05-12T05:30:00Z,,1778554800,expected_expiration-150m,1778554800,0.38,0.41,0.395,0.38,81,147082.57,60120.89
KXNBA1HSPREAD-26MAY11OKCLAL-OKC6,KXNBA1HSPREAD-26MAY11OKCLAL,KXNBA1HSPREAD,spread,Will Oklahoma City win the 1H by over 6.5 points?,Oklahoma City wins the 1H by over 6.5 points,Oklahoma City wins the 1H by over 6.5 points,no,0,finalized,2026-05-10T17:14:00Z,2026-05-12T03:51:22Z,2026-05-12T05:30:00Z,,1778554800,expected_expiration-150m,1778554800,0.53,0.54,0.535,0.53,105,308374.61,142209.37
KXNBA1HSPREAD-26MAY11OKCLAL-OKC3,KXNBA1HSPREAD-26MAY11OKCLAL,KXNBA1HSPREAD,spread,Will Oklahoma City win the 1H by over 3.5 points?,Oklahoma City wins the 1H by over 3.5 points,Oklahoma City wins the 1H by over 3.5 points,yes,1,finalized,2026-05-10T17:14:00Z,2026-05-12T03:51:22Z,2026-05-12T05:30:00Z,,1778554800,expected_expiration-150m,1778554800,0.66,0.68,0.67,0.7,93,153203.05,70937.03
KXNBA1HSPREAD-26MAY11OKCLAL-OKC21,KXNBA1HSPREAD-26MAY11OKCLAL,KXNBA1HSPREAD,spread,Will Oklahoma City win the 1H by over 21.5 points?,Oklahoma City wins the 1H by over 21.5 points,Oklahoma City wins the 1H by over 21.5 points,no,0,finalized,2026-05-10T17:14:00Z,2026-05-12T03:51:23Z,2026-05-12T05:30:00Z,,1778554800,expected_expiration-150m,1778554800,0.07,0.09,0.08,0.07,60,2356.95,1752.14
KXNBA1HSPREAD-26MAY11OKCLAL-OKC18,KXNBA1HSPREAD-26MAY11OKCLAL,KXNBA1HSPREAD,spread,Will Oklahoma City win the 1H by over 18.5 points?,Oklahoma City wins the 1H by over 18.5 points,Oklahoma City wins the 1H by over 18.5 points,no,0,finalized,2026-05-10T17:14:00Z,2026-05-12T03:51:23Z,2026-05-12T05:30:00Z,,1778554800,expected_expiration-150m,1778554800,0.12,0.15,0.135,0.12,57,6592.68,3518.38
KXNBA1HSPREAD-26MAY11OKCLAL-OKC15,KXNBA1HSPREAD-26MAY11OKCLAL,KXNBA1HSPREAD,spread,Will Oklahoma City win the 1H by over 15.5 points?,Oklahoma City wins the 1H by over 15.5 points,Oklahoma City wins the 1H by over 15.5 points,no,0,finalized,2026-05-10T17:14:00Z,2026-05-12T03:51:23Z,2026-05-12T05:30:00Z,,1778554800,expected_expiration-150m,1778554800,0.19,0.22,0.20500000000000002,0.23,63,10306.50,5954.44
KXNBA1HSPREAD-26MAY11OKCLAL-OKC12,KXNBA1HSPREAD-26MAY11OKCLAL,KXNBA1HSPREAD,spread,Will Oklahoma City win the 1H by over 12.5 points?,Oklahoma City wins the 1H by over 12.5 points,Oklahoma City wins the 1H by over 12.5 points,no,0,finalized,2026-05-10T17:14:00Z,2026-05-12T03:51:23Z,2026-05-12T05:30:00Z,,1778554800,expected_expiration-150m,1778554800,0.27,0.3,0.28500000000000003,0.31,58,37781.69,18644.72
KXNBA1HSPREAD-26MAY11OKCLAL-LAL9,KXNBA1HSPREAD-26MAY11OKCLAL,KXNBA1HSPREAD,spread,Will Los Angeles L win the 1H by over 9.5 points?,Los Angeles L wins the 1H by over 9.5 points,Los Angeles L wins the 1H by over 9.5 points,no,0,finalized,2026-05-10T17:14:00Z,2026-05-12T03:51:22Z,2026-05-12T05:30:00Z,,1778554800,expected_expiration-150m,1778554800,0.02,0.04,0.03,0.03,59,2320.03,2205.11
KXNBA1HSPREAD-26MAY11OKCLAL-LAL6,KXNBA1HSPREAD-26MAY11OKCLAL,KXNBA1HSPREAD,spread,Will Los Angeles L win the 1H by over 6.5 points?,Los Angeles L wins the 1H by over 6.5 points,Los Angeles L wins the 1H by over 6.5 points,no,0,finalized,2026-05-10T17:14:00Z,2026-05-12T03:51:22Z,2026-05-12T05:30:00Z,,1778554800,expected_expiration-150m,1778554800,0.03,0.1,0.065,0.03,62,12965.00,4224.12
KXNBA1HSPREAD-26MAY11OKCLAL-LAL3,KXNBA1HSPREAD-26MAY11OKCLAL,KXNBA1HSPREAD,spread,Will Los Angeles L win the 1H by over 3.5 points?,Los Angeles L wins the 1H by over 3.5 points,Los Angeles L wins the 1H by over 3.5 points,no,0,finalized,2026-05-10T17:14:00Z,2026-05-12T03:51:22Z,2026-05-12T05:30:00Z,,1778554800,expected_expiration-150m,1778554800,0.1,0.11,0.10500000000000001,,86,97273.10,65668.16
KXNBA1HSPREAD-26MAY10SASMIN-SAS9,KXNBA1HSPREAD-26MAY10SASMIN,KXNBA1HSPREAD,spread,Will San Antonio win the 1H by over 9.5 points?,San Antonio wins the 1H by over 9.5 points,San Antonio wins the 1H by over 9.5 points,no,0,finalized,2026-05-10T17:14:00Z,2026-05-11T00:51:19Z,2026-05-11T02:30:00Z,,1778457600,expected_expiration-150m,1778457600,0.22,0.26,0.24,0.26,71,10686.83,6500.38
KXNBA1HSPREAD-26MAY10SASMIN-SAS6,KXNBA1HSPREAD-26MAY10SASMIN,KXNBA1HSPREAD,spread,Will San Antonio win the 1H by over 6.5 points?,San Antonio wins the 1H by over 6.5 points,San Antonio wins the 1H by over 6.5 points,no,0,finalized,2026-05-10T17:14:00Z,2026-05-11T00:51:19Z,2026-05-11T02:30:00Z,,1778457600,expected_expiration-150m,1778457600,0.34,0.35,0.345,0.38,84,23650.46,14998.99
KXNBA1HSPREAD-26MAY10SASMIN-SAS3,KXNBA1HSPREAD-26MAY10SASMIN,KXNBA1HSPREAD,spread,Will San Antonio win the 1H by over 3.5 points?,San Antonio wins the 1H by over 3.5 points,San Antonio wins the 1H by over 3.5 points,no,0,finalized,2026-05-10T17:14:00Z,2026-05-11T00:51:19Z,2026-05-11T02:30:00Z,,1778457600,expected_expiration-150m,1778457600,0.41,0.48,0.44499999999999995,0.43,111,304811.70,144607.93
KXNBA1HSPREAD-26MAY10SASMIN-SAS18,KXNBA1HSPREAD-26MAY10SASMIN,KXNBA1HSPREAD,spread,Will San Antonio win the 1H by over 18.5 points?,San Antonio wins the 1H by over 18.5 points,San Antonio wins the 1H by over 18.5 points,no,0,finalized,2026-05-10T17:14:00Z,2026-05-11T00:51:20Z,2026-05-11T02:30:00Z,,1778457600,expected_expiration-150m,1778457600,0.03,0.06,0.045,,64,659.54,654.44
KXNBA1HSPREAD-26MAY10SASMIN-SAS15,KXNBA1HSPREAD-26MAY10SASMIN,KXNBA1HSPREAD,spread,Will San Antonio win the 1H by over 15.5 points?,San Antonio wins the 1H by over 15.5 points,San Antonio wins the 1H by over 15.5 points,no,0,finalized,2026-05-10T17:14:00Z,2026-05-11T00:51:20Z,2026-05-11T02:30:00Z,,1778457600,expected_expiration-150m,1778457600,0.07,0.25,0.16,,54,249.13,249.13
KXNBA1HSPREAD-26MAY10SASMIN-SAS12,KXNBA1HSPREAD-26MAY10SASMIN,KXNBA1HSPREAD,spread,Will San Antonio win the 1H by over 12.5 points?,San Antonio wins the 1H by over 12.5 points,San Antonio wins the 1H by over 12.5 points,no,0,finalized,2026-05-10T17:14:00Z,2026-05-11T00:51:20Z,2026-05-11T02:30:00Z,,1778457600,expected_expiration-150m,1778457600,0.14,0.18,0.16,,59,993.71,970.69
KXNBA1HSPREAD-26MAY10SASMIN-MIN9,KXNBA1HSPREAD-26MAY10SASMIN,KXNBA1HSPREAD,spread,Will Minnesota win the 1H by over 9.5 points?,Minnesota wins the 1H by over 9.5 points,Minnesota wins the 1H by over 9.5 points,no,0,finalized,2026-05-10T17:14:00Z,2026-05-11T00:51:18Z,2026-05-11T02:30:00Z,,1778457600,expected_expiration-150m,1778457600,0.08,0.11,0.095,,57,14710.52,9034.38
KXNBA1HSPREAD-26MAY10SASMIN-MIN6,KXNBA1HSPREAD-26MAY10SASMIN,KXNBA1HSPREAD,spread,Will Minnesota win the 1H by over 6.5 points?,Minnesota wins the 1H by over 6.5 points,Minnesota wins the 1H by over 6.5 points,no,0,finalized,2026-05-10T17:14:00Z,2026-05-11T00:51:19Z,2026-05-11T02:30:00Z,,1778457600,expected_expiration-150m,1778457600,0.13,0.25,0.19,,56,69106.65,34956.89
KXNBA1HSPREAD-26MAY10SASMIN-MIN3,KXNBA1HSPREAD-26MAY10SASMIN,KXNBA1HSPREAD,spread,Will Minnesota win the 1H by over 3.5 points?,Minnesota wins the 1H by over 3.5 points,Minnesota wins the 1H by over 3.5 points,yes,1,finalized,2026-05-10T17:14:00Z,2026-05-11T00:51:19Z,2026-05-11T02:30:00Z,,1778457600,expected_expiration-150m,1778457600,0.23,0.27,0.25,0.26,92,121587.81,57964.35
KXNBA1HSPREAD-26MAY10SASMIN-MIN12,KXNBA1HSPREAD-26MAY10SASMIN,KXNBA1HSPREAD,spread,Will Minnesota win the 1H by over 12.5 points?,Minnesota wins the 1H by over 12.5 points,Minnesota wins the 1H by over 12.5 points,no,0,finalized,2026-05-10T17:14:00Z,2026-05-11T00:51:18Z,2026-05-11T02:30:00Z,,1778457600,expected_expiration-150m,1778457600,0.03,0.06,0.045,,43,6665.18,4982.78
KXNBA1HSPREAD-26MAY10NYKPHI-PHI9,KXNBA1HSPREAD-26MAY10NYKPHI,KXNBA1HSPREAD,spread,Will Philadelphia win the 1H by over 9.5 points?,Philadelphia wins the 1H by over 9.5 points,Philadelphia wins the 1H by over 9.5 points,no,0,finalized,2026-05-10T17:14:00Z,2026-05-10T20:47:25Z,2026-05-10T22:30:00Z,,1778443200,expected_expiration-150m,1778443200,0.0,0.01,0.005,,55,112.28,96.34
KXNBA1HSPREAD-26MAY10NYKPHI-PHI6,KXNBA1HSPREAD-26MAY10NYKPHI,KXNBA1HSPREAD,spread,Will Philadelphia win the 1H by over 6.5 points?,Philadelphia wins the 1H by over 6.5 points,Philadelphia wins the 1H by over 6.5 points,no,0,finalized,2026-05-10T17:14:00Z,2026-05-10T20:47:25Z,2026-05-10T22:30:00Z,,1778443200,expected_expiration-150m,1778443200,0.01,0.02,0.015,,63,4548.18,4458.75
KXNBA1HSPREAD-26MAY10NYKPHI-PHI3,KXNBA1HSPREAD-26MAY10NYKPHI,KXNBA1HSPREAD,spread,Will Philadelphia win the 1H by over 3.5 points?,Philadelphia wins the 1H by over 3.5 points,Philadelphia wins the 1H by over 3.5 points,no,0,finalized,2026-05-10T17:14:00Z,2026-05-10T20:47:25Z,2026-05-10T22:30:00Z,,1778443200,expected_expiration-150m,1778443200,0.01,0.03,0.02,,82,26197.44,22768.92
KXNBA1HSPREAD-26MAY10NYKPHI-PHI15,KXNBA1HSPREAD-26MAY10NYKPHI,KXNBA1HSPREAD,spread,Will Philadelphia win the 1H by over 15.5 points?,Philadelphia wins the 1H by over 15.5 points,Philadelphia wins the 1H by over 15.5 points,no,0,finalized,2026-05-10T17:14:00Z,2026-05-10T20:47:24Z,2026-05-10T22:30:00Z,,1778443200,expected_expiration-150m,1778443200,0.0,0.01,0.005,,37,917.31,917.31
KXNBA1HSPREAD-26MAY10NYKPHI-PHI12,KXNBA1HSPREAD-26MAY10NYKPHI,KXNBA1HSPREAD,spread,Will Philadelphia win the 1H by over 12.5 points?,Philadelphia wins the 1H by over 12.5 points,Philadelphia wins the 1H by over 12.5 points,no,0,finalized,2026-05-10T17:14:00Z,2026-05-10T20:47:24Z,2026-05-10T22:30:00Z,,1778443200,expected_expiration-150m,1778443200,0.0,0.01,0.005,,35,35.00,35.00
KXNBA1HSPREAD-26MAY10NYKPHI-NYK9,KXNBA1HSPREAD-26MAY10NYKPHI,KXNBA1HSPREAD,spread,Will New York win the 1H by over 9.5 points?,New York wins the 1H by over 9.5 points,New York wins the 1H by over 9.5 points,yes,1,finalized,2026-05-10T17:14:00Z,2026-05-10T20:47:26Z,2026-05-10T22:30:00Z,,1778443200,expected_expiration-150m,1778443200,0.67,0.72,0.6950000000000001,0.72,52,33384.91,12810.84
KXNBA1HSPREAD-26MAY10NYKPHI-NYK6,KXNBA1HSPREAD-26MAY10NYKPHI,KXNBA1HSPREAD,spread,Will New York win the 1H by over 6.5 points?,New York wins the 1H by over 6.5 points,New York wins the 1H by over 6.5 points,yes,1,finalized,2026-05-10T17:14:00Z,2026-05-10T20:47:25Z,2026-05-10T22:30:00Z,,1778443200,expected_expiration-150m,1778443200,0.81,0.87,0.8400000000000001,0.82,71,28230.68,10801.29
KXNBA1HSPREAD-26MAY10NYKPHI-NYK3,KXNBA1HSPREAD-26MAY10NYKPHI,KXNBA1HSPREAD,spread,Will New York win the 1H by over 3.5 points?,New York wins the 1H by over 3.5 points,New York wins the 1H by over 3.5 points,yes,1,finalized,2026-05-10T17:14:00Z,2026-05-10T20:47:25Z,2026-05-10T22:30:00Z,,1778443200,expected_expiration-150m,1778443200,0.89,0.9,0.895,0.9,99,79141.08,36596.56
KXNBA1HSPREAD-26MAY10NYKPHI-NYK15,KXNBA1HSPREAD-26MAY10NYKPHI,KXNBA1HSPREAD,spread,Will New York win the 1H by over 15.5 points?,New York wins the 1H by over 15.5 points,New York wins the 1H by over 15.5 points,yes,1,finalized,2026-05-10T17:14:00Z,2026-05-10T20:47:26Z,2026-05-10T22:30:00Z,,1778443200,expected_expiration-150m,1778443200,0.42,0.44,0.43,0.43,42,52487.99,26534.96
KXNBA1HSPREAD-26MAY10NYKPHI-NYK12,KXNBA1HSPREAD-26MAY10NYKPHI,KXNBA1HSPREAD,spread,Will New York win the 1H by over 12.5 points?,New York wins the 1H by over 12.5 points,New York wins the 1H by over 12.5 points,yes,1,finalized,2026-05-10T17:14:00Z,2026-05-10T20:47:26Z,2026-05-10T22:30:00Z,,1778443200,expected_expiration-150m,1778443200,0.56,0.59,0.575,0.57,41,22715.43,11374.23
KXNBA1HSPREAD-26MAY09DETCLE-DET20,KXNBA1HSPREAD-26MAY09DETCLE,KXNBA1HSPREAD,spread,Will Detroit win the 1H by over 20.5 points?,Detroit wins the 1H by over 20.5 points,Detroit wins the 1H by over 20.5 points,no,0,finalized,2026-05-08T12:17:00Z,2026-05-09T20:28:34Z,2026-05-09T22:00:00Z,,1778355000,expected_expiration-150m,1778355000,0.0,0.01,0.005,0.01,32,986.13,986.13
KXNBA1HSPREAD-26MAY09DETCLE-CLE25,KXNBA1HSPREAD-26MAY09DETCLE,KXNBA1HSPREAD,spread,Will Cleveland win the 1H by over 25.5 points?,Cleveland wins the 1H by over 25.5 points,Cleveland wins the 1H by over 25.5 points,no,0,finalized,2026-05-08T06:17:00Z,2026-05-09T20:28:30Z,2026-05-09T22:00:00Z,,1778355000,expected_expiration-150m,1778355000,0.0,0.01,0.005,,62,190.73,190.73
KXNBA1HSPREAD-26MAY09OKCLAL-LAL18,KXNBA1HSPREAD-26MAY09OKCLAL,KXNBA1HSPREAD,spread,Will Los Angeles L win the 1H by over 18.5 points?,Los Angeles L wins the 1H by over 18.5 points,Los Angeles L wins the 1H by over 18.5 points,no,0,finalized,2026-05-08T06:17:00Z,2026-05-10T01:39:48Z,2026-05-10T03:30:00Z,,1778374800,expected_expiration-150m,1778374800,0.0,0.01,0.005,,47,3961.11,3636.49
KXNBA1HSPREAD-26MAY09DETCLE-CLE22,KXNBA1HSPREAD-26MAY09DETCLE,KXNBA1HSPREAD,spread,Will Cleveland win the 1H by over 22.5 points?,Cleveland wins the 1H by over 22.5 points,Cleveland wins the 1H by over 22.5 points,no,0,finalized,2026-05-08T06:17:00Z,2026-05-09T20:28:31Z,2026-05-09T22:00:00Z,,1778355000,expected_expiration-150m,1778355000,0.0,0.03,0.015,,37,37.40,37.40
KXNBA1HSPREAD-26MAY09OKCLAL-LAL15,KXNBA1HSPREAD-26MAY09OKCLAL,KXNBA1HSPREAD,spread,Will Los Angeles L win the 1H by over 15.5 points?,Los Angeles L wins the 1H by over 15.5 points,Los Angeles L wins the 1H by over 15.5 points,no,0,finalized,2026-05-08T06:17:00Z,2026-05-10T01:39:49Z,2026-05-10T03:30:00Z,,1778374800,expected_expiration-150m,1778374800,0.0,0.01,0.005,,46,760.90,760.90
KXNBA1HSPREAD-26MAY09DETCLE-DET14,KXNBA1HSPREAD-26MAY09DETCLE,KXNBA1HSPREAD,spread,Will Detroit win the 1H by over 14.5 points?,Detroit wins the 1H by over 14.5 points,Detroit wins the 1H by over 14.5 points,no,0,finalized,2026-05-08T06:17:00Z,2026-05-09T20:28:33Z,2026-05-09T22:00:00Z,,1778355000,expected_expiration-150m,1778355000,0.0,0.04,0.02,,42,681.23,681.23
KXNBA1HSPREAD-26MAY09OKCLAL-OKC21,KXNBA1HSPREAD-26MAY09OKCLAL,KXNBA1HSPREAD,spread,Will Oklahoma City win the 1H by over 21.5 points?,Oklahoma City wins the 1H by over 21.5 points,Oklahoma City wins the 1H by over 21.5 points,no,0,finalized,2026-05-08T06:17:00Z,2026-05-10T01:39:52Z,2026-05-10T03:30:00Z,,1778374800,expected_expiration-150m,1778374800,0.01,0.08,0.045,,53,1180.74,1080.74
KXNBA1HSPREAD-26MAY09DETCLE-DET17,KXNBA1HSPREAD-26MAY09DETCLE,KXNBA1HSPREAD,spread,Will Detroit win the 1H by over 17.5 points?,Detroit wins the 1H by over 17.5 points,Detroit wins the 1H by over 17.5 points,no,0,finalized,2026-05-08T06:17:00Z,2026-05-09T20:28:33Z,2026-05-09T22:00:00Z,,1778355000,expected_expiration-150m,1778355000,0.0,0.02,0.01,,35,562.42,562.42
KXNBA1HSPREAD-26MAY09OKCLAL-OKC24,KXNBA1HSPREAD-26MAY09OKCLAL,KXNBA1HSPREAD,spread,Will Oklahoma City win the 1H by over 24.5 points?,Oklahoma City wins the 1H by over 24.5 points,Oklahoma City wins the 1H by over 24.5 points,no,0,finalized,2026-05-08T06:17:00Z,2026-05-10T01:39:53Z,2026-05-10T03:30:00Z,,1778374800,expected_expiration-150m,1778374800,0.0,0.03,0.015,,40,1497.90,1497.90
KXNBA1HSPREAD-26MAY09OKCLAL-OKC9,KXNBA1HSPREAD-26MAY09OKCLAL,KXNBA1HSPREAD,spread,Will Oklahoma City win the 1H by over 9.5 points?,Oklahoma City wins the 1H by over 9.5 points,Oklahoma City wins the 1H by over 9.5 points,no,0,finalized,2026-05-08T05:35:00Z,2026-05-10T01:39:51Z,2026-05-10T03:30:00Z,,1778374800,expected_expiration-150m,1778374800,0.43,0.46,0.445,0.43,61,34834.30,17213.17
KXNBA1HSPREAD-26MAY09OKCLAL-OKC6,KXNBA1HSPREAD-26MAY09OKCLAL,KXNBA1HSPREAD,spread,Will Oklahoma City win the 1H by over 6.5 points?,Oklahoma City wins the 1H by over 6.5 points,Oklahoma City wins the 1H by over 6.5 points,no,0,finalized,2026-05-08T05:35:00Z,2026-05-10T01:39:50Z,2026-05-10T03:30:00Z,,1778374800,expected_expiration-150m,1778374800,0.56,0.58,0.5700000000000001,0.57,90,103091.90,55104.56
KXNBA1HSPREAD-26MAY09OKCLAL-OKC3,KXNBA1HSPREAD-26MAY09OKCLAL,KXNBA1HSPREAD,spread,Will Oklahoma City win the 1H by over 3.5 points?,Oklahoma City wins the 1H by over 3.5 points,Oklahoma City wins the 1H by over 3.5 points,no,0,finalized,2026-05-08T05:35:00Z,2026-05-10T01:39:50Z,2026-05-10T03:30:00Z,,1778374800,expected_expiration-150m,1778374800,0.71,0.72,0.715,0.72,106,248728.21,134671.37
KXNBA1HSPREAD-26MAY09OKCLAL-OKC18,KXNBA1HSPREAD-26MAY09OKCLAL,KXNBA1HSPREAD,spread,Will Oklahoma City win the 1H by over 18.5 points?,Oklahoma City wins the 1H by over 18.5 points,Oklahoma City wins the 1H by over 18.5 points,no,0,finalized,2026-05-08T05:35:00Z,2026-05-10T01:39:52Z,2026-05-10T03:30:00Z,,1778374800,expected_expiration-150m,1778374800,0.09,0.17,0.13,,52,1459.59,1459.59
KXNBA1HSPREAD-26MAY09OKCLAL-OKC15,KXNBA1HSPREAD-26MAY09OKCLAL,KXNBA1HSPREAD,spread,Will Oklahoma City win the 1H by over 15.5 points?,Oklahoma City wins the 1H by over 15.5 points,Oklahoma City wins the 1H by over 15.5 points,no,0,finalized,2026-05-08T05:35:00Z,2026-05-10T01:39:52Z,2026-05-10T03:30:00Z,,1778374800,expected_expiration-150m,1778374800,0.16,0.17,0.165,,58,6312.08,6102.77
KXNBA1HSPREAD-26MAY09OKCLAL-OKC12,KXNBA1HSPREAD-26MAY09OKCLAL,KXNBA1HSPREAD,spread,Will Oklahoma City win the 1H by over 12.5 points?,Oklahoma City wins the 1H by over 12.5 points,Oklahoma City wins the 1H by over 12.5 points,no,0,finalized,2026-05-08T05:35:00Z,2026-05-10T01:39:51Z,2026-05-10T03:30:00Z,,1778374800,expected_expiration-150m,1778374800,0.31,0.34,0.325,0.34,63,9484.06,6648.88
KXNBA1HSPREAD-26MAY09OKCLAL-LAL9,KXNBA1HSPREAD-26MAY09OKCLAL,KXNBA1HSPREAD,spread,Will Los Angeles L win the 1H by over 9.5 points?,Los Angeles L wins the 1H by over 9.5 points,Los Angeles L wins the 1H by over 9.5 points,no,0,finalized,2026-05-08T05:35:00Z,2026-05-10T01:39:49Z,2026-05-10T03:30:00Z,,1778374800,expected_expiration-150m,1778374800,0.02,0.04,0.03,0.02,49,1908.04,1888.04
KXNBA1HSPREAD-26MAY09OKCLAL-LAL6,KXNBA1HSPREAD-26MAY09OKCLAL,KXNBA1HSPREAD,spread,Will Los Angeles L win the 1H by over 6.5 points?,Los Angeles L wins the 1H by over 6.5 points,Los Angeles L wins the 1H by over 6.5 points,no,0,finalized,2026-05-08T05:35:00Z,2026-05-10T01:39:49Z,2026-05-10T03:30:00Z,,1778374800,expected_expiration-150m,1778374800,0.02,0.07,0.045000000000000005,0.02,64,9748.04,8056.49
KXNBA1HSPREAD-26MAY09OKCLAL-LAL3,KXNBA1HSPREAD-26MAY09OKCLAL,KXNBA1HSPREAD,spread,Will Los Angeles L win the 1H by over 3.5 points?,Los Angeles L wins the 1H by over 3.5 points,Los Angeles L wins the 1H by over 3.5 points,no,0,finalized,2026-05-08T05:35:00Z,2026-05-10T01:39:50Z,2026-05-10T03:30:00Z,,1778374800,expected_expiration-150m,1778374800,0.08,0.12,0.1,0.1,87,59791.04,42004.50
KXNBA1HSPREAD-26MAY09OKCLAL-LAL12,KXNBA1HSPREAD-26MAY09OKCLAL,KXNBA1HSPREAD,spread,Will Los Angeles L win the 1H by over 12.5 points?,Los Angeles L wins the 1H by over 12.5 points,Los Angeles L wins the 1H by over 12.5 points,no,0,finalized,2026-05-08T05:35:00Z,2026-05-10T01:39:49Z,2026-05-10T03:30:00Z,,1778374800,expected_expiration-150m,1778374680,0.01,0.02,0.015,,38,679.36,619.36
KXNBA1HSPREAD-26MAY09DETCLE-DET8,KXNBA1HSPREAD-26MAY09DETCLE,KXNBA1HSPREAD,spread,Will Detroit win the 1H by over 8.5 points?,Detroit wins the 1H by over 8.5 points,Detroit wins the 1H by over 8.5 points,no,0,finalized,2026-05-08T05:35:00Z,2026-05-09T20:28:33Z,2026-05-09T22:00:00Z,,1778355000,expected_expiration-150m,1778355000,0.1,0.12,0.11,0.11,59,3191.27,1762.71
KXNBA1HSPREAD-26MAY09DETCLE-DET5,KXNBA1HSPREAD-26MAY09DETCLE,KXNBA1HSPREAD,spread,Will Detroit win the 1H by over 5.5 points?,Detroit wins the 1H by over 5.5 points,Detroit wins the 1H by over 5.5 points,no,0,finalized,2026-05-08T05:35:00Z,2026-05-09T20:28:32Z,2026-05-09T22:00:00Z,,1778355000,expected_expiration-150m,1778355000,0.21,0.22,0.215,0.22,62,19541.36,13912.46
KXNBA1HSPREAD-26MAY09DETCLE-DET2,KXNBA1HSPREAD-26MAY09DETCLE,KXNBA1HSPREAD,spread,Will Detroit win the 1H by over 2.5 points?,Detroit wins the 1H by over 2.5 points,Detroit wins the 1H by over 2.5 points,no,0,finalized,2026-05-08T05:35:00Z,2026-05-09T20:28:32Z,2026-05-09T22:00:00Z,,1778355000,expected_expiration-150m,1778355000,0.3,0.33,0.315,0.33,85,111818.58,74480.46
KXNBA1HSPREAD-26MAY09DETCLE-DET11,KXNBA1HSPREAD-26MAY09DETCLE,KXNBA1HSPREAD,spread,Will Detroit win the 1H by over 11.5 points?,Detroit wins the 1H by over 11.5 points,Detroit wins the 1H by over 11.5 points,no,0,finalized,2026-05-08T05:35:00Z,2026-05-09T20:28:33Z,2026-05-09T22:00:00Z,,1778355000,expected_expiration-150m,1778355000,0.0,0.07,0.035,,50,2417.17,2406.17
KXNBA1HSPREAD-26MAY09DETCLE-CLE7,KXNBA1HSPREAD-26MAY09DETCLE,KXNBA1HSPREAD,spread,Will Cleveland win the 1H by over 7.5 points?,Cleveland wins the 1H by over 7.5 points,Cleveland wins the 1H by over 7.5 points,yes,1,finalized,2026-05-08T05:35:00Z,2026-05-09T20:28:32Z,2026-05-09T22:00:00Z,,1778355000,expected_expiration-150m,1778355000,0.28,0.3,0.29000000000000004,,81,40434.54,20774.93
KXNBA1HSPREAD-26MAY09DETCLE-CLE4,KXNBA1HSPREAD-26MAY09DETCLE,KXNBA1HSPREAD,spread,Will Cleveland win the 1H by over 4.5 points?,Cleveland wins the 1H by over 4.5 points,Cleveland wins the 1H by over 4.5 points,yes,1,finalized,2026-05-08T05:35:00Z,2026-05-09T20:28:32Z,2026-05-09T22:00:00Z,,1778355000,expected_expiration-150m,1778355000,0.42,0.44,0.43,0.44,102,139915.41,73053.62
KXNBA1HSPREAD-26MAY09DETCLE-CLE19,KXNBA1HSPREAD-26MAY09DETCLE,KXNBA1HSPREAD,spread,Will Cleveland win the 1H by over 19.5 points?,Cleveland wins the 1H by over 19.5 points,Cleveland wins the 1H by over 19.5 points,no,0,finalized,2026-05-08T05:35:00Z,2026-05-09T20:28:31Z,2026-05-09T22:00:00Z,,1778355000,expected_expiration-150m,1778355000,0.0,0.05,0.025,,28,4833.25,4833.25
KXNBA1HSPREAD-26MAY09DETCLE-CLE16,KXNBA1HSPREAD-26MAY09DETCLE,KXNBA1HSPREAD,spread,Will Cleveland win the 1H by over 16.5 points?,Cleveland wins the 1H by over 16.5 points,Cleveland wins the 1H by over 16.5 points,no,0,finalized,2026-05-08T05:35:00Z,2026-05-09T20:28:31Z,2026-05-09T22:00:00Z,,1778355000,expected_expiration-150m,1778355000,0.0,0.06,0.03,,35,1482.40,840.84
KXNBA1HSPREAD-26MAY09DETCLE-CLE13,KXNBA1HSPREAD-26MAY09DETCLE,KXNBA1HSPREAD,spread,Will Cleveland win the 1H by over 13.5 points?,Cleveland wins the 1H by over 13.5 points,Cleveland wins the 1H by over 13.5 points,yes,1,finalized,2026-05-08T05:35:00Z,2026-05-09T20:28:31Z,2026-05-09T22:00:00Z,,1778355000,expected_expiration-150m,1778355000,0.08,0.1,0.09,0.09,50,6658.88,4040.09
KXNBA1HSPREAD-26MAY09DETCLE-CLE10,KXNBA1HSPREAD-26MAY09DETCLE,KXNBA1HSPREAD,spread,Will Cleveland win the 1H by over 10.5 points?,Cleveland wins the 1H by over 10.5 points,Cleveland wins the 1H by over 10.5 points,yes,1,finalized,2026-05-08T05:35:00Z,2026-05-09T20:28:31Z,2026-05-09T22:00:00Z,,1778355000,expected_expiration-150m,1778355000,0.18,0.22,0.2,,57,28147.29,12156.67
KXNBA1HSPREAD-26MAY09DETCLE-CLE1,KXNBA1HSPREAD-26MAY09DETCLE,KXNBA1HSPREAD,spread,Will Cleveland win the 1H by over 1.5 points?,Cleveland wins the 1H by over 1.5 points,Cleveland wins the 1H by over 1.5 points,yes,1,finalized,2026-05-08T05:35:00Z,2026-05-09T20:28:32Z,2026-05-09T22:00:00Z,,1778355000,expected_expiration-150m,1778355000,0.55,0.57,0.56,0.57,101,107493.19,62591.71
KXNBA1HSPREAD-26MAY08SASMIN-SAS22,KXNBA1HSPREAD-26MAY08SASMIN,KXNBA1HSPREAD,spread,Will San Antonio win the 1H by over 22.5 points?,San Antonio wins the 1H by over 22.5 points,San Antonio wins the 1H by over 22.5 points,no,0,finalized,2026-05-08T01:17:00Z,2026-05-09T02:59:59Z,2026-05-09T04:30:00Z,,1778292000,expected_expiration-150m,1778292000,0.0,0.34,0.17,,42,14545.94,9981.27
KXNBA1HSPREAD-26MAY08SASMIN-SAS19,KXNBA1HSPREAD-26MAY08SASMIN,KXNBA1HSPREAD,spread,Will San Antonio win the 1H by over 19.5 points?,San Antonio wins the 1H by over 19.5 points,San Antonio wins the 1H by over 19.5 points,no,0,finalized,2026-05-08T01:17:00Z,2026-05-09T02:59:58Z,2026-05-09T04:30:00Z,,1778292000,expected_expiration-150m,1778292000,0.02,0.54,0.28,0.54,38,4061.34,3619.34
KXNBA1HSPREAD-26MAY08SASMIN-SAS16,KXNBA1HSPREAD-26MAY08SASMIN,KXNBA1HSPREAD,spread,Will San Antonio win the 1H by over 16.5 points?,San Antonio wins the 1H by over 16.5 points,San Antonio wins the 1H by over 16.5 points,no,0,finalized,2026-05-08T01:17:00Z,2026-05-09T02:59:58Z,2026-05-09T04:30:00Z,,1778292000,expected_expiration-150m,1778292000,0.05,0.35,0.19999999999999998,,47,2086.63,1245.07
KXNBA1HSPREAD-26MAY08SASMIN-MIN20,KXNBA1HSPREAD-26MAY08SASMIN,KXNBA1HSPREAD,spread,Will Minnesota win the 1H by over 20.5 points?,Minnesota wins the 1H by over 20.5 points,Minnesota wins the 1H by over 20.5 points,no,0,finalized,2026-05-08T01:17:00Z,2026-05-09T02:59:53Z,2026-05-09T04:30:00Z,,1778292000,expected_expiration-150m,1778292000,0.0,0.13,0.065,,36,33.68,33.68
KXNBA1HSPREAD-26MAY08NYKPHI-PHI22,KXNBA1HSPREAD-26MAY08NYKPHI,KXNBA1HSPREAD,spread,Will Philadelphia win the 1H by over 22.5 points?,Philadelphia wins the 1H by over 22.5 points,Philadelphia wins the 1H by over 22.5 points,no,0,finalized,2026-05-08T00:17:00Z,2026-05-09T00:19:50Z,2026-05-09T02:00:00Z,,1778283000,expected_expiration-150m,1778283000,0.02,0.03,0.025,0.03,44,433.59,433.59
KXNBA1HSPREAD-26MAY08NYKPHI-PHI19,KXNBA1HSPREAD-26MAY08NYKPHI,KXNBA1HSPREAD,spread,Will Philadelphia win the 1H by over 19.5 points?,Philadelphia wins the 1H by over 19.5 points,Philadelphia wins the 1H by over 19.5 points,no,0,finalized,2026-05-08T00:17:00Z,2026-05-09T00:19:50Z,2026-05-09T02:00:00Z,,1778283000,expected_expiration-150m,1778282880,0.06,0.09,0.075,,48,1457.41,1446.41
KXNBA1HSPREAD-26MAY08NYKPHI-PHI16,KXNBA1HSPREAD-26MAY08NYKPHI,KXNBA1HSPREAD,spread,Will Philadelphia win the 1H by over 16.5 points?,Philadelphia wins the 1H by over 16.5 points,Philadelphia wins the 1H by over 16.5 points,no,0,finalized,2026-05-08T00:17:00Z,2026-05-09T00:19:50Z,2026-05-09T02:00:00Z,,1778283000,expected_expiration-150m,1778283000,0.11,0.14,0.125,,46,2732.84,2633.91
KXNBA1HSPREAD-26MAY08NYKPHI-NYK20,KXNBA1HSPREAD-26MAY08NYKPHI,KXNBA1HSPREAD,spread,Will New York win the 1H by over 20.5 points?,New York wins the 1H by over 20.5 points,New York wins the 1H by over 20.5 points,no,0,finalized,2026-05-08T00:17:00Z,2026-05-09T00:19:55Z,2026-05-09T02:00:00Z,,1778283000,expected_expiration-150m,1778282940,0.0,0.01,0.005,,31,2422.48,2422.48
KXNBA1HSPREAD-26MAY07LALOKC-OKC30,KXNBA1HSPREAD-26MAY07LALOKC,KXNBA1HSPREAD,spread,Will Oklahoma City win the 1H by over 30.5 points?,Oklahoma City wins the 1H by over 30.5 points,Oklahoma City wins the 1H by over 30.5 points,no,0,finalized,2026-05-07T23:00:00Z,2026-05-08T02:45:34Z,2026-05-08T04:30:00Z,,1778205600,expected_expiration-150m,1778205600,0.0,0.19,0.095,,26,0.00,0.00
KXNBA1HSPREAD-26MAY08SASMIN-SAS7,KXNBA1HSPREAD-26MAY08SASMIN,KXNBA1HSPREAD,spread,Will San Antonio win the 1H by over 7.5 points?,San Antonio wins the 1H by over 7.5 points,San Antonio wins the 1H by over 7.5 points,no,0,finalized,2026-05-07T08:35:00Z,2026-05-09T02:59:57Z,2026-05-09T04:30:00Z,,1778292000,expected_expiration-150m,1778292000,0.62,0.64,0.63,0.68,67,61514.40,28604.76
KXNBA1HSPREAD-26MAY08SASMIN-SAS4,KXNBA1HSPREAD-26MAY08SASMIN,KXNBA1HSPREAD,spread,Will San Antonio win the 1H by over 4.5 points?,San Antonio wins the 1H by over 4.5 points,San Antonio wins the 1H by over 4.5 points,no,0,finalized,2026-05-07T08:35:00Z,2026-05-09T02:59:57Z,2026-05-09T04:30:00Z,,1778292000,expected_expiration-150m,1778292000,0.61,0.82,0.715,0.82,84,153319.85,73247.59
KXNBA1HSPREAD-26MAY08SASMIN-SAS13,KXNBA1HSPREAD-26MAY08SASMIN,KXNBA1HSPREAD,spread,Will San Antonio win the 1H by over 13.5 points?,San Antonio wins the 1H by over 13.5 points,San Antonio wins the 1H by over 13.5 points,no,0,finalized,2026-05-07T08:35:00Z,2026-05-09T02:59:58Z,2026-05-09T04:30:00Z,,1778292000,expected_expiration-150m,1778292000,0.14,0.71,0.425,,52,19717.85,10602.78
KXNBA1HSPREAD-26MAY08SASMIN-SAS10,KXNBA1HSPREAD-26MAY08SASMIN,KXNBA1HSPREAD,spread,Will San Antonio win the 1H by over 10.5 points?,San Antonio wins the 1H by over 10.5 points,San Antonio wins the 1H by over 10.5 points,no,0,finalized,2026-05-07T08:35:00Z,2026-05-09T02:59:57Z,2026-05-09T04:30:00Z,,1778292000,expected_expiration-150m,1778292000,0.43,0.52,0.475,0.39,44,48914.61,22845.81
KXNBA1HSPREAD-26MAY08SASMIN-SAS1,KXNBA1HSPREAD-26MAY08SASMIN,KXNBA1HSPREAD,spread,Will San Antonio win the 1H by over 1.5 points?,San Antonio wins the 1H by over 1.5 points,San Antonio wins the 1H by over 1.5 points,no,0,finalized,2026-05-07T08:35:00Z,2026-05-09T02:59:56Z,2026-05-09T04:30:00Z,,1778292000,expected_expiration-150m,1778292000,0.83,0.87,0.85,0.82,99,232940.61,125224.78
KXNBA1HSPREAD-26MAY08SASMIN-MIN8,KXNBA1HSPREAD-26MAY08SASMIN,KXNBA1HSPREAD,spread,Will Minnesota win the 1H by over 8.5 points?,Minnesota wins the 1H by over 8.5 points,Minnesota wins the 1H by over 8.5 points,no,0,finalized,2026-05-07T08:35:00Z,2026-05-09T02:59:55Z,2026-05-09T04:30:00Z,,1778292000,expected_expiration-150m,1778292000,0.0,0.27,0.135,,43,5023.27,3721.06
KXNBA1HSPREAD-26MAY08SASMIN-MIN5,KXNBA1HSPREAD-26MAY08SASMIN,KXNBA1HSPREAD,spread,Will Minnesota win the 1H by over 5.5 points?,Minnesota wins the 1H by over 5.5 points,Minnesota wins the 1H by over 5.5 points,no,0,finalized,2026-05-07T08:35:00Z,2026-05-09T02:59:55Z,2026-05-09T04:30:00Z,,1778292000,expected_expiration-150m,1778292000,0.0,0.38,0.19,,45,3898.86,3013.58
KXNBA1HSPREAD-26MAY08SASMIN-MIN2,KXNBA1HSPREAD-26MAY08SASMIN,KXNBA1HSPREAD,spread,Will Minnesota win the 1H by over 2.5 points?,Minnesota wins the 1H by over 2.5 points,Minnesota wins the 1H by over 2.5 points,no,0,finalized,2026-05-07T08:35:00Z,2026-05-09T02:59:56Z,2026-05-09T04:30:00Z,,1778292000,expected_expiration-150m,1778292000,0.02,0.14,0.08,0.14,68,53128.53,30665.69
KXNBA1HSPREAD-26MAY08SASMIN-MIN17,KXNBA1HSPREAD-26MAY08SASMIN,KXNBA1HSPREAD,spread,Will Minnesota win the 1H by over 17.5 points?,Minnesota wins the 1H by over 17.5 points,Minnesota wins the 1H by over 17.5 points,no,0,finalized,2026-05-07T08:35:00Z,2026-05-09T02:59:53Z,2026-05-09T04:30:00Z,,1778292000,expected_expiration-150m,1778292000,0.0,0.13,0.065,,37,206.00,206.00
KXNBA1HSPREAD-26MAY08SASMIN-MIN14,KXNBA1HSPREAD-26MAY08SASMIN,KXNBA1HSPREAD,spread,Will Minnesota win the 1H by over 14.5 points?,Minnesota wins the 1H by over 14.5 points,Minnesota wins the 1H by over 14.5 points,no,0,finalized,2026-05-07T08:35:00Z,2026-05-09T02:59:54Z,2026-05-09T04:30:00Z,,1778292000,expected_expiration-150m,1778292000,0.0,0.13,0.065,,38,337.68,337.68
KXNBA1HSPREAD-26MAY08SASMIN-MIN11,KXNBA1HSPREAD-26MAY08SASMIN,KXNBA1HSPREAD,spread,Will Minnesota win the 1H by over 11.5 points?,Minnesota wins the 1H by over 11.5 points,Minnesota wins the 1H by over 11.5 points,no,0,finalized,2026-05-07T08:35:00Z,2026-05-09T02:59:54Z,2026-05-09T04:30:00Z,,1778292000,expected_expiration-150m,1778292000,0.0,0.15,0.075,,41,992.06,992.06
KXNBA1HSPREAD-26MAY08NYKPHI-PHI7,KXNBA1HSPREAD-26MAY08NYKPHI,KXNBA1HSPREAD,spread,Will Philadelphia win the 1H by over 7.5 points?,Philadelphia wins the 1H by over 7.5 points,Philadelphia wins the 1H by over 7.5 points,no,0,finalized,2026-05-07T03:35:00Z,2026-05-09T00:19:52Z,2026-05-09T02:00:00Z,,1778283000,expected_expiration-150m,1778283000,0.47,0.48,0.475,0.47,73,60252.84,24845.80
KXNBA1HSPREAD-26MAY08NYKPHI-PHI4,KXNBA1HSPREAD-26MAY08NYKPHI,KXNBA1HSPREAD,spread,Will Philadelphia win the 1H by over 4.5 points?,Philadelphia wins the 1H by over 4.5 points,Philadelphia wins the 1H by over 4.5 points,no,0,finalized,2026-05-07T03:35:00Z,2026-05-09T00:19:52Z,2026-05-09T02:00:00Z,,1778283000,expected_expiration-150m,1778283000,0.61,0.63,0.62,0.6,89,88935.78,57399.16
KXNBA1HSPREAD-26MAY08NYKPHI-PHI13,KXNBA1HSPREAD-26MAY08NYKPHI,KXNBA1HSPREAD,spread,Will Philadelphia win the 1H by over 13.5 points?,Philadelphia wins the 1H by over 13.5 points,Philadelphia wins the 1H by over 13.5 points,no,0,finalized,2026-05-07T03:35:00Z,2026-05-09T00:19:51Z,2026-05-09T02:00:00Z,,1778283000,expected_expiration-150m,1778283000,0.21,0.26,0.235,,53,3729.72,2619.62
KXNBA1HSPREAD-26MAY08NYKPHI-PHI10,KXNBA1HSPREAD-26MAY08NYKPHI,KXNBA1HSPREAD,spread,Will Philadelphia win the 1H by over 10.5 points?,Philadelphia wins the 1H by over 10.5 points,Philadelphia wins the 1H by over 10.5 points,no,0,finalized,2026-05-07T03:35:00Z,2026-05-09T00:19:51Z,2026-05-09T02:00:00Z,,1778283000,expected_expiration-150m,1778283000,0.33,0.36,0.345,,61,18300.61,8177.67
KXNBA1HSPREAD-26MAY08NYKPHI-PHI1,KXNBA1HSPREAD-26MAY08NYKPHI,KXNBA1HSPREAD,spread,Will Philadelphia win the 1H by over 1.5 points?,Philadelphia wins the 1H by over 1.5 points,Philadelphia wins the 1H by over 1.5 points,no,0,finalized,2026-05-07T03:35:00Z,2026-05-09T00:19:52Z,2026-05-09T02:00:00Z,,1778283000,expected_expiration-150m,1778283000,0.75,0.77,0.76,0.77,108,155264.47,101214.38
KXNBA1HSPREAD-26MAY08NYKPHI-NYK8,KXNBA1HSPREAD-26MAY08NYKPHI,KXNBA1HSPREAD,spread,Will New York win the 1H by over 8.5 points?,New York wins the 1H by over 8.5 points,New York wins the 1H by over 8.5 points,no,0,finalized,2026-05-07T03:35:00Z,2026-05-09T00:19:53Z,2026-05-09T02:00:00Z,,1778283000,expected_expiration-150m,1778282940,0.02,0.06,0.04,,51,43724.84,24852.62
KXNBA1HSPREAD-26MAY08NYKPHI-NYK5,KXNBA1HSPREAD-26MAY08NYKPHI,KXNBA1HSPREAD,spread,Will New York win the 1H by over 5.5 points?,New York wins the 1H by over 5.5 points,New York wins the 1H by over 5.5 points,yes,1,finalized,2026-05-07T03:35:00Z,2026-05-09T00:19:53Z,2026-05-09T02:00:00Z,,1778283000,expected_expiration-150m,1778282940,0.05,0.1,0.07500000000000001,,69,74132.50,24541.79
KXNBA1HSPREAD-26MAY08NYKPHI-NYK2,KXNBA1HSPREAD-26MAY08NYKPHI,KXNBA1HSPREAD,spread,Will New York win the 1H by over 2.5 points?,New York wins the 1H by over 2.5 points,New York wins the 1H by over 2.5 points,yes,1,finalized,2026-05-07T03:35:00Z,2026-05-09T00:19:53Z,2026-05-09T02:00:00Z,,1778283000,expected_expiration-150m,1778283000,0.11,0.14,0.125,0.13,91,100854.73,53695.34
KXNBA1HSPREAD-26MAY08NYKPHI-NYK17,KXNBA1HSPREAD-26MAY08NYKPHI,KXNBA1HSPREAD,spread,Will New York win the 1H by over 17.5 points?,New York wins the 1H by over 17.5 points,New York wins the 1H by over 17.5 points,no,0,finalized,2026-05-07T03:35:00Z,2026-05-09T00:19:54Z,2026-05-09T02:00:00Z,,1778283000,expected_expiration-150m,1778282940,0.0,0.01,0.005,,37,6873.35,5983.35
KXNBA1HSPREAD-26MAY08NYKPHI-NYK14,KXNBA1HSPREAD-26MAY08NYKPHI,KXNBA1HSPREAD,spread,Will New York win the 1H by over 14.5 points?,New York wins the 1H by over 14.5 points,New York wins the 1H by over 14.5 points,no,0,finalized,2026-05-07T03:35:00Z,2026-05-09T00:19:54Z,2026-05-09T02:00:00Z,,1778283000,expected_expiration-150m,1778283000,0.0,0.01,0.005,,45,9823.87,7903.52
KXNBA1HSPREAD-26MAY08NYKPHI-NYK11,KXNBA1HSPREAD-26MAY08NYKPHI,KXNBA1HSPREAD,spread,Will New York win the 1H by over 11.5 points?,New York wins the 1H by over 11.5 points,New York wins the 1H by over 11.5 points,no,0,finalized,2026-05-07T03:35:00Z,2026-05-09T00:19:54Z,2026-05-09T02:00:00Z,,1778283000,expected_expiration-150m,1778282940,0.0,0.02,0.01,0.03,49,30849.00,16430.60
KXNBA1HSPREAD-26MAY07LALOKC-OKC27,KXNBA1HSPREAD-26MAY07LALOKC,KXNBA1HSPREAD,spread,Will Oklahoma City win the 1H by over 27.5 points?,Oklahoma City wins the 1H by over 27.5 points,Oklahoma City wins the 1H by over 27.5 points,no,0,finalized,2026-05-06T21:10:00Z,2026-05-08T02:45:35Z,2026-05-08T04:30:00Z,,1778205600,expected_expiration-150m,1778205600,0.0,0.02,0.01,,47,1886.68,1653.68
KXNBA1HSPREAD-26MAY07LALOKC-OKC24,KXNBA1HSPREAD-26MAY07LALOKC,KXNBA1HSPREAD,spread,Will Oklahoma City win the 1H by over 24.5 points?,Oklahoma City wins the 1H by over 24.5 points,Oklahoma City wins the 1H by over 24.5 points,no,0,finalized,2026-05-06T21:10:00Z,2026-05-08T02:45:35Z,2026-05-08T04:30:00Z,,1778205600,expected_expiration-150m,1778205600,0.0,0.04,0.02,,36,941.25,941.25
KXNBA1HSPREAD-26MAY07LALOKC-OKC21,KXNBA1HSPREAD-26MAY07LALOKC,KXNBA1HSPREAD,spread,Will Oklahoma City win the 1H by over 21.5 points?,Oklahoma City wins the 1H by over 21.5 points,Oklahoma City wins the 1H by over 21.5 points,no,0,finalized,2026-05-06T21:10:00Z,2026-05-08T02:45:35Z,2026-05-08T04:30:00Z,,1778205600,expected_expiration-150m,1778205600,0.06,0.12,0.09,,49,5811.80,4901.69
KXNBA1HSPREAD-26MAY07LALOKC-OKC18,KXNBA1HSPREAD-26MAY07LALOKC,KXNBA1HSPREAD,spread,Will Oklahoma City win the 1H by over 18.5 points?,Oklahoma City wins the 1H by over 18.5 points,Oklahoma City wins the 1H by over 18.5 points,no,0,finalized,2026-05-06T21:10:00Z,2026-05-08T02:45:35Z,2026-05-08T04:30:00Z,,1778205600,expected_expiration-150m,1778205600,0.12,0.17,0.14500000000000002,0.19,47,16141.03,11420.12
KXNBA1HSPREAD-26MAY07LALOKC-OKC15,KXNBA1HSPREAD-26MAY07LALOKC,KXNBA1HSPREAD,spread,Will Oklahoma City win the 1H by over 15.5 points?,Oklahoma City wins the 1H by over 15.5 points,Oklahoma City wins the 1H by over 15.5 points,no,0,finalized,2026-05-06T21:10:00Z,2026-05-08T02:45:35Z,2026-05-08T04:30:00Z,,1778205600,expected_expiration-150m,1778205600,0.21,0.27,0.24,0.3,63,24466.93,12632.33
KXNBA1HSPREAD-26MAY07LALOKC-OKC12,KXNBA1HSPREAD-26MAY07LALOKC,KXNBA1HSPREAD,spread,Will Oklahoma City win the 1H by over 12.5 points?,Oklahoma City wins the 1H by over 12.5 points,Oklahoma City wins the 1H by over 12.5 points,no,0,finalized,2026-05-06T21:10:00Z,2026-05-08T02:45:36Z,2026-05-08T04:30:00Z,,1778205600,expected_expiration-150m,1778205600,0.35,0.36,0.355,0.34,72,119285.85,52342.91
KXNBA1HSPREAD-26MAY07LALOKC-OKC9,KXNBA1HSPREAD-26MAY07LALOKC,KXNBA1HSPREAD,spread,Will Oklahoma City win the 1H by over 9.5 points?,Oklahoma City wins the 1H by over 9.5 points,Oklahoma City wins the 1H by over 9.5 points,no,0,finalized,2026-05-06T21:10:00Z,2026-05-08T02:45:36Z,2026-05-08T04:30:00Z,,1778205600,expected_expiration-150m,1778205600,0.48,0.5,0.49,0.48,102,357220.59,161078.93
KXNBA1HSPREAD-26MAY07LALOKC-OKC6,KXNBA1HSPREAD-26MAY07LALOKC,KXNBA1HSPREAD,spread,Will Oklahoma City win the 1H by over 6.5 points?,Oklahoma City wins the 1H by over 6.5 points,Oklahoma City wins the 1H by over 6.5 points,no,0,finalized,2026-05-06T07:35:00Z,2026-05-08T02:45:36Z,2026-05-08T04:30:00Z,,1778205600,expected_expiration-150m,1778205600,0.62,0.65,0.635,0.62,88,165353.58,89674.04
KXNBA1HSPREAD-26MAY07LALOKC-OKC3,KXNBA1HSPREAD-26MAY07LALOKC,KXNBA1HSPREAD,spread,Will Oklahoma City win the 1H by over 3.5 points?,Oklahoma City wins the 1H by over 3.5 points,Oklahoma City wins the 1H by over 3.5 points,no,0,finalized,2026-05-06T07:35:00Z,2026-05-08T02:45:36Z,2026-05-08T04:30:00Z,,1778205600,expected_expiration-150m,1778205600,0.74,0.77,0.755,0.74,65,68765.28,38897.98
KXNBA1HSPREAD-26MAY07LALOKC-LAL9,KXNBA1HSPREAD-26MAY07LALOKC,KXNBA1HSPREAD,spread,Will Los Angeles L win the 1H by over 9.5 points?,Los Angeles L wins the 1H by over 9.5 points,Los Angeles L wins the 1H by over 9.5 points,no,0,finalized,2026-05-06T07:35:00Z,2026-05-08T02:45:37Z,2026-05-08T04:30:00Z,,1778205600,expected_expiration-150m,1778205600,0.0,0.02,0.01,,46,5020.25,5020.25
KXNBA1HSPREAD-26MAY07LALOKC-LAL6,KXNBA1HSPREAD-26MAY07LALOKC,KXNBA1HSPREAD,spread,Will Los Angeles L win the 1H by over 6.5 points?,Los Angeles L wins the 1H by over 6.5 points,Los Angeles L wins the 1H by over 6.5 points,no,0,finalized,2026-05-06T07:35:00Z,2026-05-08T02:45:37Z,2026-05-08T04:30:00Z,,1778205600,expected_expiration-150m,1778205600,0.02,0.03,0.025,0.04,43,10163.69,9659.93
KXNBA1HSPREAD-26MAY07LALOKC-LAL3,KXNBA1HSPREAD-26MAY07LALOKC,KXNBA1HSPREAD,spread,Will Los Angeles L win the 1H by over 3.5 points?,Los Angeles L wins the 1H by over 3.5 points,Los Angeles L wins the 1H by over 3.5 points,no,0,finalized,2026-05-06T07:35:00Z,2026-05-08T02:45:36Z,2026-05-08T04:30:00Z,,1778205600,expected_expiration-150m,1778205600,0.07,0.1,0.085,0.09,62,54939.82,41570.33
KXNBA1HSPREAD-26MAY07LALOKC-LAL24,KXNBA1HSPREAD-26MAY07LALOKC,KXNBA1HSPREAD,spread,Will Los Angeles L win the 1H by over 24.5 points?,Los Angeles L wins the 1H by over 24.5 points,Los Angeles L wins the 1H by over 24.5 points,no,0,finalized,2026-05-06T07:35:00Z,2026-05-08T02:45:38Z,2026-05-08T04:30:00Z,,1778205600,expected_expiration-150m,1778205540,0.0,0.01,0.005,,29,93.00,93.00
KXNBA1HSPREAD-26MAY07LALOKC-LAL21,KXNBA1HSPREAD-26MAY07LALOKC,KXNBA1HSPREAD,spread,Will Los Angeles L win the 1H by over 21.5 points?,Los Angeles L wins the 1H by over 21.5 points,Los Angeles L wins the 1H by over 21.5 points,no,0,finalized,2026-05-06T07:35:00Z,2026-05-08T02:45:38Z,2026-05-08T04:30:00Z,,1778205600,expected_expiration-150m,1778205540,0.0,0.01,0.005,,31,1114.52,1114.52
KXNBA1HSPREAD-26MAY07LALOKC-LAL18,KXNBA1HSPREAD-26MAY07LALOKC,KXNBA1HSPREAD,spread,Will Los Angeles L win the 1H by over 18.5 points?,Los Angeles L wins the 1H by over 18.5 points,Los Angeles L wins the 1H by over 18.5 points,no,0,finalized,2026-05-06T07:35:00Z,2026-05-08T02:45:37Z,2026-05-08T04:30:00Z,,1778205600,expected_expiration-150m,1778205540,0.0,0.01,0.005,,29,306.37,306.37
KXNBA1HSPREAD-26MAY07LALOKC-LAL15,KXNBA1HSPREAD-26MAY07LALOKC,KXNBA1HSPREAD,spread,Will Los Angeles L win the 1H by over 15.5 points?,Los Angeles L wins the 1H by over 15.5 points,Los Angeles L wins the 1H by over 15.5 points,no,0,finalized,2026-05-06T07:35:00Z,2026-05-08T02:45:37Z,2026-05-08T04:30:00Z,,1778205600,expected_expiration-150m,1778205600,0.0,0.01,0.005,,25,157.33,147.33
KXNBA1HSPREAD-26MAY07LALOKC-LAL12,KXNBA1HSPREAD-26MAY07LALOKC,KXNBA1HSPREAD,spread,Will Los Angeles L win the 1H by over 12.5 points?,Los Angeles L wins the 1H by over 12.5 points,Los Angeles L wins the 1H by over 12.5 points,no,0,finalized,2026-05-06T07:35:00Z,2026-05-08T02:45:37Z,2026-05-08T04:30:00Z,,1778205600,expected_expiration-150m,1778205540,0.0,0.01,0.005,,35,3863.84,3396.25
KXNBA1HSPREAD-26MAY07CLEDET-DET7,KXNBA1HSPREAD-26MAY07CLEDET,KXNBA1HSPREAD,spread,Will Detroit win the 1H by over 7.5 points?,Detroit wins the 1H by over 7.5 points,Detroit wins the 1H by over 7.5 points,yes,1,finalized,2026-05-06T03:35:00Z,2026-05-08T00:14:49Z,2026-05-08T02:00:00Z,,1778196600,expected_expiration-150m,1778196600,0.39,0.41,0.4,0.39,71,119272.67,51466.94
KXNBA1HSPREAD-26MAY07CLEDET-DET4,KXNBA1HSPREAD-26MAY07CLEDET,KXNBA1HSPREAD,spread,Will Detroit win the 1H by over 4.5 points?,Detroit wins the 1H by over 4.5 points,Detroit wins the 1H by over 4.5 points,yes,1,finalized,2026-05-06T03:35:00Z,2026-05-08T00:14:50Z,2026-05-08T02:00:00Z,,1778196600,expected_expiration-150m,1778196600,0.54,0.57,0.5549999999999999,0.57,91,96623.36,44728.22
KXNBA1HSPREAD-26MAY07CLEDET-DET13,KXNBA1HSPREAD-26MAY07CLEDET,KXNBA1HSPREAD,spread,Will Detroit win the 1H by over 13.5 points?,Detroit wins the 1H by over 13.5 points,Detroit wins the 1H by over 13.5 points,no,0,finalized,2026-05-06T03:35:00Z,2026-05-08T00:14:48Z,2026-05-08T02:00:00Z,,1778196600,expected_expiration-150m,1778196600,0.14,0.17,0.15500000000000003,,51,10684.32,8061.52
KXNBA1HSPREAD-26MAY07CLEDET-DET10,KXNBA1HSPREAD-26MAY07CLEDET,KXNBA1HSPREAD,spread,Will Detroit win the 1H by over 10.5 points?,Detroit wins the 1H by over 10.5 points,Detroit wins the 1H by over 10.5 points,yes,1,finalized,2026-05-06T03:35:00Z,2026-05-08T00:14:49Z,2026-05-08T02:00:00Z,,1778196600,expected_expiration-150m,1778196600,0.27,0.29,0.28,0.29,56,54523.14,33184.60
KXNBA1HSPREAD-26MAY07CLEDET-DET1,KXNBA1HSPREAD-26MAY07CLEDET,KXNBA1HSPREAD,spread,Will Detroit win the 1H by over 1.5 points?,Detroit wins the 1H by over 1.5 points,Detroit wins the 1H by over 1.5 points,yes,1,finalized,2026-05-06T03:35:00Z,2026-05-08T00:14:50Z,2026-05-08T02:00:00Z,,1778196600,expected_expiration-150m,1778196600,0.66,0.69,0.675,0.67,108,209763.12,117893.85
KXNBA1HSPREAD-26MAY07CLEDET-CLE8,KXNBA1HSPREAD-26MAY07CLEDET,KXNBA1HSPREAD,spread,Will Cleveland win the 1H by over 8.5 points?,Cleveland wins the 1H by over 8.5 points,Cleveland wins the 1H by over 8.5 points,no,0,finalized,2026-05-06T03:35:00Z,2026-05-08T00:14:52Z,2026-05-08T02:00:00Z,,1778196600,expected_expiration-150m,1778196600,0.04,0.06,0.05,,49,2928.28,1694.73
KXNBA1HSPREAD-26MAY07CLEDET-CLE5,KXNBA1HSPREAD-26MAY07CLEDET,KXNBA1HSPREAD,spread,Will Cleveland win the 1H by over 5.5 points?,Cleveland wins the 1H by over 5.5 points,Cleveland wins the 1H by over 5.5 points,no,0,finalized,2026-05-06T03:35:00Z,2026-05-08T00:14:51Z,2026-05-08T02:00:00Z,,1778196600,expected_expiration-150m,1778196600,0.08,0.14,0.11000000000000001,0.16,67,7171.72,6923.47
KXNBA1HSPREAD-26MAY07CLEDET-CLE2,KXNBA1HSPREAD-26MAY07CLEDET,KXNBA1HSPREAD,spread,Will Cleveland win the 1H by over 2.5 points?,Cleveland wins the 1H by over 2.5 points,Cleveland wins the 1H by over 2.5 points,no,0,finalized,2026-05-06T03:35:00Z,2026-05-08T00:14:51Z,2026-05-08T02:00:00Z,,1778196600,expected_expiration-150m,1778196600,0.17,0.22,0.195,0.22,94,46062.93,41844.65
KXNBA1HSPREAD-26MAY07CLEDET-CLE17,KXNBA1HSPREAD-26MAY07CLEDET,KXNBA1HSPREAD,spread,Will Cleveland win the 1H by over 17.5 points?,Cleveland wins the 1H by over 17.5 points,Cleveland wins the 1H by over 17.5 points,no,0,finalized,2026-05-06T03:35:00Z,2026-05-08T00:14:54Z,2026-05-08T02:00:00Z,,1778196600,expected_expiration-150m,1778196600,0.0,0.01,0.005,,35,473.52,473.52
KXNBA1HSPREAD-26MAY07CLEDET-CLE14,KXNBA1HSPREAD-26MAY07CLEDET,KXNBA1HSPREAD,spread,Will Cleveland win the 1H by over 14.5 points?,Cleveland wins the 1H by over 14.5 points,Cleveland wins the 1H by over 14.5 points,no,0,finalized,2026-05-06T03:35:00Z,2026-05-08T00:14:54Z,2026-05-08T02:00:00Z,,1778196600,expected_expiration-150m,1778196600,0.0,0.02,0.01,,40,311.67,291.67
KXNBA1HSPREAD-26MAY07CLEDET-CLE11,KXNBA1HSPREAD-26MAY07CLEDET,KXNBA1HSPREAD,spread,Will Cleveland win the 1H by over 11.5 points?,Cleveland wins the 1H by over 11.5 points,Cleveland wins the 1H by over 11.5 points,no,0,finalized,2026-05-06T03:35:00Z,2026-05-08T00:14:53Z,2026-05-08T02:00:00Z,,1778196600,expected_expiration-150m,1778196600,0.02,0.03,0.025,0.02,44,3346.44,3346.44
KXNBA1HSPREAD-26MAY06MINSAS-SAS7,KXNBA1HSPREAD-26MAY06MINSAS,KXNBA1HSPREAD,spread,Will San Antonio win the 1H by over 7.5 points?,San Antonio wins the 1H by over 7.5 points,San Antonio wins the 1H by over 7.5 points,yes,1,finalized,2026-05-05T06:35:00Z,2026-05-07T02:50:08Z,2026-05-07T04:30:00Z,,1778119200,expected_expiration-150m,1778119200,0.39,0.42,0.405,0.42,88,197102.58,76655.13
KXNBA1HSPREAD-26MAY06MINSAS-SAS4,KXNBA1HSPREAD-26MAY06MINSAS,KXNBA1HSPREAD,spread,Will San Antonio win the 1H by over 4.5 points?,San Antonio wins the 1H by over 4.5 points,San Antonio wins the 1H by over 4.5 points,yes,1,finalized,2026-05-05T06:35:00Z,2026-05-07T02:50:07Z,2026-05-07T04:30:00Z,,1778119200,expected_expiration-150m,1778119200,0.52,0.53,0.525,0.52,97,177334.99,93070.27
KXNBA1HSPREAD-26MAY06MINSAS-SAS10,KXNBA1HSPREAD-26MAY06MINSAS,KXNBA1HSPREAD,spread,Will San Antonio win the 1H by over 10.5 points?,San Antonio wins the 1H by over 10.5 points,San Antonio wins the 1H by over 10.5 points,yes,1,finalized,2026-05-05T06:35:00Z,2026-05-07T02:50:08Z,2026-05-07T04:30:00Z,,1778119200,expected_expiration-150m,1778119200,0.27,0.29,0.28,,59,141217.43,58312.98
KXNBA1HSPREAD-26MAY06MINSAS-SAS1,KXNBA1HSPREAD-26MAY06MINSAS,KXNBA1HSPREAD,spread,Will San Antonio win the 1H by over 1.5 points?,San Antonio wins the 1H by over 1.5 points,San Antonio wins the 1H by over 1.5 points,yes,1,finalized,2026-05-05T06:35:00Z,2026-05-07T02:50:07Z,2026-05-07T04:30:00Z,,1778119200,expected_expiration-150m,1778119200,0.66,0.68,0.67,0.68,56,65940.20,29671.73
KXNBA1HSPREAD-26MAY06MINSAS-MIN8,KXNBA1HSPREAD-26MAY06MINSAS,KXNBA1HSPREAD,spread,Will Minnesota win the 1H by over 8.5 points?,Minnesota wins the 1H by over 8.5 points,Minnesota wins the 1H by over 8.5 points,no,0,finalized,2026-05-05T06:35:00Z,2026-05-07T02:50:06Z,2026-05-07T04:30:00Z,,1778119200,expected_expiration-150m,1778119200,0.0,0.06,0.03,,37,2493.56,2462.08
KXNBA1HSPREAD-26MAY06MINSAS-MIN5,KXNBA1HSPREAD-26MAY06MINSAS,KXNBA1HSPREAD,spread,Will Minnesota win the 1H by over 5.5 points?,Minnesota wins the 1H by over 5.5 points,Minnesota wins the 1H by over 5.5 points,no,0,finalized,2026-05-05T06:35:00Z,2026-05-07T02:50:07Z,2026-05-07T04:30:00Z,,1778119200,expected_expiration-150m,1778119200,0.12,0.18,0.15,0.11,49,18107.96,16093.84
KXNBA1HSPREAD-26MAY06MINSAS-MIN20,KXNBA1HSPREAD-26MAY06MINSAS,KXNBA1HSPREAD,spread,Will Minnesota win the 1H by over 20.5 points?,Minnesota wins the 1H by over 20.5 points,Minnesota wins the 1H by over 20.5 points,no,0,finalized,2026-05-05T06:35:00Z,2026-05-07T02:50:05Z,2026-05-07T04:30:00Z,,1778119200,expected_expiration-150m,1778119140,0.0,0.01,0.005,,32,463.58,463.58
KXNBA1HSPREAD-26MAY06MINSAS-MIN2,KXNBA1HSPREAD-26MAY06MINSAS,KXNBA1HSPREAD,spread,Will Minnesota win the 1H by over 2.5 points?,Minnesota wins the 1H by over 2.5 points,Minnesota wins the 1H by over 2.5 points,no,0,finalized,2026-05-05T06:35:00Z,2026-05-07T02:50:07Z,2026-05-07T04:30:00Z,,1778119200,expected_expiration-150m,1778119200,0.2,0.25,0.225,0.24,61,16405.00,14241.10
KXNBA1HSPREAD-26MAY06MINSAS-MIN17,KXNBA1HSPREAD-26MAY06MINSAS,KXNBA1HSPREAD,spread,Will Minnesota win the 1H by over 17.5 points?,Minnesota wins the 1H by over 17.5 points,Minnesota wins the 1H by over 17.5 points,no,0,finalized,2026-05-05T06:35:00Z,2026-05-07T02:50:05Z,2026-05-07T04:30:00Z,,1778119200,expected_expiration-150m,1778119140,0.0,0.02,0.01,,32,2048.75,2048.75
KXNBA1HSPREAD-26MAY06MINSAS-MIN14,KXNBA1HSPREAD-26MAY06MINSAS,KXNBA1HSPREAD,spread,Will Minnesota win the 1H by over 14.5 points?,Minnesota wins the 1H by over 14.5 points,Minnesota wins the 1H by over 14.5 points,no,0,finalized,2026-05-05T06:35:00Z,2026-05-07T02:50:06Z,2026-05-07T04:30:00Z,,1778119200,expected_expiration-150m,1778119140,0.0,0.02,0.01,,29,298.28,298.28
KXNBA1HSPREAD-26MAY06MINSAS-MIN11,KXNBA1HSPREAD-26MAY06MINSAS,KXNBA1HSPREAD,spread,Will Minnesota win the 1H by over 11.5 points?,Minnesota wins the 1H by over 11.5 points,Minnesota wins the 1H by over 11.5 points,no,0,finalized,2026-05-05T06:35:00Z,2026-05-07T02:50:06Z,2026-05-07T04:30:00Z,,1778119200,expected_expiration-150m,1778119140,0.0,0.06,0.03,,28,613.33,613.33
KXNBA1HSPREAD-26MAY06PHINYK-PHI8,KXNBA1HSPREAD-26MAY06PHINYK,KXNBA1HSPREAD,spread,Will Philadelphia win the 1H by over 8.5 points?,Philadelphia wins the 1H by over 8.5 points,Philadelphia wins the 1H by over 8.5 points,no,0,finalized,2026-05-05T05:35:00Z,2026-05-07T00:25:33Z,2026-05-07T02:00:00Z,,1778110200,expected_expiration-150m,1778110200,0.04,0.12,0.08,,48,3624.71,3192.70
KXNBA1HSPREAD-26MAY06PHINYK-PHI5,KXNBA1HSPREAD-26MAY06PHINYK,KXNBA1HSPREAD,spread,Will Philadelphia win the 1H by over 5.5 points?,Philadelphia wins the 1H by over 5.5 points,Philadelphia wins the 1H by over 5.5 points,no,0,finalized,2026-05-05T05:35:00Z,2026-05-07T00:25:32Z,2026-05-07T02:00:00Z,,1778110200,expected_expiration-150m,1778110200,0.2,0.23,0.21500000000000002,,50,20582.06,16324.77
KXNBA1HSPREAD-26MAY06PHINYK-PHI20,KXNBA1HSPREAD-26MAY06PHINYK,KXNBA1HSPREAD,spread,Will Philadelphia win the 1H by over 20.5 points?,Philadelphia wins the 1H by over 20.5 points,Philadelphia wins the 1H by over 20.5 points,no,0,finalized,2026-05-05T05:35:00Z,2026-05-07T00:25:33Z,2026-05-07T02:00:00Z,,1778110200,expected_expiration-150m,1778110200,0.0,0.02,0.01,,29,2951.00,2951.00
KXNBA1HSPREAD-26MAY06PHINYK-PHI2,KXNBA1HSPREAD-26MAY06PHINYK,KXNBA1HSPREAD,spread,Will Philadelphia win the 1H by over 2.5 points?,Philadelphia wins the 1H by over 2.5 points,Philadelphia wins the 1H by over 2.5 points,no,0,finalized,2026-05-05T05:35:00Z,2026-05-07T00:25:32Z,2026-05-07T02:00:00Z,,1778110200,expected_expiration-150m,1778110200,0.3,0.33,0.315,0.32,68,84264.90,43602.95
KXNBA1HSPREAD-26MAY06PHINYK-PHI17,KXNBA1HSPREAD-26MAY06PHINYK,KXNBA1HSPREAD,spread,Will Philadelphia win the 1H by over 17.5 points?,Philadelphia wins the 1H by over 17.5 points,Philadelphia wins the 1H by over 17.5 points,no,0,finalized,2026-05-05T05:35:00Z,2026-05-07T00:25:33Z,2026-05-07T02:00:00Z,,1778110200,expected_expiration-150m,1778110200,0.0,0.02,0.01,,25,1418.56,1347.56
KXNBA1HSPREAD-26MAY06PHINYK-PHI14,KXNBA1HSPREAD-26MAY06PHINYK,KXNBA1HSPREAD,spread,Will Philadelphia win the 1H by over 14.5 points?,Philadelphia wins the 1H by over 14.5 points,Philadelphia wins the 1H by over 14.5 points,no,0,finalized,2026-05-05T05:35:00Z,2026-05-07T00:25:33Z,2026-05-07T02:00:00Z,,1778110200,expected_expiration-150m,1778110200,0.0,0.21,0.105,,32,950.74,950.74
KXNBA1HSPREAD-26MAY06PHINYK-PHI11,KXNBA1HSPREAD-26MAY06PHINYK,KXNBA1HSPREAD,spread,Will Philadelphia win the 1H by over 11.5 points?,Philadelphia wins the 1H by over 11.5 points,Philadelphia wins the 1H by over 11.5 points,no,0,finalized,2026-05-05T05:35:00Z,2026-05-07T00:25:33Z,2026-05-07T02:00:00Z,,1778110200,expected_expiration-150m,1778110200,0.0,0.19,0.095,,33,2825.19,2822.19
KXNBA1HSPREAD-26MAY06PHINYK-NYK7,KXNBA1HSPREAD-26MAY06PHINYK,KXNBA1HSPREAD,spread,Will New York win the 1H by over 7.5 points?,New York wins the 1H by over 7.5 points,New York wins the 1H by over 7.5 points,no,0,finalized,2026-05-05T05:35:00Z,2026-05-07T00:25:32Z,2026-05-07T02:00:00Z,,1778110200,expected_expiration-150m,1778110200,0.29,0.32,0.305,0.28,104,150561.61,66245.55
KXNBA1HSPREAD-26MAY06PHINYK-NYK4,KXNBA1HSPREAD-26MAY06PHINYK,KXNBA1HSPREAD,spread,Will New York win the 1H by over 4.5 points?,New York wins the 1H by over 4.5 points,New York wins the 1H by over 4.5 points,no,0,finalized,2026-05-05T05:35:00Z,2026-05-07T00:25:32Z,2026-05-07T02:00:00Z,,1778110200,expected_expiration-150m,1778110200,0.44,0.47,0.45499999999999996,0.44,101,191530.50,103289.06
KXNBA1HSPREAD-26MAY06PHINYK-NYK10,KXNBA1HSPREAD-26MAY06PHINYK,KXNBA1HSPREAD,spread,Will New York win the 1H by over 10.5 points?,New York wins the 1H by over 10.5 points,New York wins the 1H by over 10.5 points,no,0,finalized,2026-05-05T05:35:00Z,2026-05-07T00:25:31Z,2026-05-07T02:00:00Z,,1778110200,expected_expiration-150m,1778110200,0.2,0.22,0.21000000000000002,0.23,89,28248.68,16912.51
KXNBA1HSPREAD-26MAY06PHINYK-NYK1,KXNBA1HSPREAD-26MAY06PHINYK,KXNBA1HSPREAD,spread,Will New York win the 1H by over 1.5 points?,New York wins the 1H by over 1.5 points,New York wins the 1H by over 1.5 points,no,0,finalized,2026-05-05T05:35:00Z,2026-05-07T00:25:32Z,2026-05-07T02:00:00Z,,1778110200,expected_expiration-150m,1778110200,0.6,0.61,0.605,0.61,85,154761.82,70816.21
KXNBA1HSPREAD-26MAY05CLEDET-DET7,KXNBA1HSPREAD-26MAY05CLEDET,KXNBA1HSPREAD,spread,Will Detroit win the 1H by over 7.5 points?,Detroit wins the 1H by over 7.5 points,Detroit wins the 1H by over 7.5 points,yes,1,finalized,2026-05-04T16:35:00Z,2026-05-06T00:13:35Z,2026-05-06T02:00:00Z,,1778023800,expected_expiration-150m,1778023800,0.73,0.74,0.735,0.72,65,48791.90,22970.69
KXNBA1HSPREAD-26MAY05CLEDET-DET4,KXNBA1HSPREAD-26MAY05CLEDET,KXNBA1HSPREAD,spread,Will Detroit win the 1H by over 4.5 points?,Detroit wins the 1H by over 4.5 points,Detroit wins the 1H by over 4.5 points,yes,1,finalized,2026-05-04T16:35:00Z,2026-05-06T00:13:35Z,2026-05-06T02:00:00Z,,1778023800,expected_expiration-150m,1778023800,0.8,0.81,0.805,0.8,73,56002.06,29696.21
KXNBA1HSPREAD-26MAY05CLEDET-DET13,KXNBA1HSPREAD-26MAY05CLEDET,KXNBA1HSPREAD,spread,Will Detroit win the 1H by over 13.5 points?,Detroit wins the 1H by over 13.5 points,Detroit wins the 1H by over 13.5 points,no,0,finalized,2026-05-04T16:35:00Z,2026-05-06T00:13:35Z,2026-05-06T02:00:00Z,,1778023800,expected_expiration-150m,1778023800,0.52,0.57,0.5449999999999999,0.55,54,102856.13,55163.98
KXNBA1HSPREAD-26MAY05CLEDET-DET10,KXNBA1HSPREAD-26MAY05CLEDET,KXNBA1HSPREAD,spread,Will Detroit win the 1H by over 10.5 points?,Detroit wins the 1H by over 10.5 points,Detroit wins the 1H by over 10.5 points,yes,1,finalized,2026-05-04T16:35:00Z,2026-05-06T00:13:35Z,2026-05-06T02:00:00Z,,1778023800,expected_expiration-150m,1778023800,0.64,0.65,0.645,0.62,52,77250.18,35670.67
KXNBA1HSPREAD-26MAY05CLEDET-DET1,KXNBA1HSPREAD-26MAY05CLEDET,KXNBA1HSPREAD,spread,Will Detroit win the 1H by over 1.5 points?,Detroit wins the 1H by over 1.5 points,Detroit wins the 1H by over 1.5 points,yes,1,finalized,2026-05-04T16:35:00Z,2026-05-06T00:13:35Z,2026-05-06T02:00:00Z,,1778023800,expected_expiration-150m,1778023800,0.82,0.83,0.825,0.83,104,166090.51,71389.14
KXNBA1HSPREAD-26MAY05CLEDET-CLE8,KXNBA1HSPREAD-26MAY05CLEDET,KXNBA1HSPREAD,spread,Will Cleveland win the 1H by over 8.5 points?,Cleveland wins the 1H by over 8.5 points,Cleveland wins the 1H by over 8.5 points,no,0,finalized,2026-05-04T16:35:00Z,2026-05-06T00:13:36Z,2026-05-06T02:00:00Z,,1778023800,expected_expiration-150m,1778023800,0.0,0.01,0.005,0.01,48,1087.51,1055.51
KXNBA1HSPREAD-26MAY05CLEDET-CLE5,KXNBA1HSPREAD-26MAY05CLEDET,KXNBA1HSPREAD,spread,Will Cleveland win the 1H by over 5.5 points?,Cleveland wins the 1H by over 5.5 points,Cleveland wins the 1H by over 5.5 points,no,0,finalized,2026-05-04T16:35:00Z,2026-05-06T00:13:36Z,2026-05-06T02:00:00Z,,1778023800,expected_expiration-150m,1778023800,0.01,0.03,0.02,0.06,68,35643.69,29528.63
KXNBA1HSPREAD-26MAY05CLEDET-CLE2,KXNBA1HSPREAD-26MAY05CLEDET,KXNBA1HSPREAD,spread,Will Cleveland win the 1H by over 2.5 points?,Cleveland wins the 1H by over 2.5 points,Cleveland wins the 1H by over 2.5 points,no,0,finalized,2026-05-04T16:35:00Z,2026-05-06T00:13:36Z,2026-05-06T02:00:00Z,,1778023800,expected_expiration-150m,1778023800,0.04,0.05,0.045,0.06,82,59259.93,43463.73
KXNBA1HSPREAD-26MAY05CLEDET-CLE17,KXNBA1HSPREAD-26MAY05CLEDET,KXNBA1HSPREAD,spread,Will Cleveland win the 1H by over 17.5 points?,Cleveland wins the 1H by over 17.5 points,Cleveland wins the 1H by over 17.5 points,no,0,finalized,2026-05-04T16:35:00Z,2026-05-06T00:13:37Z,2026-05-06T02:00:00Z,,1778023800,expected_expiration-150m,1778023800,0.0,0.01,0.005,,38,470.00,470.00
KXNBA1HSPREAD-26MAY05CLEDET-CLE14,KXNBA1HSPREAD-26MAY05CLEDET,KXNBA1HSPREAD,spread,Will Cleveland win the 1H by over 14.5 points?,Cleveland wins the 1H by over 14.5 points,Cleveland wins the 1H by over 14.5 points,no,0,finalized,2026-05-04T16:35:00Z,2026-05-06T00:13:36Z,2026-05-06T02:00:00Z,,1778023800,expected_expiration-150m,1778023800,0.0,0.01,0.005,,43,69.66,69.66
KXNBA1HSPREAD-26MAY05CLEDET-CLE11,KXNBA1HSPREAD-26MAY05CLEDET,KXNBA1HSPREAD,spread,Will Cleveland win the 1H by over 11.5 points?,Cleveland wins the 1H by over 11.5 points,Cleveland wins the 1H by over 11.5 points,no,0,finalized,2026-05-04T16:35:00Z,2026-05-06T00:13:36Z,2026-05-06T02:00:00Z,,1778023800,expected_expiration-150m,1778023800,0.0,0.01,0.005,,45,1924.55,1924.55
KXNBA1HSPREAD-26MAY04PHINYK-PHI8,KXNBA1HSPREAD-26MAY04PHINYK,KXNBA1HSPREAD,spread,Will Philadelphia win the 1H by over 8.5 points?,Philadelphia wins the 1H by over 8.5 points,Philadelphia wins the 1H by over 8.5 points,no,0,finalized,2026-05-03T05:35:00Z,2026-05-05T01:23:48Z,2026-05-05T03:00:00Z,,1777941000,expected_expiration-150m,1777941000,0.0,0.1,0.05,,45,886.25,886.25
KXNBA1HSPREAD-26MAY04PHINYK-PHI5,KXNBA1HSPREAD-26MAY04PHINYK,KXNBA1HSPREAD,spread,Will Philadelphia win the 1H by over 5.5 points?,Philadelphia wins the 1H by over 5.5 points,Philadelphia wins the 1H by over 5.5 points,no,0,finalized,2026-05-03T05:35:00Z,2026-05-05T01:23:48Z,2026-05-05T03:00:00Z,,1777941000,expected_expiration-150m,1777941000,0.19,0.21,0.2,0.2,53,12844.34,12091.85
KXNBA1HSPREAD-26MAY04PHINYK-PHI20,KXNBA1HSPREAD-26MAY04PHINYK,KXNBA1HSPREAD,spread,Will Philadelphia win the 1H by over 20.5 points?,Philadelphia wins the 1H by over 20.5 points,Philadelphia wins the 1H by over 20.5 points,no,0,finalized,2026-05-03T05:35:00Z,2026-05-05T01:23:50Z,2026-05-05T03:00:00Z,,1777941000,expected_expiration-150m,1777941000,0.0,0.01,0.005,,33,2884.27,2884.27
KXNBA1HSPREAD-26MAY04PHINYK-PHI2,KXNBA1HSPREAD-26MAY04PHINYK,KXNBA1HSPREAD,spread,Will Philadelphia win the 1H by over 2.5 points?,Philadelphia wins the 1H by over 2.5 points,Philadelphia wins the 1H by over 2.5 points,no,0,finalized,2026-05-03T05:35:00Z,2026-05-05T01:23:48Z,2026-05-05T03:00:00Z,,1777941000,expected_expiration-150m,1777941000,0.26,0.28,0.27,0.28,79,35140.25,29876.19
KXNBA1HSPREAD-26MAY04PHINYK-PHI17,KXNBA1HSPREAD-26MAY04PHINYK,KXNBA1HSPREAD,spread,Will Philadelphia win the 1H by over 17.5 points?,Philadelphia wins the 1H by over 17.5 points,Philadelphia wins the 1H by over 17.5 points,no,0,finalized,2026-05-03T05:35:00Z,2026-05-05T01:23:50Z,2026-05-05T03:00:00Z,,1777941000,expected_expiration-150m,1777941000,0.01,0.02,0.015,,43,1423.19,1413.19
KXNBA1HSPREAD-26MAY04PHINYK-PHI14,KXNBA1HSPREAD-26MAY04PHINYK,KXNBA1HSPREAD,spread,Will Philadelphia win the 1H by over 14.5 points?,Philadelphia wins the 1H by over 14.5 points,Philadelphia wins the 1H by over 14.5 points,no,0,finalized,2026-05-03T05:35:00Z,2026-05-05T01:23:50Z,2026-05-05T03:00:00Z,,1777941000,expected_expiration-150m,1777941000,0.0,0.02,0.01,,42,3050.53,3050.53
KXNBA1HSPREAD-26MAY04PHINYK-PHI11,KXNBA1HSPREAD-26MAY04PHINYK,KXNBA1HSPREAD,spread,Will Philadelphia win the 1H by over 11.5 points?,Philadelphia wins the 1H by over 11.5 points,Philadelphia wins the 1H by over 11.5 points,no,0,finalized,2026-05-03T05:35:00Z,2026-05-05T01:23:49Z,2026-05-05T03:00:00Z,,1777941000,expected_expiration-150m,1777941000,0.0,0.08,0.04,,38,3506.55,3506.55
KXNBA1HSPREAD-26MAY04PHINYK-NYK7,KXNBA1HSPREAD-26MAY04PHINYK,KXNBA1HSPREAD,spread,Will New York win the 1H by over 7.5 points?,New York wins the 1H by over 7.5 points,New York wins the 1H by over 7.5 points,yes,1,finalized,2026-05-03T05:35:00Z,2026-05-05T01:23:47Z,2026-05-05T03:00:00Z,,1777941000,expected_expiration-150m,1777941000,0.31,0.33,0.32,0.3,67,62590.04,26215.33
KXNBA1HSPREAD-26MAY04PHINYK-NYK4,KXNBA1HSPREAD-26MAY04PHINYK,KXNBA1HSPREAD,spread,Will New York win the 1H by over 4.5 points?,New York wins the 1H by over 4.5 points,New York wins the 1H by over 4.5 points,yes,1,finalized,2026-05-03T05:35:00Z,2026-05-05T01:23:47Z,2026-05-05T03:00:00Z,,1777941000,expected_expiration-150m,1777941000,0.44,0.46,0.45,0.43,108,237585.35,110801.66
KXNBA1HSPREAD-26MAY04PHINYK-NYK10,KXNBA1HSPREAD-26MAY04PHINYK,KXNBA1HSPREAD,spread,Will New York win the 1H by over 10.5 points?,New York wins the 1H by over 10.5 points,New York wins the 1H by over 10.5 points,yes,1,finalized,2026-05-03T05:35:00Z,2026-05-05T01:23:47Z,2026-05-05T03:00:00Z,,1777941000,expected_expiration-150m,1777941000,0.18,0.19,0.185,0.17,67,110438.35,51337.34
KXNBA1HSPREAD-26MAY04PHINYK-NYK1,KXNBA1HSPREAD-26MAY04PHINYK,KXNBA1HSPREAD,spread,Will New York win the 1H by over 1.5 points?,New York wins the 1H by over 1.5 points,New York wins the 1H by over 1.5 points,yes,1,finalized,2026-05-03T05:35:00Z,2026-05-05T01:23:48Z,2026-05-05T03:00:00Z,,1777941000,expected_expiration-150m,1777941000,0.58,0.6,0.59,0.58,97,80684.27,41870.67
KXNBA1HSPREAD-26MAY05LALOKC-OKC6,KXNBA1HSPREAD-26MAY05LALOKC,KXNBA1HSPREAD,spread,Will Oklahoma City win the 1H by over 6.5 points?,Oklahoma City wins the 1H by over 6.5 points,Oklahoma City wins the 1H by over 6.5 points,yes,1,finalized,2026-05-03T03:35:00Z,2026-05-06T01:50:12Z,2026-05-06T03:30:00Z,,1778029200,expected_expiration-150m,1778029200,0.38,0.49,0.435,0.36,100,288301.39,150885.11
KXNBA1HSPREAD-26MAY05LALOKC-OKC3,KXNBA1HSPREAD-26MAY05LALOKC,KXNBA1HSPREAD,spread,Will Oklahoma City win the 1H by over 3.5 points?,Oklahoma City wins the 1H by over 3.5 points,Oklahoma City wins the 1H by over 3.5 points,yes,1,finalized,2026-05-03T03:35:00Z,2026-05-06T01:50:11Z,2026-05-06T03:30:00Z,,1778029200,expected_expiration-150m,1778029200,0.51,0.67,0.5900000000000001,0.67,72,37463.47,17459.55
KXNBA1HSPREAD-26MAY05LALOKC-LAL9,KXNBA1HSPREAD-26MAY05LALOKC,KXNBA1HSPREAD,spread,Will Los Angeles L win the 1H by over 9.5 points?,Los Angeles L wins the 1H by over 9.5 points,Los Angeles L wins the 1H by over 9.5 points,no,0,finalized,2026-05-03T03:35:00Z,2026-05-06T01:50:09Z,2026-05-06T03:30:00Z,,1778029200,expected_expiration-150m,1778029200,0.0,0.42,0.21,,31,1499.90,1493.61
KXNBA1HSPREAD-26MAY05LALOKC-LAL6,KXNBA1HSPREAD-26MAY05LALOKC,KXNBA1HSPREAD,spread,Will Los Angeles L win the 1H by over 6.5 points?,Los Angeles L wins the 1H by over 6.5 points,Los Angeles L wins the 1H by over 6.5 points,no,0,finalized,2026-05-03T03:35:00Z,2026-05-06T01:50:09Z,2026-05-06T03:30:00Z,,1778029200,expected_expiration-150m,1778029200,0.1,0.21,0.155,0.1,52,13393.13,10797.13
KXNBA1HSPREAD-26MAY05LALOKC-LAL3,KXNBA1HSPREAD-26MAY05LALOKC,KXNBA1HSPREAD,spread,Will Los Angeles L win the 1H by over 3.5 points?,Los Angeles L wins the 1H by over 3.5 points,Los Angeles L wins the 1H by over 3.5 points,no,0,finalized,2026-05-03T03:35:00Z,2026-05-06T01:50:10Z,2026-05-06T03:30:00Z,,1778029200,expected_expiration-150m,1778029200,0.17,0.35,0.26,0.41,63,17164.65,15899.19
KXNBA1HSPREAD-26MAY05LALOKC-LAL24,KXNBA1HSPREAD-26MAY05LALOKC,KXNBA1HSPREAD,spread,Will Los Angeles L win the 1H by over 24.5 points?,Los Angeles L wins the 1H by over 24.5 points,Los Angeles L wins the 1H by over 24.5 points,no,0,finalized,2026-05-03T03:35:00Z,2026-05-06T01:50:06Z,2026-05-06T03:30:00Z,,1778029200,expected_expiration-150m,1778028900,0.0,0.13,0.065,,18,1676.09,1676.09
KXNBA1HSPREAD-26MAY05LALOKC-LAL21,KXNBA1HSPREAD-26MAY05LALOKC,KXNBA1HSPREAD,spread,Will Los Angeles L win the 1H by over 21.5 points?,Los Angeles L wins the 1H by over 21.5 points,Los Angeles L wins the 1H by over 21.5 points,no,0,finalized,2026-05-03T03:35:00Z,2026-05-06T01:50:06Z,2026-05-06T03:30:00Z,,1778029200,expected_expiration-150m,1778028900,0.0,0.01,0.005,,22,1882.60,1707.60
KXNBA1HSPREAD-26MAY05LALOKC-LAL18,KXNBA1HSPREAD-26MAY05LALOKC,KXNBA1HSPREAD,spread,Will Los Angeles L win the 1H by over 18.5 points?,Los Angeles L wins the 1H by over 18.5 points,Los Angeles L wins the 1H by over 18.5 points,no,0,finalized,2026-05-03T03:35:00Z,2026-05-06T01:50:07Z,2026-05-06T03:30:00Z,,1778029200,expected_expiration-150m,1778028900,0.0,0.12,0.06,,21,40.77,40.77
KXNBA1HSPREAD-26MAY05LALOKC-LAL15,KXNBA1HSPREAD-26MAY05LALOKC,KXNBA1HSPREAD,spread,Will Los Angeles L win the 1H by over 15.5 points?,Los Angeles L wins the 1H by over 15.5 points,Los Angeles L wins the 1H by over 15.5 points,no,0,finalized,2026-05-03T03:35:00Z,2026-05-06T01:50:07Z,2026-05-06T03:30:00Z,,1778029200,expected_expiration-150m,1778029200,0.0,0.18,0.09,,29,1712.65,1712.65
KXNBA1HSPREAD-26MAY05LALOKC-LAL12,KXNBA1HSPREAD-26MAY05LALOKC,KXNBA1HSPREAD,spread,Will Los Angeles L win the 1H by over 12.5 points?,Los Angeles L wins the 1H by over 12.5 points,Los Angeles L wins the 1H by over 12.5 points,no,0,finalized,2026-05-03T03:35:00Z,2026-05-06T01:50:08Z,2026-05-06T03:30:00Z,,1778029200,expected_expiration-150m,1778029200,0.0,0.3,0.15,,36,1295.80,1275.80
KXNBA1HSPREAD-26MAY03TORCLE-TOR7,KXNBA1HSPREAD-26MAY03TORCLE,KXNBA1HSPREAD,spread,Will Toronto win the 1H by over 7.5 points?,Toronto wins the 1H by over 7.5 points,Toronto wins the 1H by over 7.5 points,no,0,finalized,2026-05-02T06:35:00Z,2026-05-04T00:50:20Z,2026-05-04T02:30:00Z,,1777852800,expected_expiration-150m,1777852800,0.27,0.3,0.28500000000000003,0.31,66,57074.48,25122.88
KXNBA1HSPREAD-26MAY03TORCLE-TOR4,KXNBA1HSPREAD-26MAY03TORCLE,KXNBA1HSPREAD,spread,Will Toronto win the 1H by over 4.5 points?,Toronto wins the 1H by over 4.5 points,Toronto wins the 1H by over 4.5 points,no,0,finalized,2026-05-02T06:35:00Z,2026-05-04T00:50:21Z,2026-05-04T02:30:00Z,,1777852800,expected_expiration-150m,1777852800,0.39,0.44,0.41500000000000004,0.42,63,93339.65,47954.60
KXNBA1HSPREAD-26MAY03TORCLE-TOR19,KXNBA1HSPREAD-26MAY03TORCLE,KXNBA1HSPREAD,spread,Will Toronto win the 1H by over 19.5 points?,Toronto wins the 1H by over 19.5 points,Toronto wins the 1H by over 19.5 points,no,0,finalized,2026-05-02T06:35:00Z,2026-05-04T00:50:18Z,2026-05-04T02:30:00Z,,1777852800,expected_expiration-150m,1777852800,0.0,0.06,0.03,,45,8608.97,8608.97
KXNBA1HSPREAD-26MAY03TORCLE-TOR16,KXNBA1HSPREAD-26MAY03TORCLE,KXNBA1HSPREAD,spread,Will Toronto win the 1H by over 16.5 points?,Toronto wins the 1H by over 16.5 points,Toronto wins the 1H by over 16.5 points,no,0,finalized,2026-05-02T06:35:00Z,2026-05-04T00:50:18Z,2026-05-04T02:30:00Z,,1777852800,expected_expiration-150m,1777852560,0.0,0.08,0.04,,35,968.72,968.72
KXNBA1HSPREAD-26MAY03TORCLE-TOR13,KXNBA1HSPREAD-26MAY03TORCLE,KXNBA1HSPREAD,spread,Will Toronto win the 1H by over 13.5 points?,Toronto wins the 1H by over 13.5 points,Toronto wins the 1H by over 13.5 points,no,0,finalized,2026-05-02T06:35:00Z,2026-05-04T00:50:19Z,2026-05-04T02:30:00Z,,1777852800,expected_expiration-150m,1777852800,0.0,0.16,0.08,,38,2727.53,2627.36
KXNBA1HSPREAD-26MAY03TORCLE-TOR10,KXNBA1HSPREAD-26MAY03TORCLE,KXNBA1HSPREAD,spread,Will Toronto win the 1H by over 10.5 points?,Toronto wins the 1H by over 10.5 points,Toronto wins the 1H by over 10.5 points,no,0,finalized,2026-05-02T06:35:00Z,2026-05-04T00:50:20Z,2026-05-04T02:30:00Z,,1777852800,expected_expiration-150m,1777852800,0.11,0.24,0.175,0.21,42,10230.56,6074.84
KXNBA1HSPREAD-26MAY03TORCLE-TOR1,KXNBA1HSPREAD-26MAY03TORCLE,KXNBA1HSPREAD,spread,Will Toronto win the 1H by over 1.5 points?,Toronto wins the 1H by over 1.5 points,Toronto wins the 1H by over 1.5 points,no,0,finalized,2026-05-02T06:35:00Z,2026-05-04T00:50:22Z,2026-05-04T02:30:00Z,,1777852800,expected_expiration-150m,1777852800,0.53,0.57,0.55,0.57,93,95920.82,46630.24
KXNBA1HSPREAD-26MAY03TORCLE-CLE8,KXNBA1HSPREAD-26MAY03TORCLE,KXNBA1HSPREAD,spread,Will Cleveland win the 1H by over 8.5 points?,Cleveland wins the 1H by over 8.5 points,Cleveland wins the 1H by over 8.5 points,no,0,finalized,2026-05-02T06:35:00Z,2026-05-04T00:50:23Z,2026-05-04T02:30:00Z,,1777852800,expected_expiration-150m,1777852800,0.08,0.12,0.1,,82,10181.18,7748.89
KXNBA1HSPREAD-26MAY03TORCLE-CLE5,KXNBA1HSPREAD-26MAY03TORCLE,KXNBA1HSPREAD,spread,Will Cleveland win the 1H by over 5.5 points?,Cleveland wins the 1H by over 5.5 points,Cleveland wins the 1H by over 5.5 points,no,0,finalized,2026-05-02T06:35:00Z,2026-05-04T00:50:23Z,2026-05-04T02:30:00Z,,1777852800,expected_expiration-150m,1777852800,0.17,0.2,0.185,0.19,111,209290.11,113334.91
KXNBA1HSPREAD-26MAY03TORCLE-CLE2,KXNBA1HSPREAD-26MAY03TORCLE,KXNBA1HSPREAD,spread,Will Cleveland win the 1H by over 2.5 points?,Cleveland wins the 1H by over 2.5 points,Cleveland wins the 1H by over 2.5 points,no,0,finalized,2026-05-02T06:35:00Z,2026-05-04T00:50:22Z,2026-05-04T02:30:00Z,,1777852800,expected_expiration-150m,1777852800,0.3,0.33,0.315,0.31,100,133978.44,94181.00
KXNBA1HSPREAD-26MAY03TORCLE-CLE11,KXNBA1HSPREAD-26MAY03TORCLE,KXNBA1HSPREAD,spread,Will Cleveland win the 1H by over 11.5 points?,Cleveland wins the 1H by over 11.5 points,Cleveland wins the 1H by over 11.5 points,no,0,finalized,2026-05-02T06:35:00Z,2026-05-04T00:50:24Z,2026-05-04T02:30:00Z,,1777852800,expected_expiration-150m,1777852800,0.02,0.05,0.035,,66,6200.55,5971.14
KXNBA1HSPREAD-26MAY03ORLDET-ORL8,KXNBA1HSPREAD-26MAY03ORLDET,KXNBA1HSPREAD,spread,Will Orlando win the 1H by over 8.5 points?,Orlando wins the 1H by over 8.5 points,Orlando wins the 1H by over 8.5 points,no,0,finalized,2026-05-02T04:35:00Z,2026-05-03T20:45:32Z,2026-05-03T22:30:00Z,,1777838400,expected_expiration-150m,1777838400,0.04,0.16,0.1,0.16,56,3352.38,2381.76
KXNBA1HSPREAD-26MAY03ORLDET-ORL5,KXNBA1HSPREAD-26MAY03ORLDET,KXNBA1HSPREAD,spread,Will Orlando win the 1H by over 5.5 points?,Orlando wins the 1H by over 5.5 points,Orlando wins the 1H by over 5.5 points,no,0,finalized,2026-05-02T04:35:00Z,2026-05-03T20:45:32Z,2026-05-03T22:30:00Z,,1777838400,expected_expiration-150m,1777838400,0.07,0.18,0.125,,61,10610.18,10254.18
KXNBA1HSPREAD-26MAY03ORLDET-ORL20,KXNBA1HSPREAD-26MAY03ORLDET,KXNBA1HSPREAD,spread,Will Orlando win the 1H by over 20.5 points?,Orlando wins the 1H by over 20.5 points,Orlando wins the 1H by over 20.5 points,no,0,finalized,2026-05-02T04:35:00Z,2026-05-03T20:45:31Z,2026-05-03T22:30:00Z,,1777838400,expected_expiration-150m,1777838400,0.0,0.01,0.005,,34,1951.81,1951.81
KXNBA1HSPREAD-26MAY03ORLDET-ORL2,KXNBA1HSPREAD-26MAY03ORLDET,KXNBA1HSPREAD,spread,Will Orlando win the 1H by over 2.5 points?,Orlando wins the 1H by over 2.5 points,Orlando wins the 1H by over 2.5 points,no,0,finalized,2026-05-02T04:35:00Z,2026-05-03T20:45:33Z,2026-05-03T22:30:00Z,,1777838400,expected_expiration-150m,1777838400,0.3,0.34,0.32,0.35,96,61383.37,37795.27
KXNBA1HSPREAD-26MAY03ORLDET-ORL17,KXNBA1HSPREAD-26MAY03ORLDET,KXNBA1HSPREAD,spread,Will Orlando win the 1H by over 17.5 points?,Orlando wins the 1H by over 17.5 points,Orlando wins the 1H by over 17.5 points,no,0,finalized,2026-05-02T04:35:00Z,2026-05-03T20:45:32Z,2026-05-03T22:30:00Z,,1777838400,expected_expiration-150m,1777838400,0.0,0.02,0.01,0.02,40,449.18,449.18
KXNBA1HSPREAD-26MAY03ORLDET-ORL14,KXNBA1HSPREAD-26MAY03ORLDET,KXNBA1HSPREAD,spread,Will Orlando win the 1H by over 14.5 points?,Orlando wins the 1H by over 14.5 points,Orlando wins the 1H by over 14.5 points,no,0,finalized,2026-05-02T04:35:00Z,2026-05-03T20:45:32Z,2026-05-03T22:30:00Z,,1777838400,expected_expiration-150m,1777838400,0.0,0.05,0.025,,36,258.84,258.84
KXNBA1HSPREAD-26MAY03ORLDET-ORL11,KXNBA1HSPREAD-26MAY03ORLDET,KXNBA1HSPREAD,spread,Will Orlando win the 1H by over 11.5 points?,Orlando wins the 1H by over 11.5 points,Orlando wins the 1H by over 11.5 points,no,0,finalized,2026-05-02T04:35:00Z,2026-05-03T20:45:32Z,2026-05-03T22:30:00Z,,1777838400,expected_expiration-150m,1777838400,0.0,0.22,0.11,,33,518.88,518.88
KXNBA1HSPREAD-26MAY03ORLDET-DET7,KXNBA1HSPREAD-26MAY03ORLDET,KXNBA1HSPREAD,spread,Will Detroit win the 1H by over 7.5 points?,Detroit wins the 1H by over 7.5 points,Detroit wins the 1H by over 7.5 points,yes,1,finalized,2026-05-02T04:35:00Z,2026-05-03T20:45:33Z,2026-05-03T22:30:00Z,,1777838400,expected_expiration-150m,1777838400,0.24,0.25,0.245,,85,38110.89,21435.03
KXNBA1HSPREAD-26MAY03ORLDET-DET4,KXNBA1HSPREAD-26MAY03ORLDET,KXNBA1HSPREAD,spread,Will Detroit win the 1H by over 4.5 points?,Detroit wins the 1H by over 4.5 points,Detroit wins the 1H by over 4.5 points,yes,1,finalized,2026-05-02T04:35:00Z,2026-05-03T20:45:33Z,2026-05-03T22:30:00Z,,1777838400,expected_expiration-150m,1777838400,0.4,0.41,0.405,0.4,97,174688.64,82834.48
KXNBA1HSPREAD-26MAY03ORLDET-DET10,KXNBA1HSPREAD-26MAY03ORLDET,KXNBA1HSPREAD,spread,Will Detroit win the 1H by over 10.5 points?,Detroit wins the 1H by over 10.5 points,Detroit wins the 1H by over 10.5 points,yes,1,finalized,2026-05-02T04:35:00Z,2026-05-03T20:45:33Z,2026-05-03T22:30:00Z,,1777838400,expected_expiration-150m,1777838400,0.14,0.22,0.18,0.14,61,41916.39,27704.26
KXNBA1HSPREAD-26MAY03ORLDET-DET1,KXNBA1HSPREAD-26MAY03ORLDET,KXNBA1HSPREAD,spread,Will Detroit win the 1H by over 1.5 points?,Detroit wins the 1H by over 1.5 points,Detroit wins the 1H by over 1.5 points,yes,1,finalized,2026-05-02T04:35:00Z,2026-05-03T20:45:33Z,2026-05-03T22:30:00Z,,1777838400,expected_expiration-150m,1777838400,0.54,0.57,0.5549999999999999,0.54,89,121795.00,46757.17
KXNBA1HSPREAD-26MAY02PHIBOS-PHI7,KXNBA1HSPREAD-26MAY02PHIBOS,KXNBA1HSPREAD,spread,Will Philadelphia win the 1H by over 7.5 points?,Philadelphia wins the 1H by over 7.5 points,Philadelphia wins the 1H by over 7.5 points,no,0,finalized,2026-05-01T20:35:00Z,2026-05-03T00:37:30Z,2026-05-03T02:30:00Z,,1777766400,expected_expiration-150m,1777766400,0.66,0.77,0.7150000000000001,0.76,68,66467.85,24079.75
KXNBA1HSPREAD-26MAY02PHIBOS-PHI4,KXNBA1HSPREAD-26MAY02PHIBOS,KXNBA1HSPREAD,spread,Will Philadelphia win the 1H by over 4.5 points?,Philadelphia wins the 1H by over 4.5 points,Philadelphia wins the 1H by over 4.5 points,yes,1,finalized,2026-05-01T20:35:00Z,2026-05-03T00:37:30Z,2026-05-03T02:30:00Z,,1777766400,expected_expiration-150m,1777766400,0.76,0.84,0.8,0.82,89,118377.36,53655.21
KXNBA1HSPREAD-26MAY02PHIBOS-PHI19,KXNBA1HSPREAD-26MAY02PHIBOS,KXNBA1HSPREAD,spread,Will Philadelphia win the 1H by over 19.5 points?,Philadelphia wins the 1H by over 19.5 points,Philadelphia wins the 1H by over 19.5 points,no,0,finalized,2026-05-01T20:35:00Z,2026-05-03T00:37:29Z,2026-05-03T02:30:00Z,,1777766400,expected_expiration-150m,1777766400,0.01,0.12,0.065,0.13,43,8335.30,8173.24
KXNBA1HSPREAD-26MAY02PHIBOS-PHI16,KXNBA1HSPREAD-26MAY02PHIBOS,KXNBA1HSPREAD,spread,Will Philadelphia win the 1H by over 16.5 points?,Philadelphia wins the 1H by over 16.5 points,Philadelphia wins the 1H by over 16.5 points,no,0,finalized,2026-05-01T20:35:00Z,2026-05-03T00:37:30Z,2026-05-03T02:30:00Z,,1777766400,expected_expiration-150m,1777766400,0.17,0.32,0.245,0.17,46,3366.15,3268.59
KXNBA1HSPREAD-26MAY02PHIBOS-PHI13,KXNBA1HSPREAD-26MAY02PHIBOS,KXNBA1HSPREAD,spread,Will Philadelphia win the 1H by over 13.5 points?,Philadelphia wins the 1H by over 13.5 points,Philadelphia wins the 1H by over 13.5 points,no,0,finalized,2026-05-01T20:35:00Z,2026-05-03T00:37:30Z,2026-05-03T02:30:00Z,,1777766400,expected_expiration-150m,1777766400,0.31,0.45,0.38,,51,8834.79,5407.40
KXNBA1HSPREAD-26MAY02PHIBOS-PHI10,KXNBA1HSPREAD-26MAY02PHIBOS,KXNBA1HSPREAD,spread,Will Philadelphia win the 1H by over 10.5 points?,Philadelphia wins the 1H by over 10.5 points,Philadelphia wins the 1H by over 10.5 points,no,0,finalized,2026-05-01T20:35:00Z,2026-05-03T00:37:30Z,2026-05-03T02:30:00Z,,1777766400,expected_expiration-150m,1777766400,0.54,0.58,0.56,0.54,63,41125.68,21669.16
KXNBA1HSPREAD-26MAY02PHIBOS-PHI1,KXNBA1HSPREAD-26MAY02PHIBOS,KXNBA1HSPREAD,spread,Will Philadelphia win the 1H by over 1.5 points?,Philadelphia wins the 1H by over 1.5 points,Philadelphia wins the 1H by over 1.5 points,yes,1,finalized,2026-05-01T20:35:00Z,2026-05-03T00:37:31Z,2026-05-03T02:30:00Z,,1777766400,expected_expiration-150m,1777766400,0.85,0.89,0.87,,103,101381.52,49277.84
KXNBA1HSPREAD-26MAY02PHIBOS-BOS8,KXNBA1HSPREAD-26MAY02PHIBOS,KXNBA1HSPREAD,spread,Will Boston win the 1H by over 8.5 points?,Boston wins the 1H by over 8.5 points,Boston wins the 1H by over 8.5 points,no,0,finalized,2026-05-01T20:35:00Z,2026-05-03T00:37:31Z,2026-05-03T02:30:00Z,,1777766400,expected_expiration-150m,1777766400,0.0,0.03,0.015,,81,34018.53,30217.37
KXNBA1HSPREAD-26MAY02PHIBOS-BOS5,KXNBA1HSPREAD-26MAY02PHIBOS,KXNBA1HSPREAD,spread,Will Boston win the 1H by over 5.5 points?,Boston wins the 1H by over 5.5 points,Boston wins the 1H by over 5.5 points,no,0,finalized,2026-05-01T20:35:00Z,2026-05-03T00:37:31Z,2026-05-03T02:30:00Z,,1777766400,expected_expiration-150m,1777766400,0.04,0.21,0.125,0.06,104,86430.80,42678.46
KXNBA1HSPREAD-26MAY02PHIBOS-BOS2,KXNBA1HSPREAD-26MAY02PHIBOS,KXNBA1HSPREAD,spread,Will Boston win the 1H by over 2.5 points?,Boston wins the 1H by over 2.5 points,Boston wins the 1H by over 2.5 points,no,0,finalized,2026-05-01T20:35:00Z,2026-05-03T00:37:31Z,2026-05-03T02:30:00Z,,1777766400,expected_expiration-150m,1777766400,0.09,0.16,0.125,0.08,111,194563.22,115419.91
KXNBA1HSPREAD-26MAY02PHIBOS-BOS11,KXNBA1HSPREAD-26MAY02PHIBOS,KXNBA1HSPREAD,spread,Will Boston win the 1H by over 11.5 points?,Boston wins the 1H by over 11.5 points,Boston wins the 1H by over 11.5 points,no,0,finalized,2026-05-01T20:35:00Z,2026-05-03T00:37:31Z,2026-05-03T02:30:00Z,,1777766400,expected_expiration-150m,1777766400,0.0,0.01,0.005,,57,5793.92,5113.64
KXNBA1HSPREAD-26MAY04MINSAS-SAS7,KXNBA1HSPREAD-26MAY04MINSAS,KXNBA1HSPREAD,spread,Will San Antonio win the 1H by over 7.5 points?,San Antonio wins the 1H by over 7.5 points,San Antonio wins the 1H by over 7.5 points,no,0,finalized,2026-05-01T17:35:00Z,2026-05-05T02:43:34Z,2026-05-04T20:00:00Z,,1777915800,expected_expiration-150m,1777915560,0.47,0.49,0.48,0.49,31,134441.03,61727.55
KXNBA1HSPREAD-26MAY04MINSAS-SAS4,KXNBA1HSPREAD-26MAY04MINSAS,KXNBA1HSPREAD,spread,Will San Antonio win the 1H by over 4.5 points?,San Antonio wins the 1H by over 4.5 points,San Antonio wins the 1H by over 4.5 points,no,0,finalized,2026-05-01T17:35:00Z,2026-05-05T02:43:34Z,2026-05-04T20:00:00Z,,1777915800,expected_expiration-150m,1777915500,0.57,0.63,0.6,,9,113820.38,69055.04
KXNBA1HSPREAD-26MAY04MINSAS-SAS1,KXNBA1HSPREAD-26MAY04MINSAS,KXNBA1HSPREAD,spread,Will San Antonio win the 1H by over 1.5 points?,San Antonio wins the 1H by over 1.5 points,San Antonio wins the 1H by over 1.5 points,no,0,finalized,2026-05-01T17:35:00Z,2026-05-05T02:43:34Z,2026-05-04T20:00:00Z,,1777915800,expected_expiration-150m,1777915560,0.66,0.75,0.7050000000000001,,19,52319.89,31901.64
KXNBA1HSPREAD-26MAY04MINSAS-MIN8,KXNBA1HSPREAD-26MAY04MINSAS,KXNBA1HSPREAD,spread,Will Minnesota win the 1H by over 8.5 points?,Minnesota wins the 1H by over 8.5 points,Minnesota wins the 1H by over 8.5 points,no,0,finalized,2026-05-01T17:35:00Z,2026-05-05T02:43:35Z,2026-05-04T20:00:00Z,,1777915800,expected_expiration-150m,1777915380,0.01,0.12,0.065,,8,1119.63,1114.63
KXNBA1HSPREAD-26MAY04MINSAS-MIN5,KXNBA1HSPREAD-26MAY04MINSAS,KXNBA1HSPREAD,spread,Will Minnesota win the 1H by over 5.5 points?,Minnesota wins the 1H by over 5.5 points,Minnesota wins the 1H by over 5.5 points,no,0,finalized,2026-05-01T17:35:00Z,2026-05-05T02:43:35Z,2026-05-04T20:00:00Z,,1777915800,expected_expiration-150m,1777913880,0.01,0.16,0.085,,7,8180.55,5685.19
KXNBA1HSPREAD-26MAY04MINSAS-MIN23,KXNBA1HSPREAD-26MAY04MINSAS,KXNBA1HSPREAD,spread,Will Minnesota win the 1H by over 23.5 points?,Minnesota wins the 1H by over 23.5 points,Minnesota wins the 1H by over 23.5 points,no,0,finalized,2026-05-01T17:35:00Z,2026-05-05T02:43:36Z,2026-05-04T20:00:00Z,,1777915800,expected_expiration-150m,1777914360,0.0,0.08,0.04,,7,426.49,426.49
KXNBA1HSPREAD-26MAY04MINSAS-MIN20,KXNBA1HSPREAD-26MAY04MINSAS,KXNBA1HSPREAD,spread,Will Minnesota win the 1H by over 20.5 points?,Minnesota wins the 1H by over 20.5 points,Minnesota wins the 1H by over 20.5 points,no,0,finalized,2026-05-01T17:35:00Z,2026-05-05T02:43:36Z,2026-05-04T20:00:00Z,,1777915800,expected_expiration-150m,1777914060,0.0,0.11,0.055,,7,0.00,0.00
KXNBA1HSPREAD-26MAY04MINSAS-MIN2,KXNBA1HSPREAD-26MAY04MINSAS,KXNBA1HSPREAD,spread,Will Minnesota win the 1H by over 2.5 points?,Minnesota wins the 1H by over 2.5 points,Minnesota wins the 1H by over 2.5 points,no,0,finalized,2026-05-01T17:35:00Z,2026-05-05T02:43:35Z,2026-05-04T20:00:00Z,,1777915800,expected_expiration-150m,1777915560,0.07,0.22,0.14500000000000002,0.22,20,28303.32,20847.94
KXNBA1HSPREAD-26MAY04MINSAS-MIN17,KXNBA1HSPREAD-26MAY04MINSAS,KXNBA1HSPREAD,spread,Will Minnesota win the 1H by over 17.5 points?,Minnesota wins the 1H by over 17.5 points,Minnesota wins the 1H by over 17.5 points,no,0,finalized,2026-05-01T17:35:00Z,2026-05-05T02:43:35Z,2026-05-04T20:00:00Z,,1777915800,expected_expiration-150m,1777912740,0.01,0.02,0.015,0.02,8,160.17,159.17
KXNBA1HSPREAD-26MAY04MINSAS-MIN14,KXNBA1HSPREAD-26MAY04MINSAS,KXNBA1HSPREAD,spread,Will Minnesota win the 1H by over 14.5 points?,Minnesota wins the 1H by over 14.5 points,Minnesota wins the 1H by over 14.5 points,no,0,finalized,2026-05-01T17:35:00Z,2026-05-05T02:43:35Z,2026-05-04T20:00:00Z,,1777915800,expected_expiration-150m,1777912560,0.02,0.03,0.025,,7,1357.09,1328.56
KXNBA1HSPREAD-26MAY04MINSAS-MIN11,KXNBA1HSPREAD-26MAY04MINSAS,KXNBA1HSPREAD,spread,Will Minnesota win the 1H by over 11.5 points?,Minnesota wins the 1H by over 11.5 points,Minnesota wins the 1H by over 11.5 points,no,0,finalized,2026-05-01T17:35:00Z,2026-05-05T02:43:35Z,2026-05-04T20:00:00Z,,1777915800,expected_expiration-150m,1777913580,0.01,0.06,0.034999999999999996,,7,2925.17,2925.17
KXNBA1HSPREAD-26MAY01CLETOR-TOR8,KXNBA1HSPREAD-26MAY01CLETOR,KXNBA1HSPREAD,spread,Will Toronto win the 1H by over 8.5 points?,Toronto wins the 1H by over 8.5 points,Toronto wins the 1H by over 8.5 points,yes,1,finalized,2026-04-30T09:35:00Z,2026-05-02T00:47:35Z,2026-05-02T02:30:00Z,,1777680000,expected_expiration-150m,1777680000,0.0,0.09,0.045,,45,11991.63,4256.42
KXNBA1HSPREAD-26MAY01CLETOR-TOR5,KXNBA1HSPREAD-26MAY01CLETOR,KXNBA1HSPREAD,spread,Will Toronto win the 1H by over 5.5 points?,Toronto wins the 1H by over 5.5 points,Toronto wins the 1H by over 5.5 points,yes,1,finalized,2026-04-30T09:35:00Z,2026-05-02T00:47:35Z,2026-05-02T02:30:00Z,,1777680000,expected_expiration-150m,1777680000,0.1,0.16,0.13,,51,29367.73,14270.72
KXNBA1HSPREAD-26MAY01CLETOR-TOR2,KXNBA1HSPREAD-26MAY01CLETOR,KXNBA1HSPREAD,spread,Will Toronto win the 1H by over 2.5 points?,Toronto wins the 1H by over 2.5 points,Toronto wins the 1H by over 2.5 points,yes,1,finalized,2026-04-30T09:35:00Z,2026-05-02T00:47:35Z,2026-05-02T02:30:00Z,,1777680000,expected_expiration-150m,1777680000,0.2,0.27,0.23500000000000001,0.28,63,46448.71,22901.97
KXNBA1HSPREAD-26MAY01CLETOR-TOR17,KXNBA1HSPREAD-26MAY01CLETOR,KXNBA1HSPREAD,spread,Will Toronto win the 1H by over 17.5 points?,Toronto wins the 1H by over 17.5 points,Toronto wins the 1H by over 17.5 points,no,0,finalized,2026-04-30T09:35:00Z,2026-05-02T00:47:36Z,2026-05-02T02:30:00Z,,1777680000,expected_expiration-150m,1777680000,0.0,0.02,0.01,,36,78.18,78.18
KXNBA1HSPREAD-26MAY01CLETOR-TOR14,KXNBA1HSPREAD-26MAY01CLETOR,KXNBA1HSPREAD,spread,Will Toronto win the 1H by over 14.5 points?,Toronto wins the 1H by over 14.5 points,Toronto wins the 1H by over 14.5 points,no,0,finalized,2026-04-30T09:35:00Z,2026-05-02T00:47:36Z,2026-05-02T02:30:00Z,,1777680000,expected_expiration-150m,1777679940,0.0,0.02,0.01,,35,384.91,374.91
KXNBA1HSPREAD-26MAY01CLETOR-TOR11,KXNBA1HSPREAD-26MAY01CLETOR,KXNBA1HSPREAD,spread,Will Toronto win the 1H by over 11.5 points?,Toronto wins the 1H by over 11.5 points,Toronto wins the 1H by over 11.5 points,no,0,finalized,2026-04-30T09:35:00Z,2026-05-02T00:47:35Z,2026-05-02T02:30:00Z,,1777680000,expected_expiration-150m,1777679940,0.0,0.04,0.02,,38,2663.22,2597.22
KXNBA1HSPREAD-26MAY01CLETOR-CLE7,KXNBA1HSPREAD-26MAY01CLETOR,KXNBA1HSPREAD,spread,Will Cleveland win the 1H by over 7.5 points?,Cleveland wins the 1H by over 7.5 points,Cleveland wins the 1H by over 7.5 points,no,0,finalized,2026-04-30T09:35:00Z,2026-05-02T00:47:34Z,2026-05-02T02:30:00Z,,1777680000,expected_expiration-150m,1777680000,0.33,0.36,0.345,0.32,50,7602.63,3874.50
KXNBA1HSPREAD-26MAY01CLETOR-CLE4,KXNBA1HSPREAD-26MAY01CLETOR,KXNBA1HSPREAD,spread,Will Cleveland win the 1H by over 4.5 points?,Cleveland wins the 1H by over 4.5 points,Cleveland wins the 1H by over 4.5 points,no,0,finalized,2026-04-30T09:35:00Z,2026-05-02T00:47:34Z,2026-05-02T02:30:00Z,,1777680000,expected_expiration-150m,1777680000,0.47,0.5,0.485,0.45,59,32195.91,18402.85
KXNBA1HSPREAD-26MAY01CLETOR-CLE13,KXNBA1HSPREAD-26MAY01CLETOR,KXNBA1HSPREAD,spread,Will Cleveland win the 1H by over 13.5 points?,Cleveland wins the 1H by over 13.5 points,Cleveland wins the 1H by over 13.5 points,no,0,finalized,2026-04-30T09:35:00Z,2026-05-02T00:47:34Z,2026-05-02T02:30:00Z,,1777680000,expected_expiration-150m,1777680000,0.12,0.17,0.14500000000000002,,40,2267.77,2267.77
KXNBA1HSPREAD-26MAY01CLETOR-CLE10,KXNBA1HSPREAD-26MAY01CLETOR,KXNBA1HSPREAD,spread,Will Cleveland win the 1H by over 10.5 points?,Cleveland wins the 1H by over 10.5 points,Cleveland wins the 1H by over 10.5 points,no,0,finalized,2026-04-30T09:35:00Z,2026-05-02T00:47:34Z,2026-05-02T02:30:00Z,,1777680000,expected_expiration-150m,1777680000,0.13,0.23,0.18,,49,643.50,497.11
KXNBA1HSPREAD-26MAY01CLETOR-CLE1,KXNBA1HSPREAD-26MAY01CLETOR,KXNBA1HSPREAD,spread,Will Cleveland win the 1H by over 1.5 points?,Cleveland wins the 1H by over 1.5 points,Cleveland wins the 1H by over 1.5 points,no,0,finalized,2026-04-30T09:35:00Z,2026-05-02T00:47:34Z,2026-05-02T02:30:00Z,,1777680000,expected_expiration-150m,1777680000,0.61,0.63,0.62,0.62,87,78605.15,35516.00
KXNBA1HSPREAD-26MAY01LALHOU-LAL9,KXNBA1HSPREAD-26MAY01LALHOU,KXNBA1HSPREAD,spread,Will Los Angeles L win the 1H by over 9.5 points?,Los Angeles L wins the 1H by over 9.5 points,Los Angeles L wins the 1H by over 9.5 points,yes,1,finalized,2026-04-30T06:35:00Z,2026-05-02T02:53:32Z,2026-05-02T04:30:00Z,,1777687200,expected_expiration-150m,1777687200,0.0,0.12,0.06,,42,65135.94,29948.25
KXNBA1HSPREAD-26MAY01LALHOU-LAL6,KXNBA1HSPREAD-26MAY01LALHOU,KXNBA1HSPREAD,spread,Will Los Angeles L win the 1H by over 6.5 points?,Los Angeles L wins the 1H by over 6.5 points,Los Angeles L wins the 1H by over 6.5 points,yes,1,finalized,2026-04-30T06:35:00Z,2026-05-02T02:53:32Z,2026-05-02T04:30:00Z,,1777687200,expected_expiration-150m,1777687140,0.11,0.21,0.16,,49,38797.23,16427.96
KXNBA1HSPREAD-26MAY01LALHOU-LAL3,KXNBA1HSPREAD-26MAY01LALHOU,KXNBA1HSPREAD,spread,Will Los Angeles L win the 1H by over 3.5 points?,Los Angeles L wins the 1H by over 3.5 points,Los Angeles L wins the 1H by over 3.5 points,yes,1,finalized,2026-04-30T06:35:00Z,2026-05-02T02:53:32Z,2026-05-02T04:30:00Z,,1777687200,expected_expiration-150m,1777687200,0.23,0.31,0.27,0.22,74,80500.27,42332.41
KXNBA1HSPREAD-26MAY01LALHOU-LAL18,KXNBA1HSPREAD-26MAY01LALHOU,KXNBA1HSPREAD,spread,Will Los Angeles L win the 1H by over 18.5 points?,Los Angeles L wins the 1H by over 18.5 points,Los Angeles L wins the 1H by over 18.5 points,no,0,finalized,2026-04-30T06:35:00Z,2026-05-02T02:53:33Z,2026-05-02T04:30:00Z,,1777687200,expected_expiration-150m,1777687020,0.0,0.02,0.01,,21,43411.74,29038.91
KXNBA1HSPREAD-26MAY01LALHOU-LAL15,KXNBA1HSPREAD-26MAY01LALHOU,KXNBA1HSPREAD,spread,Will Los Angeles L win the 1H by over 15.5 points?,Los Angeles L wins the 1H by over 15.5 points,Los Angeles L wins the 1H by over 15.5 points,yes,1,finalized,2026-04-30T06:35:00Z,2026-05-02T02:53:33Z,2026-05-02T04:30:00Z,,1777687200,expected_expiration-150m,1777687020,0.0,0.02,0.01,,25,67894.30,32669.36
KXNBA1HSPREAD-26MAY01LALHOU-LAL12,KXNBA1HSPREAD-26MAY01LALHOU,KXNBA1HSPREAD,spread,Will Los Angeles L win the 1H by over 12.5 points?,Los Angeles L wins the 1H by over 12.5 points,Los Angeles L wins the 1H by over 12.5 points,yes,1,finalized,2026-04-30T06:35:00Z,2026-05-02T02:53:32Z,2026-05-02T04:30:00Z,,1777687200,expected_expiration-150m,1777687140,0.0,0.06,0.03,,39,119070.86,50656.04
KXNBA1HSPREAD-26MAY01LALHOU-HOU9,KXNBA1HSPREAD-26MAY01LALHOU,KXNBA1HSPREAD,spread,Will Houston win the 1H by over 9.5 points?,Houston wins the 1H by over 9.5 points,Houston wins the 1H by over 9.5 points,no,0,finalized,2026-04-30T06:35:00Z,2026-05-02T02:53:31Z,2026-05-02T04:30:00Z,,1777687200,expected_expiration-150m,1777687140,0.23,0.26,0.245,,47,3902.30,3054.11
KXNBA1HSPREAD-26MAY01LALHOU-HOU6,KXNBA1HSPREAD-26MAY01LALHOU,KXNBA1HSPREAD,spread,Will Houston win the 1H by over 6.5 points?,Houston wins the 1H by over 6.5 points,Houston wins the 1H by over 6.5 points,no,0,finalized,2026-04-30T06:35:00Z,2026-05-02T02:53:31Z,2026-05-02T04:30:00Z,,1777687200,expected_expiration-150m,1777687200,0.33,0.37,0.35,,71,12475.55,5776.60
KXNBA1HSPREAD-26MAY01LALHOU-HOU3,KXNBA1HSPREAD-26MAY01LALHOU,KXNBA1HSPREAD,spread,Will Houston win the 1H by over 3.5 points?,Houston wins the 1H by over 3.5 points,Houston wins the 1H by over 3.5 points,no,0,finalized,2026-04-30T06:35:00Z,2026-05-02T02:53:31Z,2026-05-02T04:30:00Z,,1777687200,expected_expiration-150m,1777687200,0.46,0.49,0.475,0.49,89,86385.59,38060.65
KXNBA1HSPREAD-26MAY01LALHOU-HOU12,KXNBA1HSPREAD-26MAY01LALHOU,KXNBA1HSPREAD,spread,Will Houston win the 1H by over 12.5 points?,Houston wins the 1H by over 12.5 points,Houston wins the 1H by over 12.5 points,no,0,finalized,2026-04-30T06:35:00Z,2026-05-02T02:53:31Z,2026-05-02T04:30:00Z,,1777687200,expected_expiration-150m,1777687200,0.13,0.17,0.15000000000000002,,39,2465.94,2465.94
KXNBA1HSPREAD-26MAY01DETORL-ORL8,KXNBA1HSPREAD-26MAY01DETORL,KXNBA1HSPREAD,spread,Will Orlando win the 1H by over 8.5 points?,Orlando wins the 1H by over 8.5 points,Orlando wins the 1H by over 8.5 points,yes,1,finalized,2026-04-30T06:35:00Z,2026-05-02T00:10:22Z,2026-05-02T02:00:00Z,,1777678200,expected_expiration-150m,1777678200,0.08,0.12,0.1,,59,20928.28,12539.91
KXNBA1HSPREAD-26MAY01DETORL-ORL5,KXNBA1HSPREAD-26MAY01DETORL,KXNBA1HSPREAD,spread,Will Orlando win the 1H by over 5.5 points?,Orlando wins the 1H by over 5.5 points,Orlando wins the 1H by over 5.5 points,yes,1,finalized,2026-04-30T06:35:00Z,2026-05-02T00:10:21Z,2026-05-02T02:00:00Z,,1777678200,expected_expiration-150m,1777678200,0.17,0.23,0.2,,69,34483.41,16690.37
KXNBA1HSPREAD-26MAY01DETORL-ORL2,KXNBA1HSPREAD-26MAY01DETORL,KXNBA1HSPREAD,spread,Will Orlando win the 1H by over 2.5 points?,Orlando wins the 1H by over 2.5 points,Orlando wins the 1H by over 2.5 points,yes,1,finalized,2026-04-30T06:35:00Z,2026-05-02T00:10:21Z,2026-05-02T02:00:00Z,,1777678200,expected_expiration-150m,1777678200,0.29,0.3,0.295,,90,64474.34,34506.90
KXNBA1HSPREAD-26MAY01DETORL-ORL17,KXNBA1HSPREAD-26MAY01DETORL,KXNBA1HSPREAD,spread,Will Orlando win the 1H by over 17.5 points?,Orlando wins the 1H by over 17.5 points,Orlando wins the 1H by over 17.5 points,yes,1,finalized,2026-04-30T06:35:00Z,2026-05-02T00:10:24Z,2026-05-02T02:00:00Z,,1777678200,expected_expiration-150m,1777678140,0.0,0.01,0.005,,42,18602.56,6316.55
KXNBA1HSPREAD-26MAY01DETORL-ORL14,KXNBA1HSPREAD-26MAY01DETORL,KXNBA1HSPREAD,spread,Will Orlando win the 1H by over 14.5 points?,Orlando wins the 1H by over 14.5 points,Orlando wins the 1H by over 14.5 points,yes,1,finalized,2026-04-30T06:35:00Z,2026-05-02T00:10:23Z,2026-05-02T02:00:00Z,,1777678200,expected_expiration-150m,1777678140,0.0,0.02,0.01,,43,17578.58,7790.90
KXNBA1HSPREAD-26MAY01DETORL-ORL11,KXNBA1HSPREAD-26MAY01DETORL,KXNBA1HSPREAD,spread,Will Orlando win the 1H by over 11.5 points?,Orlando wins the 1H by over 11.5 points,Orlando wins the 1H by over 11.5 points,yes,1,finalized,2026-04-30T06:35:00Z,2026-05-02T00:10:23Z,2026-05-02T02:00:00Z,,1777678200,expected_expiration-150m,1777678140,0.0,0.07,0.035,,51,27179.69,13784.80
KXNBA1HSPREAD-26MAY01DETORL-DET7,KXNBA1HSPREAD-26MAY01DETORL,KXNBA1HSPREAD,spread,Will Detroit win the 1H by over 7.5 points?,Detroit wins the 1H by over 7.5 points,Detroit wins the 1H by over 7.5 points,no,0,finalized,2026-04-30T06:35:00Z,2026-05-02T00:10:18Z,2026-05-02T02:00:00Z,,1777678200,expected_expiration-150m,1777678200,0.23,0.27,0.25,,66,9174.37,6794.05
KXNBA1HSPREAD-26MAY01DETORL-DET4,KXNBA1HSPREAD-26MAY01DETORL,KXNBA1HSPREAD,spread,Will Detroit win the 1H by over 4.5 points?,Detroit wins the 1H by over 4.5 points,Detroit wins the 1H by over 4.5 points,no,0,finalized,2026-04-30T06:35:00Z,2026-05-02T00:10:19Z,2026-05-02T02:00:00Z,,1777678200,expected_expiration-150m,1777678200,0.37,0.39,0.38,0.38,76,30213.12,20263.01
KXNBA1HSPREAD-26MAY01DETORL-DET13,KXNBA1HSPREAD-26MAY01DETORL,KXNBA1HSPREAD,spread,Will Detroit win the 1H by over 13.5 points?,Detroit wins the 1H by over 13.5 points,Detroit wins the 1H by over 13.5 points,no,0,finalized,2026-04-30T06:35:00Z,2026-05-02T00:10:17Z,2026-05-02T02:00:00Z,,1777678200,expected_expiration-150m,1777678200,0.0,0.08,0.04,0.11,54,159.59,159.59
KXNBA1HSPREAD-26MAY01DETORL-DET10,KXNBA1HSPREAD-26MAY01DETORL,KXNBA1HSPREAD,spread,Will Detroit win the 1H by over 10.5 points?,Detroit wins the 1H by over 10.5 points,Detroit wins the 1H by over 10.5 points,no,0,finalized,2026-04-30T06:35:00Z,2026-05-02T00:10:18Z,2026-05-02T02:00:00Z,,1777678200,expected_expiration-150m,1777678200,0.04,0.15,0.095,,57,3722.04,3082.02
KXNBA1HSPREAD-26MAY01DETORL-DET1,KXNBA1HSPREAD-26MAY01DETORL,KXNBA1HSPREAD,spread,Will Detroit win the 1H by over 1.5 points?,Detroit wins the 1H by over 1.5 points,Detroit wins the 1H by over 1.5 points,no,0,finalized,2026-04-30T06:35:00Z,2026-05-02T00:10:20Z,2026-05-02T02:00:00Z,,1777678200,expected_expiration-150m,1777678200,0.52,0.53,0.525,0.52,102,179851.62,88449.13
KXNBA1HSPREAD-26APR30BOSPHI-PHI7,KXNBA1HSPREAD-26APR30BOSPHI,KXNBA1HSPREAD,spread,Will Philadelphia win the 1H by over 7.5 points?,Philadelphia wins the 1H by over 7.5 points,Philadelphia wins the 1H by over 7.5 points,yes,1,finalized,2026-04-29T08:35:00Z,2026-05-01T01:11:38Z,2026-05-01T03:00:00Z,,1777595400,expected_expiration-150m,1777595400,0.12,0.14,0.13,0.13,50,25757.83,16339.11
KXNBA1HSPREAD-26APR30BOSPHI-PHI4,KXNBA1HSPREAD-26APR30BOSPHI,KXNBA1HSPREAD,spread,Will Philadelphia win the 1H by over 4.5 points?,Philadelphia wins the 1H by over 4.5 points,Philadelphia wins the 1H by over 4.5 points,yes,1,finalized,2026-04-29T08:35:00Z,2026-05-01T01:11:38Z,2026-05-01T03:00:00Z,,1777595400,expected_expiration-150m,1777595400,0.23,0.26,0.245,0.25,51,31221.71,14974.95
KXNBA1HSPREAD-26APR30BOSPHI-PHI19,KXNBA1HSPREAD-26APR30BOSPHI,KXNBA1HSPREAD,spread,Will Philadelphia win the 1H by over 19.5 points?,Philadelphia wins the 1H by over 19.5 points,Philadelphia wins the 1H by over 19.5 points,no,0,finalized,2026-04-29T08:35:00Z,2026-05-01T01:11:39Z,2026-05-01T03:00:00Z,,1777595400,expected_expiration-150m,1777595400,0.0,0.02,0.01,,39,191.51,191.51
KXNBA1HSPREAD-26APR30BOSPHI-PHI16,KXNBA1HSPREAD-26APR30BOSPHI,KXNBA1HSPREAD,spread,Will Philadelphia win the 1H by over 16.5 points?,Philadelphia wins the 1H by over 16.5 points,Philadelphia wins the 1H by over 16.5 points,no,0,finalized,2026-04-29T08:35:00Z,2026-05-01T01:11:39Z,2026-05-01T03:00:00Z,,1777595400,expected_expiration-150m,1777595400,0.01,0.02,0.015,,34,691.04,651.04
KXNBA1HSPREAD-26APR30BOSPHI-PHI13,KXNBA1HSPREAD-26APR30BOSPHI,KXNBA1HSPREAD,spread,Will Philadelphia win the 1H by over 13.5 points?,Philadelphia wins the 1H by over 13.5 points,Philadelphia wins the 1H by over 13.5 points,no,0,finalized,2026-04-29T08:35:00Z,2026-05-01T01:11:38Z,2026-05-01T03:00:00Z,,1777595400,expected_expiration-150m,1777595400,0.02,0.04,0.03,,35,2138.85,1935.55
KXNBA1HSPREAD-26APR30BOSPHI-PHI10,KXNBA1HSPREAD-26APR30BOSPHI,KXNBA1HSPREAD,spread,Will Philadelphia win the 1H by over 10.5 points?,Philadelphia wins the 1H by over 10.5 points,Philadelphia wins the 1H by over 10.5 points,no,0,finalized,2026-04-29T08:35:00Z,2026-05-01T01:11:38Z,2026-05-01T03:00:00Z,,1777595400,expected_expiration-150m,1777595400,0.06,0.08,0.07,,40,4564.62,3639.75
KXNBA1HSPREAD-26APR30BOSPHI-PHI1,KXNBA1HSPREAD-26APR30BOSPHI,KXNBA1HSPREAD,spread,Will Philadelphia win the 1H by over 1.5 points?,Philadelphia wins the 1H by over 1.5 points,Philadelphia wins the 1H by over 1.5 points,yes,1,finalized,2026-04-29T08:35:00Z,2026-05-01T01:11:38Z,2026-05-01T03:00:00Z,,1777595400,expected_expiration-150m,1777595400,0.35,0.37,0.36,0.37,63,82628.26,39546.61
KXNBA1HSPREAD-26APR30BOSPHI-BOS8,KXNBA1HSPREAD-26APR30BOSPHI,KXNBA1HSPREAD,spread,Will Boston win the 1H by over 8.5 points?,Boston wins the 1H by over 8.5 points,Boston wins the 1H by over 8.5 points,no,0,finalized,2026-04-29T08:35:00Z,2026-05-01T01:11:37Z,2026-05-01T03:00:00Z,,1777595400,expected_expiration-150m,1777595400,0.26,0.37,0.315,0.34,53,6620.54,4592.35
KXNBA1HSPREAD-26APR30BOSPHI-BOS5,KXNBA1HSPREAD-26APR30BOSPHI,KXNBA1HSPREAD,spread,Will Boston win the 1H by over 5.5 points?,Boston wins the 1H by over 5.5 points,Boston wins the 1H by over 5.5 points,no,0,finalized,2026-04-29T08:35:00Z,2026-05-01T01:11:37Z,2026-05-01T03:00:00Z,,1777595400,expected_expiration-150m,1777595400,0.39,0.41,0.4,,74,32422.21,21438.51
KXNBA1HSPREAD-26APR30BOSPHI-BOS2,KXNBA1HSPREAD-26APR30BOSPHI,KXNBA1HSPREAD,spread,Will Boston win the 1H by over 2.5 points?,Boston wins the 1H by over 2.5 points,Boston wins the 1H by over 2.5 points,no,0,finalized,2026-04-29T08:35:00Z,2026-05-01T01:11:37Z,2026-05-01T03:00:00Z,,1777595400,expected_expiration-150m,1777595400,0.53,0.55,0.54,0.53,103,193221.10,131765.57
KXNBA1HSPREAD-26APR30BOSPHI-BOS11,KXNBA1HSPREAD-26APR30BOSPHI,KXNBA1HSPREAD,spread,Will Boston win the 1H by over 11.5 points?,Boston wins the 1H by over 11.5 points,Boston wins the 1H by over 11.5 points,no,0,finalized,2026-04-29T08:35:00Z,2026-05-01T01:11:37Z,2026-05-01T03:00:00Z,,1777595400,expected_expiration-150m,1777595400,0.14,0.17,0.15500000000000003,,63,7930.99,7337.90
KXNBA1HSPREAD-26APR30NYKATL-NYK8,KXNBA1HSPREAD-26APR30NYKATL,KXNBA1HSPREAD,spread,Will New York win the 1H by over 8.5 points?,New York wins the 1H by over 8.5 points,New York wins the 1H by over 8.5 points,yes,1,finalized,2026-04-29T05:35:00Z,2026-05-01T00:27:37Z,2026-05-01T02:00:00Z,,1777591800,expected_expiration-150m,1777591800,0.6,0.64,0.62,0.6,65,20870.01,10525.92
KXNBA1HSPREAD-26APR30NYKATL-NYK5,KXNBA1HSPREAD-26APR30NYKATL,KXNBA1HSPREAD,spread,Will New York win the 1H by over 5.5 points?,New York wins the 1H by over 5.5 points,New York wins the 1H by over 5.5 points,yes,1,finalized,2026-04-29T05:35:00Z,2026-05-01T00:27:37Z,2026-05-01T02:00:00Z,,1777591800,expected_expiration-150m,1777591800,0.73,0.76,0.745,0.74,73,18615.66,5814.14
KXNBA1HSPREAD-26APR30NYKATL-NYK2,KXNBA1HSPREAD-26APR30NYKATL,KXNBA1HSPREAD,spread,Will New York win the 1H by over 2.5 points?,New York wins the 1H by over 2.5 points,New York wins the 1H by over 2.5 points,yes,1,finalized,2026-04-29T05:35:00Z,2026-05-01T00:27:37Z,2026-05-01T02:00:00Z,,1777591800,expected_expiration-150m,1777591800,0.86,0.87,0.865,0.86,108,144052.38,69487.76
KXNBA1HSPREAD-26APR30NYKATL-NYK14,KXNBA1HSPREAD-26APR30NYKATL,KXNBA1HSPREAD,spread,Will New York win the 1H by over 14.5 points?,New York wins the 1H by over 14.5 points,New York wins the 1H by over 14.5 points,yes,1,finalized,2026-04-29T05:35:00Z,2026-05-01T00:27:36Z,2026-05-01T02:00:00Z,,1777591800,expected_expiration-150m,1777591800,0.31,0.37,0.33999999999999997,0.31,51,35736.56,22043.29
KXNBA1HSPREAD-26APR30NYKATL-NYK11,KXNBA1HSPREAD-26APR30NYKATL,KXNBA1HSPREAD,spread,Will New York win the 1H by over 11.5 points?,New York wins the 1H by over 11.5 points,New York wins the 1H by over 11.5 points,yes,1,finalized,2026-04-29T05:35:00Z,2026-05-01T00:27:36Z,2026-05-01T02:00:00Z,,1777591800,expected_expiration-150m,1777591800,0.45,0.49,0.47,0.48,54,12237.54,4554.91
KXNBA1HSPREAD-26APR30NYKATL-ATL7,KXNBA1HSPREAD-26APR30NYKATL,KXNBA1HSPREAD,spread,Will Atlanta win the 1H by over 7.5 points?,Atlanta wins the 1H by over 7.5 points,Atlanta wins the 1H by over 7.5 points,no,0,finalized,2026-04-29T05:35:00Z,2026-05-01T00:27:38Z,2026-05-01T02:00:00Z,,1777591800,expected_expiration-150m,1777591800,0.02,0.04,0.03,,57,14801.60,14213.05
KXNBA1HSPREAD-26APR30NYKATL-ATL4,KXNBA1HSPREAD-26APR30NYKATL,KXNBA1HSPREAD,spread,Will Atlanta win the 1H by over 4.5 points?,Atlanta wins the 1H by over 4.5 points,Atlanta wins the 1H by over 4.5 points,no,0,finalized,2026-04-29T05:35:00Z,2026-05-01T00:27:38Z,2026-05-01T02:00:00Z,,1777591800,expected_expiration-150m,1777591800,0.03,0.05,0.04,0.03,47,3774.26,3545.83
KXNBA1HSPREAD-26APR30NYKATL-ATL16,KXNBA1HSPREAD-26APR30NYKATL,KXNBA1HSPREAD,spread,Will Atlanta win the 1H by over 16.5 points?,Atlanta wins the 1H by over 16.5 points,Atlanta wins the 1H by over 16.5 points,no,0,finalized,2026-04-29T05:35:00Z,2026-05-01T00:27:38Z,2026-05-01T02:00:00Z,,1777591800,expected_expiration-150m,1777591800,0.0,0.01,0.005,,37,769.51,769.51
KXNBA1HSPREAD-26APR30NYKATL-ATL13,KXNBA1HSPREAD-26APR30NYKATL,KXNBA1HSPREAD,spread,Will Atlanta win the 1H by over 13.5 points?,Atlanta wins the 1H by over 13.5 points,Atlanta wins the 1H by over 13.5 points,no,0,finalized,2026-04-29T05:35:00Z,2026-05-01T00:27:38Z,2026-05-01T02:00:00Z,,1777591800,expected_expiration-150m,1777591800,0.0,0.01,0.005,,44,633.65,633.65
KXNBA1HSPREAD-26APR30NYKATL-ATL10,KXNBA1HSPREAD-26APR30NYKATL,KXNBA1HSPREAD,spread,Will Atlanta win the 1H by over 10.5 points?,Atlanta wins the 1H by over 10.5 points,Atlanta wins the 1H by over 10.5 points,no,0,finalized,2026-04-29T05:35:00Z,2026-05-01T00:27:38Z,2026-05-01T02:00:00Z,,1777591800,expected_expiration-150m,1777591800,0.0,0.02,0.01,,45,1120.64,1091.64
KXNBA1HSPREAD-26APR30NYKATL-ATL1,KXNBA1HSPREAD-26APR30NYKATL,KXNBA1HSPREAD,spread,Will Atlanta win the 1H by over 1.5 points?,Atlanta wins the 1H by over 1.5 points,Atlanta wins the 1H by over 1.5 points,no,0,finalized,2026-04-29T05:35:00Z,2026-05-01T00:27:37Z,2026-05-01T02:00:00Z,,1777591800,expected_expiration-150m,1777591800,0.08,0.11,0.095,0.09,79,41256.36,31155.25
KXNBA1HSPREAD-26APR30DENMIN-MIN9,KXNBA1HSPREAD-26APR30DENMIN,KXNBA1HSPREAD,spread,Will Minnesota win the 1H by over 9.5 points?,Minnesota wins the 1H by over 9.5 points,Minnesota wins the 1H by over 9.5 points,no,0,finalized,2026-04-28T13:35:00Z,2026-05-01T02:45:38Z,2026-04-30T20:00:00Z,,1777570200,expected_expiration-150m,1777568880,0.06,0.42,0.24,,8,9990.45,6436.98
KXNBA1HSPREAD-26APR30DENMIN-MIN6,KXNBA1HSPREAD-26APR30DENMIN,KXNBA1HSPREAD,spread,Will Minnesota win the 1H by over 6.5 points?,Minnesota wins the 1H by over 6.5 points,Minnesota wins the 1H by over 6.5 points,yes,1,finalized,2026-04-28T13:35:00Z,2026-05-01T02:45:38Z,2026-04-30T20:00:00Z,,1777570200,expected_expiration-150m,1777568880,0.08,0.51,0.295,,8,46446.81,16414.80
KXNBA1HSPREAD-26APR30DENMIN-MIN3,KXNBA1HSPREAD-26APR30DENMIN,KXNBA1HSPREAD,spread,Will Minnesota win the 1H by over 3.5 points?,Minnesota wins the 1H by over 3.5 points,Minnesota wins the 1H by over 3.5 points,yes,1,finalized,2026-04-28T13:35:00Z,2026-05-01T02:45:38Z,2026-04-30T20:00:00Z,,1777570200,expected_expiration-150m,1777570080,0.25,0.27,0.26,,14,103137.11,53197.40
KXNBA1HSPREAD-26APR30DENMIN-MIN18,KXNBA1HSPREAD-26APR30DENMIN,KXNBA1HSPREAD,spread,Will Minnesota win the 1H by over 18.5 points?,Minnesota wins the 1H by over 18.5 points,Minnesota wins the 1H by over 18.5 points,no,0,finalized,2026-04-28T13:35:00Z,2026-05-01T02:45:38Z,2026-04-30T20:00:00Z,,1777570200,expected_expiration-150m,1777568880,0.0,0.07,0.035,,3,1200.77,1100.77
KXNBA1HSPREAD-26APR30DENMIN-MIN15,KXNBA1HSPREAD-26APR30DENMIN,KXNBA1HSPREAD,spread,Will Minnesota win the 1H by over 15.5 points?,Minnesota wins the 1H by over 15.5 points,Minnesota wins the 1H by over 15.5 points,no,0,finalized,2026-04-28T13:35:00Z,2026-05-01T02:45:38Z,2026-04-30T20:00:00Z,,1777570200,expected_expiration-150m,1777568880,0.03,0.23,0.13,,2,785.99,771.59
KXNBA1HSPREAD-26APR30DENMIN-MIN12,KXNBA1HSPREAD-26APR30DENMIN,KXNBA1HSPREAD,spread,Will Minnesota win the 1H by over 12.5 points?,Minnesota wins the 1H by over 12.5 points,Minnesota wins the 1H by over 12.5 points,no,0,finalized,2026-04-28T13:35:00Z,2026-05-01T02:45:38Z,2026-04-30T20:00:00Z,,1777570200,expected_expiration-150m,1777568880,0.04,0.32,0.18,,4,2368.71,2354.71
KXNBA1HSPREAD-26APR30DENMIN-DEN9,KXNBA1HSPREAD-26APR30DENMIN,KXNBA1HSPREAD,spread,Will Denver win the 1H by over 9.5 points?,Denver wins the 1H by over 9.5 points,Denver wins the 1H by over 9.5 points,no,0,finalized,2026-04-28T13:35:00Z,2026-05-01T02:45:39Z,2026-04-30T20:00:00Z,,1777570200,expected_expiration-150m,1777569840,0.26,0.28,0.27,,10,2727.85,1990.01
KXNBA1HSPREAD-26APR30DENMIN-DEN6,KXNBA1HSPREAD-26APR30DENMIN,KXNBA1HSPREAD,spread,Will Denver win the 1H by over 6.5 points?,Denver wins the 1H by over 6.5 points,Denver wins the 1H by over 6.5 points,no,0,finalized,2026-04-28T13:35:00Z,2026-05-01T02:45:39Z,2026-04-30T20:00:00Z,,1777570200,expected_expiration-150m,1777569840,0.36,0.4,0.38,,6,22002.23,14357.24
KXNBA1HSPREAD-26APR30DENMIN-DEN3,KXNBA1HSPREAD-26APR30DENMIN,KXNBA1HSPREAD,spread,Will Denver win the 1H by over 3.5 points?,Denver wins the 1H by over 3.5 points,Denver wins the 1H by over 3.5 points,no,0,finalized,2026-04-28T13:35:00Z,2026-05-01T02:45:39Z,2026-04-30T20:00:00Z,,1777570200,expected_expiration-150m,1777569660,0.49,0.51,0.5,,10,281914.78,167664.99
KXNBA1HSPREAD-26APR30DENMIN-DEN12,KXNBA1HSPREAD-26APR30DENMIN,KXNBA1HSPREAD,spread,Will Denver win the 1H by over 12.5 points?,Denver wins the 1H by over 12.5 points,Denver wins the 1H by over 12.5 points,no,0,finalized,2026-04-28T13:35:00Z,2026-05-01T02:45:39Z,2026-04-30T20:00:00Z,,1777570200,expected_expiration-150m,1777570200,0.02,0.49,0.255,,19,2272.44,999.27
KXNBA1HSPREAD-26APR29ORLDET-ORL9,KXNBA1HSPREAD-26APR29ORLDET,KXNBA1HSPREAD,spread,Will Orlando win the 1H by over 9.5 points?,Orlando wins the 1H by over 9.5 points,Orlando wins the 1H by over 9.5 points,no,0,finalized,2026-04-28T06:35:00Z,2026-04-30T00:20:16Z,2026-04-30T02:00:00Z,,1777505400,expected_expiration-150m,1777505400,0.0,0.23,0.115,,41,840.95,840.95
KXNBA1HSPREAD-26APR29ORLDET-ORL6,KXNBA1HSPREAD-26APR29ORLDET,KXNBA1HSPREAD,spread,Will Orlando win the 1H by over 6.5 points?,Orlando wins the 1H by over 6.5 points,Orlando wins the 1H by over 6.5 points,no,0,finalized,2026-04-28T06:35:00Z,2026-04-30T00:20:15Z,2026-04-30T02:00:00Z,,1777505400,expected_expiration-150m,1777505400,0.01,0.23,0.12000000000000001,,56,4226.51,4193.51
KXNBA1HSPREAD-26APR29ORLDET-ORL3,KXNBA1HSPREAD-26APR29ORLDET,KXNBA1HSPREAD,spread,Will Orlando win the 1H by over 3.5 points?,Orlando wins the 1H by over 3.5 points,Orlando wins the 1H by over 3.5 points,no,0,finalized,2026-04-28T06:35:00Z,2026-04-30T00:20:14Z,2026-04-30T02:00:00Z,,1777505400,expected_expiration-150m,1777505400,0.04,0.37,0.205,,71,13543.54,12949.06
KXNBA1HSPREAD-26APR29ORLDET-ORL21,KXNBA1HSPREAD-26APR29ORLDET,KXNBA1HSPREAD,spread,Will Orlando win the 1H by over 21.5 points?,Orlando wins the 1H by over 21.5 points,Orlando wins the 1H by over 21.5 points,no,0,finalized,2026-04-28T06:35:00Z,2026-04-30T00:20:19Z,2026-04-30T02:00:00Z,,1777505400,expected_expiration-150m,1777505400,0.0,0.01,0.005,,31,0.00,0.00
KXNBA1HSPREAD-26APR29ORLDET-ORL18,KXNBA1HSPREAD-26APR29ORLDET,KXNBA1HSPREAD,spread,Will Orlando win the 1H by over 18.5 points?,Orlando wins the 1H by over 18.5 points,Orlando wins the 1H by over 18.5 points,no,0,finalized,2026-04-28T06:35:00Z,2026-04-30T00:20:18Z,2026-04-30T02:00:00Z,,1777505400,expected_expiration-150m,1777505400,0.0,0.01,0.005,,26,0.00,0.00
KXNBA1HSPREAD-26APR29ORLDET-ORL15,KXNBA1HSPREAD-26APR29ORLDET,KXNBA1HSPREAD,spread,Will Orlando win the 1H by over 15.5 points?,Orlando wins the 1H by over 15.5 points,Orlando wins the 1H by over 15.5 points,no,0,finalized,2026-04-28T06:35:00Z,2026-04-30T00:20:17Z,2026-04-30T02:00:00Z,,1777505400,expected_expiration-150m,1777505400,0.0,0.04,0.02,,31,21.00,21.00
KXNBA1HSPREAD-26APR29ORLDET-ORL12,KXNBA1HSPREAD-26APR29ORLDET,KXNBA1HSPREAD,spread,Will Orlando win the 1H by over 12.5 points?,Orlando wins the 1H by over 12.5 points,Orlando wins the 1H by over 12.5 points,no,0,finalized,2026-04-28T06:35:00Z,2026-04-30T00:20:16Z,2026-04-30T02:00:00Z,,1777505400,expected_expiration-150m,1777505400,0.0,0.13,0.065,,38,2856.19,2831.93
KXNBA1HSPREAD-26APR29ORLDET-DET9,KXNBA1HSPREAD-26APR29ORLDET,KXNBA1HSPREAD,spread,Will Detroit win the 1H by over 9.5 points?,Detroit wins the 1H by over 9.5 points,Detroit wins the 1H by over 9.5 points,no,0,finalized,2026-04-28T06:35:00Z,2026-04-30T00:20:12Z,2026-04-30T02:00:00Z,,1777505400,expected_expiration-150m,1777505400,0.52,0.57,0.5449999999999999,0.57,85,147844.58,71723.62
KXNBA1HSPREAD-26APR29ORLDET-DET6,KXNBA1HSPREAD-26APR29ORLDET,KXNBA1HSPREAD,spread,Will Detroit win the 1H by over 6.5 points?,Detroit wins the 1H by over 6.5 points,Detroit wins the 1H by over 6.5 points,no,0,finalized,2026-04-28T06:35:00Z,2026-04-30T00:20:12Z,2026-04-30T02:00:00Z,,1777505400,expected_expiration-150m,1777505400,0.63,0.73,0.6799999999999999,0.74,106,163915.63,99179.28
KXNBA1HSPREAD-26APR29ORLDET-DET3,KXNBA1HSPREAD-26APR29ORLDET,KXNBA1HSPREAD,spread,Will Detroit win the 1H by over 3.5 points?,Detroit wins the 1H by over 3.5 points,Detroit wins the 1H by over 3.5 points,yes,1,finalized,2026-04-28T06:35:00Z,2026-04-30T00:20:13Z,2026-04-30T02:00:00Z,,1777505400,expected_expiration-150m,1777505400,0.84,0.88,0.86,0.87,95,44519.04,28949.43
KXNBA1HSPREAD-26APR29TORCLE-TOR9,KXNBA1HSPREAD-26APR29TORCLE,KXNBA1HSPREAD,spread,Will Toronto win the 1H by over 9.5 points?,Toronto wins the 1H by over 9.5 points,Toronto wins the 1H by over 9.5 points,no,0,finalized,2026-04-27T06:35:00Z,2026-04-30T00:47:34Z,2026-04-30T02:30:00Z,,1777507200,expected_expiration-150m,1777507200,0.27,0.35,0.31,0.36,42,7427.78,7272.99
KXNBA1HSPREAD-26APR29TORCLE-TOR6,KXNBA1HSPREAD-26APR29TORCLE,KXNBA1HSPREAD,spread,Will Toronto win the 1H by over 6.5 points?,Toronto wins the 1H by over 6.5 points,Toronto wins the 1H by over 6.5 points,yes,1,finalized,2026-04-27T06:35:00Z,2026-04-30T00:47:34Z,2026-04-30T02:30:00Z,,1777507200,expected_expiration-150m,1777507200,0.36,0.44,0.4,0.44,47,12845.75,7308.80
KXNBA1HSPREAD-26APR29TORCLE-TOR3,KXNBA1HSPREAD-26APR29TORCLE,KXNBA1HSPREAD,spread,Will Toronto win the 1H by over 3.5 points?,Toronto wins the 1H by over 3.5 points,Toronto wins the 1H by over 3.5 points,yes,1,finalized,2026-04-27T06:35:00Z,2026-04-30T00:47:34Z,2026-04-30T02:30:00Z,,1777507200,expected_expiration-150m,1777507200,0.5,0.54,0.52,0.5,52,43986.69,19008.48
KXNBA1HSPREAD-26APR29TORCLE-TOR21,KXNBA1HSPREAD-26APR29TORCLE,KXNBA1HSPREAD,spread,Will Toronto win the 1H by over 21.5 points?,Toronto wins the 1H by over 21.5 points,Toronto wins the 1H by over 21.5 points,no,0,finalized,2026-04-27T06:35:00Z,2026-04-30T00:47:36Z,2026-04-30T02:30:00Z,,1777507200,expected_expiration-150m,1777507200,0.0,0.05,0.025,,27,140.37,140.37
KXNBA1HSPREAD-26APR29TORCLE-TOR18,KXNBA1HSPREAD-26APR29TORCLE,KXNBA1HSPREAD,spread,Will Toronto win the 1H by over 18.5 points?,Toronto wins the 1H by over 18.5 points,Toronto wins the 1H by over 18.5 points,no,0,finalized,2026-04-27T06:35:00Z,2026-04-30T00:47:36Z,2026-04-30T02:30:00Z,,1777507200,expected_expiration-150m,1777507140,0.0,0.06,0.03,,28,1.00,1.00
KXNBA1HSPREAD-26APR29TORCLE-TOR15,KXNBA1HSPREAD-26APR29TORCLE,KXNBA1HSPREAD,spread,Will Toronto win the 1H by over 15.5 points?,Toronto wins the 1H by over 15.5 points,Toronto wins the 1H by over 15.5 points,no,0,finalized,2026-04-27T06:35:00Z,2026-04-30T00:47:35Z,2026-04-30T02:30:00Z,,1777507200,expected_expiration-150m,1777507200,0.0,0.16,0.08,,27,1592.03,1592.03
KXNBA1HSPREAD-26APR29TORCLE-TOR12,KXNBA1HSPREAD-26APR29TORCLE,KXNBA1HSPREAD,spread,Will Toronto win the 1H by over 12.5 points?,Toronto wins the 1H by over 12.5 points,Toronto wins the 1H by over 12.5 points,no,0,finalized,2026-04-27T06:35:00Z,2026-04-30T00:47:34Z,2026-04-30T02:30:00Z,,1777507200,expected_expiration-150m,1777507200,0.14,0.23,0.185,,36,589.77,552.45
KXNBA1HSPREAD-26APR29TORCLE-CLE9,KXNBA1HSPREAD-26APR29TORCLE,KXNBA1HSPREAD,spread,Will Cleveland win the 1H by over 9.5 points?,Cleveland wins the 1H by over 9.5 points,Cleveland wins the 1H by over 9.5 points,no,0,finalized,2026-04-27T06:35:00Z,2026-04-30T00:47:32Z,2026-04-30T02:30:00Z,,1777507200,expected_expiration-150m,1777507200,0.0,0.11,0.055,,55,12822.30,5326.23
KXNBA1HSPREAD-26APR29TORCLE-CLE6,KXNBA1HSPREAD-26APR29TORCLE,KXNBA1HSPREAD,spread,Will Cleveland win the 1H by over 6.5 points?,Cleveland wins the 1H by over 6.5 points,Cleveland wins the 1H by over 6.5 points,no,0,finalized,2026-04-27T06:35:00Z,2026-04-30T00:47:32Z,2026-04-30T02:30:00Z,,1777507200,expected_expiration-150m,1777507200,0.14,0.15,0.14500000000000002,,97,111077.96,64784.76
KXNBA1HSPREAD-26APR29TORCLE-CLE3,KXNBA1HSPREAD-26APR29TORCLE,KXNBA1HSPREAD,spread,Will Cleveland win the 1H by over 3.5 points?,Cleveland wins the 1H by over 3.5 points,Cleveland wins the 1H by over 3.5 points,no,0,finalized,2026-04-27T06:35:00Z,2026-04-30T00:47:33Z,2026-04-30T02:30:00Z,,1777507200,expected_expiration-150m,1777507200,0.23,0.25,0.24,0.23,80,134118.05,68063.17
KXNBA1HSPREAD-26APR28PHIBOS-PHI9,KXNBA1HSPREAD-26APR28PHIBOS,KXNBA1HSPREAD,spread,Will Philadelphia win the 1H by over 9.5 points?,Philadelphia wins the 1H by over 9.5 points,Philadelphia wins the 1H by over 9.5 points,no,0,finalized,2026-04-27T06:35:00Z,2026-04-29T00:10:16Z,2026-04-29T02:00:00Z,,1777419000,expected_expiration-150m,1777418940,0.0,0.05,0.025,,46,1311.69,1311.69
KXNBA1HSPREAD-26APR28PHIBOS-PHI6,KXNBA1HSPREAD-26APR28PHIBOS,KXNBA1HSPREAD,spread,Will Philadelphia win the 1H by over 6.5 points?,Philadelphia wins the 1H by over 6.5 points,Philadelphia wins the 1H by over 6.5 points,no,0,finalized,2026-04-27T06:35:00Z,2026-04-29T00:10:17Z,2026-04-29T02:00:00Z,,1777419000,expected_expiration-150m,1777419000,0.07,0.1,0.085,,62,4747.86,4685.20
KXNBA1HSPREAD-26APR28PHIBOS-PHI3,KXNBA1HSPREAD-26APR28PHIBOS,KXNBA1HSPREAD,spread,Will Philadelphia win the 1H by over 3.5 points?,Philadelphia wins the 1H by over 3.5 points,Philadelphia wins the 1H by over 3.5 points,no,0,finalized,2026-04-27T06:35:00Z,2026-04-29T00:10:18Z,2026-04-29T02:00:00Z,,1777419000,expected_expiration-150m,1777419000,0.14,0.17,0.15500000000000003,0.17,56,25056.06,22490.63
KXNBA1HSPREAD-26APR28PHIBOS-PHI21,KXNBA1HSPREAD-26APR28PHIBOS,KXNBA1HSPREAD,spread,Will Philadelphia win the 1H by over 21.5 points?,Philadelphia wins the 1H by over 21.5 points,Philadelphia wins the 1H by over 21.5 points,no,0,finalized,2026-04-27T06:35:00Z,2026-04-29T00:10:13Z,2026-04-29T02:00:00Z,,1777419000,expected_expiration-150m,1777418880,0.0,0.01,0.005,,26,213.00,203.00
KXNBA1HSPREAD-26APR28PHIBOS-PHI18,KXNBA1HSPREAD-26APR28PHIBOS,KXNBA1HSPREAD,spread,Will Philadelphia win the 1H by over 18.5 points?,Philadelphia wins the 1H by over 18.5 points,Philadelphia wins the 1H by over 18.5 points,no,0,finalized,2026-04-27T06:35:00Z,2026-04-29T00:10:13Z,2026-04-29T02:00:00Z,,1777419000,expected_expiration-150m,1777418880,0.0,0.01,0.005,,41,366.89,356.89
KXNBA1HSPREAD-26APR28PHIBOS-PHI15,KXNBA1HSPREAD-26APR28PHIBOS,KXNBA1HSPREAD,spread,Will Philadelphia win the 1H by over 15.5 points?,Philadelphia wins the 1H by over 15.5 points,Philadelphia wins the 1H by over 15.5 points,no,0,finalized,2026-04-27T06:35:00Z,2026-04-29T00:10:14Z,2026-04-29T02:00:00Z,,1777419000,expected_expiration-150m,1777418940,0.0,0.01,0.005,,38,217.00,217.00
KXNBA1HSPREAD-26APR28PHIBOS-PHI12,KXNBA1HSPREAD-26APR28PHIBOS,KXNBA1HSPREAD,spread,Will Philadelphia win the 1H by over 12.5 points?,Philadelphia wins the 1H by over 12.5 points,Philadelphia wins the 1H by over 12.5 points,no,0,finalized,2026-04-27T06:35:00Z,2026-04-29T00:10:15Z,2026-04-29T02:00:00Z,,1777419000,expected_expiration-150m,1777419000,0.0,0.03,0.015,,41,443.91,433.91
KXNBA1HSPREAD-26APR28PHIBOS-BOS9,KXNBA1HSPREAD-26APR28PHIBOS,KXNBA1HSPREAD,spread,Will Boston win the 1H by over 9.5 points?,Boston wins the 1H by over 9.5 points,Boston wins the 1H by over 9.5 points,no,0,finalized,2026-04-27T06:35:00Z,2026-04-29T00:10:20Z,2026-04-29T02:00:00Z,,1777419000,expected_expiration-150m,1777419000,0.33,0.34,0.335,0.34,77,64916.60,30763.79
KXNBA1HSPREAD-26APR28PHIBOS-BOS6,KXNBA1HSPREAD-26APR28PHIBOS,KXNBA1HSPREAD,spread,Will Boston win the 1H by over 6.5 points?,Boston wins the 1H by over 6.5 points,Boston wins the 1H by over 6.5 points,yes,1,finalized,2026-04-27T06:35:00Z,2026-04-29T00:10:19Z,2026-04-29T02:00:00Z,,1777419000,expected_expiration-150m,1777419000,0.48,0.5,0.49,0.48,102,210889.96,117942.20
KXNBA1HSPREAD-26APR28PHIBOS-BOS3,KXNBA1HSPREAD-26APR28PHIBOS,KXNBA1HSPREAD,spread,Will Boston win the 1H by over 3.5 points?,Boston wins the 1H by over 3.5 points,Boston wins the 1H by over 3.5 points,yes,1,finalized,2026-04-27T06:35:00Z,2026-04-29T00:10:19Z,2026-04-29T02:00:00Z,,1777419000,expected_expiration-150m,1777419000,0.63,0.66,0.645,0.66,90,101186.55,49672.26
KXNBA1HSPREAD-26APR29HOULAL-LAL7,KXNBA1HSPREAD-26APR29HOULAL,KXNBA1HSPREAD,spread,Will Los Angeles L win the 1H by over 7.5 points?,Los Angeles L wins the 1H by over 7.5 points,Los Angeles L wins the 1H by over 7.5 points,no,0,finalized,2026-04-27T05:35:00Z,2026-04-30T03:15:33Z,2026-04-30T05:00:00Z,,1777516200,expected_expiration-150m,1777516200,0.38,0.41,0.395,0.4,52,35648.17,14159.71
KXNBA1HSPREAD-26APR29HOULAL-LAL4,KXNBA1HSPREAD-26APR29HOULAL,KXNBA1HSPREAD,spread,Will Los Angeles L win the 1H by over 4.5 points?,Los Angeles L wins the 1H by over 4.5 points,Los Angeles L wins the 1H by over 4.5 points,no,0,finalized,2026-04-27T05:35:00Z,2026-04-30T03:15:33Z,2026-04-30T05:00:00Z,,1777516200,expected_expiration-150m,1777516200,0.51,0.52,0.515,0.52,73,90318.04,50175.72
KXNBA1HSPREAD-26APR29HOULAL-LAL13,KXNBA1HSPREAD-26APR29HOULAL,KXNBA1HSPREAD,spread,Will Los Angeles L win the 1H by over 13.5 points?,Los Angeles L wins the 1H by over 13.5 points,Los Angeles L wins the 1H by over 13.5 points,no,0,finalized,2026-04-27T05:35:00Z,2026-04-30T03:15:33Z,2026-04-30T05:00:00Z,,1777516200,expected_expiration-150m,1777516200,0.15,0.22,0.185,,45,6682.89,3240.50
KXNBA1HSPREAD-26APR29HOULAL-LAL10,KXNBA1HSPREAD-26APR29HOULAL,KXNBA1HSPREAD,spread,Will Los Angeles L win the 1H by over 10.5 points?,Los Angeles L wins the 1H by over 10.5 points,Los Angeles L wins the 1H by over 10.5 points,no,0,finalized,2026-04-27T05:35:00Z,2026-04-30T03:15:33Z,2026-04-30T05:00:00Z,,1777516200,expected_expiration-150m,1777516200,0.26,0.32,0.29000000000000004,,48,16818.71,13116.60
KXNBA1HSPREAD-26APR29HOULAL-LAL1,KXNBA1HSPREAD-26APR29HOULAL,KXNBA1HSPREAD,spread,Will Los Angeles L win the 1H by over 1.5 points?,Los Angeles L wins the 1H by over 1.5 points,Los Angeles L wins the 1H by over 1.5 points,no,0,finalized,2026-04-27T05:35:00Z,2026-04-30T03:15:34Z,2026-04-30T05:00:00Z,,1777516200,expected_expiration-150m,1777516200,0.66,0.68,0.67,0.68,99,246905.22,138233.47
KXNBA1HSPREAD-26APR29HOULAL-HOU8,KXNBA1HSPREAD-26APR29HOULAL,KXNBA1HSPREAD,spread,Will Houston win the 1H by over 8.5 points?,Houston wins the 1H by over 8.5 points,Houston wins the 1H by over 8.5 points,no,0,finalized,2026-04-27T05:35:00Z,2026-04-30T03:15:34Z,2026-04-30T05:00:00Z,,1777516200,expected_expiration-150m,1777516200,0.06,0.1,0.08,,47,5729.71,3886.98
KXNBA1HSPREAD-26APR29HOULAL-HOU5,KXNBA1HSPREAD-26APR29HOULAL,KXNBA1HSPREAD,spread,Will Houston win the 1H by over 5.5 points?,Houston wins the 1H by over 5.5 points,Houston wins the 1H by over 5.5 points,no,0,finalized,2026-04-27T05:35:00Z,2026-04-30T03:15:34Z,2026-04-30T05:00:00Z,,1777516200,expected_expiration-150m,1777516200,0.12,0.16,0.14,,47,20127.34,10508.59
KXNBA1HSPREAD-26APR29HOULAL-HOU2,KXNBA1HSPREAD-26APR29HOULAL,KXNBA1HSPREAD,spread,Will Houston win the 1H by over 2.5 points?,Houston wins the 1H by over 2.5 points,Houston wins the 1H by over 2.5 points,yes,1,finalized,2026-04-27T05:35:00Z,2026-04-30T03:15:34Z,2026-04-30T05:00:00Z,,1777516200,expected_expiration-150m,1777516200,0.21,0.24,0.22499999999999998,0.23,67,90640.69,41348.53
KXNBA1HSPREAD-26APR29HOULAL-HOU17,KXNBA1HSPREAD-26APR29HOULAL,KXNBA1HSPREAD,spread,Will Houston win the 1H by over 17.5 points?,Houston wins the 1H by over 17.5 points,Houston wins the 1H by over 17.5 points,no,0,finalized,2026-04-27T05:35:00Z,2026-04-30T03:15:35Z,2026-04-30T05:00:00Z,,1777516200,expected_expiration-150m,1777516200,0.0,0.02,0.01,,35,2296.58,2296.58
KXNBA1HSPREAD-26APR29HOULAL-HOU14,KXNBA1HSPREAD-26APR29HOULAL,KXNBA1HSPREAD,spread,Will Houston win the 1H by over 14.5 points?,Houston wins the 1H by over 14.5 points,Houston wins the 1H by over 14.5 points,no,0,finalized,2026-04-27T05:35:00Z,2026-04-30T03:15:35Z,2026-04-30T05:00:00Z,,1777516200,expected_expiration-150m,1777516200,0.02,0.03,0.025,,35,560.84,560.84
KXNBA1HSPREAD-26APR29HOULAL-HOU11,KXNBA1HSPREAD-26APR29HOULAL,KXNBA1HSPREAD,spread,Will Houston win the 1H by over 11.5 points?,Houston wins the 1H by over 11.5 points,Houston wins the 1H by over 11.5 points,no,0,finalized,2026-04-27T05:35:00Z,2026-04-30T03:15:34Z,2026-04-30T05:00:00Z,,1777516200,expected_expiration-150m,1777516200,0.03,0.06,0.045,,40,3727.87,3727.87
KXNBA1HSPREAD-26APR28PORSAS-SAS8,KXNBA1HSPREAD-26APR28PORSAS,KXNBA1HSPREAD,spread,Will San Antonio win the 1H by over 8.5 points?,San Antonio wins the 1H by over 8.5 points,San Antonio wins the 1H by over 8.5 points,yes,1,finalized,2026-04-27T01:35:00Z,2026-04-29T02:45:38Z,2026-04-29T04:30:00Z,,1777428000,expected_expiration-150m,1777428000,0.67,0.69,0.6799999999999999,0.7,75,94500.54,47250.27
KXNBA1HSPREAD-26APR28PORSAS-SAS5,KXNBA1HSPREAD-26APR28PORSAS,KXNBA1HSPREAD,spread,Will San Antonio win the 1H by over 5.5 points?,San Antonio wins the 1H by over 5.5 points,San Antonio wins the 1H by over 5.5 points,yes,1,finalized,2026-04-27T01:35:00Z,2026-04-29T02:45:38Z,2026-04-29T04:30:00Z,,1777428000,expected_expiration-150m,1777428000,0.78,0.8,0.79,,77,61242.02,43978.70
KXNBA1HSPREAD-26APR28PORSAS-SAS2,KXNBA1HSPREAD-26APR28PORSAS,KXNBA1HSPREAD,spread,Will San Antonio win the 1H by over 2.5 points?,San Antonio wins the 1H by over 2.5 points,San Antonio wins the 1H by over 2.5 points,yes,1,finalized,2026-04-27T01:35:00Z,2026-04-29T02:45:38Z,2026-04-29T04:30:00Z,,1777428000,expected_expiration-150m,1777428000,0.89,0.9,0.895,0.9,67,19511.67,13428.22
KXNBA1HSPREAD-26APR28PORSAS-POR7,KXNBA1HSPREAD-26APR28PORSAS,KXNBA1HSPREAD,spread,Will Portland win the 1H by over 7.5 points?,Portland wins the 1H by over 7.5 points,Portland wins the 1H by over 7.5 points,no,0,finalized,2026-04-27T01:35:00Z,2026-04-29T02:45:37Z,2026-04-29T04:30:00Z,,1777428000,expected_expiration-150m,1777428000,0.0,0.03,0.015,,42,782.59,775.32
KXNBA1HSPREAD-26APR28PORSAS-POR4,KXNBA1HSPREAD-26APR28PORSAS,KXNBA1HSPREAD,spread,Will Portland win the 1H by over 4.5 points?,Portland wins the 1H by over 4.5 points,Portland wins the 1H by over 4.5 points,no,0,finalized,2026-04-27T01:35:00Z,2026-04-29T02:45:38Z,2026-04-29T04:30:00Z,,1777428000,expected_expiration-150m,1777428000,0.0,0.04,0.02,,50,407.84,407.73
KXNBA1HSPREAD-26APR28PORSAS-POR22,KXNBA1HSPREAD-26APR28PORSAS,KXNBA1HSPREAD,spread,Will Portland win the 1H by over 22.5 points?,Portland wins the 1H by over 22.5 points,Portland wins the 1H by over 22.5 points,no,0,finalized,2026-04-27T01:35:00Z,2026-04-29T02:45:36Z,2026-04-29T04:30:00Z,,1777428000,expected_expiration-150m,1777428000,0.0,0.01,0.005,,31,37.40,37.40
KXNBA1HSPREAD-26APR28PORSAS-POR19,KXNBA1HSPREAD-26APR28PORSAS,KXNBA1HSPREAD,spread,Will Portland win the 1H by over 19.5 points?,Portland wins the 1H by over 19.5 points,Portland wins the 1H by over 19.5 points,no,0,finalized,2026-04-27T01:35:00Z,2026-04-29T02:45:36Z,2026-04-29T04:30:00Z,,1777428000,expected_expiration-150m,1777428000,0.0,0.01,0.005,,29,0.00,0.00
KXNBA1HSPREAD-26APR28PORSAS-POR16,KXNBA1HSPREAD-26APR28PORSAS,KXNBA1HSPREAD,spread,Will Portland win the 1H by over 16.5 points?,Portland wins the 1H by over 16.5 points,Portland wins the 1H by over 16.5 points,no,0,finalized,2026-04-27T01:35:00Z,2026-04-29T02:45:37Z,2026-04-29T04:30:00Z,,1777428000,expected_expiration-150m,1777428000,0.0,0.01,0.005,,32,935.19,935.19
KXNBA1HSPREAD-26APR28PORSAS-POR13,KXNBA1HSPREAD-26APR28PORSAS,KXNBA1HSPREAD,spread,Will Portland win the 1H by over 13.5 points?,Portland wins the 1H by over 13.5 points,Portland wins the 1H by over 13.5 points,no,0,finalized,2026-04-27T01:35:00Z,2026-04-29T02:45:37Z,2026-04-29T04:30:00Z,,1777428000,expected_expiration-150m,1777427880,0.0,0.01,0.005,,26,794.71,794.71
KXNBA1HSPREAD-26APR28PORSAS-POR10,KXNBA1HSPREAD-26APR28PORSAS,KXNBA1HSPREAD,spread,Will Portland win the 1H by over 10.5 points?,Portland wins the 1H by over 10.5 points,Portland wins the 1H by over 10.5 points,no,0,finalized,2026-04-27T01:35:00Z,2026-04-29T02:45:37Z,2026-04-29T04:30:00Z,,1777428000,expected_expiration-150m,1777428000,0.0,0.01,0.005,,35,583.92,583.92
KXNBA1HSPREAD-26APR28PORSAS-POR1,KXNBA1HSPREAD-26APR28PORSAS,KXNBA1HSPREAD,spread,Will Portland win the 1H by over 1.5 points?,Portland wins the 1H by over 1.5 points,Portland wins the 1H by over 1.5 points,no,0,finalized,2026-04-27T01:35:00Z,2026-04-29T02:45:38Z,2026-04-29T04:30:00Z,,1777428000,expected_expiration-150m,1777428000,0.06,0.08,0.07,0.07,55,9171.28,8356.72
KXNBA1HSPREAD-26APR27MINDEN-MIN9,KXNBA1HSPREAD-26APR27MINDEN,KXNBA1HSPREAD,spread,Will Minnesota win the 1H by over 9.5 points?,Minnesota wins the 1H by over 9.5 points,Minnesota wins the 1H by over 9.5 points,no,0,finalized,2026-04-26T05:35:00Z,2026-04-28T03:45:36Z,2026-04-28T05:30:00Z,,1777345200,expected_expiration-150m,1777345200,0.0,0.08,0.04,,34,290.54,290.54
KXNBA1HSPREAD-26APR27MINDEN-MIN6,KXNBA1HSPREAD-26APR27MINDEN,KXNBA1HSPREAD,spread,Will Minnesota win the 1H by over 6.5 points?,Minnesota wins the 1H by over 6.5 points,Minnesota wins the 1H by over 6.5 points,no,0,finalized,2026-04-26T05:35:00Z,2026-04-28T03:45:36Z,2026-04-28T05:30:00Z,,1777345200,expected_expiration-150m,1777345200,0.0,0.06,0.03,0.07,38,5291.42,5291.42
KXNBA1HSPREAD-26APR27MINDEN-MIN3,KXNBA1HSPREAD-26APR27MINDEN,KXNBA1HSPREAD,spread,Will Minnesota win the 1H by over 3.5 points?,Minnesota wins the 1H by over 3.5 points,Minnesota wins the 1H by over 3.5 points,no,0,finalized,2026-04-26T05:35:00Z,2026-04-28T03:45:37Z,2026-04-28T05:30:00Z,,1777345200,expected_expiration-150m,1777345200,0.02,0.15,0.08499999999999999,0.13,75,10669.01,10205.27
KXNBA1HSPREAD-26APR27MINDEN-MIN21,KXNBA1HSPREAD-26APR27MINDEN,KXNBA1HSPREAD,spread,Will Minnesota win the 1H by over 21.5 points?,Minnesota wins the 1H by over 21.5 points,Minnesota wins the 1H by over 21.5 points,no,0,finalized,2026-04-26T05:35:00Z,2026-04-28T03:45:35Z,2026-04-28T05:30:00Z,,1777345200,expected_expiration-150m,1777345200,0.0,0.01,0.005,,30,47.00,47.00
KXNBA1HSPREAD-26APR27MINDEN-MIN18,KXNBA1HSPREAD-26APR27MINDEN,KXNBA1HSPREAD,spread,Will Minnesota win the 1H by over 18.5 points?,Minnesota wins the 1H by over 18.5 points,Minnesota wins the 1H by over 18.5 points,no,0,finalized,2026-04-26T05:35:00Z,2026-04-28T03:45:36Z,2026-04-28T05:30:00Z,,1777345200,expected_expiration-150m,1777345200,0.0,0.01,0.005,,33,187.03,187.03
KXNBA1HSPREAD-26APR27MINDEN-MIN15,KXNBA1HSPREAD-26APR27MINDEN,KXNBA1HSPREAD,spread,Will Minnesota win the 1H by over 15.5 points?,Minnesota wins the 1H by over 15.5 points,Minnesota wins the 1H by over 15.5 points,no,0,finalized,2026-04-26T05:35:00Z,2026-04-28T03:45:36Z,2026-04-28T05:30:00Z,,1777345200,expected_expiration-150m,1777345200,0.0,0.01,0.005,,37,448.01,448.01
KXNBA1HSPREAD-26APR27MINDEN-MIN12,KXNBA1HSPREAD-26APR27MINDEN,KXNBA1HSPREAD,spread,Will Minnesota win the 1H by over 12.5 points?,Minnesota wins the 1H by over 12.5 points,Minnesota wins the 1H by over 12.5 points,no,0,finalized,2026-04-26T05:35:00Z,2026-04-28T03:45:36Z,2026-04-28T05:30:00Z,,1777345200,expected_expiration-150m,1777345200,0.0,0.02,0.01,,38,37.26,37.26
KXNBA1HSPREAD-26APR27MINDEN-DEN9,KXNBA1HSPREAD-26APR27MINDEN,KXNBA1HSPREAD,spread,Will Denver win the 1H by over 9.5 points?,Denver wins the 1H by over 9.5 points,Denver wins the 1H by over 9.5 points,no,0,finalized,2026-04-26T05:35:00Z,2026-04-28T03:45:37Z,2026-04-28T05:30:00Z,,1777345200,expected_expiration-150m,1777345200,0.48,0.55,0.515,0.48,68,82572.38,35265.20
KXNBA1HSPREAD-26APR27MINDEN-DEN6,KXNBA1HSPREAD-26APR27MINDEN,KXNBA1HSPREAD,spread,Will Denver win the 1H by over 6.5 points?,Denver wins the 1H by over 6.5 points,Denver wins the 1H by over 6.5 points,yes,1,finalized,2026-04-26T05:35:00Z,2026-04-28T03:45:37Z,2026-04-28T05:30:00Z,,1777345200,expected_expiration-150m,1777345200,0.6,0.66,0.63,0.58,100,128042.86,70677.02
KXNBA1HSPREAD-26APR27MINDEN-DEN3,KXNBA1HSPREAD-26APR27MINDEN,KXNBA1HSPREAD,spread,Will Denver win the 1H by over 3.5 points?,Denver wins the 1H by over 3.5 points,Denver wins the 1H by over 3.5 points,yes,1,finalized,2026-04-26T05:35:00Z,2026-04-28T03:45:37Z,2026-04-28T05:30:00Z,,1777345200,expected_expiration-150m,1777345200,0.73,0.8,0.765,0.78,78,37953.73,23586.44
KXNBA1HSPREAD-26APR27OKCPHX-PHX9,KXNBA1HSPREAD-26APR27OKCPHX,KXNBA1HSPREAD,spread,Will Phoenix win the 1H by over 9.5 points?,Phoenix wins the 1H by over 9.5 points,Phoenix wins the 1H by over 9.5 points,no,0,finalized,2026-04-26T04:35:00Z,2026-04-28T02:40:26Z,2026-04-28T04:30:00Z,,1777341600,expected_expiration-150m,1777341420,0.0,0.3,0.15,,14,518.17,458.73
KXNBA1HSPREAD-26APR27OKCPHX-PHX6,KXNBA1HSPREAD-26APR27OKCPHX,KXNBA1HSPREAD,spread,Will Phoenix win the 1H by over 6.5 points?,Phoenix wins the 1H by over 6.5 points,Phoenix wins the 1H by over 6.5 points,no,0,finalized,2026-04-26T04:35:00Z,2026-04-28T02:40:27Z,2026-04-28T04:30:00Z,,1777341600,expected_expiration-150m,1777341600,0.02,0.26,0.14,,36,6884.05,6416.79
KXNBA1HSPREAD-26APR27OKCPHX-PHX3,KXNBA1HSPREAD-26APR27OKCPHX,KXNBA1HSPREAD,spread,Will Phoenix win the 1H by over 3.5 points?,Phoenix wins the 1H by over 3.5 points,Phoenix wins the 1H by over 3.5 points,no,0,finalized,2026-04-26T04:35:00Z,2026-04-28T02:40:28Z,2026-04-28T04:30:00Z,,1777341600,expected_expiration-150m,1777341600,0.22,0.29,0.255,0.31,61,27418.03,16160.91
KXNBA1HSPREAD-26APR27OKCPHX-PHX21,KXNBA1HSPREAD-26APR27OKCPHX,KXNBA1HSPREAD,spread,Will Phoenix win the 1H by over 21.5 points?,Phoenix wins the 1H by over 21.5 points,Phoenix wins the 1H by over 21.5 points,no,0,finalized,2026-04-26T04:35:00Z,2026-04-28T02:40:22Z,2026-04-28T04:30:00Z,,1777341600,expected_expiration-150m,1777341300,0.0,0.01,0.005,,4,459.33,321.33
KXNBA1HSPREAD-26APR27OKCPHX-PHX18,KXNBA1HSPREAD-26APR27OKCPHX,KXNBA1HSPREAD,spread,Will Phoenix win the 1H by over 18.5 points?,Phoenix wins the 1H by over 18.5 points,Phoenix wins the 1H by over 18.5 points,no,0,finalized,2026-04-26T04:35:00Z,2026-04-28T02:40:23Z,2026-04-28T04:30:00Z,,1777341600,expected_expiration-150m,1777341300,0.0,0.13,0.065,,8,58.42,58.42
KXNBA1HSPREAD-26APR27OKCPHX-PHX15,KXNBA1HSPREAD-26APR27OKCPHX,KXNBA1HSPREAD,spread,Will Phoenix win the 1H by over 15.5 points?,Phoenix wins the 1H by over 15.5 points,Phoenix wins the 1H by over 15.5 points,no,0,finalized,2026-04-26T04:35:00Z,2026-04-28T02:40:24Z,2026-04-28T04:30:00Z,,1777341600,expected_expiration-150m,1777341300,0.0,0.09,0.045,,12,25.00,25.00
KXNBA1HSPREAD-26APR27OKCPHX-PHX12,KXNBA1HSPREAD-26APR27OKCPHX,KXNBA1HSPREAD,spread,Will Phoenix win the 1H by over 12.5 points?,Phoenix wins the 1H by over 12.5 points,Phoenix wins the 1H by over 12.5 points,no,0,finalized,2026-04-26T04:35:00Z,2026-04-28T02:40:25Z,2026-04-28T04:30:00Z,,1777341600,expected_expiration-150m,1777341600,0.0,0.18,0.09,,14,272.06,272.06
KXNBA1HSPREAD-26APR27OKCPHX-OKC9,KXNBA1HSPREAD-26APR27OKCPHX,KXNBA1HSPREAD,spread,Will Oklahoma City win the 1H by over 9.5 points?,Oklahoma City wins the 1H by over 9.5 points,Oklahoma City wins the 1H by over 9.5 points,no,0,finalized,2026-04-26T04:35:00Z,2026-04-28T02:40:29Z,2026-04-28T04:30:00Z,,1777341600,expected_expiration-150m,1777341600,0.35,0.38,0.365,0.38,73,14720.47,11582.25
KXNBA1HSPREAD-26APR27OKCPHX-OKC6,KXNBA1HSPREAD-26APR27OKCPHX,KXNBA1HSPREAD,spread,Will Oklahoma City win the 1H by over 6.5 points?,Oklahoma City wins the 1H by over 6.5 points,Oklahoma City wins the 1H by over 6.5 points,yes,1,finalized,2026-04-26T04:35:00Z,2026-04-28T02:40:29Z,2026-04-28T04:30:00Z,,1777341600,expected_expiration-150m,1777341600,0.5,0.53,0.515,0.5,95,80480.22,44887.53
KXNBA1HSPREAD-26APR27OKCPHX-OKC3,KXNBA1HSPREAD-26APR27OKCPHX,KXNBA1HSPREAD,spread,Will Oklahoma City win the 1H by over 3.5 points?,Oklahoma City wins the 1H by over 3.5 points,Oklahoma City wins the 1H by over 3.5 points,yes,1,finalized,2026-04-26T04:35:00Z,2026-04-28T02:40:28Z,2026-04-28T04:30:00Z,,1777341600,expected_expiration-150m,1777341600,0.58,0.62,0.6,0.61,83,56659.98,33415.07
KXNBA1HSPREAD-26APR28ATLNYK-NYK9,KXNBA1HSPREAD-26APR28ATLNYK,KXNBA1HSPREAD,spread,Will New York win the 1H by over 9.5 points?,New York wins the 1H by over 9.5 points,New York wins the 1H by over 9.5 points,yes,1,finalized,2026-04-26T03:35:00Z,2026-04-29T01:23:35Z,2026-04-29T03:00:00Z,,1777422600,expected_expiration-150m,1777422600,0.36,0.41,0.385,,53,18538.28,8468.66
KXNBA1HSPREAD-26APR28ATLNYK-NYK6,KXNBA1HSPREAD-26APR28ATLNYK,KXNBA1HSPREAD,spread,Will New York win the 1H by over 6.5 points?,New York wins the 1H by over 6.5 points,New York wins the 1H by over 6.5 points,yes,1,finalized,2026-04-26T03:35:00Z,2026-04-29T01:23:35Z,2026-04-29T03:00:00Z,,1777422600,expected_expiration-150m,1777422600,0.5,0.52,0.51,0.5,63,31811.80,17354.32
KXNBA1HSPREAD-26APR28ATLNYK-NYK3,KXNBA1HSPREAD-26APR28ATLNYK,KXNBA1HSPREAD,spread,Will New York win the 1H by over 3.5 points?,New York wins the 1H by over 3.5 points,New York wins the 1H by over 3.5 points,yes,1,finalized,2026-04-26T03:35:00Z,2026-04-29T01:23:34Z,2026-04-29T03:00:00Z,,1777422600,expected_expiration-150m,1777422600,0.63,0.66,0.645,0.63,98,156055.56,77175.26
KXNBA1HSPREAD-26APR28ATLNYK-NYK12,KXNBA1HSPREAD-26APR28ATLNYK,KXNBA1HSPREAD,spread,Will New York win the 1H by over 12.5 points?,New York wins the 1H by over 12.5 points,New York wins the 1H by over 12.5 points,yes,1,finalized,2026-04-26T03:35:00Z,2026-04-29T01:23:35Z,2026-04-29T03:00:00Z,,1777422600,expected_expiration-150m,1777422600,0.23,0.3,0.265,,52,31253.09,15432.06
KXNBA1HSPREAD-26APR28ATLNYK-ATL9,KXNBA1HSPREAD-26APR28ATLNYK,KXNBA1HSPREAD,spread,Will Atlanta win the 1H by over 9.5 points?,Atlanta wins the 1H by over 9.5 points,Atlanta wins the 1H by over 9.5 points,no,0,finalized,2026-04-26T03:35:00Z,2026-04-29T01:23:33Z,2026-04-29T03:00:00Z,,1777422600,expected_expiration-150m,1777422600,0.0,0.04,0.02,,41,10.00,10.00
KXNBA1HSPREAD-26APR28ATLNYK-ATL6,KXNBA1HSPREAD-26APR28ATLNYK,KXNBA1HSPREAD,spread,Will Atlanta win the 1H by over 6.5 points?,Atlanta wins the 1H by over 6.5 points,Atlanta wins the 1H by over 6.5 points,no,0,finalized,2026-04-26T03:35:00Z,2026-04-29T01:23:34Z,2026-04-29T03:00:00Z,,1777422600,expected_expiration-150m,1777422600,0.05,0.1,0.07500000000000001,0.13,50,7060.53,6908.86
KXNBA1HSPREAD-26APR28ATLNYK-ATL3,KXNBA1HSPREAD-26APR28ATLNYK,KXNBA1HSPREAD,spread,Will Atlanta win the 1H by over 3.5 points?,Atlanta wins the 1H by over 3.5 points,Atlanta wins the 1H by over 3.5 points,no,0,finalized,2026-04-26T03:35:00Z,2026-04-29T01:23:34Z,2026-04-29T03:00:00Z,,1777422600,expected_expiration-150m,1777422600,0.13,0.16,0.14500000000000002,,56,12022.29,11446.43
KXNBA1HSPREAD-26APR28ATLNYK-ATL18,KXNBA1HSPREAD-26APR28ATLNYK,KXNBA1HSPREAD,spread,Will Atlanta win the 1H by over 18.5 points?,Atlanta wins the 1H by over 18.5 points,Atlanta wins the 1H by over 18.5 points,no,0,finalized,2026-04-26T03:35:00Z,2026-04-29T01:23:33Z,2026-04-29T03:00:00Z,,1777422600,expected_expiration-150m,1777422600,0.0,0.01,0.005,,27,93.33,93.33
KXNBA1HSPREAD-26APR28ATLNYK-ATL15,KXNBA1HSPREAD-26APR28ATLNYK,KXNBA1HSPREAD,spread,Will Atlanta win the 1H by over 15.5 points?,Atlanta wins the 1H by over 15.5 points,Atlanta wins the 1H by over 15.5 points,no,0,finalized,2026-04-26T03:35:00Z,2026-04-29T01:23:33Z,2026-04-29T03:00:00Z,,1777422600,expected_expiration-150m,1777422600,0.0,0.01,0.005,,28,0.00,0.00
KXNBA1HSPREAD-26APR28ATLNYK-ATL12,KXNBA1HSPREAD-26APR28ATLNYK,KXNBA1HSPREAD,spread,Will Atlanta win the 1H by over 12.5 points?,Atlanta wins the 1H by over 12.5 points,Atlanta wins the 1H by over 12.5 points,no,0,finalized,2026-04-26T03:35:00Z,2026-04-29T01:23:33Z,2026-04-29T03:00:00Z,,1777422600,expected_expiration-150m,1777422600,0.0,0.03,0.015,,37,167.00,167.00
KXNBA1HSPREAD-26APR27DETORL-ORL8,KXNBA1HSPREAD-26APR27DETORL,KXNBA1HSPREAD,spread,Will Orlando win the 1H by over 8.5 points?,Orlando wins the 1H by over 8.5 points,Orlando wins the 1H by over 8.5 points,no,0,finalized,2026-04-26T00:35:00Z,2026-04-28T01:17:33Z,2026-04-28T03:00:00Z,,1777336200,expected_expiration-150m,1777336200,0.25,0.27,0.26,0.27,107,14001.98,3327.39
KXNBA1HSPREAD-26APR27DETORL-ORL5,KXNBA1HSPREAD-26APR27DETORL,KXNBA1HSPREAD,spread,Will Orlando win the 1H by over 5.5 points?,Orlando wins the 1H by over 5.5 points,Orlando wins the 1H by over 5.5 points,no,0,finalized,2026-04-26T00:35:00Z,2026-04-28T01:17:32Z,2026-04-28T03:00:00Z,,1777336200,expected_expiration-150m,1777336200,0.38,0.4,0.39,0.38,64,32993.89,14282.18
KXNBA1HSPREAD-26APR27DETORL-ORL2,KXNBA1HSPREAD-26APR27DETORL,KXNBA1HSPREAD,spread,Will Orlando win the 1H by over 2.5 points?,Orlando wins the 1H by over 2.5 points,Orlando wins the 1H by over 2.5 points,no,0,finalized,2026-04-26T00:35:00Z,2026-04-28T01:17:32Z,2026-04-28T03:00:00Z,,1777336200,expected_expiration-150m,1777336200,0.5,0.54,0.52,0.53,79,79065.87,51295.34
KXNBA1HSPREAD-26APR27DETORL-ORL17,KXNBA1HSPREAD-26APR27DETORL,KXNBA1HSPREAD,spread,Will Orlando win the 1H by over 17.5 points?,Orlando wins the 1H by over 17.5 points,Orlando wins the 1H by over 17.5 points,no,0,finalized,2026-04-26T00:35:00Z,2026-04-28T01:17:33Z,2026-04-28T03:00:00Z,,1777336200,expected_expiration-150m,1777336200,0.0,0.07,0.035,,34,1641.26,1587.76
KXNBA1HSPREAD-26APR27DETORL-ORL14,KXNBA1HSPREAD-26APR27DETORL,KXNBA1HSPREAD,spread,Will Orlando win the 1H by over 14.5 points?,Orlando wins the 1H by over 14.5 points,Orlando wins the 1H by over 14.5 points,no,0,finalized,2026-04-26T00:35:00Z,2026-04-28T01:17:33Z,2026-04-28T03:00:00Z,,1777336200,expected_expiration-150m,1777336200,0.0,0.13,0.065,,37,1256.02,884.93
KXNBA1HSPREAD-26APR27DETORL-ORL11,KXNBA1HSPREAD-26APR27DETORL,KXNBA1HSPREAD,spread,Will Orlando win the 1H by over 11.5 points?,Orlando wins the 1H by over 11.5 points,Orlando wins the 1H by over 11.5 points,no,0,finalized,2026-04-26T00:35:00Z,2026-04-28T01:17:33Z,2026-04-28T03:00:00Z,,1777336200,expected_expiration-150m,1777336200,0.06,0.18,0.12,,42,648.19,607.83
KXNBA1HSPREAD-26APR27DETORL-DET7,KXNBA1HSPREAD-26APR27DETORL,KXNBA1HSPREAD,spread,Will Detroit win the 1H by over 7.5 points?,Detroit wins the 1H by over 7.5 points,Detroit wins the 1H by over 7.5 points,no,0,finalized,2026-04-26T00:35:00Z,2026-04-28T01:17:31Z,2026-04-28T03:00:00Z,,1777336200,expected_expiration-150m,1777336200,0.09,0.16,0.125,,54,53691.00,27209.25
KXNBA1HSPREAD-26APR27DETORL-DET4,KXNBA1HSPREAD-26APR27DETORL,KXNBA1HSPREAD,spread,Will Detroit win the 1H by over 4.5 points?,Detroit wins the 1H by over 4.5 points,Detroit wins the 1H by over 4.5 points,no,0,finalized,2026-04-26T00:35:00Z,2026-04-28T01:17:32Z,2026-04-28T03:00:00Z,,1777336200,expected_expiration-150m,1777336200,0.19,0.24,0.215,0.25,80,106403.98,52633.44
KXNBA1HSPREAD-26APR27DETORL-DET13,KXNBA1HSPREAD-26APR27DETORL,KXNBA1HSPREAD,spread,Will Detroit win the 1H by over 13.5 points?,Detroit wins the 1H by over 13.5 points,Detroit wins the 1H by over 13.5 points,no,0,finalized,2026-04-26T00:35:00Z,2026-04-28T01:17:30Z,2026-04-28T03:00:00Z,,1777336200,expected_expiration-150m,1777336200,0.0,0.02,0.01,,44,6700.32,2529.31
KXNBA1HSPREAD-26APR27DETORL-DET10,KXNBA1HSPREAD-26APR27DETORL,KXNBA1HSPREAD,spread,Will Detroit win the 1H by over 10.5 points?,Detroit wins the 1H by over 10.5 points,Detroit wins the 1H by over 10.5 points,no,0,finalized,2026-04-26T00:35:00Z,2026-04-28T01:17:31Z,2026-04-28T03:00:00Z,,1777336200,expected_expiration-150m,1777336200,0.0,0.1,0.05,,45,12532.59,7757.63
KXNBA1HSPREAD-26APR27DETORL-DET1,KXNBA1HSPREAD-26APR27DETORL,KXNBA1HSPREAD,spread,Will Detroit win the 1H by over 1.5 points?,Detroit wins the 1H by over 1.5 points,Detroit wins the 1H by over 1.5 points,no,0,finalized,2026-04-26T00:35:00Z,2026-04-28T01:17:32Z,2026-04-28T03:00:00Z,,1777336200,expected_expiration-150m,1777336200,0.31,0.33,0.32,0.31,109,211478.13,109895.42
KXNBA1HSPREAD-26APR26SASPOR-SAS7,KXNBA1HSPREAD-26APR26SASPOR,KXNBA1HSPREAD,spread,Will San Antonio win the 1H by over 7.5 points?,San Antonio wins the 1H by over 7.5 points,San Antonio wins the 1H by over 7.5 points,no,0,finalized,2026-04-25T06:35:00Z,2026-04-26T20:53:34Z,2026-04-26T22:30:00Z,,1777233600,expected_expiration-150m,1777233600,0.44,0.49,0.46499999999999997,0.5,93,30886.17,18218.70
KXNBA1HSPREAD-26APR26SASPOR-SAS4,KXNBA1HSPREAD-26APR26SASPOR,KXNBA1HSPREAD,spread,Will San Antonio win the 1H by over 4.5 points?,San Antonio wins the 1H by over 4.5 points,San Antonio wins the 1H by over 4.5 points,no,0,finalized,2026-04-25T06:35:00Z,2026-04-26T20:53:34Z,2026-04-26T22:30:00Z,,1777233600,expected_expiration-150m,1777233600,0.6,0.62,0.61,0.6,102,80597.39,55762.57
KXNBA1HSPREAD-26APR26SASPOR-SAS13,KXNBA1HSPREAD-26APR26SASPOR,KXNBA1HSPREAD,spread,Will San Antonio win the 1H by over 13.5 points?,San Antonio wins the 1H by over 13.5 points,San Antonio wins the 1H by over 13.5 points,no,0,finalized,2026-04-25T06:35:00Z,2026-04-26T20:53:34Z,2026-04-26T22:30:00Z,,1777233600,expected_expiration-150m,1777233600,0.03,0.52,0.275,,53,7557.87,7555.87
KXNBA1HSPREAD-26APR26SASPOR-SAS10,KXNBA1HSPREAD-26APR26SASPOR,KXNBA1HSPREAD,spread,Will San Antonio win the 1H by over 10.5 points?,San Antonio wins the 1H by over 10.5 points,San Antonio wins the 1H by over 10.5 points,no,0,finalized,2026-04-25T06:35:00Z,2026-04-26T20:53:34Z,2026-04-26T22:30:00Z,,1777233600,expected_expiration-150m,1777233600,0.02,0.62,0.32,0.62,71,479.03,428.69
KXNBA1HSPREAD-26APR26SASPOR-SAS1,KXNBA1HSPREAD-26APR26SASPOR,KXNBA1HSPREAD,spread,Will San Antonio win the 1H by over 1.5 points?,San Antonio wins the 1H by over 1.5 points,San Antonio wins the 1H by over 1.5 points,no,0,finalized,2026-04-25T06:35:00Z,2026-04-26T20:53:33Z,2026-04-26T22:30:00Z,,1777233600,expected_expiration-150m,1777233600,0.71,0.75,0.73,0.78,99,162643.53,120989.06
KXNBA1HSPREAD-26APR26SASPOR-POR8,KXNBA1HSPREAD-26APR26SASPOR,KXNBA1HSPREAD,spread,Will Portland win the 1H by over 8.5 points?,Portland wins the 1H by over 8.5 points,Portland wins the 1H by over 8.5 points,yes,1,finalized,2026-04-25T06:35:00Z,2026-04-26T20:53:33Z,2026-04-26T22:30:00Z,,1777233600,expected_expiration-150m,1777233600,0.0,0.48,0.24,,41,7741.11,5125.57
KXNBA1HSPREAD-26APR26SASPOR-POR5,KXNBA1HSPREAD-26APR26SASPOR,KXNBA1HSPREAD,spread,Will Portland win the 1H by over 5.5 points?,Portland wins the 1H by over 5.5 points,Portland wins the 1H by over 5.5 points,yes,1,finalized,2026-04-25T06:35:00Z,2026-04-26T20:53:33Z,2026-04-26T22:30:00Z,,1777233600,expected_expiration-150m,1777233600,0.0,0.54,0.27,,63,20517.35,12546.81
KXNBA1HSPREAD-26APR26SASPOR-POR2,KXNBA1HSPREAD-26APR26SASPOR,KXNBA1HSPREAD,spread,Will Portland win the 1H by over 2.5 points?,Portland wins the 1H by over 2.5 points,Portland wins the 1H by over 2.5 points,yes,1,finalized,2026-04-25T06:35:00Z,2026-04-26T20:53:33Z,2026-04-26T22:30:00Z,,1777233600,expected_expiration-150m,1777233600,0.05,0.37,0.21,,74,30894.67,13098.77
KXNBA1HSPREAD-26APR26SASPOR-POR17,KXNBA1HSPREAD-26APR26SASPOR,KXNBA1HSPREAD,spread,Will Portland win the 1H by over 17.5 points?,Portland wins the 1H by over 17.5 points,Portland wins the 1H by over 17.5 points,no,0,finalized,2026-04-25T06:35:00Z,2026-04-26T20:53:32Z,2026-04-26T22:30:00Z,,1777233600,expected_expiration-150m,1777233600,0.0,0.19,0.095,,38,14948.43,9029.27
KXNBA1HSPREAD-26APR26SASPOR-POR14,KXNBA1HSPREAD-26APR26SASPOR,KXNBA1HSPREAD,spread,Will Portland win the 1H by over 14.5 points?,Portland wins the 1H by over 14.5 points,Portland wins the 1H by over 14.5 points,yes,1,finalized,2026-04-25T06:35:00Z,2026-04-26T20:53:32Z,2026-04-26T22:30:00Z,,1777233600,expected_expiration-150m,1777233600,0.0,0.29,0.145,,36,35712.28,20612.67
KXNBA1HSPREAD-26APR26SASPOR-POR11,KXNBA1HSPREAD-26APR26SASPOR,KXNBA1HSPREAD,spread,Will Portland win the 1H by over 11.5 points?,Portland wins the 1H by over 11.5 points,Portland wins the 1H by over 11.5 points,yes,1,finalized,2026-04-25T06:35:00Z,2026-04-26T20:53:33Z,2026-04-26T22:30:00Z,,1777233600,expected_expiration-150m,1777233600,0.0,0.37,0.185,,35,22554.91,12120.41
KXNBA1HSPREAD-26APR26LALHOU-LAL8,KXNBA1HSPREAD-26APR26LALHOU,KXNBA1HSPREAD,spread,Will Los Angeles L win the 1H by over 8.5 points?,Los Angeles L wins the 1H by over 8.5 points,Los Angeles L wins the 1H by over 8.5 points,no,0,finalized,2026-04-25T05:35:00Z,2026-04-27T02:50:11Z,2026-04-27T04:30:00Z,,1777255200,expected_expiration-150m,1777255200,0.02,0.51,0.265,,45,58.97,58.97
KXNBA1HSPREAD-26APR26LALHOU-LAL5,KXNBA1HSPREAD-26APR26LALHOU,KXNBA1HSPREAD,spread,Will Los Angeles L win the 1H by over 5.5 points?,Los Angeles L wins the 1H by over 5.5 points,Los Angeles L wins the 1H by over 5.5 points,no,0,finalized,2026-04-25T05:35:00Z,2026-04-27T02:50:11Z,2026-04-27T04:30:00Z,,1777255200,expected_expiration-150m,1777255200,0.32,0.39,0.355,0.33,82,31093.76,23952.45
KXNBA1HSPREAD-26APR26LALHOU-LAL2,KXNBA1HSPREAD-26APR26LALHOU,KXNBA1HSPREAD,spread,Will Los Angeles L win the 1H by over 2.5 points?,Los Angeles L wins the 1H by over 2.5 points,Los Angeles L wins the 1H by over 2.5 points,no,0,finalized,2026-04-25T05:35:00Z,2026-04-27T02:50:11Z,2026-04-27T04:30:00Z,,1777255200,expected_expiration-150m,1777255200,0.43,0.47,0.44999999999999996,0.47,88,95253.87,81171.88
KXNBA1HSPREAD-26APR26LALHOU-LAL17,KXNBA1HSPREAD-26APR26LALHOU,KXNBA1HSPREAD,spread,Will Los Angeles L win the 1H by over 17.5 points?,Los Angeles L wins the 1H by over 17.5 points,Los Angeles L wins the 1H by over 17.5 points,no,0,finalized,2026-04-25T05:35:00Z,2026-04-27T02:50:10Z,2026-04-27T04:30:00Z,,1777255200,expected_expiration-150m,1777255080,0.0,0.2,0.1,,14,517.59,517.59
KXNBA1HSPREAD-26APR26LALHOU-LAL14,KXNBA1HSPREAD-26APR26LALHOU,KXNBA1HSPREAD,spread,Will Los Angeles L win the 1H by over 14.5 points?,Los Angeles L wins the 1H by over 14.5 points,Los Angeles L wins the 1H by over 14.5 points,no,0,finalized,2026-04-25T05:35:00Z,2026-04-27T02:50:10Z,2026-04-27T04:30:00Z,,1777255200,expected_expiration-150m,1777255080,0.0,0.32,0.16,,18,109.70,109.70
KXNBA1HSPREAD-26APR26LALHOU-LAL11,KXNBA1HSPREAD-26APR26LALHOU,KXNBA1HSPREAD,spread,Will Los Angeles L win the 1H by over 11.5 points?,Los Angeles L wins the 1H by over 11.5 points,Los Angeles L wins the 1H by over 11.5 points,no,0,finalized,2026-04-25T05:35:00Z,2026-04-27T02:50:11Z,2026-04-27T04:30:00Z,,1777255200,expected_expiration-150m,1777255200,0.03,0.43,0.22999999999999998,,42,120.91,116.91
KXNBA1HSPREAD-26APR26LALHOU-HOU7,KXNBA1HSPREAD-26APR26LALHOU,KXNBA1HSPREAD,spread,Will Houston win the 1H by over 7.5 points?,Houston wins the 1H by over 7.5 points,Houston wins the 1H by over 7.5 points,yes,1,finalized,2026-04-25T05:35:00Z,2026-04-27T02:50:12Z,2026-04-27T04:30:00Z,,1777255200,expected_expiration-150m,1777255200,0.02,0.3,0.16,,61,80788.73,32471.77
KXNBA1HSPREAD-26APR26LALHOU-HOU4,KXNBA1HSPREAD-26APR26LALHOU,KXNBA1HSPREAD,spread,Will Houston win the 1H by over 4.5 points?,Houston wins the 1H by over 4.5 points,Houston wins the 1H by over 4.5 points,yes,1,finalized,2026-04-25T05:35:00Z,2026-04-27T02:50:12Z,2026-04-27T04:30:00Z,,1777255200,expected_expiration-150m,1777255200,0.27,0.29,0.28,0.29,87,121938.43,56763.74
KXNBA1HSPREAD-26APR26LALHOU-HOU13,KXNBA1HSPREAD-26APR26LALHOU,KXNBA1HSPREAD,spread,Will Houston win the 1H by over 13.5 points?,Houston wins the 1H by over 13.5 points,Houston wins the 1H by over 13.5 points,no,0,finalized,2026-04-25T05:35:00Z,2026-04-27T02:50:13Z,2026-04-27T04:30:00Z,,1777255200,expected_expiration-150m,1777255140,0.0,0.29,0.145,,25,5835.51,5674.50
KXNBA1HSPREAD-26APR26LALHOU-HOU10,KXNBA1HSPREAD-26APR26LALHOU,KXNBA1HSPREAD,spread,Will Houston win the 1H by over 10.5 points?,Houston wins the 1H by over 10.5 points,Houston wins the 1H by over 10.5 points,no,0,finalized,2026-04-25T05:35:00Z,2026-04-27T02:50:12Z,2026-04-27T04:30:00Z,,1777255200,expected_expiration-150m,1777255200,0.0,0.58,0.29,,40,17139.09,7564.87
KXNBA1HSPREAD-26APR26LALHOU-HOU1,KXNBA1HSPREAD-26APR26LALHOU,KXNBA1HSPREAD,spread,Will Houston win the 1H by over 1.5 points?,Houston wins the 1H by over 1.5 points,Houston wins the 1H by over 1.5 points,yes,1,finalized,2026-04-25T05:35:00Z,2026-04-27T02:50:12Z,2026-04-27T04:30:00Z,,1777255200,expected_expiration-150m,1777255200,0.42,0.46,0.44,0.39,106,181493.72,101271.33
KXNBA1HSPREAD-26APR26BOSPHI-PHI7,KXNBA1HSPREAD-26APR26BOSPHI,KXNBA1HSPREAD,spread,Will Philadelphia win the 1H by over 7.5 points?,Philadelphia wins the 1H by over 7.5 points,Philadelphia wins the 1H by over 7.5 points,no,0,finalized,2026-04-25T04:35:00Z,2026-04-27T00:10:15Z,2026-04-27T02:00:00Z,,1777246200,expected_expiration-150m,1777246200,0.03,0.16,0.095,,45,1295.92,1295.92
KXNBA1HSPREAD-26APR26BOSPHI-PHI4,KXNBA1HSPREAD-26APR26BOSPHI,KXNBA1HSPREAD,spread,Will Philadelphia win the 1H by over 4.5 points?,Philadelphia wins the 1H by over 4.5 points,Philadelphia wins the 1H by over 4.5 points,no,0,finalized,2026-04-25T04:35:00Z,2026-04-27T00:10:15Z,2026-04-27T02:00:00Z,,1777246200,expected_expiration-150m,1777246200,0.07,0.08,0.07500000000000001,0.1,68,7010.73,5903.78
KXNBA1HSPREAD-26APR26BOSPHI-PHI19,KXNBA1HSPREAD-26APR26BOSPHI,KXNBA1HSPREAD,spread,Will Philadelphia win the 1H by over 19.5 points?,Philadelphia wins the 1H by over 19.5 points,Philadelphia wins the 1H by over 19.5 points,no,0,finalized,2026-04-25T04:35:00Z,2026-04-27T00:10:16Z,2026-04-27T02:00:00Z,,1777246200,expected_expiration-150m,1777246140,0.01,0.13,0.07,,26,152.45,152.45
KXNBA1HSPREAD-26APR26BOSPHI-PHI16,KXNBA1HSPREAD-26APR26BOSPHI,KXNBA1HSPREAD,spread,Will Philadelphia win the 1H by over 16.5 points?,Philadelphia wins the 1H by over 16.5 points,Philadelphia wins the 1H by over 16.5 points,no,0,finalized,2026-04-25T04:35:00Z,2026-04-27T00:10:16Z,2026-04-27T02:00:00Z,,1777246200,expected_expiration-150m,1777246140,0.01,0.13,0.07,,23,1910.61,1910.61
KXNBA1HSPREAD-26APR26BOSPHI-PHI13,KXNBA1HSPREAD-26APR26BOSPHI,KXNBA1HSPREAD,spread,Will Philadelphia win the 1H by over 13.5 points?,Philadelphia wins the 1H by over 13.5 points,Philadelphia wins the 1H by over 13.5 points,no,0,finalized,2026-04-25T04:35:00Z,2026-04-27T00:10:16Z,2026-04-27T02:00:00Z,,1777246200,expected_expiration-150m,1777246200,0.01,0.22,0.115,,34,17.42,17.42
KXNBA1HSPREAD-26APR26BOSPHI-PHI10,KXNBA1HSPREAD-26APR26BOSPHI,KXNBA1HSPREAD,spread,Will Philadelphia win the 1H by over 10.5 points?,Philadelphia wins the 1H by over 10.5 points,Philadelphia wins the 1H by over 10.5 points,no,0,finalized,2026-04-25T04:35:00Z,2026-04-27T00:10:15Z,2026-04-27T02:00:00Z,,1777246200,expected_expiration-150m,1777246200,0.01,0.16,0.085,,38,30.83,30.83
KXNBA1HSPREAD-26APR26BOSPHI-PHI1,KXNBA1HSPREAD-26APR26BOSPHI,KXNBA1HSPREAD,spread,Will Philadelphia win the 1H by over 1.5 points?,Philadelphia wins the 1H by over 1.5 points,Philadelphia wins the 1H by over 1.5 points,no,0,finalized,2026-04-25T04:35:00Z,2026-04-27T00:10:14Z,2026-04-27T02:00:00Z,,1777246200,expected_expiration-150m,1777246200,0.09,0.14,0.115,0.21,89,17785.76,15386.06
KXNBA1HSPREAD-26APR26BOSPHI-BOS8,KXNBA1HSPREAD-26APR26BOSPHI,KXNBA1HSPREAD,spread,Will Boston win the 1H by over 8.5 points?,Boston wins the 1H by over 8.5 points,Boston wins the 1H by over 8.5 points,yes,1,finalized,2026-04-25T04:35:00Z,2026-04-27T00:10:13Z,2026-04-27T02:00:00Z,,1777246200,expected_expiration-150m,1777246200,0.47,0.5,0.485,0.49,94,39217.47,17640.88
KXNBA1HSPREAD-26APR26BOSPHI-BOS5,KXNBA1HSPREAD-26APR26BOSPHI,KXNBA1HSPREAD,spread,Will Boston win the 1H by over 5.5 points?,Boston wins the 1H by over 5.5 points,Boston wins the 1H by over 5.5 points,yes,1,finalized,2026-04-25T04:35:00Z,2026-04-27T00:10:13Z,2026-04-27T02:00:00Z,,1777246200,expected_expiration-150m,1777246200,0.62,0.64,0.63,0.62,108,110027.36,52211.69
KXNBA1HSPREAD-26APR26BOSPHI-BOS2,KXNBA1HSPREAD-26APR26BOSPHI,KXNBA1HSPREAD,spread,Will Boston win the 1H by over 2.5 points?,Boston wins the 1H by over 2.5 points,Boston wins the 1H by over 2.5 points,yes,1,finalized,2026-04-25T04:35:00Z,2026-04-27T00:10:14Z,2026-04-27T02:00:00Z,,1777246200,expected_expiration-150m,1777246200,0.71,0.77,0.74,0.72,104,228606.05,141903.25
KXNBA1HSPREAD-26APR26BOSPHI-BOS11,KXNBA1HSPREAD-26APR26BOSPHI,KXNBA1HSPREAD,spread,Will Boston win the 1H by over 11.5 points?,Boston wins the 1H by over 11.5 points,Boston wins the 1H by over 11.5 points,yes,1,finalized,2026-04-25T04:35:00Z,2026-04-27T00:10:12Z,2026-04-27T02:00:00Z,,1777246200,expected_expiration-150m,1777246200,0.3,0.45,0.375,0.45,58,116481.06,52411.08
KXNBA1HSPREAD-26APR25DENMIN-MIN7,KXNBA1HSPREAD-26APR25DENMIN,KXNBA1HSPREAD,spread,Will Minnesota win the 1H by over 7.5 points?,Minnesota wins the 1H by over 7.5 points,Minnesota wins the 1H by over 7.5 points,no,0,finalized,2026-04-24T06:35:00Z,2026-04-26T01:47:32Z,2026-04-26T03:30:00Z,,1777165200,expected_expiration-150m,1777165200,0.02,0.24,0.13,,36,2549.28,2463.59
KXNBA1HSPREAD-26APR25DENMIN-MIN4,KXNBA1HSPREAD-26APR25DENMIN,KXNBA1HSPREAD,spread,Will Minnesota win the 1H by over 4.5 points?,Minnesota wins the 1H by over 4.5 points,Minnesota wins the 1H by over 4.5 points,no,0,finalized,2026-04-24T06:35:00Z,2026-04-26T01:47:32Z,2026-04-26T03:30:00Z,,1777165200,expected_expiration-150m,1777165200,0.34,0.44,0.39,,94,7980.02,6392.44
KXNBA1HSPREAD-26APR25DENMIN-MIN16,KXNBA1HSPREAD-26APR25DENMIN,KXNBA1HSPREAD,spread,Will Minnesota win the 1H by over 16.5 points?,Minnesota wins the 1H by over 16.5 points,Minnesota wins the 1H by over 16.5 points,no,0,finalized,2026-04-24T06:35:00Z,2026-04-26T01:47:32Z,2026-04-26T03:30:00Z,,1777165200,expected_expiration-150m,1777165200,0.0,0.22,0.11,,18,0.00,0.00
KXNBA1HSPREAD-26APR25DENMIN-MIN13,KXNBA1HSPREAD-26APR25DENMIN,KXNBA1HSPREAD,spread,Will Minnesota win the 1H by over 13.5 points?,Minnesota wins the 1H by over 13.5 points,Minnesota wins the 1H by over 13.5 points,no,0,finalized,2026-04-24T06:35:00Z,2026-04-26T01:47:32Z,2026-04-26T03:30:00Z,,1777165200,expected_expiration-150m,1777165200,0.0,0.24,0.12,,25,68.78,68.78
KXNBA1HSPREAD-26APR25DENMIN-MIN10,KXNBA1HSPREAD-26APR25DENMIN,KXNBA1HSPREAD,spread,Will Minnesota win the 1H by over 10.5 points?,Minnesota wins the 1H by over 10.5 points,Minnesota wins the 1H by over 10.5 points,no,0,finalized,2026-04-24T06:35:00Z,2026-04-26T01:47:32Z,2026-04-26T03:30:00Z,,1777165200,expected_expiration-150m,1777165200,0.02,0.45,0.23500000000000001,,28,1.00,1.00
KXNBA1HSPREAD-26APR25DENMIN-MIN1,KXNBA1HSPREAD-26APR25DENMIN,KXNBA1HSPREAD,spread,Will Minnesota win the 1H by over 1.5 points?,Minnesota wins the 1H by over 1.5 points,Minnesota wins the 1H by over 1.5 points,no,0,finalized,2026-04-24T06:35:00Z,2026-04-26T01:47:31Z,2026-04-26T03:30:00Z,,1777165200,expected_expiration-150m,1777165200,0.43,0.48,0.45499999999999996,0.47,96,70597.01,40221.80
KXNBA1HSPREAD-26APR25DENMIN-DEN8,KXNBA1HSPREAD-26APR25DENMIN,KXNBA1HSPREAD,spread,Will Denver win the 1H by over 8.5 points?,Denver wins the 1H by over 8.5 points,Denver wins the 1H by over 8.5 points,no,0,finalized,2026-04-24T06:35:00Z,2026-04-26T01:47:31Z,2026-04-26T03:30:00Z,,1777165200,expected_expiration-150m,1777165200,0.02,0.22,0.12,,35,4548.76,4093.91
KXNBA1HSPREAD-26APR25DENMIN-DEN5,KXNBA1HSPREAD-26APR25DENMIN,KXNBA1HSPREAD,spread,Will Denver win the 1H by over 5.5 points?,Denver wins the 1H by over 5.5 points,Denver wins the 1H by over 5.5 points,no,0,finalized,2026-04-24T06:35:00Z,2026-04-26T01:47:31Z,2026-04-26T03:30:00Z,,1777165200,expected_expiration-150m,1777165200,0.13,0.47,0.3,0.47,89,30694.18,19103.29
KXNBA1HSPREAD-26APR25DENMIN-DEN2,KXNBA1HSPREAD-26APR25DENMIN,KXNBA1HSPREAD,spread,Will Denver win the 1H by over 2.5 points?,Denver wins the 1H by over 2.5 points,Denver wins the 1H by over 2.5 points,yes,1,finalized,2026-04-24T06:35:00Z,2026-04-26T01:47:31Z,2026-04-26T03:30:00Z,,1777165200,expected_expiration-150m,1777165200,0.43,0.46,0.445,0.43,90,75834.21,47663.15
KXNBA1HSPREAD-26APR25DENMIN-DEN14,KXNBA1HSPREAD-26APR25DENMIN,KXNBA1HSPREAD,spread,Will Denver win the 1H by over 14.5 points?,Denver wins the 1H by over 14.5 points,Denver wins the 1H by over 14.5 points,no,0,finalized,2026-04-24T06:35:00Z,2026-04-26T01:47:30Z,2026-04-26T03:30:00Z,,1777165200,expected_expiration-150m,1777165140,0.0,0.09,0.045,,16,53.22,53.22
KXNBA1HSPREAD-26APR25DENMIN-DEN11,KXNBA1HSPREAD-26APR25DENMIN,KXNBA1HSPREAD,spread,Will Denver win the 1H by over 11.5 points?,Denver wins the 1H by over 11.5 points,Denver wins the 1H by over 11.5 points,no,0,finalized,2026-04-24T06:35:00Z,2026-04-26T01:47:31Z,2026-04-26T03:30:00Z,,1777165200,expected_expiration-150m,1777165200,0.0,0.19,0.095,,22,0.00,0.00
KXNBA1HSPREAD-26APR26CLETOR-TOR8,KXNBA1HSPREAD-26APR26CLETOR,KXNBA1HSPREAD,spread,Will Toronto win the 1H by over 8.5 points?,Toronto wins the 1H by over 8.5 points,Toronto wins the 1H by over 8.5 points,no,0,finalized,2026-04-24T06:35:00Z,2026-04-26T18:13:33Z,2026-04-26T20:00:00Z,,1777224600,expected_expiration-150m,1777224600,0.0,0.47,0.235,,36,0.00,0.00
KXNBA1HSPREAD-26APR26CLETOR-TOR5,KXNBA1HSPREAD-26APR26CLETOR,KXNBA1HSPREAD,spread,Will Toronto win the 1H by over 5.5 points?,Toronto wins the 1H by over 5.5 points,Toronto wins the 1H by over 5.5 points,no,0,finalized,2026-04-24T06:35:00Z,2026-04-26T18:13:32Z,2026-04-26T20:00:00Z,,1777224600,expected_expiration-150m,1777224600,0.03,0.48,0.255,,59,2444.27,2340.56
KXNBA1HSPREAD-26APR26CLETOR-TOR2,KXNBA1HSPREAD-26APR26CLETOR,KXNBA1HSPREAD,spread,Will Toronto win the 1H by over 2.5 points?,Toronto wins the 1H by over 2.5 points,Toronto wins the 1H by over 2.5 points,no,0,finalized,2026-04-24T06:35:00Z,2026-04-26T18:13:32Z,2026-04-26T20:00:00Z,,1777224600,expected_expiration-150m,1777224600,0.29,0.34,0.315,0.32,70,24964.55,19123.29
KXNBA1HSPREAD-26APR26CLETOR-TOR17,KXNBA1HSPREAD-26APR26CLETOR,KXNBA1HSPREAD,spread,Will Toronto win the 1H by over 17.5 points?,Toronto wins the 1H by over 17.5 points,Toronto wins the 1H by over 17.5 points,no,0,finalized,2026-04-24T06:35:00Z,2026-04-26T18:13:33Z,2026-04-26T20:00:00Z,,1777224600,expected_expiration-150m,1777224420,0.0,0.16,0.08,,25,0.00,0.00
KXNBA1HSPREAD-26APR26CLETOR-TOR14,KXNBA1HSPREAD-26APR26CLETOR,KXNBA1HSPREAD,spread,Will Toronto win the 1H by over 14.5 points?,Toronto wins the 1H by over 14.5 points,Toronto wins the 1H by over 14.5 points,no,0,finalized,2026-04-24T06:35:00Z,2026-04-26T18:13:33Z,2026-04-26T20:00:00Z,,1777224600,expected_expiration-150m,1777224420,0.0,0.28,0.14,,32,0.00,0.00
KXNBA1HSPREAD-26APR26CLETOR-TOR11,KXNBA1HSPREAD-26APR26CLETOR,KXNBA1HSPREAD,spread,Will Toronto win the 1H by over 11.5 points?,Toronto wins the 1H by over 11.5 points,Toronto wins the 1H by over 11.5 points,no,0,finalized,2026-04-24T06:35:00Z,2026-04-26T18:13:33Z,2026-04-26T20:00:00Z,,1777224600,expected_expiration-150m,1777224420,0.0,0.39,0.195,,35,0.00,0.00
KXNBA1HSPREAD-26APR26CLETOR-CLE7,KXNBA1HSPREAD-26APR26CLETOR,KXNBA1HSPREAD,spread,Will Cleveland win the 1H by over 7.5 points?,Cleveland wins the 1H by over 7.5 points,Cleveland wins the 1H by over 7.5 points,no,0,finalized,2026-04-24T06:35:00Z,2026-04-26T18:13:32Z,2026-04-26T20:00:00Z,,1777224600,expected_expiration-150m,1777224600,0.24,0.42,0.32999999999999996,,61,24912.64,14348.43
KXNBA1HSPREAD-26APR26CLETOR-CLE4,KXNBA1HSPREAD-26APR26CLETOR,KXNBA1HSPREAD,spread,Will Cleveland win the 1H by over 4.5 points?,Cleveland wins the 1H by over 4.5 points,Cleveland wins the 1H by over 4.5 points,no,0,finalized,2026-04-24T06:35:00Z,2026-04-26T18:13:32Z,2026-04-26T20:00:00Z,,1777224600,expected_expiration-150m,1777224600,0.48,0.51,0.495,0.56,77,55824.36,32072.14
KXNBA1HSPREAD-26APR26CLETOR-CLE13,KXNBA1HSPREAD-26APR26CLETOR,KXNBA1HSPREAD,spread,Will Cleveland win the 1H by over 13.5 points?,Cleveland wins the 1H by over 13.5 points,Cleveland wins the 1H by over 13.5 points,no,0,finalized,2026-04-24T06:35:00Z,2026-04-26T18:13:31Z,2026-04-26T20:00:00Z,,1777224600,expected_expiration-150m,1777224240,0.0,0.44,0.22,,32,519.67,519.67
KXNBA1HSPREAD-26APR26CLETOR-CLE10,KXNBA1HSPREAD-26APR26CLETOR,KXNBA1HSPREAD,spread,Will Cleveland win the 1H by over 10.5 points?,Cleveland wins the 1H by over 10.5 points,Cleveland wins the 1H by over 10.5 points,no,0,finalized,2026-04-24T06:35:00Z,2026-04-26T18:13:32Z,2026-04-26T20:00:00Z,,1777224600,expected_expiration-150m,1777224420,0.01,0.5,0.255,,38,86.95,86.95
KXNBA1HSPREAD-26APR26CLETOR-CLE1,KXNBA1HSPREAD-26APR26CLETOR,KXNBA1HSPREAD,spread,Will Cleveland win the 1H by over 1.5 points?,Cleveland wins the 1H by over 1.5 points,Cleveland wins the 1H by over 1.5 points,no,0,finalized,2026-04-24T06:35:00Z,2026-04-26T18:13:32Z,2026-04-26T20:00:00Z,,1777224600,expected_expiration-150m,1777224600,0.53,0.66,0.595,0.66,102,154367.77,125108.87
KXNBA1HSPREAD-26APR25NYKATL-NYK8,KXNBA1HSPREAD-26APR25NYKATL,KXNBA1HSPREAD,spread,Will New York win the 1H by over 8.5 points?,New York wins the 1H by over 8.5 points,New York wins the 1H by over 8.5 points,yes,1,finalized,2026-04-24T06:35:00Z,2026-04-25T23:21:37Z,2026-04-26T01:00:00Z,,1777156200,expected_expiration-150m,1777156200,0.21,0.39,0.3,,36,52057.45,25497.25
KXNBA1HSPREAD-26APR25NYKATL-NYK5,KXNBA1HSPREAD-26APR25NYKATL,KXNBA1HSPREAD,spread,Will New York win the 1H by over 5.5 points?,New York wins the 1H by over 5.5 points,New York wins the 1H by over 5.5 points,yes,1,finalized,2026-04-24T06:35:00Z,2026-04-25T23:21:38Z,2026-04-26T01:00:00Z,,1777156200,expected_expiration-150m,1777156200,0.43,0.5,0.46499999999999997,0.5,57,43594.69,18934.28
KXNBA1HSPREAD-26APR25NYKATL-NYK2,KXNBA1HSPREAD-26APR25NYKATL,KXNBA1HSPREAD,spread,Will New York win the 1H by over 2.5 points?,New York wins the 1H by over 2.5 points,New York wins the 1H by over 2.5 points,yes,1,finalized,2026-04-24T06:35:00Z,2026-04-25T23:21:38Z,2026-04-26T01:00:00Z,,1777156200,expected_expiration-150m,1777156200,0.59,0.63,0.61,0.62,90,108839.17,73319.23
KXNBA1HSPREAD-26APR25NYKATL-NYK14,KXNBA1HSPREAD-26APR25NYKATL,KXNBA1HSPREAD,spread,Will New York win the 1H by over 14.5 points?,New York wins the 1H by over 14.5 points,New York wins the 1H by over 14.5 points,no,0,finalized,2026-04-24T06:35:00Z,2026-04-25T23:21:37Z,2026-04-26T01:00:00Z,,1777156200,expected_expiration-150m,1777156200,0.0,0.34,0.17,,33,15119.53,8663.30
KXNBA1HSPREAD-26APR25NYKATL-NYK11,KXNBA1HSPREAD-26APR25NYKATL,KXNBA1HSPREAD,spread,Will New York win the 1H by over 11.5 points?,New York wins the 1H by over 11.5 points,New York wins the 1H by over 11.5 points,yes,1,finalized,2026-04-24T06:35:00Z,2026-04-25T23:21:37Z,2026-04-26T01:00:00Z,,1777156200,expected_expiration-150m,1777156140,0.02,0.52,0.27,,30,26871.17,13518.20
KXNBA1HSPREAD-26APR25NYKATL-ATL7,KXNBA1HSPREAD-26APR25NYKATL,KXNBA1HSPREAD,spread,Will Atlanta win the 1H by over 7.5 points?,Atlanta wins the 1H by over 7.5 points,Atlanta wins the 1H by over 7.5 points,no,0,finalized,2026-04-24T06:35:00Z,2026-04-25T23:21:38Z,2026-04-26T01:00:00Z,,1777156200,expected_expiration-150m,1777156200,0.0,0.14,0.07,0.14,28,635.48,623.48
KXNBA1HSPREAD-26APR25NYKATL-ATL4,KXNBA1HSPREAD-26APR25NYKATL,KXNBA1HSPREAD,spread,Will Atlanta win the 1H by over 4.5 points?,Atlanta wins the 1H by over 4.5 points,Atlanta wins the 1H by over 4.5 points,no,0,finalized,2026-04-24T06:35:00Z,2026-04-25T23:21:38Z,2026-04-26T01:00:00Z,,1777156200,expected_expiration-150m,1777156200,0.18,0.34,0.26,,44,3021.24,2971.20
KXNBA1HSPREAD-26APR25NYKATL-ATL16,KXNBA1HSPREAD-26APR25NYKATL,KXNBA1HSPREAD,spread,Will Atlanta win the 1H by over 16.5 points?,Atlanta wins the 1H by over 16.5 points,Atlanta wins the 1H by over 16.5 points,no,0,finalized,2026-04-24T06:35:00Z,2026-04-25T23:21:39Z,2026-04-26T01:00:00Z,,1777156200,expected_expiration-150m,1777156200,0.0,0.05,0.025,,20,0.00,0.00
KXNBA1HSPREAD-26APR25NYKATL-ATL13,KXNBA1HSPREAD-26APR25NYKATL,KXNBA1HSPREAD,spread,Will Atlanta win the 1H by over 13.5 points?,Atlanta wins the 1H by over 13.5 points,Atlanta wins the 1H by over 13.5 points,no,0,finalized,2026-04-24T06:35:00Z,2026-04-25T23:21:39Z,2026-04-26T01:00:00Z,,1777156200,expected_expiration-150m,1777156200,0.0,0.09,0.045,,33,0.00,0.00
KXNBA1HSPREAD-26APR25NYKATL-ATL10,KXNBA1HSPREAD-26APR25NYKATL,KXNBA1HSPREAD,spread,Will Atlanta win the 1H by over 10.5 points?,Atlanta wins the 1H by over 10.5 points,Atlanta wins the 1H by over 10.5 points,no,0,finalized,2026-04-24T06:35:00Z,2026-04-25T23:21:38Z,2026-04-26T01:00:00Z,,1777156200,expected_expiration-150m,1777156200,0.0,0.11,0.055,,30,101.35,101.35
KXNBA1HSPREAD-26APR25NYKATL-ATL1,KXNBA1HSPREAD-26APR25NYKATL,KXNBA1HSPREAD,spread,Will Atlanta win the 1H by over 1.5 points?,Atlanta wins the 1H by over 1.5 points,Atlanta wins the 1H by over 1.5 points,no,0,finalized,2026-04-24T06:35:00Z,2026-04-25T23:21:38Z,2026-04-26T01:00:00Z,,1777156200,expected_expiration-150m,1777156200,0.17,0.32,0.245,,70,39765.59,32170.28
KXNBA1HSPREAD-26APR25DETORL-ORL8,KXNBA1HSPREAD-26APR25DETORL,KXNBA1HSPREAD,spread,Will Orlando win the 1H by over 8.5 points?,Orlando wins the 1H by over 8.5 points,Orlando wins the 1H by over 8.5 points,no,0,finalized,2026-04-23T06:35:00Z,2026-04-25T18:17:47Z,2026-04-25T20:00:00Z,,1777138200,expected_expiration-150m,1777137840,0.02,0.44,0.23,0.44,42,19213.46,12074.70
KXNBA1HSPREAD-26APR25DETORL-ORL5,KXNBA1HSPREAD-26APR25DETORL,KXNBA1HSPREAD,spread,Will Orlando win the 1H by over 5.5 points?,Orlando wins the 1H by over 5.5 points,Orlando wins the 1H by over 5.5 points,yes,1,finalized,2026-04-23T06:35:00Z,2026-04-25T18:17:47Z,2026-04-25T20:00:00Z,,1777138200,expected_expiration-150m,1777138200,0.03,0.4,0.21500000000000002,,104,58199.49,25681.53
KXNBA1HSPREAD-26APR25DETORL-ORL2,KXNBA1HSPREAD-26APR25DETORL,KXNBA1HSPREAD,spread,Will Orlando win the 1H by over 2.5 points?,Orlando wins the 1H by over 2.5 points,Orlando wins the 1H by over 2.5 points,yes,1,finalized,2026-04-23T06:35:00Z,2026-04-25T18:17:47Z,2026-04-25T20:00:00Z,,1777138200,expected_expiration-150m,1777138200,0.32,0.39,0.355,0.45,93,46616.93,26950.63
KXNBA1HSPREAD-26APR25DETORL-ORL17,KXNBA1HSPREAD-26APR25DETORL,KXNBA1HSPREAD,spread,Will Orlando win the 1H by over 17.5 points?,Orlando wins the 1H by over 17.5 points,Orlando wins the 1H by over 17.5 points,no,0,finalized,2026-04-23T06:35:00Z,2026-04-25T18:17:48Z,2026-04-25T20:00:00Z,,1777138200,expected_expiration-150m,1777138020,0.0,0.26,0.13,,16,37.22,37.22
KXNBA1HSPREAD-26APR25DETORL-ORL14,KXNBA1HSPREAD-26APR25DETORL,KXNBA1HSPREAD,spread,Will Orlando win the 1H by over 14.5 points?,Orlando wins the 1H by over 14.5 points,Orlando wins the 1H by over 14.5 points,no,0,finalized,2026-04-23T06:35:00Z,2026-04-25T18:17:48Z,2026-04-25T20:00:00Z,,1777138200,expected_expiration-150m,1777138020,0.0,0.37,0.185,,18,18.70,18.70
KXNBA1HSPREAD-26APR25DETORL-ORL11,KXNBA1HSPREAD-26APR25DETORL,KXNBA1HSPREAD,spread,Will Orlando win the 1H by over 11.5 points?,Orlando wins the 1H by over 11.5 points,Orlando wins the 1H by over 11.5 points,no,0,finalized,2026-04-23T06:35:00Z,2026-04-25T18:17:47Z,2026-04-25T20:00:00Z,,1777138200,expected_expiration-150m,1777138140,0.0,0.41,0.205,,19,34.94,17.94
KXNBA1HSPREAD-26APR25DETORL-DET7,KXNBA1HSPREAD-26APR25DETORL,KXNBA1HSPREAD,spread,Will Detroit win the 1H by over 7.5 points?,Detroit wins the 1H by over 7.5 points,Detroit wins the 1H by over 7.5 points,no,0,finalized,2026-04-23T06:35:00Z,2026-04-25T18:17:46Z,2026-04-25T20:00:00Z,,1777138200,expected_expiration-150m,1777138200,0.02,0.54,0.28,,97,1436.74,1436.74
KXNBA1HSPREAD-26APR25DETORL-DET4,KXNBA1HSPREAD-26APR25DETORL,KXNBA1HSPREAD,spread,Will Detroit win the 1H by over 4.5 points?,Detroit wins the 1H by over 4.5 points,Detroit wins the 1H by over 4.5 points,no,0,finalized,2026-04-23T06:35:00Z,2026-04-25T18:17:46Z,2026-04-25T20:00:00Z,,1777138200,expected_expiration-150m,1777138200,0.07,0.33,0.2,0.3,78,8571.00,4999.97
KXNBA1HSPREAD-26APR25DETORL-DET13,KXNBA1HSPREAD-26APR25DETORL,KXNBA1HSPREAD,spread,Will Detroit win the 1H by over 13.5 points?,Detroit wins the 1H by over 13.5 points,Detroit wins the 1H by over 13.5 points,no,0,finalized,2026-04-23T06:35:00Z,2026-04-25T18:17:46Z,2026-04-25T20:00:00Z,,1777138200,expected_expiration-150m,1777138200,0.01,0.44,0.225,,27,308.34,298.34
KXNBA1HSPREAD-26APR25DETORL-DET10,KXNBA1HSPREAD-26APR25DETORL,KXNBA1HSPREAD,spread,Will Detroit win the 1H by over 10.5 points?,Detroit wins the 1H by over 10.5 points,Detroit wins the 1H by over 10.5 points,no,0,finalized,2026-04-23T06:35:00Z,2026-04-25T18:17:46Z,2026-04-25T20:00:00Z,,1777138200,expected_expiration-150m,1777138200,0.01,0.45,0.23,,29,0.00,0.00
KXNBA1HSPREAD-26APR25DETORL-DET1,KXNBA1HSPREAD-26APR25DETORL,KXNBA1HSPREAD,spread,Will Detroit win the 1H by over 1.5 points?,Detroit wins the 1H by over 1.5 points,Detroit wins the 1H by over 1.5 points,no,0,finalized,2026-04-23T06:35:00Z,2026-04-25T18:17:47Z,2026-04-25T20:00:00Z,,1777138200,expected_expiration-150m,1777138200,0.47,0.51,0.49,0.54,103,152061.64,93769.46
KXNBA1HSPREAD-26APR25OKCPHX-PHX8,KXNBA1HSPREAD-26APR25OKCPHX,KXNBA1HSPREAD,spread,Will Phoenix win the 1H by over 8.5 points?,Phoenix wins the 1H by over 8.5 points,Phoenix wins the 1H by over 8.5 points,no,0,finalized,2026-04-23T05:35:00Z,2026-04-25T20:40:20Z,2026-04-25T22:30:00Z,,1777147200,expected_expiration-150m,1777147200,0.06,0.43,0.245,0.44,27,2056.67,2056.67
KXNBA1HSPREAD-26APR25OKCPHX-PHX5,KXNBA1HSPREAD-26APR25OKCPHX,KXNBA1HSPREAD,spread,Will Phoenix win the 1H by over 5.5 points?,Phoenix wins the 1H by over 5.5 points,Phoenix wins the 1H by over 5.5 points,no,0,finalized,2026-04-23T05:35:00Z,2026-04-25T20:40:21Z,2026-04-25T22:30:00Z,,1777147200,expected_expiration-150m,1777147200,0.27,0.37,0.32,0.4,39,3950.74,3116.51
KXNBA1HSPREAD-26APR25OKCPHX-PHX20,KXNBA1HSPREAD-26APR25OKCPHX,KXNBA1HSPREAD,spread,Will Phoenix win the 1H by over 20.5 points?,Phoenix wins the 1H by over 20.5 points,Phoenix wins the 1H by over 20.5 points,no,0,finalized,2026-04-23T05:35:00Z,2026-04-25T20:40:16Z,2026-04-25T22:30:00Z,,1777147200,expected_expiration-150m,1777147200,0.0,0.18,0.09,,19,10.87,10.87
KXNBA1HSPREAD-26APR25OKCPHX-PHX2,KXNBA1HSPREAD-26APR25OKCPHX,KXNBA1HSPREAD,spread,Will Phoenix win the 1H by over 2.5 points?,Phoenix wins the 1H by over 2.5 points,Phoenix wins the 1H by over 2.5 points,no,0,finalized,2026-04-23T05:35:00Z,2026-04-25T20:40:22Z,2026-04-25T22:30:00Z,,1777147200,expected_expiration-150m,1777147200,0.38,0.44,0.41000000000000003,0.45,108,22139.23,16055.50
KXNBA1HSPREAD-26APR25OKCPHX-PHX17,KXNBA1HSPREAD-26APR25OKCPHX,KXNBA1HSPREAD,spread,Will Phoenix win the 1H by over 17.5 points?,Phoenix wins the 1H by over 17.5 points,Phoenix wins the 1H by over 17.5 points,no,0,finalized,2026-04-23T05:35:00Z,2026-04-25T20:40:17Z,2026-04-25T22:30:00Z,,1777147200,expected_expiration-150m,1777147200,0.0,0.31,0.155,,19,0.00,0.00
KXNBA1HSPREAD-26APR25OKCPHX-PHX14,KXNBA1HSPREAD-26APR25OKCPHX,KXNBA1HSPREAD,spread,Will Phoenix win the 1H by over 14.5 points?,Phoenix wins the 1H by over 14.5 points,Phoenix wins the 1H by over 14.5 points,no,0,finalized,2026-04-23T05:35:00Z,2026-04-25T20:40:18Z,2026-04-25T22:30:00Z,,1777147200,expected_expiration-150m,1777147200,0.0,0.4,0.2,,21,0.00,0.00
KXNBA1HSPREAD-26APR25OKCPHX-PHX11,KXNBA1HSPREAD-26APR25OKCPHX,KXNBA1HSPREAD,spread,Will Phoenix win the 1H by over 11.5 points?,Phoenix wins the 1H by over 11.5 points,Phoenix wins the 1H by over 11.5 points,no,0,finalized,2026-04-23T05:35:00Z,2026-04-25T20:40:19Z,2026-04-25T22:30:00Z,,1777147200,expected_expiration-150m,1777147200,0.0,0.48,0.24,,25,0.00,0.00
KXNBA1HSPREAD-26APR25OKCPHX-OKC7,KXNBA1HSPREAD-26APR25OKCPHX,KXNBA1HSPREAD,spread,Will Oklahoma City win the 1H by over 7.5 points?,Oklahoma City wins the 1H by over 7.5 points,Oklahoma City wins the 1H by over 7.5 points,yes,1,finalized,2026-04-23T05:35:00Z,2026-04-25T20:40:24Z,2026-04-25T22:30:00Z,,1777147200,expected_expiration-150m,1777147200,0.15,0.42,0.285,,88,45294.98,22744.72
KXNBA1HSPREAD-26APR25OKCPHX-OKC4,KXNBA1HSPREAD-26APR25OKCPHX,KXNBA1HSPREAD,spread,Will Oklahoma City win the 1H by over 4.5 points?,Oklahoma City wins the 1H by over 4.5 points,Oklahoma City wins the 1H by over 4.5 points,yes,1,finalized,2026-04-23T05:35:00Z,2026-04-25T20:40:23Z,2026-04-25T22:30:00Z,,1777147200,expected_expiration-150m,1777147200,0.32,0.36,0.33999999999999997,0.34,102,196146.59,122811.37
KXNBA1HSPREAD-26APR25OKCPHX-OKC10,KXNBA1HSPREAD-26APR25OKCPHX,KXNBA1HSPREAD,spread,Will Oklahoma City win the 1H by over 10.5 points?,Oklahoma City wins the 1H by over 10.5 points,Oklahoma City wins the 1H by over 10.5 points,no,0,finalized,2026-04-23T05:35:00Z,2026-04-25T20:40:24Z,2026-04-25T22:30:00Z,,1777147200,expected_expiration-150m,1777147200,0.11,0.34,0.225,,67,10797.37,8206.95
KXNBA1HSPREAD-26APR25OKCPHX-OKC1,KXNBA1HSPREAD-26APR25OKCPHX,KXNBA1HSPREAD,spread,Will Oklahoma City win the 1H by over 1.5 points?,Oklahoma City wins the 1H by over 1.5 points,Oklahoma City wins the 1H by over 1.5 points,yes,1,finalized,2026-04-23T05:35:00Z,2026-04-25T20:40:22Z,2026-04-25T22:30:00Z,,1777147200,expected_expiration-150m,1777147200,0.47,0.51,0.49,0.48,86,65076.84,32851.98
KXNBA1HSPREAD-26APR24LALHOU-LAL9,KXNBA1HSPREAD-26APR24LALHOU,KXNBA1HSPREAD,spread,Will Lakers win the 1H by over 9.5 points?,Lakers wins the 1H by over 9.5 points,Lakers wins the 1H by over 9.5 points,yes,1,finalized,2026-04-22T06:35:00Z,2026-04-25T01:13:31Z,2026-04-25T03:00:00Z,,1777077000,expected_expiration-150m,1777077000,0.02,0.57,0.295,,41,35071.89,19655.55
KXNBA1HSPREAD-26APR24LALHOU-LAL6,KXNBA1HSPREAD-26APR24LALHOU,KXNBA1HSPREAD,spread,Will Lakers win the 1H by over 6.5 points?,Lakers wins the 1H by over 6.5 points,Lakers wins the 1H by over 6.5 points,yes,1,finalized,2026-04-22T06:35:00Z,2026-04-25T01:13:31Z,2026-04-25T03:00:00Z,,1777077000,expected_expiration-150m,1777076880,0.05,0.51,0.28,,51,24020.35,16233.44
KXNBA1HSPREAD-26APR24LALHOU-LAL3,KXNBA1HSPREAD-26APR24LALHOU,KXNBA1HSPREAD,spread,Will Lakers win the 1H by over 3.5 points?,Lakers wins the 1H by over 3.5 points,Lakers wins the 1H by over 3.5 points,yes,1,finalized,2026-04-22T06:35:00Z,2026-04-25T01:13:31Z,2026-04-25T03:00:00Z,,1777077000,expected_expiration-150m,1777077000,0.49,0.6,0.5449999999999999,0.79,63,55474.74,32939.31
KXNBA1HSPREAD-26APR24LALHOU-LAL21,KXNBA1HSPREAD-26APR24LALHOU,KXNBA1HSPREAD,spread,Will Lakers win the 1H by over 21.5 points?,Lakers wins the 1H by over 21.5 points,Lakers wins the 1H by over 21.5 points,no,0,finalized,2026-04-22T06:35:00Z,2026-04-25T01:13:32Z,2026-04-25T03:00:00Z,,1777077000,expected_expiration-150m,1777076940,0.0,0.16,0.08,,11,0.00,0.00
KXNBA1HSPREAD-26APR24LALHOU-LAL18,KXNBA1HSPREAD-26APR24LALHOU,KXNBA1HSPREAD,spread,Will Lakers win the 1H by over 18.5 points?,Lakers wins the 1H by over 18.5 points,Lakers wins the 1H by over 18.5 points,no,0,finalized,2026-04-22T06:35:00Z,2026-04-25T01:13:32Z,2026-04-25T03:00:00Z,,1777077000,expected_expiration-150m,1777076940,0.0,0.28,0.14,,11,0.00,0.00
KXNBA1HSPREAD-26APR24LALHOU-LAL15,KXNBA1HSPREAD-26APR24LALHOU,KXNBA1HSPREAD,spread,Will Lakers win the 1H by over 15.5 points?,Lakers wins the 1H by over 15.5 points,Lakers wins the 1H by over 15.5 points,no,0,finalized,2026-04-22T06:35:00Z,2026-04-25T01:13:31Z,2026-04-25T03:00:00Z,,1777077000,expected_expiration-150m,1777076940,0.0,0.37,0.185,,19,184.84,166.34
KXNBA1HSPREAD-26APR24LALHOU-LAL12,KXNBA1HSPREAD-26APR24LALHOU,KXNBA1HSPREAD,spread,Will Lakers win the 1H by over 12.5 points?,Lakers wins the 1H by over 12.5 points,Lakers wins the 1H by over 12.5 points,no,0,finalized,2026-04-22T06:35:00Z,2026-04-25T01:13:31Z,2026-04-25T03:00:00Z,,1777077000,expected_expiration-150m,1777077000,0.0,0.5,0.25,,27,19706.08,12955.58
KXNBA1HSPREAD-26APR24LALHOU-HOU9,KXNBA1HSPREAD-26APR24LALHOU,KXNBA1HSPREAD,spread,Will Rockets win the 1H by over 9.5 points?,Rockets wins the 1H by over 9.5 points,Rockets wins the 1H by over 9.5 points,no,0,finalized,2026-04-22T06:35:00Z,2026-04-25T01:13:30Z,2026-04-25T03:00:00Z,,1777077000,expected_expiration-150m,1777077000,0.02,0.46,0.24000000000000002,,67,4977.87,4766.53
KXNBA1HSPREAD-26APR24LALHOU-HOU6,KXNBA1HSPREAD-26APR24LALHOU,KXNBA1HSPREAD,spread,Will Rockets win the 1H by over 6.5 points?,Rockets wins the 1H by over 6.5 points,Rockets wins the 1H by over 6.5 points,no,0,finalized,2026-04-22T06:35:00Z,2026-04-25T01:13:30Z,2026-04-25T03:00:00Z,,1777077000,expected_expiration-150m,1777077000,0.02,0.51,0.265,,94,63681.14,45492.36
KXNBA1HSPREAD-26APR24LALHOU-HOU3,KXNBA1HSPREAD-26APR24LALHOU,KXNBA1HSPREAD,spread,Will Rockets win the 1H by over 3.5 points?,Rockets wins the 1H by over 3.5 points,Rockets wins the 1H by over 3.5 points,no,0,finalized,2026-04-22T06:35:00Z,2026-04-25T01:13:31Z,2026-04-25T03:00:00Z,,1777077000,expected_expiration-150m,1777077000,0.02,0.58,0.3,0.47,102,52805.77,32832.81
KXNBA1HSPREAD-26APR24SASPOR-SAS8,KXNBA1HSPREAD-26APR24SASPOR,KXNBA1HSPREAD,spread,Will Spurs win the 1H by over 8.5 points?,Spurs wins the 1H by over 8.5 points,Spurs wins the 1H by over 8.5 points,no,0,finalized,2026-04-22T03:35:00Z,2026-04-25T04:04:17Z,2026-04-25T05:30:00Z,,1777086000,expected_expiration-150m,1777086000,0.24,0.47,0.355,,35,682.87,620.00
KXNBA1HSPREAD-26APR24SASPOR-SAS5,KXNBA1HSPREAD-26APR24SASPOR,KXNBA1HSPREAD,spread,Will Spurs win the 1H by over 5.5 points?,Spurs wins the 1H by over 5.5 points,Spurs wins the 1H by over 5.5 points,no,0,finalized,2026-04-22T03:35:00Z,2026-04-25T04:04:17Z,2026-04-25T05:30:00Z,,1777086000,expected_expiration-150m,1777086000,0.14,0.45,0.29500000000000004,,64,7302.29,6536.12
KXNBA1HSPREAD-26APR24SASPOR-SAS2,KXNBA1HSPREAD-26APR24SASPOR,KXNBA1HSPREAD,spread,Will Spurs win the 1H by over 2.5 points?,Spurs wins the 1H by over 2.5 points,Spurs wins the 1H by over 2.5 points,no,0,finalized,2026-04-22T03:35:00Z,2026-04-25T04:04:17Z,2026-04-25T05:30:00Z,,1777086000,expected_expiration-150m,1777086000,0.32,0.35,0.33499999999999996,0.39,92,87521.64,53573.40
KXNBA1HSPREAD-26APR24SASPOR-SAS14,KXNBA1HSPREAD-26APR24SASPOR,KXNBA1HSPREAD,spread,Will Spurs win the 1H by over 14.5 points?,Spurs wins the 1H by over 14.5 points,Spurs wins the 1H by over 14.5 points,no,0,finalized,2026-04-22T03:35:00Z,2026-04-25T04:04:16Z,2026-04-25T05:30:00Z,,1777086000,expected_expiration-150m,1777086000,0.0,0.24,0.12,,19,3095.01,3095.01
KXNBA1HSPREAD-26APR24SASPOR-SAS11,KXNBA1HSPREAD-26APR24SASPOR,KXNBA1HSPREAD,spread,Will Spurs win the 1H by over 11.5 points?,Spurs wins the 1H by over 11.5 points,Spurs wins the 1H by over 11.5 points,no,0,finalized,2026-04-22T03:35:00Z,2026-04-25T04:04:17Z,2026-04-25T05:30:00Z,,1777086000,expected_expiration-150m,1777086000,0.0,0.38,0.19,,11,0.00,0.00
KXNBA1HSPREAD-26APR24SASPOR-POR7,KXNBA1HSPREAD-26APR24SASPOR,KXNBA1HSPREAD,spread,Will Trail Blazers win the 1H by over 7.5 points?,Trail Blazers wins the 1H by over 7.5 points,Trail Blazers wins the 1H by over 7.5 points,no,0,finalized,2026-04-22T03:35:00Z,2026-04-25T04:04:18Z,2026-04-25T05:30:00Z,,1777086000,expected_expiration-150m,1777086000,0.07,0.57,0.31999999999999995,,28,23364.42,9805.47
KXNBA1HSPREAD-26APR24SASPOR-POR4,KXNBA1HSPREAD-26APR24SASPOR,KXNBA1HSPREAD,spread,Will Trail Blazers win the 1H by over 4.5 points?,Trail Blazers wins the 1H by over 4.5 points,Trail Blazers wins the 1H by over 4.5 points,yes,1,finalized,2026-04-22T03:35:00Z,2026-04-25T04:04:17Z,2026-04-25T05:30:00Z,,1777086000,expected_expiration-150m,1777086000,0.18,0.36,0.27,0.38,98,61754.27,32163.89
KXNBA1HSPREAD-26APR24SASPOR-POR16,KXNBA1HSPREAD-26APR24SASPOR,KXNBA1HSPREAD,spread,Will Trail Blazers win the 1H by over 16.5 points?,Trail Blazers wins the 1H by over 16.5 points,Trail Blazers wins the 1H by over 16.5 points,no,0,finalized,2026-04-22T03:35:00Z,2026-04-25T04:04:18Z,2026-04-25T05:30:00Z,,1777086000,expected_expiration-150m,1777086000,0.0,0.47,0.235,,12,4.00,4.00
KXNBA1HSPREAD-26APR24SASPOR-POR13,KXNBA1HSPREAD-26APR24SASPOR,KXNBA1HSPREAD,spread,Will Trail Blazers win the 1H by over 13.5 points?,Trail Blazers wins the 1H by over 13.5 points,Trail Blazers wins the 1H by over 13.5 points,no,0,finalized,2026-04-22T03:35:00Z,2026-04-25T04:04:18Z,2026-04-25T05:30:00Z,,1777086000,expected_expiration-150m,1777086000,0.0,0.56,0.28,,13,772.50,761.10
KXNBA1HSPREAD-26APR24SASPOR-POR10,KXNBA1HSPREAD-26APR24SASPOR,KXNBA1HSPREAD,spread,Will Trail Blazers win the 1H by over 10.5 points?,Trail Blazers wins the 1H by over 10.5 points,Trail Blazers wins the 1H by over 10.5 points,no,0,finalized,2026-04-22T03:35:00Z,2026-04-25T04:04:18Z,2026-04-25T05:30:00Z,,1777086000,expected_expiration-150m,1777086000,0.02,0.57,0.295,,27,1184.60,1148.08
KXNBA1HSPREAD-26APR24SASPOR-POR1,KXNBA1HSPREAD-26APR24SASPOR,KXNBA1HSPREAD,spread,Will Trail Blazers win the 1H by over 1.5 points?,Trail Blazers wins the 1H by over 1.5 points,Trail Blazers wins the 1H by over 1.5 points,yes,1,finalized,2026-04-22T03:35:00Z,2026-04-25T04:04:17Z,2026-04-25T05:30:00Z,,1777086000,expected_expiration-150m,1777086000,0.46,0.48,0.47,0.46,85,176148.92,64130.78
KXNBA1HSPREAD-26APR24BOSPHI-PHI8,KXNBA1HSPREAD-26APR24BOSPHI,KXNBA1HSPREAD,spread,Will 76ers win the 1H by over 8.5 points?,76ers wins the 1H by over 8.5 points,76ers wins the 1H by over 8.5 points,no,0,finalized,2026-04-22T02:35:00Z,2026-04-25T00:15:37Z,2026-04-25T02:00:00Z,,1777073400,expected_expiration-150m,1777072680,0.0,0.48,0.24,,17,532.24,466.24
KXNBA1HSPREAD-26APR24BOSPHI-PHI5,KXNBA1HSPREAD-26APR24BOSPHI,KXNBA1HSPREAD,spread,Will 76ers win the 1H by over 5.5 points?,76ers wins the 1H by over 5.5 points,76ers wins the 1H by over 5.5 points,no,0,finalized,2026-04-22T02:35:00Z,2026-04-25T00:15:37Z,2026-04-25T02:00:00Z,,1777073400,expected_expiration-150m,1777073400,0.01,0.43,0.22,,41,4138.70,4138.70
KXNBA1HSPREAD-26APR24BOSPHI-PHI20,KXNBA1HSPREAD-26APR24BOSPHI,KXNBA1HSPREAD,spread,Will 76ers win the 1H by over 20.5 points?,76ers wins the 1H by over 20.5 points,76ers wins the 1H by over 20.5 points,no,0,finalized,2026-04-22T02:35:00Z,2026-04-25T00:15:40Z,2026-04-25T02:00:00Z,,1777073400,expected_expiration-150m,1777072500,0.0,0.14,0.07,,8,0.00,0.00
KXNBA1HSPREAD-26APR24BOSPHI-PHI2,KXNBA1HSPREAD-26APR24BOSPHI,KXNBA1HSPREAD,spread,Will 76ers win the 1H by over 2.5 points?,76ers wins the 1H by over 2.5 points,76ers wins the 1H by over 2.5 points,no,0,finalized,2026-04-22T02:35:00Z,2026-04-25T00:15:37Z,2026-04-25T02:00:00Z,,1777073400,expected_expiration-150m,1777073400,0.32,0.38,0.35,0.33,56,10003.79,7985.68
KXNBA1HSPREAD-26APR24BOSPHI-PHI17,KXNBA1HSPREAD-26APR24BOSPHI,KXNBA1HSPREAD,spread,Will 76ers win the 1H by over 17.5 points?,76ers wins the 1H by over 17.5 points,76ers wins the 1H by over 17.5 points,no,0,finalized,2026-04-22T02:35:00Z,2026-04-25T00:15:40Z,2026-04-25T02:00:00Z,,1777073400,expected_expiration-150m,1777073280,0.0,0.19,0.095,,10,0.00,0.00
KXNBA1HSPREAD-26APR24BOSPHI-PHI14,KXNBA1HSPREAD-26APR24BOSPHI,KXNBA1HSPREAD,spread,Will 76ers win the 1H by over 14.5 points?,76ers wins the 1H by over 14.5 points,76ers wins the 1H by over 14.5 points,no,0,finalized,2026-04-22T02:35:00Z,2026-04-25T00:15:38Z,2026-04-25T02:00:00Z,,1777073400,expected_expiration-150m,1777073280,0.0,0.32,0.16,,12,35.00,35.00
KXNBA1HSPREAD-26APR24BOSPHI-PHI11,KXNBA1HSPREAD-26APR24BOSPHI,KXNBA1HSPREAD,spread,Will 76ers win the 1H by over 11.5 points?,76ers wins the 1H by over 11.5 points,76ers wins the 1H by over 11.5 points,no,0,finalized,2026-04-22T02:35:00Z,2026-04-25T00:15:37Z,2026-04-25T02:00:00Z,,1777073400,expected_expiration-150m,1777073220,0.0,0.38,0.19,,18,157.20,157.20
KXNBA1HSPREAD-26APR24BOSPHI-BOS7,KXNBA1HSPREAD-26APR24BOSPHI,KXNBA1HSPREAD,spread,Will Celtics win the 1H by over 7.5 points?,Celtics wins the 1H by over 7.5 points,Celtics wins the 1H by over 7.5 points,no,0,finalized,2026-04-22T02:35:00Z,2026-04-25T00:15:36Z,2026-04-25T02:00:00Z,,1777073400,expected_expiration-150m,1777073400,0.05,0.27,0.16,0.27,80,97427.70,51908.68
KXNBA1HSPREAD-26APR24BOSPHI-BOS4,KXNBA1HSPREAD-26APR24BOSPHI,KXNBA1HSPREAD,spread,Will Celtics win the 1H by over 4.5 points?,Celtics wins the 1H by over 4.5 points,Celtics wins the 1H by over 4.5 points,yes,1,finalized,2026-04-22T02:35:00Z,2026-04-25T00:15:37Z,2026-04-25T02:00:00Z,,1777073400,expected_expiration-150m,1777073400,0.43,0.47,0.44999999999999996,0.41,106,212428.85,133616.73
KXNBA1HSPREAD-26APR24BOSPHI-BOS10,KXNBA1HSPREAD-26APR24BOSPHI,KXNBA1HSPREAD,spread,Will Celtics win the 1H by over 10.5 points?,Celtics wins the 1H by over 10.5 points,Celtics wins the 1H by over 10.5 points,no,0,finalized,2026-04-22T02:35:00Z,2026-04-25T00:15:36Z,2026-04-25T02:00:00Z,,1777073400,expected_expiration-150m,1777073400,0.05,0.34,0.195,,62,3368.41,2327.10
KXNBA1HSPREAD-26APR24BOSPHI-BOS1,KXNBA1HSPREAD-26APR24BOSPHI,KXNBA1HSPREAD,spread,Will Celtics win the 1H by over 1.5 points?,Celtics wins the 1H by over 1.5 points,Celtics wins the 1H by over 1.5 points,yes,1,finalized,2026-04-22T02:35:00Z,2026-04-25T00:15:37Z,2026-04-25T02:00:00Z,,1777073400,expected_expiration-150m,1777073400,0.55,0.6,0.575,0.6,94,41152.02,28894.43
KXNBA1HSPREAD-26APR23DENMIN-MIN9,KXNBA1HSPREAD-26APR23DENMIN,KXNBA1HSPREAD,spread,Will Minnesota win the 1H by over 9.5 points?,Minnesota wins the 1H by over 9.5 points,Minnesota wins the 1H by over 9.5 points,yes,1,finalized,2026-04-21T06:35:00Z,2026-04-24T02:47:34Z,2026-04-24T04:30:00Z,,1776996000,expected_expiration-150m,1776996000,0.09,0.58,0.33499999999999996,,50,31884.75,16852.51
KXNBA1HSPREAD-26APR23DENMIN-MIN6,KXNBA1HSPREAD-26APR23DENMIN,KXNBA1HSPREAD,spread,Will Minnesota win the 1H by over 6.5 points?,Minnesota wins the 1H by over 6.5 points,Minnesota wins the 1H by over 6.5 points,yes,1,finalized,2026-04-21T06:35:00Z,2026-04-24T02:47:35Z,2026-04-24T04:30:00Z,,1776996000,expected_expiration-150m,1776996000,0.35,0.44,0.395,,47,18455.21,8907.27
KXNBA1HSPREAD-26APR23DENMIN-MIN3,KXNBA1HSPREAD-26APR23DENMIN,KXNBA1HSPREAD,spread,Will Minnesota win the 1H by over 3.5 points?,Minnesota wins the 1H by over 3.5 points,Minnesota wins the 1H by over 3.5 points,yes,1,finalized,2026-04-21T06:35:00Z,2026-04-24T02:47:35Z,2026-04-24T04:30:00Z,,1776996000,expected_expiration-150m,1776996000,0.52,0.55,0.535,0.47,72,30376.69,16882.46
KXNBA1HSPREAD-26APR23DENMIN-MIN15,KXNBA1HSPREAD-26APR23DENMIN,KXNBA1HSPREAD,spread,Will Minnesota win the 1H by over 15.5 points?,Minnesota wins the 1H by over 15.5 points,Minnesota wins the 1H by over 15.5 points,yes,1,finalized,2026-04-21T06:35:00Z,2026-04-24T02:47:34Z,2026-04-24T04:30:00Z,,1776996000,expected_expiration-150m,1776995700,0.0,0.45,0.225,,34,70026.76,32343.26
KXNBA1HSPREAD-26APR23DENMIN-MIN12,KXNBA1HSPREAD-26APR23DENMIN,KXNBA1HSPREAD,spread,Will Minnesota win the 1H by over 12.5 points?,Minnesota wins the 1H by over 12.5 points,Minnesota wins the 1H by over 12.5 points,yes,1,finalized,2026-04-21T06:35:00Z,2026-04-24T02:47:34Z,2026-04-24T04:30:00Z,,1776996000,expected_expiration-150m,1776996000,0.01,0.43,0.22,,32,51655.16,25720.91
KXNBA1HSPREAD-26APR23DENMIN-DEN9,KXNBA1HSPREAD-26APR23DENMIN,KXNBA1HSPREAD,spread,Will Denver win the 1H by over 9.5 points?,Denver wins the 1H by over 9.5 points,Denver wins the 1H by over 9.5 points,no,0,finalized,2026-04-21T06:35:00Z,2026-04-24T02:47:35Z,2026-04-24T04:30:00Z,,1776996000,expected_expiration-150m,1776995880,0.0,0.43,0.215,,37,86.60,86.60
KXNBA1HSPREAD-26APR23DENMIN-DEN6,KXNBA1HSPREAD-26APR23DENMIN,KXNBA1HSPREAD,spread,Will Denver win the 1H by over 6.5 points?,Denver wins the 1H by over 6.5 points,Denver wins the 1H by over 6.5 points,no,0,finalized,2026-04-21T06:35:00Z,2026-04-24T02:47:35Z,2026-04-24T04:30:00Z,,1776996000,expected_expiration-150m,1776996000,0.02,0.18,0.09999999999999999,0.18,39,1772.55,1164.78
KXNBA1HSPREAD-26APR23DENMIN-DEN3,KXNBA1HSPREAD-26APR23DENMIN,KXNBA1HSPREAD,spread,Will Denver win the 1H by over 3.5 points?,Denver wins the 1H by over 3.5 points,Denver wins the 1H by over 3.5 points,no,0,finalized,2026-04-21T06:35:00Z,2026-04-24T02:47:35Z,2026-04-24T04:30:00Z,,1776996000,expected_expiration-150m,1776996000,0.23,0.31,0.27,0.23,68,24845.42,14839.07
KXNBA1HSPREAD-26APR23DENMIN-DEN15,KXNBA1HSPREAD-26APR23DENMIN,KXNBA1HSPREAD,spread,Will Denver win the 1H by over 15.5 points?,Denver wins the 1H by over 15.5 points,Denver wins the 1H by over 15.5 points,no,0,finalized,2026-04-21T06:35:00Z,2026-04-24T02:47:36Z,2026-04-24T04:30:00Z,,1776996000,expected_expiration-150m,1776995820,0.0,0.23,0.115,,12,7.00,7.00
KXNBA1HSPREAD-26APR23DENMIN-DEN12,KXNBA1HSPREAD-26APR23DENMIN,KXNBA1HSPREAD,spread,Will Denver win the 1H by over 12.5 points?,Denver wins the 1H by over 12.5 points,Denver wins the 1H by over 12.5 points,no,0,finalized,2026-04-21T06:35:00Z,2026-04-24T02:47:35Z,2026-04-24T04:30:00Z,,1776996000,expected_expiration-150m,1776995820,0.0,0.35,0.175,,17,257.02,128.51
KXNBA1HSPREAD-26APR23NYKATL-NYK9,KXNBA1HSPREAD-26APR23NYKATL,KXNBA1HSPREAD,spread,Will New York win the 1H by over 9.5 points?,New York wins the 1H by over 9.5 points,New York wins the 1H by over 9.5 points,no,0,finalized,2026-04-21T05:35:00Z,2026-04-24T00:11:36Z,2026-04-24T02:00:00Z,,1776987000,expected_expiration-150m,1776987000,0.04,0.41,0.22499999999999998,,51,325.03,325.03
KXNBA1HSPREAD-26APR23NYKATL-NYK6,KXNBA1HSPREAD-26APR23NYKATL,KXNBA1HSPREAD,spread,Will New York win the 1H by over 6.5 points?,New York wins the 1H by over 6.5 points,New York wins the 1H by over 6.5 points,no,0,finalized,2026-04-21T05:35:00Z,2026-04-24T00:11:36Z,2026-04-24T02:00:00Z,,1776987000,expected_expiration-150m,1776987000,0.02,0.32,0.17,,62,3376.19,3375.19
KXNBA1HSPREAD-26APR23NYKATL-NYK3,KXNBA1HSPREAD-26APR23NYKATL,KXNBA1HSPREAD,spread,Will New York win the 1H by over 3.5 points?,New York wins the 1H by over 3.5 points,New York wins the 1H by over 3.5 points,no,0,finalized,2026-04-21T05:35:00Z,2026-04-24T00:11:36Z,2026-04-24T02:00:00Z,,1776987000,expected_expiration-150m,1776987000,0.26,0.31,0.28500000000000003,0.34,97,85932.83,70830.84
KXNBA1HSPREAD-26APR23NYKATL-NYK15,KXNBA1HSPREAD-26APR23NYKATL,KXNBA1HSPREAD,spread,Will New York win the 1H by over 15.5 points?,New York wins the 1H by over 15.5 points,New York wins the 1H by over 15.5 points,no,0,finalized,2026-04-21T05:35:00Z,2026-04-24T00:11:37Z,2026-04-24T02:00:00Z,,1776987000,expected_expiration-150m,1776987000,0.01,0.23,0.12000000000000001,,30,32.59,32.59
KXNBA1HSPREAD-26APR23NYKATL-NYK12,KXNBA1HSPREAD-26APR23NYKATL,KXNBA1HSPREAD,spread,Will New York win the 1H by over 12.5 points?,New York wins the 1H by over 12.5 points,New York wins the 1H by over 12.5 points,no,0,finalized,2026-04-21T05:35:00Z,2026-04-24T00:11:36Z,2026-04-24T02:00:00Z,,1776987000,expected_expiration-150m,1776987000,0.01,0.34,0.17500000000000002,,41,133.37,123.37
KXNBA1HSPREAD-26APR23NYKATL-ATL9,KXNBA1HSPREAD-26APR23NYKATL,KXNBA1HSPREAD,spread,Will Atlanta win the 1H by over 9.5 points?,Atlanta wins the 1H by over 9.5 points,Atlanta wins the 1H by over 9.5 points,no,0,finalized,2026-04-21T05:35:00Z,2026-04-24T00:11:35Z,2026-04-24T02:00:00Z,,1776987000,expected_expiration-150m,1776987000,0.07,0.52,0.29500000000000004,,61,72672.87,37048.66
KXNBA1HSPREAD-26APR23NYKATL-ATL6,KXNBA1HSPREAD-26APR23NYKATL,KXNBA1HSPREAD,spread,Will Atlanta win the 1H by over 6.5 points?,Atlanta wins the 1H by over 6.5 points,Atlanta wins the 1H by over 6.5 points,yes,1,finalized,2026-04-21T05:35:00Z,2026-04-24T00:11:36Z,2026-04-24T02:00:00Z,,1776987000,expected_expiration-150m,1776987000,0.23,0.4,0.315,,65,49472.60,26995.32
KXNBA1HSPREAD-26APR23NYKATL-ATL3,KXNBA1HSPREAD-26APR23NYKATL,KXNBA1HSPREAD,spread,Will Atlanta win the 1H by over 3.5 points?,Atlanta wins the 1H by over 3.5 points,Atlanta wins the 1H by over 3.5 points,yes,1,finalized,2026-04-21T05:35:00Z,2026-04-24T00:11:36Z,2026-04-24T02:00:00Z,,1776987000,expected_expiration-150m,1776987000,0.46,0.5,0.48,0.52,77,31225.31,19555.95
KXNBA1HSPREAD-26APR23NYKATL-ATL15,KXNBA1HSPREAD-26APR23NYKATL,KXNBA1HSPREAD,spread,Will Atlanta win the 1H by over 15.5 points?,Atlanta wins the 1H by over 15.5 points,Atlanta wins the 1H by over 15.5 points,no,0,finalized,2026-04-21T05:35:00Z,2026-04-24T00:11:35Z,2026-04-24T02:00:00Z,,1776987000,expected_expiration-150m,1776987000,0.0,0.47,0.235,,43,23976.70,12676.28
KXNBA1HSPREAD-26APR23NYKATL-ATL12,KXNBA1HSPREAD-26APR23NYKATL,KXNBA1HSPREAD,spread,Will Atlanta win the 1H by over 12.5 points?,Atlanta wins the 1H by over 12.5 points,Atlanta wins the 1H by over 12.5 points,no,0,finalized,2026-04-21T05:35:00Z,2026-04-24T00:11:35Z,2026-04-24T02:00:00Z,,1776987000,expected_expiration-150m,1776987000,0.02,0.55,0.28500000000000003,,50,14967.24,7206.62
KXNBA1HSPREAD-26APR23CLETOR-TOR8,KXNBA1HSPREAD-26APR23CLETOR,KXNBA1HSPREAD,spread,Will Toronto win the 1H by over 8.5 points?,Toronto wins the 1H by over 8.5 points,Toronto wins the 1H by over 8.5 points,no,0,finalized,2026-04-21T05:35:00Z,2026-04-24T01:13:40Z,2026-04-24T03:00:00Z,,1776990600,expected_expiration-150m,1776990600,0.02,0.58,0.3,,41,5004.57,2990.37
KXNBA1HSPREAD-26APR23CLETOR-TOR5,KXNBA1HSPREAD-26APR23CLETOR,KXNBA1HSPREAD,spread,Will Toronto win the 1H by over 5.5 points?,Toronto wins the 1H by over 5.5 points,Toronto wins the 1H by over 5.5 points,no,0,finalized,2026-04-21T05:35:00Z,2026-04-24T01:13:40Z,2026-04-24T03:00:00Z,,1776990600,expected_expiration-150m,1776990600,0.39,0.42,0.405,0.4,62,31847.45,21307.05
KXNBA1HSPREAD-26APR23CLETOR-TOR2,KXNBA1HSPREAD-26APR23CLETOR,KXNBA1HSPREAD,spread,Will Toronto win the 1H by over 2.5 points?,Toronto wins the 1H by over 2.5 points,Toronto wins the 1H by over 2.5 points,no,0,finalized,2026-04-21T05:35:00Z,2026-04-24T01:13:40Z,2026-04-24T03:00:00Z,,1776990600,expected_expiration-150m,1776990600,0.53,0.56,0.545,0.56,57,38394.25,16936.87
KXNBA1HSPREAD-26APR23CLETOR-TOR17,KXNBA1HSPREAD-26APR23CLETOR,KXNBA1HSPREAD,spread,Will Toronto win the 1H by over 17.5 points?,Toronto wins the 1H by over 17.5 points,Toronto wins the 1H by over 17.5 points,no,0,finalized,2026-04-21T05:35:00Z,2026-04-24T01:13:41Z,2026-04-24T03:00:00Z,,1776990600,expected_expiration-150m,1776990300,0.0,0.28,0.14,,30,0.00,0.00
KXNBA1HSPREAD-26APR23CLETOR-TOR14,KXNBA1HSPREAD-26APR23CLETOR,KXNBA1HSPREAD,spread,Will Toronto win the 1H by over 14.5 points?,Toronto wins the 1H by over 14.5 points,Toronto wins the 1H by over 14.5 points,no,0,finalized,2026-04-21T05:35:00Z,2026-04-24T01:13:41Z,2026-04-24T03:00:00Z,,1776990600,expected_expiration-150m,1776990540,0.0,0.32,0.16,,36,154.30,154.30
KXNBA1HSPREAD-26APR23CLETOR-TOR11,KXNBA1HSPREAD-26APR23CLETOR,KXNBA1HSPREAD,spread,Will Toronto win the 1H by over 11.5 points?,Toronto wins the 1H by over 11.5 points,Toronto wins the 1H by over 11.5 points,no,0,finalized,2026-04-21T05:35:00Z,2026-04-24T01:13:40Z,2026-04-24T03:00:00Z,,1776990600,expected_expiration-150m,1776990600,0.01,0.52,0.265,,43,2.00,2.00
KXNBA1HSPREAD-26APR23CLETOR-CLE7,KXNBA1HSPREAD-26APR23CLETOR,KXNBA1HSPREAD,spread,Will Cleveland win the 1H by over 7.5 points?,Cleveland wins the 1H by over 7.5 points,Cleveland wins the 1H by over 7.5 points,no,0,finalized,2026-04-21T05:35:00Z,2026-04-24T01:13:39Z,2026-04-24T03:00:00Z,,1776990600,expected_expiration-150m,1776990600,0.0,0.35,0.175,,35,392.43,351.13
KXNBA1HSPREAD-26APR23CLETOR-CLE4,KXNBA1HSPREAD-26APR23CLETOR,KXNBA1HSPREAD,spread,Will Cleveland win the 1H by over 4.5 points?,Cleveland wins the 1H by over 4.5 points,Cleveland wins the 1H by over 4.5 points,no,0,finalized,2026-04-21T05:35:00Z,2026-04-24T01:13:39Z,2026-04-24T03:00:00Z,,1776990600,expected_expiration-150m,1776990600,0.19,0.22,0.20500000000000002,0.22,71,24955.15,12077.70
KXNBA1HSPREAD-26APR23CLETOR-CLE13,KXNBA1HSPREAD-26APR23CLETOR,KXNBA1HSPREAD,spread,Will Cleveland win the 1H by over 13.5 points?,Cleveland wins the 1H by over 13.5 points,Cleveland wins the 1H by over 13.5 points,no,0,finalized,2026-04-21T05:35:00Z,2026-04-24T01:13:39Z,2026-04-24T03:00:00Z,,1776990600,expected_expiration-150m,1776990480,0.0,0.25,0.125,,23,2709.52,2709.52
KXNBA1HSPREAD-26APR23CLETOR-CLE10,KXNBA1HSPREAD-26APR23CLETOR,KXNBA1HSPREAD,spread,Will Cleveland win the 1H by over 10.5 points?,Cleveland wins the 1H by over 10.5 points,Cleveland wins the 1H by over 10.5 points,no,0,finalized,2026-04-21T05:35:00Z,2026-04-24T01:13:39Z,2026-04-24T03:00:00Z,,1776990600,expected_expiration-150m,1776990480,0.0,0.27,0.135,,34,9.00,9.00
KXNBA1HSPREAD-26APR23CLETOR-CLE1,KXNBA1HSPREAD-26APR23CLETOR,KXNBA1HSPREAD,spread,Will Cleveland win the 1H by over 1.5 points?,Cleveland wins the 1H by over 1.5 points,Cleveland wins the 1H by over 1.5 points,no,0,finalized,2026-04-21T05:35:00Z,2026-04-24T01:13:40Z,2026-04-24T03:00:00Z,,1776990600,expected_expiration-150m,1776990600,0.32,0.34,0.33,0.36,90,106996.62,75400.83
KXNBA1HSPREAD-26APR21PORSAS-SAS9,KXNBA1HSPREAD-26APR21PORSAS,KXNBA1HSPREAD,spread,Will San Antonio win the 1H by over 9.5 points?,San Antonio wins the 1H by over 9.5 points,San Antonio wins the 1H by over 9.5 points,no,0,finalized,2026-04-20T09:35:00Z,2026-04-22T01:10:30Z,2026-04-22T03:00:00Z,,1776817800,expected_expiration-150m,1776817800,0.03,0.19,0.11,,63,3667.82,3467.15
KXNBA1HSPREAD-26APR21PORSAS-SAS6,KXNBA1HSPREAD-26APR21PORSAS,KXNBA1HSPREAD,spread,Will San Antonio win the 1H by over 6.5 points?,San Antonio wins the 1H by over 6.5 points,San Antonio wins the 1H by over 6.5 points,no,0,finalized,2026-04-20T09:35:00Z,2026-04-22T01:10:30Z,2026-04-22T03:00:00Z,,1776817800,expected_expiration-150m,1776817800,0.22,0.43,0.325,0.45,98,64566.06,42216.04
KXNBA1HSPREAD-26APR21PORSAS-SAS3,KXNBA1HSPREAD-26APR21PORSAS,KXNBA1HSPREAD,spread,Will San Antonio win the 1H by over 3.5 points?,San Antonio wins the 1H by over 3.5 points,San Antonio wins the 1H by over 3.5 points,no,0,finalized,2026-04-20T09:35:00Z,2026-04-22T01:10:29Z,2026-04-22T03:00:00Z,,1776817800,expected_expiration-150m,1776817800,0.34,0.4,0.37,0.5,84,56350.05,31805.95
KXNBA1HSPREAD-26APR21PORSAS-POR9,KXNBA1HSPREAD-26APR21PORSAS,KXNBA1HSPREAD,spread,Will Portland win the 1H by over 9.5 points?,Portland wins the 1H by over 9.5 points,Portland wins the 1H by over 9.5 points,no,0,finalized,2026-04-20T09:35:00Z,2026-04-22T01:10:27Z,2026-04-22T03:00:00Z,,1776817800,expected_expiration-150m,1776817800,0.08,0.56,0.32,,33,1683.34,1568.83
KXNBA1HSPREAD-26APR21PORSAS-POR6,KXNBA1HSPREAD-26APR21PORSAS,KXNBA1HSPREAD,spread,Will Portland win the 1H by over 6.5 points?,Portland wins the 1H by over 6.5 points,Portland wins the 1H by over 6.5 points,no,0,finalized,2026-04-20T09:35:00Z,2026-04-22T01:10:28Z,2026-04-22T03:00:00Z,,1776817800,expected_expiration-150m,1776817800,0.15,0.67,0.41000000000000003,0.15,35,820.98,661.25
KXNBA1HSPREAD-26APR21PORSAS-POR3,KXNBA1HSPREAD-26APR21PORSAS,KXNBA1HSPREAD,spread,Will Portland win the 1H by over 3.5 points?,Portland wins the 1H by over 3.5 points,Portland wins the 1H by over 3.5 points,no,0,finalized,2026-04-20T09:35:00Z,2026-04-22T01:10:28Z,2026-04-22T03:00:00Z,,1776817800,expected_expiration-150m,1776817800,0.28,0.36,0.32,0.36,47,20651.50,14670.37
KXNBA1HSPREAD-26APR21PORSAS-POR21,KXNBA1HSPREAD-26APR21PORSAS,KXNBA1HSPREAD,spread,Will Portland win the 1H by over 21.5 points?,Portland wins the 1H by over 21.5 points,Portland wins the 1H by over 21.5 points,no,0,finalized,2026-04-20T09:35:00Z,2026-04-22T01:10:25Z,2026-04-22T03:00:00Z,,1776817800,expected_expiration-150m,1776817800,0.0,0.01,0.005,,18,921.83,921.83
KXNBA1HSPREAD-26APR21PORSAS-POR18,KXNBA1HSPREAD-26APR21PORSAS,KXNBA1HSPREAD,spread,Will Portland win the 1H by over 18.5 points?,Portland wins the 1H by over 18.5 points,Portland wins the 1H by over 18.5 points,no,0,finalized,2026-04-20T09:35:00Z,2026-04-22T01:10:26Z,2026-04-22T03:00:00Z,,1776817800,expected_expiration-150m,1776817800,0.0,0.27,0.135,,14,0.00,0.00
KXNBA1HSPREAD-26APR21PORSAS-POR15,KXNBA1HSPREAD-26APR21PORSAS,KXNBA1HSPREAD,spread,Will Portland win the 1H by over 15.5 points?,Portland wins the 1H by over 15.5 points,Portland wins the 1H by over 15.5 points,no,0,finalized,2026-04-20T09:35:00Z,2026-04-22T01:10:26Z,2026-04-22T03:00:00Z,,1776817800,expected_expiration-150m,1776817800,0.0,0.38,0.19,,21,0.00,0.00
KXNBA1HSPREAD-26APR21PORSAS-POR12,KXNBA1HSPREAD-26APR21PORSAS,KXNBA1HSPREAD,spread,Will Portland win the 1H by over 12.5 points?,Portland wins the 1H by over 12.5 points,Portland wins the 1H by over 12.5 points,no,0,finalized,2026-04-20T09:35:00Z,2026-04-22T01:10:27Z,2026-04-22T03:00:00Z,,1776817800,expected_expiration-150m,1776817800,0.0,0.44,0.22,,21,48.00,48.00
KXNBA1HSPREAD-26APR21PHIBOS-PHI8,KXNBA1HSPREAD-26APR21PHIBOS,KXNBA1HSPREAD,spread,Will Philadelphia win the 1H by over 8.5 points?,Philadelphia wins the 1H by over 8.5 points,Philadelphia wins the 1H by over 8.5 points,no,0,finalized,2026-04-20T09:35:00Z,2026-04-22T00:16:19Z,2026-04-22T02:00:00Z,,1776814200,expected_expiration-150m,1776814200,0.0,0.12,0.06,,24,9132.70,7159.48
KXNBA1HSPREAD-26APR21PHIBOS-PHI5,KXNBA1HSPREAD-26APR21PHIBOS,KXNBA1HSPREAD,spread,Will Philadelphia win the 1H by over 5.5 points?,Philadelphia wins the 1H by over 5.5 points,Philadelphia wins the 1H by over 5.5 points,yes,1,finalized,2026-04-20T09:35:00Z,2026-04-22T00:16:19Z,2026-04-22T02:00:00Z,,1776814200,expected_expiration-150m,1776814200,0.0,0.22,0.11,,24,16058.09,7505.81
KXNBA1HSPREAD-26APR21PHIBOS-PHI23,KXNBA1HSPREAD-26APR21PHIBOS,KXNBA1HSPREAD,spread,Will Philadelphia win the 1H by over 23.5 points?,Philadelphia wins the 1H by over 23.5 points,Philadelphia wins the 1H by over 23.5 points,no,0,finalized,2026-04-20T09:35:00Z,2026-04-22T00:16:18Z,2026-04-22T02:00:00Z,,1776814200,expected_expiration-150m,1776814200,0.0,0.01,0.005,,14,1215.74,1215.74
KXNBA1HSPREAD-26APR21PHIBOS-PHI20,KXNBA1HSPREAD-26APR21PHIBOS,KXNBA1HSPREAD,spread,Will Philadelphia win the 1H by over 20.5 points?,Philadelphia wins the 1H by over 20.5 points,Philadelphia wins the 1H by over 20.5 points,no,0,finalized,2026-04-20T09:35:00Z,2026-04-22T00:16:18Z,2026-04-22T02:00:00Z,,1776814200,expected_expiration-150m,1776814200,0.0,0.01,0.005,,13,0.00,0.00
KXNBA1HSPREAD-26APR21PHIBOS-PHI2,KXNBA1HSPREAD-26APR21PHIBOS,KXNBA1HSPREAD,spread,Will Philadelphia win the 1H by over 2.5 points?,Philadelphia wins the 1H by over 2.5 points,Philadelphia wins the 1H by over 2.5 points,yes,1,finalized,2026-04-20T09:35:00Z,2026-04-22T00:16:19Z,2026-04-22T02:00:00Z,,1776814200,expected_expiration-150m,1776814200,0.01,0.1,0.055,,57,23881.97,11304.24
KXNBA1HSPREAD-26APR21PHIBOS-PHI17,KXNBA1HSPREAD-26APR21PHIBOS,KXNBA1HSPREAD,spread,Will Philadelphia win the 1H by over 17.5 points?,Philadelphia wins the 1H by over 17.5 points,Philadelphia wins the 1H by over 17.5 points,no,0,finalized,2026-04-20T09:35:00Z,2026-04-22T00:16:18Z,2026-04-22T02:00:00Z,,1776814200,expected_expiration-150m,1776814200,0.0,0.01,0.005,,17,935.19,935.19
KXNBA1HSPREAD-26APR21PHIBOS-PHI14,KXNBA1HSPREAD-26APR21PHIBOS,KXNBA1HSPREAD,spread,Will Philadelphia win the 1H by over 14.5 points?,Philadelphia wins the 1H by over 14.5 points,Philadelphia wins the 1H by over 14.5 points,no,0,finalized,2026-04-20T09:35:00Z,2026-04-22T00:16:18Z,2026-04-22T02:00:00Z,,1776814200,expected_expiration-150m,1776814200,0.0,0.01,0.005,,17,266.22,266.22
KXNBA1HSPREAD-26APR21PHIBOS-PHI11,KXNBA1HSPREAD-26APR21PHIBOS,KXNBA1HSPREAD,spread,Will Philadelphia win the 1H by over 11.5 points?,Philadelphia wins the 1H by over 11.5 points,Philadelphia wins the 1H by over 11.5 points,no,0,finalized,2026-04-20T09:35:00Z,2026-04-22T00:16:19Z,2026-04-22T02:00:00Z,,1776814200,expected_expiration-150m,1776814140,0.0,0.01,0.005,,36,1082.83,1042.83
KXNBA1HSPREAD-26APR21PHIBOS-BOS7,KXNBA1HSPREAD-26APR21PHIBOS,KXNBA1HSPREAD,spread,Will Boston win the 1H by over 7.5 points?,Boston wins the 1H by over 7.5 points,Boston wins the 1H by over 7.5 points,no,0,finalized,2026-04-20T09:35:00Z,2026-04-22T00:16:20Z,2026-04-22T02:00:00Z,,1776814200,expected_expiration-150m,1776814200,0.8,0.82,0.81,0.8,109,229203.78,106277.12
KXNBA1HSPREAD-26APR21PHIBOS-BOS4,KXNBA1HSPREAD-26APR21PHIBOS,KXNBA1HSPREAD,spread,Will Boston win the 1H by over 4.5 points?,Boston wins the 1H by over 4.5 points,Boston wins the 1H by over 4.5 points,no,0,finalized,2026-04-20T09:35:00Z,2026-04-22T00:16:20Z,2026-04-22T02:00:00Z,,1776814200,expected_expiration-150m,1776814200,0.88,0.91,0.895,0.88,99,106457.89,64154.97
KXNBA1HSPREAD-26APR21PHIBOS-BOS1,KXNBA1HSPREAD-26APR21PHIBOS,KXNBA1HSPREAD,spread,Will Boston win the 1H by over 1.5 points?,Boston wins the 1H by over 1.5 points,Boston wins the 1H by over 1.5 points,no,0,finalized,2026-04-20T09:35:00Z,2026-04-22T00:16:19Z,2026-04-22T02:00:00Z,,1776814200,expected_expiration-150m,1776814200,0.9,0.94,0.9199999999999999,,74,57440.29,39646.91
KXNBA1HSPREAD-26APR22ORLDET-ORL8,KXNBA1HSPREAD-26APR22ORLDET,KXNBA1HSPREAD,spread,Will Orlando win the 1H by over 8.5 points?,Orlando wins the 1H by over 8.5 points,Orlando wins the 1H by over 8.5 points,no,0,finalized,2026-04-20T02:35:00Z,2026-04-23T00:20:32Z,2026-04-23T02:00:00Z,,1776900600,expected_expiration-150m,1776900600,0.0,0.33,0.165,,27,0.00,0.00
KXNBA1HSPREAD-26APR22ORLDET-ORL5,KXNBA1HSPREAD-26APR22ORLDET,KXNBA1HSPREAD,spread,Will Orlando win the 1H by over 5.5 points?,Orlando wins the 1H by over 5.5 points,Orlando wins the 1H by over 5.5 points,no,0,finalized,2026-04-20T02:35:00Z,2026-04-23T00:20:33Z,2026-04-23T02:00:00Z,,1776900600,expected_expiration-150m,1776900600,0.01,0.22,0.115,,42,1246.77,1243.77
KXNBA1HSPREAD-26APR22ORLDET-ORL20,KXNBA1HSPREAD-26APR22ORLDET,KXNBA1HSPREAD,spread,Will Orlando win the 1H by over 20.5 points?,Orlando wins the 1H by over 20.5 points,Orlando wins the 1H by over 20.5 points,no,0,finalized,2026-04-20T02:35:00Z,2026-04-23T00:20:30Z,2026-04-23T02:00:00Z,,1776900600,expected_expiration-150m,1776900600,0.0,0.01,0.005,,16,1029.92,1029.92
KXNBA1HSPREAD-26APR22ORLDET-ORL2,KXNBA1HSPREAD-26APR22ORLDET,KXNBA1HSPREAD,spread,Will Orlando win the 1H by over 2.5 points?,Orlando wins the 1H by over 2.5 points,Orlando wins the 1H by over 2.5 points,no,0,finalized,2026-04-20T02:35:00Z,2026-04-23T00:20:34Z,2026-04-23T02:00:00Z,,1776900600,expected_expiration-150m,1776900600,0.09,0.33,0.21000000000000002,,70,11467.81,10670.55
KXNBA1HSPREAD-26APR22ORLDET-ORL17,KXNBA1HSPREAD-26APR22ORLDET,KXNBA1HSPREAD,spread,Will Orlando win the 1H by over 17.5 points?,Orlando wins the 1H by over 17.5 points,Orlando wins the 1H by over 17.5 points,no,0,finalized,2026-04-20T02:35:00Z,2026-04-23T00:20:31Z,2026-04-23T02:00:00Z,,1776900600,expected_expiration-150m,1776900600,0.0,0.01,0.005,,20,310.69,310.69
KXNBA1HSPREAD-26APR22ORLDET-ORL14,KXNBA1HSPREAD-26APR22ORLDET,KXNBA1HSPREAD,spread,Will Orlando win the 1H by over 14.5 points?,Orlando wins the 1H by over 14.5 points,Orlando wins the 1H by over 14.5 points,no,0,finalized,2026-04-20T02:35:00Z,2026-04-23T00:20:31Z,2026-04-23T02:00:00Z,,1776900600,expected_expiration-150m,1776900600,0.0,0.08,0.04,,18,901.60,901.60
KXNBA1HSPREAD-26APR22ORLDET-ORL11,KXNBA1HSPREAD-26APR22ORLDET,KXNBA1HSPREAD,spread,Will Orlando win the 1H by over 11.5 points?,Orlando wins the 1H by over 11.5 points,Orlando wins the 1H by over 11.5 points,no,0,finalized,2026-04-20T02:35:00Z,2026-04-23T00:20:32Z,2026-04-23T02:00:00Z,,1776900600,expected_expiration-150m,1776900600,0.01,0.2,0.10500000000000001,,43,251.22,210.22
KXNBA1HSPREAD-26APR22ORLDET-DET7,KXNBA1HSPREAD-26APR22ORLDET,KXNBA1HSPREAD,spread,Will Detroit win the 1H by over 7.5 points?,Detroit wins the 1H by over 7.5 points,Detroit wins the 1H by over 7.5 points,no,0,finalized,2026-04-20T02:35:00Z,2026-04-23T00:20:36Z,2026-04-23T02:00:00Z,,1776900600,expected_expiration-150m,1776900600,0.52,0.58,0.55,0.52,89,74794.99,38153.79
KXNBA1HSPREAD-26APR22ORLDET-DET4,KXNBA1HSPREAD-26APR22ORLDET,KXNBA1HSPREAD,spread,Will Detroit win the 1H by over 4.5 points?,Detroit wins the 1H by over 4.5 points,Detroit wins the 1H by over 4.5 points,no,0,finalized,2026-04-20T02:35:00Z,2026-04-23T00:20:35Z,2026-04-23T02:00:00Z,,1776900600,expected_expiration-150m,1776900600,0.7,0.74,0.72,0.71,109,217543.71,129629.22
KXNBA1HSPREAD-26APR22ORLDET-DET10,KXNBA1HSPREAD-26APR22ORLDET,KXNBA1HSPREAD,spread,Will Detroit win the 1H by over 10.5 points?,Detroit wins the 1H by over 10.5 points,Detroit wins the 1H by over 10.5 points,no,0,finalized,2026-04-20T02:35:00Z,2026-04-23T00:20:37Z,2026-04-23T02:00:00Z,,1776900600,expected_expiration-150m,1776900600,0.43,0.45,0.44,0.43,62,13722.71,8507.55
KXNBA1HSPREAD-26APR22ORLDET-DET1,KXNBA1HSPREAD-26APR22ORLDET,KXNBA1HSPREAD,spread,Will Detroit win the 1H by over 1.5 points?,Detroit wins the 1H by over 1.5 points,Detroit wins the 1H by over 1.5 points,no,0,finalized,2026-04-20T02:35:00Z,2026-04-23T00:20:34Z,2026-04-23T02:00:00Z,,1776900600,expected_expiration-150m,1776900600,0.73,0.86,0.7949999999999999,,82,60728.05,35056.63
KXNBA1HSPREAD-26APR22PHXOKC-PHX9,KXNBA1HSPREAD-26APR22PHXOKC,KXNBA1HSPREAD,spread,Will Phoenix win the 1H by over 9.5 points?,Phoenix wins the 1H by over 9.5 points,Phoenix wins the 1H by over 9.5 points,no,0,finalized,2026-04-20T02:35:00Z,2026-04-23T02:53:34Z,2026-04-23T04:30:00Z,,1776909600,expected_expiration-150m,1776909300,0.01,0.19,0.1,0.01,29,966.31,946.31
KXNBA1HSPREAD-26APR22PHXOKC-PHX6,KXNBA1HSPREAD-26APR22PHXOKC,KXNBA1HSPREAD,spread,Will Phoenix win the 1H by over 6.5 points?,Phoenix wins the 1H by over 6.5 points,Phoenix wins the 1H by over 6.5 points,no,0,finalized,2026-04-20T02:35:00Z,2026-04-23T02:53:34Z,2026-04-23T04:30:00Z,,1776909600,expected_expiration-150m,1776909600,0.02,0.3,0.16,,28,3556.41,3521.05
KXNBA1HSPREAD-26APR22PHXOKC-PHX3,KXNBA1HSPREAD-26APR22PHXOKC,KXNBA1HSPREAD,spread,Will Phoenix win the 1H by over 3.5 points?,Phoenix wins the 1H by over 3.5 points,Phoenix wins the 1H by over 3.5 points,no,0,finalized,2026-04-20T02:35:00Z,2026-04-23T02:53:34Z,2026-04-23T04:30:00Z,,1776909600,expected_expiration-150m,1776909600,0.06,0.29,0.175,0.23,46,7130.50,6956.89
KXNBA1HSPREAD-26APR22PHXOKC-PHX24,KXNBA1HSPREAD-26APR22PHXOKC,KXNBA1HSPREAD,spread,Will Phoenix win the 1H by over 24.5 points?,Phoenix wins the 1H by over 24.5 points,Phoenix wins the 1H by over 24.5 points,no,0,finalized,2026-04-20T02:35:00Z,2026-04-23T02:53:33Z,2026-04-23T04:30:00Z,,1776909600,expected_expiration-150m,1776909300,0.0,0.05,0.025,,17,655.50,655.50
KXNBA1HSPREAD-26APR22PHXOKC-PHX21,KXNBA1HSPREAD-26APR22PHXOKC,KXNBA1HSPREAD,spread,Will Phoenix win the 1H by over 21.5 points?,Phoenix wins the 1H by over 21.5 points,Phoenix wins the 1H by over 21.5 points,no,0,finalized,2026-04-20T02:35:00Z,2026-04-23T02:53:33Z,2026-04-23T04:30:00Z,,1776909600,expected_expiration-150m,1776909240,0.0,0.01,0.005,,10,0.00,0.00
KXNBA1HSPREAD-26APR22PHXOKC-PHX18,KXNBA1HSPREAD-26APR22PHXOKC,KXNBA1HSPREAD,spread,Will Phoenix win the 1H by over 18.5 points?,Phoenix wins the 1H by over 18.5 points,Phoenix wins the 1H by over 18.5 points,no,0,finalized,2026-04-20T02:35:00Z,2026-04-23T02:53:33Z,2026-04-23T04:30:00Z,,1776909600,expected_expiration-150m,1776909240,0.0,0.04,0.02,,11,72.50,72.50
KXNBA1HSPREAD-26APR22PHXOKC-PHX15,KXNBA1HSPREAD-26APR22PHXOKC,KXNBA1HSPREAD,spread,Will Phoenix win the 1H by over 15.5 points?,Phoenix wins the 1H by over 15.5 points,Phoenix wins the 1H by over 15.5 points,no,0,finalized,2026-04-20T02:35:00Z,2026-04-23T02:53:33Z,2026-04-23T04:30:00Z,,1776909600,expected_expiration-150m,1776909420,0.0,0.04,0.02,0.04,15,773.85,773.85
KXNBA1HSPREAD-26APR22PHXOKC-PHX12,KXNBA1HSPREAD-26APR22PHXOKC,KXNBA1HSPREAD,spread,Will Phoenix win the 1H by over 12.5 points?,Phoenix wins the 1H by over 12.5 points,Phoenix wins the 1H by over 12.5 points,no,0,finalized,2026-04-20T02:35:00Z,2026-04-23T02:53:34Z,2026-04-23T04:30:00Z,,1776909600,expected_expiration-150m,1776909540,0.0,0.05,0.025,0.05,21,2430.80,2430.80
KXNBA1HSPREAD-26APR22PHXOKC-OKC6,KXNBA1HSPREAD-26APR22PHXOKC,KXNBA1HSPREAD,spread,Will Oklahoma City win the 1H by over 6.5 points?,Oklahoma City wins the 1H by over 6.5 points,Oklahoma City wins the 1H by over 6.5 points,yes,1,finalized,2026-04-20T02:35:00Z,2026-04-23T02:53:34Z,2026-04-23T04:30:00Z,,1776909600,expected_expiration-150m,1776909600,0.61,0.71,0.6599999999999999,0.61,102,271075.44,129566.50
KXNBA1HSPREAD-26APR22PHXOKC-OKC3,KXNBA1HSPREAD-26APR22PHXOKC,KXNBA1HSPREAD,spread,Will Oklahoma City win the 1H by over 3.5 points?,Oklahoma City wins the 1H by over 3.5 points,Oklahoma City wins the 1H by over 3.5 points,yes,1,finalized,2026-04-20T02:35:00Z,2026-04-23T02:53:34Z,2026-04-23T04:30:00Z,,1776909600,expected_expiration-150m,1776909600,0.63,0.87,0.75,0.63,77,14605.26,7482.70
KXNBA1HSPREAD-26APR21HOULAL-LAL8,KXNBA1HSPREAD-26APR21HOULAL,KXNBA1HSPREAD,spread,Will Los Angeles L win the 1H by over 8.5 points?,Los Angeles L wins the 1H by over 8.5 points,Los Angeles L wins the 1H by over 8.5 points,no,0,finalized,2026-04-19T05:35:00Z,2026-04-22T03:49:59Z,2026-04-22T05:30:00Z,,1776826800,expected_expiration-150m,1776826680,0.02,0.3,0.16,,27,49888.39,22378.57
KXNBA1HSPREAD-26APR21HOULAL-LAL5,KXNBA1HSPREAD-26APR21HOULAL,KXNBA1HSPREAD,spread,Will Los Angeles L win the 1H by over 5.5 points?,Los Angeles L wins the 1H by over 5.5 points,Los Angeles L wins the 1H by over 5.5 points,no,0,finalized,2026-04-19T05:35:00Z,2026-04-22T03:49:59Z,2026-04-22T05:30:00Z,,1776826800,expected_expiration-150m,1776826800,0.28,0.39,0.335,0.25,50,65080.46,19107.99
KXNBA1HSPREAD-26APR21HOULAL-LAL2,KXNBA1HSPREAD-26APR21HOULAL,KXNBA1HSPREAD,spread,Will Los Angeles L win the 1H by over 2.5 points?,Los Angeles L wins the 1H by over 2.5 points,Los Angeles L wins the 1H by over 2.5 points,yes,1,finalized,2026-04-19T05:35:00Z,2026-04-22T03:50:00Z,2026-04-22T05:30:00Z,,1776826800,expected_expiration-150m,1776826800,0.25,0.38,0.315,0.36,101,61990.45,25466.69
KXNBA1HSPREAD-26APR21HOULAL-LAL17,KXNBA1HSPREAD-26APR21HOULAL,KXNBA1HSPREAD,spread,Will Los Angeles L win the 1H by over 17.5 points?,Los Angeles L wins the 1H by over 17.5 points,Los Angeles L wins the 1H by over 17.5 points,no,0,finalized,2026-04-19T05:35:00Z,2026-04-22T03:49:57Z,2026-04-22T05:30:00Z,,1776826800,expected_expiration-150m,1776826740,0.0,0.12,0.06,,29,3351.57,2694.91
KXNBA1HSPREAD-26APR21HOULAL-LAL14,KXNBA1HSPREAD-26APR21HOULAL,KXNBA1HSPREAD,spread,Will Los Angeles L win the 1H by over 14.5 points?,Los Angeles L wins the 1H by over 14.5 points,Los Angeles L wins the 1H by over 14.5 points,no,0,finalized,2026-04-19T05:35:00Z,2026-04-22T03:49:58Z,2026-04-22T05:30:00Z,,1776826800,expected_expiration-150m,1776826740,0.0,0.22,0.11,,27,3682.84,2644.41
KXNBA1HSPREAD-26APR21HOULAL-LAL11,KXNBA1HSPREAD-26APR21HOULAL,KXNBA1HSPREAD,spread,Will Los Angeles L win the 1H by over 11.5 points?,Los Angeles L wins the 1H by over 11.5 points,Los Angeles L wins the 1H by over 11.5 points,no,0,finalized,2026-04-19T05:35:00Z,2026-04-22T03:49:58Z,2026-04-22T05:30:00Z,,1776826800,expected_expiration-150m,1776826740,0.0,0.25,0.125,,29,20402.11,10146.29
KXNBA1HSPREAD-26APR21HOULAL-HOU7,KXNBA1HSPREAD-26APR21HOULAL,KXNBA1HSPREAD,spread,Will Houston win the 1H by over 7.5 points?,Houston wins the 1H by over 7.5 points,Houston wins the 1H by over 7.5 points,no,0,finalized,2026-04-19T05:35:00Z,2026-04-22T03:50:01Z,2026-04-22T05:30:00Z,,1776826800,expected_expiration-150m,1776826800,0.36,0.6,0.48,,81,12076.54,4540.96
KXNBA1HSPREAD-26APR21HOULAL-HOU4,KXNBA1HSPREAD-26APR21HOULAL,KXNBA1HSPREAD,spread,Will Houston win the 1H by over 4.5 points?,Houston wins the 1H by over 4.5 points,Houston wins the 1H by over 4.5 points,no,0,finalized,2026-04-19T05:35:00Z,2026-04-22T03:50:01Z,2026-04-22T05:30:00Z,,1776826800,expected_expiration-150m,1776826800,0.45,0.49,0.47,0.51,99,229098.66,135678.34
KXNBA1HSPREAD-26APR21HOULAL-HOU13,KXNBA1HSPREAD-26APR21HOULAL,KXNBA1HSPREAD,spread,Will Houston win the 1H by over 13.5 points?,Houston wins the 1H by over 13.5 points,Houston wins the 1H by over 13.5 points,no,0,finalized,2026-04-19T05:35:00Z,2026-04-22T03:50:02Z,2026-04-22T05:30:00Z,,1776826800,expected_expiration-150m,1776826800,0.02,0.49,0.255,,43,658.25,550.00
KXNBA1HSPREAD-26APR21HOULAL-HOU10,KXNBA1HSPREAD-26APR21HOULAL,KXNBA1HSPREAD,spread,Will Houston win the 1H by over 10.5 points?,Houston wins the 1H by over 10.5 points,Houston wins the 1H by over 10.5 points,no,0,finalized,2026-04-19T05:35:00Z,2026-04-22T03:50:01Z,2026-04-22T05:30:00Z,,1776826800,expected_expiration-150m,1776826800,0.17,0.64,0.405,0.17,60,668.85,631.05
KXNBA1HSPREAD-26APR21HOULAL-HOU1,KXNBA1HSPREAD-26APR21HOULAL,KXNBA1HSPREAD,spread,Will Houston win the 1H by over 1.5 points?,Houston wins the 1H by over 1.5 points,Houston wins the 1H by over 1.5 points,no,0,finalized,2026-04-19T05:35:00Z,2026-04-22T03:50:00Z,2026-04-22T05:30:00Z,,1776826800,expected_expiration-150m,1776826800,0.63,0.66,0.645,0.63,100,112182.91,82259.63
KXNBA1HSPREAD-26APR20TORCLE-TOR7,KXNBA1HSPREAD-26APR20TORCLE,KXNBA1HSPREAD,spread,Will Toronto win the 1H by over 7.5 points?,Toronto wins the 1H by over 7.5 points,Toronto wins the 1H by over 7.5 points,no,0,finalized,2026-04-19T02:35:00Z,2026-04-21T00:11:33Z,2026-04-21T02:00:00Z,,1776727800,expected_expiration-150m,1776727800,0.0,0.26,0.13,,26,59.03,58.03
KXNBA1HSPREAD-26APR20TORCLE-TOR4,KXNBA1HSPREAD-26APR20TORCLE,KXNBA1HSPREAD,spread,Will Toronto win the 1H by over 4.5 points?,Toronto wins the 1H by over 4.5 points,Toronto wins the 1H by over 4.5 points,no,0,finalized,2026-04-19T02:35:00Z,2026-04-21T00:11:33Z,2026-04-21T02:00:00Z,,1776727800,expected_expiration-150m,1776727560,0.0,0.37,0.185,,33,266.98,266.98
KXNBA1HSPREAD-26APR20TORCLE-TOR19,KXNBA1HSPREAD-26APR20TORCLE,KXNBA1HSPREAD,spread,Will Toronto win the 1H by over 19.5 points?,Toronto wins the 1H by over 19.5 points,Toronto wins the 1H by over 19.5 points,no,0,finalized,2026-04-19T02:35:00Z,2026-04-21T00:11:30Z,2026-04-21T02:00:00Z,,1776727800,expected_expiration-150m,1776727560,0.0,0.01,0.005,,19,1.00,1.00
KXNBA1HSPREAD-26APR20TORCLE-TOR16,KXNBA1HSPREAD-26APR20TORCLE,KXNBA1HSPREAD,spread,Will Toronto win the 1H by over 16.5 points?,Toronto wins the 1H by over 16.5 points,Toronto wins the 1H by over 16.5 points,no,0,finalized,2026-04-19T02:35:00Z,2026-04-21T00:11:31Z,2026-04-21T02:00:00Z,,1776727800,expected_expiration-150m,1776727440,0.0,0.05,0.025,,20,3.00,3.00
KXNBA1HSPREAD-26APR20TORCLE-TOR13,KXNBA1HSPREAD-26APR20TORCLE,KXNBA1HSPREAD,spread,Will Toronto win the 1H by over 13.5 points?,Toronto wins the 1H by over 13.5 points,Toronto wins the 1H by over 13.5 points,no,0,finalized,2026-04-19T02:35:00Z,2026-04-21T00:11:31Z,2026-04-21T02:00:00Z,,1776727800,expected_expiration-150m,1776727440,0.0,0.06,0.03,,27,11.30,7.65
KXNBA1HSPREAD-26APR20TORCLE-TOR10,KXNBA1HSPREAD-26APR20TORCLE,KXNBA1HSPREAD,spread,Will Toronto win the 1H by over 10.5 points?,Toronto wins the 1H by over 10.5 points,Toronto wins the 1H by over 10.5 points,no,0,finalized,2026-04-19T02:35:00Z,2026-04-21T00:11:32Z,2026-04-21T02:00:00Z,,1776727800,expected_expiration-150m,1776727560,0.0,0.11,0.055,,27,104.78,104.78
KXNBA1HSPREAD-26APR20TORCLE-TOR1,KXNBA1HSPREAD-26APR20TORCLE,KXNBA1HSPREAD,spread,Will Toronto win the 1H by over 1.5 points?,Toronto wins the 1H by over 1.5 points,Toronto wins the 1H by over 1.5 points,no,0,finalized,2026-04-19T02:35:00Z,2026-04-21T00:11:34Z,2026-04-21T02:00:00Z,,1776727800,expected_expiration-150m,1776727800,0.1,0.15,0.125,,64,3728.11,3374.20
KXNBA1HSPREAD-26APR20TORCLE-CLE8,KXNBA1HSPREAD-26APR20TORCLE,KXNBA1HSPREAD,spread,Will Cleveland win the 1H by over 8.5 points?,Cleveland wins the 1H by over 8.5 points,Cleveland wins the 1H by over 8.5 points,no,0,finalized,2026-04-19T02:35:00Z,2026-04-21T00:11:37Z,2026-04-21T02:00:00Z,,1776727800,expected_expiration-150m,1776727800,0.52,0.56,0.54,0.5,74,75575.14,45635.38
KXNBA1HSPREAD-26APR20TORCLE-CLE5,KXNBA1HSPREAD-26APR20TORCLE,KXNBA1HSPREAD,spread,Will Cleveland win the 1H by over 5.5 points?,Cleveland wins the 1H by over 5.5 points,Cleveland wins the 1H by over 5.5 points,yes,1,finalized,2026-04-19T02:35:00Z,2026-04-21T00:11:36Z,2026-04-21T02:00:00Z,,1776727800,expected_expiration-150m,1776727800,0.69,0.72,0.705,0.73,100,214315.05,130894.01
KXNBA1HSPREAD-26APR20TORCLE-CLE2,KXNBA1HSPREAD-26APR20TORCLE,KXNBA1HSPREAD,spread,Will Cleveland win the 1H by over 2.5 points?,Cleveland wins the 1H by over 2.5 points,Cleveland wins the 1H by over 2.5 points,yes,1,finalized,2026-04-19T02:35:00Z,2026-04-21T00:11:35Z,2026-04-21T02:00:00Z,,1776727800,expected_expiration-150m,1776727800,0.85,0.88,0.865,,89,40398.08,33481.25
KXNBA1HSPREAD-26APR20TORCLE-CLE11,KXNBA1HSPREAD-26APR20TORCLE,KXNBA1HSPREAD,spread,Will Cleveland win the 1H by over 11.5 points?,Cleveland wins the 1H by over 11.5 points,Cleveland wins the 1H by over 11.5 points,no,0,finalized,2026-04-19T02:35:00Z,2026-04-21T00:11:38Z,2026-04-21T02:00:00Z,,1776727800,expected_expiration-150m,1776727800,0.36,0.42,0.39,0.49,69,18625.54,12903.64
KXNBA1HSPREAD-26APR20ATLNYK-NYK9,KXNBA1HSPREAD-26APR20ATLNYK,KXNBA1HSPREAD,spread,Will New York win the 1H by over 9.5 points?,New York wins the 1H by over 9.5 points,New York wins the 1H by over 9.5 points,no,0,finalized,2026-04-19T02:35:00Z,2026-04-21T01:23:34Z,2026-04-21T03:00:00Z,,1776731400,expected_expiration-150m,1776731400,0.39,0.43,0.41000000000000003,0.27,49,23262.48,15788.72
KXNBA1HSPREAD-26APR20ATLNYK-NYK6,KXNBA1HSPREAD-26APR20ATLNYK,KXNBA1HSPREAD,spread,Will New York win the 1H by over 6.5 points?,New York wins the 1H by over 6.5 points,New York wins the 1H by over 6.5 points,yes,1,finalized,2026-04-19T02:35:00Z,2026-04-21T01:23:34Z,2026-04-21T03:00:00Z,,1776731400,expected_expiration-150m,1776731400,0.54,0.6,0.5700000000000001,0.56,64,91526.54,56433.20
KXNBA1HSPREAD-26APR20ATLNYK-NYK3,KXNBA1HSPREAD-26APR20ATLNYK,KXNBA1HSPREAD,spread,Will New York win the 1H by over 3.5 points?,New York wins the 1H by over 3.5 points,New York wins the 1H by over 3.5 points,yes,1,finalized,2026-04-19T02:35:00Z,2026-04-21T01:23:35Z,2026-04-21T03:00:00Z,,1776731400,expected_expiration-150m,1776731400,0.64,0.69,0.665,0.64,86,120448.66,76461.01
KXNBA1HSPREAD-26APR20ATLNYK-NYK12,KXNBA1HSPREAD-26APR20ATLNYK,KXNBA1HSPREAD,spread,Will New York win the 1H by over 12.5 points?,New York wins the 1H by over 12.5 points,New York wins the 1H by over 12.5 points,no,0,finalized,2026-04-19T02:35:00Z,2026-04-21T01:23:34Z,2026-04-21T03:00:00Z,,1776731400,expected_expiration-150m,1776731400,0.07,0.43,0.25,,45,1083.48,923.37
KXNBA1HSPREAD-26APR20ATLNYK-ATL9,KXNBA1HSPREAD-26APR20ATLNYK,KXNBA1HSPREAD,spread,Will Atlanta win the 1H by over 9.5 points?,Atlanta wins the 1H by over 9.5 points,Atlanta wins the 1H by over 9.5 points,no,0,finalized,2026-04-19T02:35:00Z,2026-04-21T01:23:36Z,2026-04-21T03:00:00Z,,1776731400,expected_expiration-150m,1776731400,0.0,0.27,0.135,0.18,35,4.00,4.00
KXNBA1HSPREAD-26APR20ATLNYK-ATL6,KXNBA1HSPREAD-26APR20ATLNYK,KXNBA1HSPREAD,spread,Will Atlanta win the 1H by over 6.5 points?,Atlanta wins the 1H by over 6.5 points,Atlanta wins the 1H by over 6.5 points,no,0,finalized,2026-04-19T02:35:00Z,2026-04-21T01:23:36Z,2026-04-21T03:00:00Z,,1776731400,expected_expiration-150m,1776731400,0.0,0.39,0.195,,27,44.02,21.51
KXNBA1HSPREAD-26APR20ATLNYK-ATL3,KXNBA1HSPREAD-26APR20ATLNYK,KXNBA1HSPREAD,spread,Will Atlanta win the 1H by over 3.5 points?,Atlanta wins the 1H by over 3.5 points,Atlanta wins the 1H by over 3.5 points,no,0,finalized,2026-04-19T02:35:00Z,2026-04-21T01:23:35Z,2026-04-21T03:00:00Z,,1776731400,expected_expiration-150m,1776731400,0.02,0.24,0.13,,48,7244.11,6979.06
KXNBA1HSPREAD-26APR20ATLNYK-ATL18,KXNBA1HSPREAD-26APR20ATLNYK,KXNBA1HSPREAD,spread,Will Atlanta win the 1H by over 18.5 points?,Atlanta wins the 1H by over 18.5 points,Atlanta wins the 1H by over 18.5 points,no,0,finalized,2026-04-19T02:35:00Z,2026-04-21T01:23:37Z,2026-04-21T03:00:00Z,,1776731400,expected_expiration-150m,1776731400,0.0,0.01,0.005,,19,1.00,1.00
KXNBA1HSPREAD-26APR20ATLNYK-ATL15,KXNBA1HSPREAD-26APR20ATLNYK,KXNBA1HSPREAD,spread,Will Atlanta win the 1H by over 15.5 points?,Atlanta wins the 1H by over 15.5 points,Atlanta wins the 1H by over 15.5 points,no,0,finalized,2026-04-19T02:35:00Z,2026-04-21T01:23:37Z,2026-04-21T03:00:00Z,,1776731400,expected_expiration-150m,1776731400,0.0,0.01,0.005,,24,3.00,3.00
KXNBA1HSPREAD-26APR20ATLNYK-ATL12,KXNBA1HSPREAD-26APR20ATLNYK,KXNBA1HSPREAD,spread,Will Atlanta win the 1H by over 12.5 points?,Atlanta wins the 1H by over 12.5 points,Atlanta wins the 1H by over 12.5 points,no,0,finalized,2026-04-19T02:35:00Z,2026-04-21T01:23:36Z,2026-04-21T03:00:00Z,,1776731400,expected_expiration-150m,1776731400,0.0,0.15,0.075,,29,1.00,1.00
KXNBA1HSPREAD-26APR20MINDEN-MIN9,KXNBA1HSPREAD-26APR20MINDEN,KXNBA1HSPREAD,spread,Will Minnesota win the 1H by over 9.5 points?,Minnesota wins the 1H by over 9.5 points,Minnesota wins the 1H by over 9.5 points,no,0,finalized,2026-04-19T02:35:00Z,2026-04-21T04:13:31Z,2026-04-21T05:30:00Z,,1776740400,expected_expiration-150m,1776740400,0.0,0.2,0.1,,22,2681.82,1814.24
KXNBA1HSPREAD-26APR20MINDEN-MIN6,KXNBA1HSPREAD-26APR20MINDEN,KXNBA1HSPREAD,spread,Will Minnesota win the 1H by over 6.5 points?,Minnesota wins the 1H by over 6.5 points,Minnesota wins the 1H by over 6.5 points,no,0,finalized,2026-04-19T02:35:00Z,2026-04-21T04:13:31Z,2026-04-21T05:30:00Z,,1776740400,expected_expiration-150m,1776740400,0.05,0.32,0.185,0.05,30,11739.48,6749.88
KXNBA1HSPREAD-26APR20MINDEN-MIN3,KXNBA1HSPREAD-26APR20MINDEN,KXNBA1HSPREAD,spread,Will Minnesota win the 1H by over 3.5 points?,Minnesota wins the 1H by over 3.5 points,Minnesota wins the 1H by over 3.5 points,no,0,finalized,2026-04-19T02:35:00Z,2026-04-21T04:13:32Z,2026-04-21T05:30:00Z,,1776740400,expected_expiration-150m,1776740400,0.0,0.23,0.115,0.14,53,40328.52,25580.93
KXNBA1HSPREAD-26APR20MINDEN-MIN18,KXNBA1HSPREAD-26APR20MINDEN,KXNBA1HSPREAD,spread,Will Minnesota win the 1H by over 18.5 points?,Minnesota wins the 1H by over 18.5 points,Minnesota wins the 1H by over 18.5 points,no,0,finalized,2026-04-19T02:35:00Z,2026-04-21T04:13:31Z,2026-04-21T05:30:00Z,,1776740400,expected_expiration-150m,1776740400,0.0,0.01,0.005,,15,285.53,285.53
KXNBA1HSPREAD-26APR20MINDEN-MIN15,KXNBA1HSPREAD-26APR20MINDEN,KXNBA1HSPREAD,spread,Will Minnesota win the 1H by over 15.5 points?,Minnesota wins the 1H by over 15.5 points,Minnesota wins the 1H by over 15.5 points,no,0,finalized,2026-04-19T02:35:00Z,2026-04-21T04:13:31Z,2026-04-21T05:30:00Z,,1776740400,expected_expiration-150m,1776740400,0.0,0.04,0.02,,26,454.87,454.87
KXNBA1HSPREAD-26APR20MINDEN-MIN12,KXNBA1HSPREAD-26APR20MINDEN,KXNBA1HSPREAD,spread,Will Minnesota win the 1H by over 12.5 points?,Minnesota wins the 1H by over 12.5 points,Minnesota wins the 1H by over 12.5 points,no,0,finalized,2026-04-19T02:35:00Z,2026-04-21T04:13:31Z,2026-04-21T05:30:00Z,,1776740400,expected_expiration-150m,1776740400,0.0,0.08,0.04,,22,698.33,646.33
KXNBA1HSPREAD-26APR20MINDEN-DEN9,KXNBA1HSPREAD-26APR20MINDEN,KXNBA1HSPREAD,spread,Will Denver win the 1H by over 9.5 points?,Denver wins the 1H by over 9.5 points,Denver wins the 1H by over 9.5 points,no,0,finalized,2026-04-19T02:35:00Z,2026-04-21T04:13:32Z,2026-04-21T05:30:00Z,,1776740400,expected_expiration-150m,1776740400,0.44,0.52,0.48,0.44,63,53258.52,29322.67
KXNBA1HSPREAD-26APR20MINDEN-DEN6,KXNBA1HSPREAD-26APR20MINDEN,KXNBA1HSPREAD,spread,Will Denver win the 1H by over 6.5 points?,Denver wins the 1H by over 6.5 points,Denver wins the 1H by over 6.5 points,no,0,finalized,2026-04-19T02:35:00Z,2026-04-21T04:13:32Z,2026-04-21T05:30:00Z,,1776740400,expected_expiration-150m,1776740400,0.5,0.58,0.54,0.53,81,47239.47,23221.66
KXNBA1HSPREAD-26APR20MINDEN-DEN3,KXNBA1HSPREAD-26APR20MINDEN,KXNBA1HSPREAD,spread,Will Denver win the 1H by over 3.5 points?,Denver wins the 1H by over 3.5 points,Denver wins the 1H by over 3.5 points,no,0,finalized,2026-04-19T02:35:00Z,2026-04-21T04:13:32Z,2026-04-21T05:30:00Z,,1776740400,expected_expiration-150m,1776740400,0.71,0.76,0.735,0.75,111,188730.20,105990.41
KXNBA1HSPREAD-26APR20MINDEN-DEN12,KXNBA1HSPREAD-26APR20MINDEN,KXNBA1HSPREAD,spread,Will Denver win the 1H by over 12.5 points?,Denver wins the 1H by over 12.5 points,Denver wins the 1H by over 12.5 points,no,0,finalized,2026-04-19T02:35:00Z,2026-04-21T04:13:32Z,2026-04-21T05:30:00Z,,1776740400,expected_expiration-150m,1776740400,0.23,0.38,0.305,0.23,34,83576.32,43048.90
KXNBA1HSPREAD-26APR19PHXOKC-PHX8,KXNBA1HSPREAD-26APR19PHXOKC,KXNBA1HSPREAD,spread,Will Phoenix win the 1H by over 8.5 points?,Phoenix wins the 1H by over 8.5 points,Phoenix wins the 1H by over 8.5 points,no,0,finalized,2026-04-18T21:35:00Z,2026-04-19T20:55:37Z,2026-04-19T22:30:00Z,,1776628800,expected_expiration-150m,1776628680,0.0,0.18,0.09,,28,197.33,197.33
KXNBA1HSPREAD-26APR19PHXOKC-PHX5,KXNBA1HSPREAD-26APR19PHXOKC,KXNBA1HSPREAD,spread,Will Phoenix win the 1H by over 5.5 points?,Phoenix wins the 1H by over 5.5 points,Phoenix wins the 1H by over 5.5 points,no,0,finalized,2026-04-18T21:35:00Z,2026-04-19T20:55:37Z,2026-04-19T22:30:00Z,,1776628800,expected_expiration-150m,1776628800,0.01,0.3,0.155,,35,99.51,99.51
KXNBA1HSPREAD-26APR19PHXOKC-PHX23,KXNBA1HSPREAD-26APR19PHXOKC,KXNBA1HSPREAD,spread,Will Phoenix win the 1H by over 23.5 points?,Phoenix wins the 1H by over 23.5 points,Phoenix wins the 1H by over 23.5 points,no,0,finalized,2026-04-18T21:35:00Z,2026-04-19T20:55:36Z,2026-04-19T22:30:00Z,,1776628800,expected_expiration-150m,1776628440,0.0,0.01,0.005,,14,1602.08,1602.08
KXNBA1HSPREAD-26APR19PHXOKC-PHX20,KXNBA1HSPREAD-26APR19PHXOKC,KXNBA1HSPREAD,spread,Will Phoenix win the 1H by over 20.5 points?,Phoenix wins the 1H by over 20.5 points,Phoenix wins the 1H by over 20.5 points,no,0,finalized,2026-04-18T21:35:00Z,2026-04-19T20:55:36Z,2026-04-19T22:30:00Z,,1776628800,expected_expiration-150m,1776628500,0.0,0.01,0.005,,12,6.00,6.00
KXNBA1HSPREAD-26APR19PHXOKC-PHX2,KXNBA1HSPREAD-26APR19PHXOKC,KXNBA1HSPREAD,spread,Will Phoenix win the 1H by over 2.5 points?,Phoenix wins the 1H by over 2.5 points,Phoenix wins the 1H by over 2.5 points,no,0,finalized,2026-04-18T21:35:00Z,2026-04-19T20:55:37Z,2026-04-19T22:30:00Z,,1776628800,expected_expiration-150m,1776628800,0.04,0.14,0.09000000000000001,,58,5452.45,5448.87
KXNBA1HSPREAD-26APR19PHXOKC-PHX17,KXNBA1HSPREAD-26APR19PHXOKC,KXNBA1HSPREAD,spread,Will Phoenix win the 1H by over 17.5 points?,Phoenix wins the 1H by over 17.5 points,Phoenix wins the 1H by over 17.5 points,no,0,finalized,2026-04-18T21:35:00Z,2026-04-19T20:55:36Z,2026-04-19T22:30:00Z,,1776628800,expected_expiration-150m,1776628800,0.0,0.01,0.005,0.01,18,491.88,491.88
KXNBA1HSPREAD-26APR19PHXOKC-PHX14,KXNBA1HSPREAD-26APR19PHXOKC,KXNBA1HSPREAD,spread,Will Phoenix win the 1H by over 14.5 points?,Phoenix wins the 1H by over 14.5 points,Phoenix wins the 1H by over 14.5 points,no,0,finalized,2026-04-18T21:35:00Z,2026-04-19T20:55:37Z,2026-04-19T22:30:00Z,,1776628800,expected_expiration-150m,1776628500,0.0,0.01,0.005,,14,48.00,48.00
KXNBA1HSPREAD-26APR19PHXOKC-PHX11,KXNBA1HSPREAD-26APR19PHXOKC,KXNBA1HSPREAD,spread,Will Phoenix win the 1H by over 11.5 points?,Phoenix wins the 1H by over 11.5 points,Phoenix wins the 1H by over 11.5 points,no,0,finalized,2026-04-18T21:35:00Z,2026-04-19T20:55:37Z,2026-04-19T22:30:00Z,,1776628800,expected_expiration-150m,1776628800,0.0,0.01,0.005,,18,134.31,134.31
KXNBA1HSPREAD-26APR19PHXOKC-OKC7,KXNBA1HSPREAD-26APR19PHXOKC,KXNBA1HSPREAD,spread,Will Oklahoma City win the 1H by over 7.5 points?,Oklahoma City wins the 1H by over 7.5 points,Oklahoma City wins the 1H by over 7.5 points,yes,1,finalized,2026-04-18T21:35:00Z,2026-04-19T20:55:38Z,2026-04-19T22:30:00Z,,1776628800,expected_expiration-150m,1776628800,0.64,0.7,0.6699999999999999,0.64,106,154916.31,92165.66
KXNBA1HSPREAD-26APR19PHXOKC-OKC4,KXNBA1HSPREAD-26APR19PHXOKC,KXNBA1HSPREAD,spread,Will Oklahoma City win the 1H by over 4.5 points?,Oklahoma City wins the 1H by over 4.5 points,Oklahoma City wins the 1H by over 4.5 points,yes,1,finalized,2026-04-18T21:35:00Z,2026-04-19T20:55:38Z,2026-04-19T22:30:00Z,,1776628800,expected_expiration-150m,1776628800,0.7,0.78,0.74,,103,33904.07,27784.76
KXNBA1HSPREAD-26APR19PHXOKC-OKC1,KXNBA1HSPREAD-26APR19PHXOKC,KXNBA1HSPREAD,spread,Will Oklahoma City win the 1H by over 1.5 points?,Oklahoma City wins the 1H by over 1.5 points,Oklahoma City wins the 1H by over 1.5 points,yes,1,finalized,2026-04-18T21:35:00Z,2026-04-19T20:55:38Z,2026-04-19T22:30:00Z,,1776628800,expected_expiration-150m,1776628800,0.87,0.94,0.905,0.87,60,10721.25,5878.33
KXNBA1HSPREAD-26APR19ORLDET-ORL7,KXNBA1HSPREAD-26APR19ORLDET,KXNBA1HSPREAD,spread,Will Orlando win the 1H by over 7.5 points?,Orlando wins the 1H by over 7.5 points,Orlando wins the 1H by over 7.5 points,no,0,finalized,2026-04-18T21:35:00Z,2026-04-19T23:43:34Z,2026-04-20T01:30:00Z,,1776639600,expected_expiration-150m,1776639600,0.34,0.54,0.44000000000000006,,39,2987.50,2586.59
KXNBA1HSPREAD-26APR19ORLDET-ORL4,KXNBA1HSPREAD-26APR19ORLDET,KXNBA1HSPREAD,spread,Will Orlando win the 1H by over 4.5 points?,Orlando wins the 1H by over 4.5 points,Orlando wins the 1H by over 4.5 points,no,0,finalized,2026-04-18T21:35:00Z,2026-04-19T23:43:34Z,2026-04-20T01:30:00Z,,1776639600,expected_expiration-150m,1776639600,0.34,0.48,0.41000000000000003,0.26,108,72740.93,37233.55
KXNBA1HSPREAD-26APR19ORLDET-ORL19,KXNBA1HSPREAD-26APR19ORLDET,KXNBA1HSPREAD,spread,Will Orlando win the 1H by over 19.5 points?,Orlando wins the 1H by over 19.5 points,Orlando wins the 1H by over 19.5 points,no,0,finalized,2026-04-18T21:35:00Z,2026-04-19T23:43:33Z,2026-04-20T01:30:00Z,,1776639600,expected_expiration-150m,1776639480,0.0,0.35,0.175,,19,103.51,103.51
KXNBA1HSPREAD-26APR19ORLDET-ORL16,KXNBA1HSPREAD-26APR19ORLDET,KXNBA1HSPREAD,spread,Will Orlando win the 1H by over 16.5 points?,Orlando wins the 1H by over 16.5 points,Orlando wins the 1H by over 16.5 points,no,0,finalized,2026-04-18T21:35:00Z,2026-04-19T23:43:34Z,2026-04-20T01:30:00Z,,1776639600,expected_expiration-150m,1776639480,0.0,0.45,0.225,,16,50.48,35.48
KXNBA1HSPREAD-26APR19ORLDET-ORL13,KXNBA1HSPREAD-26APR19ORLDET,KXNBA1HSPREAD,spread,Will Orlando win the 1H by over 13.5 points?,Orlando wins the 1H by over 13.5 points,Orlando wins the 1H by over 13.5 points,no,0,finalized,2026-04-18T21:35:00Z,2026-04-19T23:43:34Z,2026-04-20T01:30:00Z,,1776639600,expected_expiration-150m,1776639480,0.0,0.53,0.265,,25,2303.47,2303.47
KXNBA1HSPREAD-26APR19ORLDET-ORL10,KXNBA1HSPREAD-26APR19ORLDET,KXNBA1HSPREAD,spread,Will Orlando win the 1H by over 10.5 points?,Orlando wins the 1H by over 10.5 points,Orlando wins the 1H by over 10.5 points,no,0,finalized,2026-04-18T21:35:00Z,2026-04-19T23:43:34Z,2026-04-20T01:30:00Z,,1776639600,expected_expiration-150m,1776639540,0.0,0.55,0.275,,32,0.00,0.00
KXNBA1HSPREAD-26APR19ORLDET-ORL1,KXNBA1HSPREAD-26APR19ORLDET,KXNBA1HSPREAD,spread,Will Orlando win the 1H by over 1.5 points?,Orlando wins the 1H by over 1.5 points,Orlando wins the 1H by over 1.5 points,yes,1,finalized,2026-04-18T21:35:00Z,2026-04-19T23:43:35Z,2026-04-20T01:30:00Z,,1776639600,expected_expiration-150m,1776639600,0.52,0.58,0.55,0.52,72,79591.93,34691.32
KXNBA1HSPREAD-26APR19ORLDET-DET8,KXNBA1HSPREAD-26APR19ORLDET,KXNBA1HSPREAD,spread,Will Detroit win the 1H by over 8.5 points?,Detroit wins the 1H by over 8.5 points,Detroit wins the 1H by over 8.5 points,no,0,finalized,2026-04-18T21:35:00Z,2026-04-19T23:43:35Z,2026-04-20T01:30:00Z,,1776639600,expected_expiration-150m,1776639600,0.0,0.02,0.01,,70,11002.67,9623.49
KXNBA1HSPREAD-26APR19ORLDET-DET5,KXNBA1HSPREAD-26APR19ORLDET,KXNBA1HSPREAD,spread,Will Detroit win the 1H by over 5.5 points?,Detroit wins the 1H by over 5.5 points,Detroit wins the 1H by over 5.5 points,no,0,finalized,2026-04-18T21:35:00Z,2026-04-19T23:43:35Z,2026-04-20T01:30:00Z,,1776639600,expected_expiration-150m,1776639600,0.07,0.31,0.19,0.37,106,177793.08,110987.63
KXNBA1HSPREAD-26APR19ORLDET-DET2,KXNBA1HSPREAD-26APR19ORLDET,KXNBA1HSPREAD,spread,Will Detroit win the 1H by over 2.5 points?,Detroit wins the 1H by over 2.5 points,Detroit wins the 1H by over 2.5 points,no,0,finalized,2026-04-18T21:35:00Z,2026-04-19T23:43:35Z,2026-04-20T01:30:00Z,,1776639600,expected_expiration-150m,1776639600,0.31,0.45,0.38,0.41,99,80769.20,58420.17
KXNBA1HSPREAD-26APR19ORLDET-DET11,KXNBA1HSPREAD-26APR19ORLDET,KXNBA1HSPREAD,spread,Will Detroit win the 1H by over 11.5 points?,Detroit wins the 1H by over 11.5 points,Detroit wins the 1H by over 11.5 points,no,0,finalized,2026-04-18T21:35:00Z,2026-04-19T23:43:35Z,2026-04-20T01:30:00Z,,1776639600,expected_expiration-150m,1776639600,0.01,0.36,0.185,,44,4572.47,4116.74
KXNBA1HSPREAD-26APR18HOULAL-LAL9,KXNBA1HSPREAD-26APR18HOULAL,KXNBA1HSPREAD,spread,Will Los Angeles L win the 1H by over 9.5 points?,Los Angeles L wins the 1H by over 9.5 points,Los Angeles L wins the 1H by over 9.5 points,no,0,finalized,2026-04-18T02:35:00Z,2026-04-19T01:50:06Z,2026-04-19T03:30:00Z,,1776560400,expected_expiration-150m,1776560400,0.02,0.43,0.225,,40,557.56,503.02
KXNBA1HSPREAD-26APR18HOULAL-LAL6,KXNBA1HSPREAD-26APR18HOULAL,KXNBA1HSPREAD,spread,Will Los Angeles L win the 1H by over 6.5 points?,Los Angeles L wins the 1H by over 6.5 points,Los Angeles L wins the 1H by over 6.5 points,no,0,finalized,2026-04-18T02:35:00Z,2026-04-19T01:50:05Z,2026-04-19T03:30:00Z,,1776560400,expected_expiration-150m,1776560400,0.13,0.58,0.355,,48,19465.00,11308.92
KXNBA1HSPREAD-26APR18HOULAL-LAL3,KXNBA1HSPREAD-26APR18HOULAL,KXNBA1HSPREAD,spread,Will Los Angeles L win the 1H by over 3.5 points?,Los Angeles L wins the 1H by over 3.5 points,Los Angeles L wins the 1H by over 3.5 points,no,0,finalized,2026-04-18T02:35:00Z,2026-04-19T01:50:05Z,2026-04-19T03:30:00Z,,1776560400,expected_expiration-150m,1776560400,0.4,0.43,0.41500000000000004,0.43,82,53433.57,33252.10
KXNBA1HSPREAD-26APR18HOULAL-LAL18,KXNBA1HSPREAD-26APR18HOULAL,KXNBA1HSPREAD,spread,Will Los Angeles L win the 1H by over 18.5 points?,Los Angeles L wins the 1H by over 18.5 points,Los Angeles L wins the 1H by over 18.5 points,no,0,finalized,2026-04-18T02:35:00Z,2026-04-19T01:50:07Z,2026-04-19T03:30:00Z,,1776560400,expected_expiration-150m,1776560400,0.0,0.34,0.17,,20,61.32,61.32
KXNBA1HSPREAD-26APR18HOULAL-LAL15,KXNBA1HSPREAD-26APR18HOULAL,KXNBA1HSPREAD,spread,Will Los Angeles L win the 1H by over 15.5 points?,Los Angeles L wins the 1H by over 15.5 points,Los Angeles L wins the 1H by over 15.5 points,no,0,finalized,2026-04-18T02:35:00Z,2026-04-19T01:50:07Z,2026-04-19T03:30:00Z,,1776560400,expected_expiration-150m,1776560400,0.02,0.09,0.055,,22,1684.04,1663.04
KXNBA1HSPREAD-26APR18HOULAL-LAL12,KXNBA1HSPREAD-26APR18HOULAL,KXNBA1HSPREAD,spread,Will Los Angeles L win the 1H by over 12.5 points?,Los Angeles L wins the 1H by over 12.5 points,Los Angeles L wins the 1H by over 12.5 points,no,0,finalized,2026-04-18T02:35:00Z,2026-04-19T01:50:06Z,2026-04-19T03:30:00Z,,1776560400,expected_expiration-150m,1776560400,0.02,0.52,0.27,,27,62.24,62.24
KXNBA1HSPREAD-26APR18HOULAL-HOU9,KXNBA1HSPREAD-26APR18HOULAL,KXNBA1HSPREAD,spread,Will Houston win the 1H by over 9.5 points?,Houston wins the 1H by over 9.5 points,Houston wins the 1H by over 9.5 points,no,0,finalized,2026-04-18T02:35:00Z,2026-04-19T01:50:04Z,2026-04-19T03:30:00Z,,1776560400,expected_expiration-150m,1776560400,0.02,0.47,0.245,,21,294.75,230.75
KXNBA1HSPREAD-26APR18HOULAL-HOU6,KXNBA1HSPREAD-26APR18HOULAL,KXNBA1HSPREAD,spread,Will Houston win the 1H by over 6.5 points?,Houston wins the 1H by over 6.5 points,Houston wins the 1H by over 6.5 points,no,0,finalized,2026-04-18T02:35:00Z,2026-04-19T01:50:05Z,2026-04-19T03:30:00Z,,1776560400,expected_expiration-150m,1776560340,0.09,0.32,0.20500000000000002,,60,5235.76,4202.77
KXNBA1HSPREAD-26APR18HOULAL-HOU3,KXNBA1HSPREAD-26APR18HOULAL,KXNBA1HSPREAD,spread,Will Houston win the 1H by over 3.5 points?,Houston wins the 1H by over 3.5 points,Houston wins the 1H by over 3.5 points,no,0,finalized,2026-04-18T02:35:00Z,2026-04-19T01:50:05Z,2026-04-19T03:30:00Z,,1776560400,expected_expiration-150m,1776560400,0.36,0.5,0.43,0.5,87,54733.02,38245.21
KXNBA1HSPREAD-26APR18HOULAL-HOU12,KXNBA1HSPREAD-26APR18HOULAL,KXNBA1HSPREAD,spread,Will Houston win the 1H by over 12.5 points?,Houston wins the 1H by over 12.5 points,Houston wins the 1H by over 12.5 points,no,0,finalized,2026-04-18T02:35:00Z,2026-04-19T01:50:04Z,2026-04-19T03:30:00Z,,1776560400,expected_expiration-150m,1776560400,0.02,0.38,0.2,,32,941.05,941.05
KXNBA1HSPREAD-26APR18ATLNYK-NYK9,KXNBA1HSPREAD-26APR18ATLNYK,KXNBA1HSPREAD,spread,Will New York win the 1H by over 9.5 points?,New York wins the 1H by over 9.5 points,New York wins the 1H by over 9.5 points,no,0,finalized,2026-04-18T02:35:00Z,2026-04-18T23:20:22Z,2026-04-19T01:00:00Z,,1776551400,expected_expiration-150m,1776551400,0.38,0.49,0.435,0.35,62,8625.32,5644.35
KXNBA1HSPREAD-26APR18ATLNYK-NYK6,KXNBA1HSPREAD-26APR18ATLNYK,KXNBA1HSPREAD,spread,Will New York win the 1H by over 6.5 points?,New York wins the 1H by over 6.5 points,New York wins the 1H by over 6.5 points,no,0,finalized,2026-04-18T02:35:00Z,2026-04-18T23:20:22Z,2026-04-19T01:00:00Z,,1776551400,expected_expiration-150m,1776551400,0.51,0.53,0.52,0.55,67,32998.85,15672.52
KXNBA1HSPREAD-26APR18ATLNYK-NYK3,KXNBA1HSPREAD-26APR18ATLNYK,KXNBA1HSPREAD,spread,Will New York win the 1H by over 3.5 points?,New York wins the 1H by over 3.5 points,New York wins the 1H by over 3.5 points,no,0,finalized,2026-04-18T02:35:00Z,2026-04-18T23:20:22Z,2026-04-19T01:00:00Z,,1776551400,expected_expiration-150m,1776551400,0.65,0.71,0.6799999999999999,0.69,104,158422.56,101155.02
KXNBA1HSPREAD-26APR18ATLNYK-NYK12,KXNBA1HSPREAD-26APR18ATLNYK,KXNBA1HSPREAD,spread,Will New York win the 1H by over 12.5 points?,New York wins the 1H by over 12.5 points,New York wins the 1H by over 12.5 points,no,0,finalized,2026-04-18T02:35:00Z,2026-04-18T23:20:21Z,2026-04-19T01:00:00Z,,1776551400,expected_expiration-150m,1776551400,0.05,0.4,0.225,,41,627.85,477.67
KXNBA1HSPREAD-26APR18ATLNYK-ATL9,KXNBA1HSPREAD-26APR18ATLNYK,KXNBA1HSPREAD,spread,Will Atlanta win the 1H by over 9.5 points?,Atlanta wins the 1H by over 9.5 points,Atlanta wins the 1H by over 9.5 points,no,0,finalized,2026-04-18T02:35:00Z,2026-04-18T23:20:23Z,2026-04-19T01:00:00Z,,1776551400,expected_expiration-150m,1776551400,0.0,0.3,0.15,,12,2.00,2.00
KXNBA1HSPREAD-26APR18ATLNYK-ATL6,KXNBA1HSPREAD-26APR18ATLNYK,KXNBA1HSPREAD,spread,Will Atlanta win the 1H by over 6.5 points?,Atlanta wins the 1H by over 6.5 points,Atlanta wins the 1H by over 6.5 points,no,0,finalized,2026-04-18T02:35:00Z,2026-04-18T23:20:23Z,2026-04-19T01:00:00Z,,1776551400,expected_expiration-150m,1776551400,0.0,0.4,0.2,,22,47.63,47.63
KXNBA1HSPREAD-26APR18ATLNYK-ATL3,KXNBA1HSPREAD-26APR18ATLNYK,KXNBA1HSPREAD,spread,Will Atlanta win the 1H by over 3.5 points?,Atlanta wins the 1H by over 3.5 points,Atlanta wins the 1H by over 3.5 points,no,0,finalized,2026-04-18T02:35:00Z,2026-04-18T23:20:23Z,2026-04-19T01:00:00Z,,1776551400,expected_expiration-150m,1776551400,0.11,0.16,0.135,0.17,57,5522.57,5417.29
KXNBA1HSPREAD-26APR18ATLNYK-ATL18,KXNBA1HSPREAD-26APR18ATLNYK,KXNBA1HSPREAD,spread,Will Atlanta win the 1H by over 18.5 points?,Atlanta wins the 1H by over 18.5 points,Atlanta wins the 1H by over 18.5 points,no,0,finalized,2026-04-18T02:35:00Z,2026-04-18T23:20:25Z,2026-04-19T01:00:00Z,,1776551400,expected_expiration-150m,1776550860,0.0,0.1,0.05,,9,0.00,0.00
KXNBA1HSPREAD-26APR18ATLNYK-ATL15,KXNBA1HSPREAD-26APR18ATLNYK,KXNBA1HSPREAD,spread,Will Atlanta win the 1H by over 15.5 points?,Atlanta wins the 1H by over 15.5 points,Atlanta wins the 1H by over 15.5 points,no,0,finalized,2026-04-18T02:35:00Z,2026-04-18T23:20:24Z,2026-04-19T01:00:00Z,,1776551400,expected_expiration-150m,1776551400,0.0,0.11,0.055,,11,100.00,100.00
KXNBA1HSPREAD-26APR18ATLNYK-ATL12,KXNBA1HSPREAD-26APR18ATLNYK,KXNBA1HSPREAD,spread,Will Atlanta win the 1H by over 12.5 points?,Atlanta wins the 1H by over 12.5 points,Atlanta wins the 1H by over 12.5 points,no,0,finalized,2026-04-18T02:35:00Z,2026-04-18T23:20:24Z,2026-04-19T01:00:00Z,,1776551400,expected_expiration-150m,1776551400,0.0,0.18,0.09,,13,1.00,1.00
KXNBA1HSPREAD-26APR19PHIBOS-PHI8,KXNBA1HSPREAD-26APR19PHIBOS,KXNBA1HSPREAD,spread,Will Philadelphia win the 1H by over 8.5 points?,Philadelphia wins the 1H by over 8.5 points,Philadelphia wins the 1H by over 8.5 points,no,0,finalized,2026-04-18T02:35:00Z,2026-04-19T18:18:46Z,2026-04-19T20:00:00Z,,1776619800,expected_expiration-150m,1776619680,0.0,0.01,0.005,,21,252.00,252.00
KXNBA1HSPREAD-26APR19PHIBOS-PHI5,KXNBA1HSPREAD-26APR19PHIBOS,KXNBA1HSPREAD,spread,Will Philadelphia win the 1H by over 5.5 points?,Philadelphia wins the 1H by over 5.5 points,Philadelphia wins the 1H by over 5.5 points,no,0,finalized,2026-04-18T02:35:00Z,2026-04-19T18:18:46Z,2026-04-19T20:00:00Z,,1776619800,expected_expiration-150m,1776619680,0.0,0.04,0.02,,26,191.03,191.03
KXNBA1HSPREAD-26APR19PHIBOS-PHI23,KXNBA1HSPREAD-26APR19PHIBOS,KXNBA1HSPREAD,spread,Will Philadelphia win the 1H by over 23.5 points?,Philadelphia wins the 1H by over 23.5 points,Philadelphia wins the 1H by over 23.5 points,no,0,finalized,2026-04-18T02:35:00Z,2026-04-19T18:18:47Z,2026-04-19T20:00:00Z,,1776619800,expected_expiration-150m,1776619680,0.0,0.01,0.005,,13,936.19,936.19
KXNBA1HSPREAD-26APR19PHIBOS-PHI20,KXNBA1HSPREAD-26APR19PHIBOS,KXNBA1HSPREAD,spread,Will Philadelphia win the 1H by over 20.5 points?,Philadelphia wins the 1H by over 20.5 points,Philadelphia wins the 1H by over 20.5 points,no,0,finalized,2026-04-18T02:35:00Z,2026-04-19T18:18:47Z,2026-04-19T20:00:00Z,,1776619800,expected_expiration-150m,1776619680,0.0,0.01,0.005,,16,255.60,255.60
KXNBA1HSPREAD-26APR19PHIBOS-PHI2,KXNBA1HSPREAD-26APR19PHIBOS,KXNBA1HSPREAD,spread,Will Philadelphia win the 1H by over 2.5 points?,Philadelphia wins the 1H by over 2.5 points,Philadelphia wins the 1H by over 2.5 points,no,0,finalized,2026-04-18T02:35:00Z,2026-04-19T18:18:46Z,2026-04-19T20:00:00Z,,1776619800,expected_expiration-150m,1776619740,0.0,0.05,0.025,,36,2771.28,2771.28
KXNBA1HSPREAD-26APR19PHIBOS-PHI17,KXNBA1HSPREAD-26APR19PHIBOS,KXNBA1HSPREAD,spread,Will Philadelphia win the 1H by over 17.5 points?,Philadelphia wins the 1H by over 17.5 points,Philadelphia wins the 1H by over 17.5 points,no,0,finalized,2026-04-18T02:35:00Z,2026-04-19T18:18:47Z,2026-04-19T20:00:00Z,,1776619800,expected_expiration-150m,1776619680,0.0,0.01,0.005,,19,1409.78,1409.78
KXNBA1HSPREAD-26APR19PHIBOS-PHI14,KXNBA1HSPREAD-26APR19PHIBOS,KXNBA1HSPREAD,spread,Will Philadelphia win the 1H by over 14.5 points?,Philadelphia wins the 1H by over 14.5 points,Philadelphia wins the 1H by over 14.5 points,no,0,finalized,2026-04-18T02:35:00Z,2026-04-19T18:18:47Z,2026-04-19T20:00:00Z,,1776619800,expected_expiration-150m,1776619680,0.0,0.01,0.005,,17,16.00,15.00
KXNBA1HSPREAD-26APR19PHIBOS-PHI11,KXNBA1HSPREAD-26APR19PHIBOS,KXNBA1HSPREAD,spread,Will Philadelphia win the 1H by over 11.5 points?,Philadelphia wins the 1H by over 11.5 points,Philadelphia wins the 1H by over 11.5 points,no,0,finalized,2026-04-18T02:35:00Z,2026-04-19T18:18:47Z,2026-04-19T20:00:00Z,,1776619800,expected_expiration-150m,1776619680,0.0,0.02,0.01,,14,87.00,85.00
KXNBA1HSPREAD-26APR19PHIBOS-BOS7,KXNBA1HSPREAD-26APR19PHIBOS,KXNBA1HSPREAD,spread,Will Boston win the 1H by over 7.5 points?,Boston wins the 1H by over 7.5 points,Boston wins the 1H by over 7.5 points,yes,1,finalized,2026-04-18T02:35:00Z,2026-04-19T18:18:46Z,2026-04-19T20:00:00Z,,1776619800,expected_expiration-150m,1776619800,0.74,0.76,0.75,0.74,104,179695.13,105606.57
KXNBA1HSPREAD-26APR19PHIBOS-BOS4,KXNBA1HSPREAD-26APR19PHIBOS,KXNBA1HSPREAD,spread,Will Boston win the 1H by over 4.5 points?,Boston wins the 1H by over 4.5 points,Boston wins the 1H by over 4.5 points,yes,1,finalized,2026-04-18T02:35:00Z,2026-04-19T18:18:46Z,2026-04-19T20:00:00Z,,1776619800,expected_expiration-150m,1776619800,0.87,0.94,0.905,0.83,92,21381.30,14358.82
KXNBA1HSPREAD-26APR19PHIBOS-BOS1,KXNBA1HSPREAD-26APR19PHIBOS,KXNBA1HSPREAD,spread,Will Boston win the 1H by over 1.5 points?,Boston wins the 1H by over 1.5 points,Boston wins the 1H by over 1.5 points,yes,1,finalized,2026-04-18T02:35:00Z,2026-04-19T18:18:46Z,2026-04-19T20:00:00Z,,1776619800,expected_expiration-150m,1776619800,0.93,0.97,0.95,,69,8094.14,6833.10
KXNBA1HSPREAD-26APR19PORSAS-SAS8,KXNBA1HSPREAD-26APR19PORSAS,KXNBA1HSPREAD,spread,Will San Antonio win the 1H by over 8.5 points?,San Antonio wins the 1H by over 8.5 points,San Antonio wins the 1H by over 8.5 points,yes,1,finalized,2026-04-18T02:35:00Z,2026-04-20T02:20:12Z,2026-04-20T04:00:00Z,,1776648600,expected_expiration-150m,1776648600,0.45,0.52,0.485,0.45,98,349837.43,216431.87
KXNBA1HSPREAD-26APR19PORSAS-SAS5,KXNBA1HSPREAD-26APR19PORSAS,KXNBA1HSPREAD,spread,Will San Antonio win the 1H by over 5.5 points?,San Antonio wins the 1H by over 5.5 points,San Antonio wins the 1H by over 5.5 points,yes,1,finalized,2026-04-18T02:35:00Z,2026-04-20T02:20:13Z,2026-04-20T04:00:00Z,,1776648600,expected_expiration-150m,1776648600,0.6,0.68,0.64,0.65,99,124588.72,88935.57
KXNBA1HSPREAD-26APR19PORSAS-SAS2,KXNBA1HSPREAD-26APR19PORSAS,KXNBA1HSPREAD,spread,Will San Antonio win the 1H by over 2.5 points?,San Antonio wins the 1H by over 2.5 points,San Antonio wins the 1H by over 2.5 points,yes,1,finalized,2026-04-18T02:35:00Z,2026-04-20T02:20:13Z,2026-04-20T04:00:00Z,,1776648600,expected_expiration-150m,1776648600,0.78,0.81,0.795,0.79,109,48333.66,34107.34
KXNBA1HSPREAD-26APR19PORSAS-POR7,KXNBA1HSPREAD-26APR19PORSAS,KXNBA1HSPREAD,spread,Will Portland win the 1H by over 7.5 points?,Portland wins the 1H by over 7.5 points,Portland wins the 1H by over 7.5 points,no,0,finalized,2026-04-18T02:35:00Z,2026-04-20T02:20:14Z,2026-04-20T04:00:00Z,,1776648600,expected_expiration-150m,1776648300,0.0,0.36,0.18,,27,620.13,619.13
KXNBA1HSPREAD-26APR19PORSAS-POR4,KXNBA1HSPREAD-26APR19PORSAS,KXNBA1HSPREAD,spread,Will Portland win the 1H by over 4.5 points?,Portland wins the 1H by over 4.5 points,Portland wins the 1H by over 4.5 points,no,0,finalized,2026-04-18T02:35:00Z,2026-04-20T02:20:14Z,2026-04-20T04:00:00Z,,1776648600,expected_expiration-150m,1776648360,0.0,0.42,0.21,,59,348.75,348.75
KXNBA1HSPREAD-26APR19PORSAS-POR22,KXNBA1HSPREAD-26APR19PORSAS,KXNBA1HSPREAD,spread,Will Portland win the 1H by over 22.5 points?,Portland wins the 1H by over 22.5 points,Portland wins the 1H by over 22.5 points,no,0,finalized,2026-04-18T02:35:00Z,2026-04-20T02:20:16Z,2026-04-20T04:00:00Z,,1776648600,expected_expiration-150m,1776648300,0.0,0.12,0.06,,19,0.00,0.00
KXNBA1HSPREAD-26APR19PORSAS-POR19,KXNBA1HSPREAD-26APR19PORSAS,KXNBA1HSPREAD,spread,Will Portland win the 1H by over 19.5 points?,Portland wins the 1H by over 19.5 points,Portland wins the 1H by over 19.5 points,no,0,finalized,2026-04-18T02:35:00Z,2026-04-20T02:20:16Z,2026-04-20T04:00:00Z,,1776648600,expected_expiration-150m,1776648300,0.0,0.12,0.06,,19,1.00,1.00
KXNBA1HSPREAD-26APR19PORSAS-POR16,KXNBA1HSPREAD-26APR19PORSAS,KXNBA1HSPREAD,spread,Will Portland win the 1H by over 16.5 points?,Portland wins the 1H by over 16.5 points,Portland wins the 1H by over 16.5 points,no,0,finalized,2026-04-18T02:35:00Z,2026-04-20T02:20:15Z,2026-04-20T04:00:00Z,,1776648600,expected_expiration-150m,1776648480,0.0,0.01,0.005,,18,264.00,263.00
KXNBA1HSPREAD-26APR19PORSAS-POR13,KXNBA1HSPREAD-26APR19PORSAS,KXNBA1HSPREAD,spread,Will Portland win the 1H by over 13.5 points?,Portland wins the 1H by over 13.5 points,Portland wins the 1H by over 13.5 points,no,0,finalized,2026-04-18T02:35:00Z,2026-04-20T02:20:15Z,2026-04-20T04:00:00Z,,1776648600,expected_expiration-150m,1776648240,0.0,0.02,0.01,0.19,15,149.29,149.29
KXNBA1HSPREAD-26APR19PORSAS-POR10,KXNBA1HSPREAD-26APR19PORSAS,KXNBA1HSPREAD,spread,Will Portland win the 1H by over 10.5 points?,Portland wins the 1H by over 10.5 points,Portland wins the 1H by over 10.5 points,no,0,finalized,2026-04-18T02:35:00Z,2026-04-20T02:20:15Z,2026-04-20T04:00:00Z,,1776648600,expected_expiration-150m,1776648300,0.0,0.26,0.13,,23,70.00,70.00
KXNBA1HSPREAD-26APR19PORSAS-POR1,KXNBA1HSPREAD-26APR19PORSAS,KXNBA1HSPREAD,spread,Will Portland win the 1H by over 1.5 points?,Portland wins the 1H by over 1.5 points,Portland wins the 1H by over 1.5 points,no,0,finalized,2026-04-18T02:35:00Z,2026-04-20T02:20:14Z,2026-04-20T04:00:00Z,,1776648600,expected_expiration-150m,1776648600,0.13,0.18,0.155,0.18,83,5729.46,5240.71
KXNBA1HSPREAD-26APR18MINDEN-MIN7,KXNBA1HSPREAD-26APR18MINDEN,KXNBA1HSPREAD,spread,Will Minnesota win the 1H by over 7.5 points?,Minnesota wins the 1H by over 7.5 points,Minnesota wins the 1H by over 7.5 points,no,0,finalized,2026-04-18T02:35:00Z,2026-04-18T20:50:16Z,2026-04-18T22:30:00Z,,1776542400,expected_expiration-150m,1776542400,0.05,0.38,0.215,0.39,42,1064.89,739.65
KXNBA1HSPREAD-26APR18MINDEN-MIN4,KXNBA1HSPREAD-26APR18MINDEN,KXNBA1HSPREAD,spread,Will Minnesota win the 1H by over 4.5 points?,Minnesota wins the 1H by over 4.5 points,Minnesota wins the 1H by over 4.5 points,no,0,finalized,2026-04-18T02:35:00Z,2026-04-18T20:50:16Z,2026-04-18T22:30:00Z,,1776542400,expected_expiration-150m,1776542400,0.37,0.46,0.41500000000000004,0.36,47,26296.71,16747.36
KXNBA1HSPREAD-26APR18MINDEN-MIN19,KXNBA1HSPREAD-26APR18MINDEN,KXNBA1HSPREAD,spread,Will Minnesota win the 1H by over 19.5 points?,Minnesota wins the 1H by over 19.5 points,Minnesota wins the 1H by over 19.5 points,no,0,finalized,2026-04-18T02:35:00Z,2026-04-18T20:50:18Z,2026-04-18T22:30:00Z,,1776542400,expected_expiration-150m,1776542340,0.0,0.13,0.065,,13,322.69,322.69
KXNBA1HSPREAD-26APR18MINDEN-MIN16,KXNBA1HSPREAD-26APR18MINDEN,KXNBA1HSPREAD,spread,Will Minnesota win the 1H by over 16.5 points?,Minnesota wins the 1H by over 16.5 points,Minnesota wins the 1H by over 16.5 points,no,0,finalized,2026-04-18T02:35:00Z,2026-04-18T20:50:17Z,2026-04-18T22:30:00Z,,1776542400,expected_expiration-150m,1776542340,0.0,0.27,0.135,,10,0.00,0.00
KXNBA1HSPREAD-26APR18MINDEN-MIN13,KXNBA1HSPREAD-26APR18MINDEN,KXNBA1HSPREAD,spread,Will Minnesota win the 1H by over 13.5 points?,Minnesota wins the 1H by over 13.5 points,Minnesota wins the 1H by over 13.5 points,no,0,finalized,2026-04-18T02:35:00Z,2026-04-18T20:50:17Z,2026-04-18T22:30:00Z,,1776542400,expected_expiration-150m,1776542340,0.0,0.35,0.175,,26,672.73,671.73
KXNBA1HSPREAD-26APR18MINDEN-MIN10,KXNBA1HSPREAD-26APR18MINDEN,KXNBA1HSPREAD,spread,Will Minnesota win the 1H by over 10.5 points?,Minnesota wins the 1H by over 10.5 points,Minnesota wins the 1H by over 10.5 points,no,0,finalized,2026-04-18T02:35:00Z,2026-04-18T20:50:16Z,2026-04-18T22:30:00Z,,1776542400,expected_expiration-150m,1776542400,0.02,0.37,0.195,,43,1957.40,1891.95
KXNBA1HSPREAD-26APR18MINDEN-MIN1,KXNBA1HSPREAD-26APR18MINDEN,KXNBA1HSPREAD,spread,Will Minnesota win the 1H by over 1.5 points?,Minnesota wins the 1H by over 1.5 points,Minnesota wins the 1H by over 1.5 points,no,0,finalized,2026-04-18T02:35:00Z,2026-04-18T20:50:15Z,2026-04-18T22:30:00Z,,1776542400,expected_expiration-150m,1776542400,0.49,0.62,0.5549999999999999,0.62,78,52098.01,35448.92
KXNBA1HSPREAD-26APR18MINDEN-DEN8,KXNBA1HSPREAD-26APR18MINDEN,KXNBA1HSPREAD,spread,Will Denver win the 1H by over 8.5 points?,Denver wins the 1H by over 8.5 points,Denver wins the 1H by over 8.5 points,no,0,finalized,2026-04-18T02:35:00Z,2026-04-18T20:50:14Z,2026-04-18T22:30:00Z,,1776542400,expected_expiration-150m,1776542400,0.01,0.43,0.22,,48,1043.65,973.41
KXNBA1HSPREAD-26APR18MINDEN-DEN5,KXNBA1HSPREAD-26APR18MINDEN,KXNBA1HSPREAD,spread,Will Denver win the 1H by over 5.5 points?,Denver wins the 1H by over 5.5 points,Denver wins the 1H by over 5.5 points,no,0,finalized,2026-04-18T02:35:00Z,2026-04-18T20:50:15Z,2026-04-18T22:30:00Z,,1776542400,expected_expiration-150m,1776542400,0.18,0.31,0.245,,81,21178.35,15693.46
KXNBA1HSPREAD-26APR18MINDEN-DEN2,KXNBA1HSPREAD-26APR18MINDEN,KXNBA1HSPREAD,spread,Will Denver win the 1H by over 2.5 points?,Denver wins the 1H by over 2.5 points,Denver wins the 1H by over 2.5 points,no,0,finalized,2026-04-18T02:35:00Z,2026-04-18T20:50:15Z,2026-04-18T22:30:00Z,,1776542400,expected_expiration-150m,1776542400,0.29,0.36,0.32499999999999996,0.26,102,83317.65,53330.05
KXNBA1HSPREAD-26APR18MINDEN-DEN11,KXNBA1HSPREAD-26APR18MINDEN,KXNBA1HSPREAD,spread,Will Denver win the 1H by over 11.5 points?,Denver wins the 1H by over 11.5 points,Denver wins the 1H by over 11.5 points,no,0,finalized,2026-04-18T02:35:00Z,2026-04-18T20:50:14Z,2026-04-18T22:30:00Z,,1776542400,expected_expiration-150m,1776542400,0.0,0.4,0.2,,28,0.00,0.00
KXNBA1HSPREAD-26APR18TORCLE-TOR7,KXNBA1HSPREAD-26APR18TORCLE,KXNBA1HSPREAD,spread,Will Toronto win the 1H by over 7.5 points?,Toronto wins the 1H by over 7.5 points,Toronto wins the 1H by over 7.5 points,no,0,finalized,2026-04-18T02:35:00Z,2026-04-18T18:14:24Z,2026-04-18T20:00:00Z,,1776533400,expected_expiration-150m,1776533400,0.08,0.48,0.27999999999999997,,31,1118.16,1096.16
KXNBA1HSPREAD-26APR18TORCLE-TOR4,KXNBA1HSPREAD-26APR18TORCLE,KXNBA1HSPREAD,spread,Will Toronto win the 1H by over 4.5 points?,Toronto wins the 1H by over 4.5 points,Toronto wins the 1H by over 4.5 points,no,0,finalized,2026-04-18T02:35:00Z,2026-04-18T18:14:25Z,2026-04-18T20:00:00Z,,1776533400,expected_expiration-150m,1776533400,0.22,0.42,0.32,,39,4194.89,3970.70
KXNBA1HSPREAD-26APR18TORCLE-TOR19,KXNBA1HSPREAD-26APR18TORCLE,KXNBA1HSPREAD,spread,Will Toronto win the 1H by over 19.5 points?,Toronto wins the 1H by over 19.5 points,Toronto wins the 1H by over 19.5 points,no,0,finalized,2026-04-18T02:35:00Z,2026-04-18T18:14:23Z,2026-04-18T20:00:00Z,,1776533400,expected_expiration-150m,1776533340,0.0,0.06,0.03,,6,0.00,0.00
KXNBA1HSPREAD-26APR18TORCLE-TOR16,KXNBA1HSPREAD-26APR18TORCLE,KXNBA1HSPREAD,spread,Will Toronto win the 1H by over 16.5 points?,Toronto wins the 1H by over 16.5 points,Toronto wins the 1H by over 16.5 points,no,0,finalized,2026-04-18T02:35:00Z,2026-04-18T18:14:23Z,2026-04-18T20:00:00Z,,1776533400,expected_expiration-150m,1776533340,0.0,0.11,0.055,,10,0.00,0.00
KXNBA1HSPREAD-26APR18TORCLE-TOR13,KXNBA1HSPREAD-26APR18TORCLE,KXNBA1HSPREAD,spread,Will Toronto win the 1H by over 13.5 points?,Toronto wins the 1H by over 13.5 points,Toronto wins the 1H by over 13.5 points,no,0,finalized,2026-04-18T02:35:00Z,2026-04-18T18:14:23Z,2026-04-18T20:00:00Z,,1776533400,expected_expiration-150m,1776533340,0.0,0.14,0.07,,9,234.87,234.87
KXNBA1HSPREAD-26APR18TORCLE-TOR10,KXNBA1HSPREAD-26APR18TORCLE,KXNBA1HSPREAD,spread,Will Toronto win the 1H by over 10.5 points?,Toronto wins the 1H by over 10.5 points,Toronto wins the 1H by over 10.5 points,no,0,finalized,2026-04-18T02:35:00Z,2026-04-18T18:14:24Z,2026-04-18T20:00:00Z,,1776533400,expected_expiration-150m,1776533400,0.01,0.3,0.155,,16,1870.38,1870.38
KXNBA1HSPREAD-26APR18TORCLE-TOR1,KXNBA1HSPREAD-26APR18TORCLE,KXNBA1HSPREAD,spread,Will Toronto win the 1H by over 1.5 points?,Toronto wins the 1H by over 1.5 points,Toronto wins the 1H by over 1.5 points,no,0,finalized,2026-04-18T02:35:00Z,2026-04-18T18:14:25Z,2026-04-18T20:00:00Z,,1776533400,expected_expiration-150m,1776533400,0.35,0.42,0.385,0.43,70,14589.35,11392.82
KXNBA1HSPREAD-26APR18TORCLE-CLE8,KXNBA1HSPREAD-26APR18TORCLE,KXNBA1HSPREAD,spread,Will Cleveland win the 1H by over 8.5 points?,Cleveland wins the 1H by over 8.5 points,Cleveland wins the 1H by over 8.5 points,no,0,finalized,2026-04-18T02:35:00Z,2026-04-18T18:14:26Z,2026-04-18T20:00:00Z,,1776533400,expected_expiration-150m,1776533400,0.03,0.42,0.22499999999999998,,69,7182.25,5657.41
KXNBA1HSPREAD-26APR18TORCLE-CLE5,KXNBA1HSPREAD-26APR18TORCLE,KXNBA1HSPREAD,spread,Will Cleveland win the 1H by over 5.5 points?,Cleveland wins the 1H by over 5.5 points,Cleveland wins the 1H by over 5.5 points,yes,1,finalized,2026-04-18T02:35:00Z,2026-04-18T18:14:26Z,2026-04-18T20:00:00Z,,1776533400,expected_expiration-150m,1776533400,0.21,0.4,0.305,,103,125027.77,76529.46
KXNBA1HSPREAD-26APR18TORCLE-CLE2,KXNBA1HSPREAD-26APR18TORCLE,KXNBA1HSPREAD,spread,Will Cleveland win the 1H by over 2.5 points?,Cleveland wins the 1H by over 2.5 points,Cleveland wins the 1H by over 2.5 points,yes,1,finalized,2026-04-18T02:35:00Z,2026-04-18T18:14:25Z,2026-04-18T20:00:00Z,,1776533400,expected_expiration-150m,1776533400,0.43,0.49,0.45999999999999996,0.5,91,97833.06,67963.40
KXNBA1HSPREAD-26APR18TORCLE-CLE11,KXNBA1HSPREAD-26APR18TORCLE,KXNBA1HSPREAD,spread,Will Cleveland win the 1H by over 11.5 points?,Cleveland wins the 1H by over 11.5 points,Cleveland wins the 1H by over 11.5 points,no,0,finalized,2026-04-18T02:35:00Z,2026-04-18T18:14:26Z,2026-04-18T20:00:00Z,,1776533400,expected_expiration-150m,1776533400,0.05,0.38,0.215,,63,1670.37,1281.76
KXNBA1HSPREAD-26APR17GSWPHX-PHX7,KXNBA1HSPREAD-26APR17GSWPHX,KXNBA1HSPREAD,spread,Will Phoenix win the 1H by over 7.5 points?,Phoenix wins the 1H by over 7.5 points,Phoenix wins the 1H by over 7.5 points,no,0,finalized,2026-04-16T22:35:00Z,2026-04-18T03:21:44Z,2026-04-18T05:00:00Z,,1776479400,expected_expiration-150m,1776479400,0.43,0.49,0.45999999999999996,0.49,55,81012.92,37412.51
KXNBA1HSPREAD-26APR17GSWPHX-PHX4,KXNBA1HSPREAD-26APR17GSWPHX,KXNBA1HSPREAD,spread,Will Phoenix win the 1H by over 4.5 points?,Phoenix wins the 1H by over 4.5 points,Phoenix wins the 1H by over 4.5 points,yes,1,finalized,2026-04-16T22:35:00Z,2026-04-18T03:21:44Z,2026-04-18T05:00:00Z,,1776479400,expected_expiration-150m,1776479400,0.59,0.69,0.6399999999999999,0.64,73,56282.57,34161.17
KXNBA1HSPREAD-26APR17GSWPHX-PHX13,KXNBA1HSPREAD-26APR17GSWPHX,KXNBA1HSPREAD,spread,Will Phoenix win the 1H by over 13.5 points?,Phoenix wins the 1H by over 13.5 points,Phoenix wins the 1H by over 13.5 points,no,0,finalized,2026-04-16T22:35:00Z,2026-04-18T03:21:43Z,2026-04-18T05:00:00Z,,1776479400,expected_expiration-150m,1776479400,0.27,0.49,0.38,,38,39249.60,16472.83
KXNBA1HSPREAD-26APR17GSWPHX-PHX10,KXNBA1HSPREAD-26APR17GSWPHX,KXNBA1HSPREAD,spread,Will Phoenix win the 1H by over 10.5 points?,Phoenix wins the 1H by over 10.5 points,Phoenix wins the 1H by over 10.5 points,no,0,finalized,2026-04-16T22:35:00Z,2026-04-18T03:21:44Z,2026-04-18T05:00:00Z,,1776479400,expected_expiration-150m,1776479400,0.27,0.58,0.425,0.25,55,47150.18,24933.50
KXNBA1HSPREAD-26APR17GSWPHX-PHX1,KXNBA1HSPREAD-26APR17GSWPHX,KXNBA1HSPREAD,spread,Will Phoenix win the 1H by over 1.5 points?,Phoenix wins the 1H by over 1.5 points,Phoenix wins the 1H by over 1.5 points,yes,1,finalized,2026-04-16T22:35:00Z,2026-04-18T03:21:44Z,2026-04-18T05:00:00Z,,1776479400,expected_expiration-150m,1776479400,0.7,0.75,0.725,0.67,101,87693.00,56337.52
KXNBA1HSPREAD-26APR17GSWPHX-GSW8,KXNBA1HSPREAD-26APR17GSWPHX,KXNBA1HSPREAD,spread,Will Golden State win the 1H by over 8.5 points?,Golden State wins the 1H by over 8.5 points,Golden State wins the 1H by over 8.5 points,no,0,finalized,2026-04-16T22:35:00Z,2026-04-18T03:21:45Z,2026-04-18T05:00:00Z,,1776479400,expected_expiration-150m,1776479400,0.02,0.13,0.075,,25,1014.29,1014.29
KXNBA1HSPREAD-26APR17GSWPHX-GSW5,KXNBA1HSPREAD-26APR17GSWPHX,KXNBA1HSPREAD,spread,Will Golden State win the 1H by over 5.5 points?,Golden State wins the 1H by over 5.5 points,Golden State wins the 1H by over 5.5 points,no,0,finalized,2026-04-16T22:35:00Z,2026-04-18T03:21:45Z,2026-04-18T05:00:00Z,,1776479400,expected_expiration-150m,1776479400,0.03,0.19,0.11,0.19,58,6381.09,5798.63
KXNBA1HSPREAD-26APR17GSWPHX-GSW2,KXNBA1HSPREAD-26APR17GSWPHX,KXNBA1HSPREAD,spread,Will Golden State win the 1H by over 2.5 points?,Golden State wins the 1H by over 2.5 points,Golden State wins the 1H by over 2.5 points,no,0,finalized,2026-04-16T22:35:00Z,2026-04-18T03:21:45Z,2026-04-18T05:00:00Z,,1776479400,expected_expiration-150m,1776479400,0.12,0.22,0.16999999999999998,0.22,69,20774.71,19411.06
KXNBA1HSPREAD-26APR17GSWPHX-GSW17,KXNBA1HSPREAD-26APR17GSWPHX,KXNBA1HSPREAD,spread,Will Golden State win the 1H by over 17.5 points?,Golden State wins the 1H by over 17.5 points,Golden State wins the 1H by over 17.5 points,no,0,finalized,2026-04-16T22:35:00Z,2026-04-18T03:21:46Z,2026-04-18T05:00:00Z,,1776479400,expected_expiration-150m,1776479100,0.01,0.12,0.065,,16,1034.44,1034.44
KXNBA1HSPREAD-26APR17GSWPHX-GSW14,KXNBA1HSPREAD-26APR17GSWPHX,KXNBA1HSPREAD,spread,Will Golden State win the 1H by over 14.5 points?,Golden State wins the 1H by over 14.5 points,Golden State wins the 1H by over 14.5 points,no,0,finalized,2026-04-16T22:35:00Z,2026-04-18T03:21:45Z,2026-04-18T05:00:00Z,,1776479400,expected_expiration-150m,1776479100,0.01,0.13,0.07,,15,1000.00,1000.00
KXNBA1HSPREAD-26APR17GSWPHX-GSW11,KXNBA1HSPREAD-26APR17GSWPHX,KXNBA1HSPREAD,spread,Will Golden State win the 1H by over 11.5 points?,Golden State wins the 1H by over 11.5 points,Golden State wins the 1H by over 11.5 points,no,0,finalized,2026-04-16T22:35:00Z,2026-04-18T03:21:45Z,2026-04-18T05:00:00Z,,1776479400,expected_expiration-150m,1776479400,0.01,0.08,0.045,,21,1118.24,1094.82
KXNBA1HSPREAD-26APR17CHAORL-ORL8,KXNBA1HSPREAD-26APR17CHAORL,KXNBA1HSPREAD,spread,Will Orlando win the 1H by over 8.5 points?,Orlando wins the 1H by over 8.5 points,Orlando wins the 1H by over 8.5 points,yes,1,finalized,2026-04-16T20:41:00Z,2026-04-18T00:55:40Z,2026-04-18T02:30:00Z,,1776470400,expected_expiration-150m,1776470400,0.51,0.76,0.635,0.56,53,16027.30,8358.00
KXNBA1HSPREAD-26APR17CHAORL-ORL5,KXNBA1HSPREAD-26APR17CHAORL,KXNBA1HSPREAD,spread,Will Orlando win the 1H by over 5.5 points?,Orlando wins the 1H by over 5.5 points,Orlando wins the 1H by over 5.5 points,yes,1,finalized,2026-04-16T20:41:00Z,2026-04-18T00:55:40Z,2026-04-18T02:30:00Z,,1776470400,expected_expiration-150m,1776470400,0.8,0.85,0.825,0.8,51,13636.88,8503.04
KXNBA1HSPREAD-26APR17CHAORL-ORL2,KXNBA1HSPREAD-26APR17CHAORL,KXNBA1HSPREAD,spread,Will Orlando win the 1H by over 2.5 points?,Orlando wins the 1H by over 2.5 points,Orlando wins the 1H by over 2.5 points,yes,1,finalized,2026-04-16T20:41:00Z,2026-04-18T00:55:40Z,2026-04-18T02:30:00Z,,1776470400,expected_expiration-150m,1776470400,0.88,0.94,0.9099999999999999,0.88,77,31832.55,15375.61
KXNBA1HSPREAD-26APR17CHAORL-ORL17,KXNBA1HSPREAD-26APR17CHAORL,KXNBA1HSPREAD,spread,Will Orlando win the 1H by over 17.5 points?,Orlando wins the 1H by over 17.5 points,Orlando wins the 1H by over 17.5 points,yes,1,finalized,2026-04-16T20:41:00Z,2026-04-18T00:55:41Z,2026-04-18T02:30:00Z,,1776470400,expected_expiration-150m,1776470400,0.17,0.47,0.32,0.49,43,78655.31,43416.88
KXNBA1HSPREAD-26APR17CHAORL-ORL14,KXNBA1HSPREAD-26APR17CHAORL,KXNBA1HSPREAD,spread,Will Orlando win the 1H by over 14.5 points?,Orlando wins the 1H by over 14.5 points,Orlando wins the 1H by over 14.5 points,yes,1,finalized,2026-04-16T20:41:00Z,2026-04-18T00:55:40Z,2026-04-18T02:30:00Z,,1776470400,expected_expiration-150m,1776470340,0.15,0.73,0.44,0.38,44,18750.20,15287.60
KXNBA1HSPREAD-26APR17CHAORL-ORL11,KXNBA1HSPREAD-26APR17CHAORL,KXNBA1HSPREAD,spread,Will Orlando win the 1H by over 11.5 points?,Orlando wins the 1H by over 11.5 points,Orlando wins the 1H by over 11.5 points,yes,1,finalized,2026-04-16T20:41:00Z,2026-04-18T00:55:40Z,2026-04-18T02:30:00Z,,1776470400,expected_expiration-150m,1776470400,0.52,0.56,0.54,0.52,44,29576.05,12932.47
KXNBA1HSPREAD-26APR17CHAORL-CHA7,KXNBA1HSPREAD-26APR17CHAORL,KXNBA1HSPREAD,spread,Will Charlotte win the 1H by over 7.5 points?,Charlotte wins the 1H by over 7.5 points,Charlotte wins the 1H by over 7.5 points,no,0,finalized,2026-04-16T20:41:00Z,2026-04-18T00:55:39Z,2026-04-18T02:30:00Z,,1776470400,expected_expiration-150m,1776470340,0.0,0.04,0.02,,44,1339.85,1088.66
KXNBA1HSPREAD-26APR17CHAORL-CHA4,KXNBA1HSPREAD-26APR17CHAORL,KXNBA1HSPREAD,spread,Will Charlotte win the 1H by over 4.5 points?,Charlotte wins the 1H by over 4.5 points,Charlotte wins the 1H by over 4.5 points,no,0,finalized,2026-04-16T20:41:00Z,2026-04-18T00:55:39Z,2026-04-18T02:30:00Z,,1776470400,expected_expiration-150m,1776470400,0.0,0.05,0.025,,85,11502.04,7907.06
KXNBA1HSPREAD-26APR17CHAORL-CHA13,KXNBA1HSPREAD-26APR17CHAORL,KXNBA1HSPREAD,spread,Will Charlotte win the 1H by over 13.5 points?,Charlotte wins the 1H by over 13.5 points,Charlotte wins the 1H by over 13.5 points,no,0,finalized,2026-04-16T20:41:00Z,2026-04-18T00:55:39Z,2026-04-18T02:30:00Z,,1776470400,expected_expiration-150m,1776470340,0.0,0.01,0.005,,39,844.67,844.67
KXNBA1HSPREAD-26APR17CHAORL-CHA10,KXNBA1HSPREAD-26APR17CHAORL,KXNBA1HSPREAD,spread,Will Charlotte win the 1H by over 10.5 points?,Charlotte wins the 1H by over 10.5 points,Charlotte wins the 1H by over 10.5 points,no,0,finalized,2026-04-16T20:41:00Z,2026-04-18T00:55:39Z,2026-04-18T02:30:00Z,,1776470400,expected_expiration-150m,1776470400,0.0,0.03,0.015,0.03,46,1950.95,1617.01
KXNBA1HSPREAD-26APR17CHAORL-CHA1,KXNBA1HSPREAD-26APR17CHAORL,KXNBA1HSPREAD,spread,Will Charlotte win the 1H by over 1.5 points?,Charlotte wins the 1H by over 1.5 points,Charlotte wins the 1H by over 1.5 points,no,0,finalized,2026-04-16T20:41:00Z,2026-04-18T00:55:39Z,2026-04-18T02:30:00Z,,1776470400,expected_expiration-150m,1776470400,0.02,0.05,0.035,0.05,102,131725.11,85188.29
KXNBA1HSPREAD-26APR15GSWLAC-LAC9,KXNBA1HSPREAD-26APR15GSWLAC,KXNBA1HSPREAD,spread,Will Los Angeles C win the 1H by over 9.5 points?,Los Angeles C wins the 1H by over 9.5 points,Los Angeles C wins the 1H by over 9.5 points,no,0,finalized,2026-04-14T02:35:00Z,2026-04-16T03:20:23Z,2026-04-16T05:00:00Z,,1776306600,expected_expiration-150m,1776306600,0.1,0.23,0.165,0.13,51,28318.00,17158.00
KXNBA1HSPREAD-26APR15GSWLAC-LAC6,KXNBA1HSPREAD-26APR15GSWLAC,KXNBA1HSPREAD,spread,Will Los Angeles C win the 1H by over 6.5 points?,Los Angeles C wins the 1H by over 6.5 points,Los Angeles C wins the 1H by over 6.5 points,yes,1,finalized,2026-04-14T02:35:00Z,2026-04-16T03:20:24Z,2026-04-16T05:00:00Z,,1776306600,expected_expiration-150m,1776306600,0.28,0.44,0.36,0.45,57,53486.00,28975.00
KXNBA1HSPREAD-26APR15GSWLAC-LAC3,KXNBA1HSPREAD-26APR15GSWLAC,KXNBA1HSPREAD,spread,Will Los Angeles C win the 1H by over 3.5 points?,Los Angeles C wins the 1H by over 3.5 points,Los Angeles C wins the 1H by over 3.5 points,yes,1,finalized,2026-04-14T02:35:00Z,2026-04-16T03:20:24Z,2026-04-16T05:00:00Z,,1776306600,expected_expiration-150m,1776306600,0.52,0.53,0.525,0.53,94,137993.00,81927.00
KXNBA1HSPREAD-26APR15GSWLAC-LAC12,KXNBA1HSPREAD-26APR15GSWLAC,KXNBA1HSPREAD,spread,Will Los Angeles C win the 1H by over 12.5 points?,Los Angeles C wins the 1H by over 12.5 points,Los Angeles C wins the 1H by over 12.5 points,no,0,finalized,2026-04-14T02:35:00Z,2026-04-16T03:20:22Z,2026-04-16T05:00:00Z,,1776306600,expected_expiration-150m,1776306600,0.2,0.32,0.26,,104,5331.00,4686.00
KXNBA1HSPREAD-26APR15GSWLAC-GSW9,KXNBA1HSPREAD-26APR15GSWLAC,KXNBA1HSPREAD,spread,Will Golden State win the 1H by over 9.5 points?,Golden State wins the 1H by over 9.5 points,Golden State wins the 1H by over 9.5 points,no,0,finalized,2026-04-14T02:35:00Z,2026-04-16T03:20:26Z,2026-04-16T05:00:00Z,,1776306600,expected_expiration-150m,1776306240,0.0,0.19,0.095,,31,508.00,508.00
KXNBA1HSPREAD-26APR15GSWLAC-GSW6,KXNBA1HSPREAD-26APR15GSWLAC,KXNBA1HSPREAD,spread,Will Golden State win the 1H by over 6.5 points?,Golden State wins the 1H by over 6.5 points,Golden State wins the 1H by over 6.5 points,no,0,finalized,2026-04-14T02:35:00Z,2026-04-16T03:20:26Z,2026-04-16T05:00:00Z,,1776306600,expected_expiration-150m,1776306480,0.02,0.27,0.14500000000000002,,80,4087.00,3977.00
KXNBA1HSPREAD-26APR15GSWLAC-GSW3,KXNBA1HSPREAD-26APR15GSWLAC,KXNBA1HSPREAD,spread,Will Golden State win the 1H by over 3.5 points?,Golden State wins the 1H by over 3.5 points,Golden State wins the 1H by over 3.5 points,no,0,finalized,2026-04-14T02:35:00Z,2026-04-16T03:20:25Z,2026-04-16T05:00:00Z,,1776306600,expected_expiration-150m,1776306600,0.08,0.37,0.225,0.39,57,15119.00,10932.00
KXNBA1HSPREAD-26APR15GSWLAC-GSW18,KXNBA1HSPREAD-26APR15GSWLAC,KXNBA1HSPREAD,spread,Will Golden State win the 1H by over 18.5 points?,Golden State wins the 1H by over 18.5 points,Golden State wins the 1H by over 18.5 points,no,0,finalized,2026-04-14T02:35:00Z,2026-04-16T03:20:27Z,2026-04-16T05:00:00Z,,1776306600,expected_expiration-150m,1776306600,0.0,0.02,0.01,,52,233.00,233.00
KXNBA1HSPREAD-26APR15GSWLAC-GSW15,KXNBA1HSPREAD-26APR15GSWLAC,KXNBA1HSPREAD,spread,Will Golden State win the 1H by over 15.5 points?,Golden State wins the 1H by over 15.5 points,Golden State wins the 1H by over 15.5 points,no,0,finalized,2026-04-14T02:35:00Z,2026-04-16T03:20:27Z,2026-04-16T05:00:00Z,,1776306600,expected_expiration-150m,1776306480,0.0,0.03,0.015,0.03,49,1672.00,1672.00
KXNBA1HSPREAD-26APR15GSWLAC-GSW12,KXNBA1HSPREAD-26APR15GSWLAC,KXNBA1HSPREAD,spread,Will Golden State win the 1H by over 12.5 points?,Golden State wins the 1H by over 12.5 points,Golden State wins the 1H by over 12.5 points,no,0,finalized,2026-04-14T02:35:00Z,2026-04-16T03:20:27Z,2026-04-16T05:00:00Z,,1776306600,expected_expiration-150m,1776306240,0.0,0.11,0.055,,47,475.00,475.00
KXNBA1HSPREAD-26APR15ORLPHI-PHI9,KXNBA1HSPREAD-26APR15ORLPHI,KXNBA1HSPREAD,spread,Will Philadelphia win the 1H by over 9.5 points?,Philadelphia wins the 1H by over 9.5 points,Philadelphia wins the 1H by over 9.5 points,no,0,finalized,2026-04-14T02:35:00Z,2026-04-16T00:47:32Z,2026-04-16T02:30:00Z,,1776297600,expected_expiration-150m,1776297600,0.02,0.25,0.135,,63,106.00,106.00
KXNBA1HSPREAD-26APR15ORLPHI-PHI6,KXNBA1HSPREAD-26APR15ORLPHI,KXNBA1HSPREAD,spread,Will Philadelphia win the 1H by over 6.5 points?,Philadelphia wins the 1H by over 6.5 points,Philadelphia wins the 1H by over 6.5 points,no,0,finalized,2026-04-14T02:35:00Z,2026-04-16T00:47:32Z,2026-04-16T02:30:00Z,,1776297600,expected_expiration-150m,1776297600,0.1,0.47,0.285,,69,5293.00,4683.00
KXNBA1HSPREAD-26APR15ORLPHI-PHI3,KXNBA1HSPREAD-26APR15ORLPHI,KXNBA1HSPREAD,spread,Will Philadelphia win the 1H by over 3.5 points?,Philadelphia wins the 1H by over 3.5 points,Philadelphia wins the 1H by over 3.5 points,yes,1,finalized,2026-04-14T02:35:00Z,2026-04-16T00:47:32Z,2026-04-16T02:30:00Z,,1776297600,expected_expiration-150m,1776297600,0.36,0.42,0.39,0.36,89,59178.00,34952.00
KXNBA1HSPREAD-26APR15ORLPHI-PHI15,KXNBA1HSPREAD-26APR15ORLPHI,KXNBA1HSPREAD,spread,Will Philadelphia win the 1H by over 15.5 points?,Philadelphia wins the 1H by over 15.5 points,Philadelphia wins the 1H by over 15.5 points,no,0,finalized,2026-04-14T02:35:00Z,2026-04-16T00:47:33Z,2026-04-16T02:30:00Z,,1776297600,expected_expiration-150m,1776297480,0.0,0.16,0.08,,35,0.00,0.00
KXNBA1HSPREAD-26APR15ORLPHI-PHI12,KXNBA1HSPREAD-26APR15ORLPHI,KXNBA1HSPREAD,spread,Will Philadelphia win the 1H by over 12.5 points?,Philadelphia wins the 1H by over 12.5 points,Philadelphia wins the 1H by over 12.5 points,no,0,finalized,2026-04-14T02:35:00Z,2026-04-16T00:47:33Z,2026-04-16T02:30:00Z,,1776297600,expected_expiration-150m,1776297120,0.0,0.2,0.1,,31,32.00,32.00
KXNBA1HSPREAD-26APR15ORLPHI-ORL9,KXNBA1HSPREAD-26APR15ORLPHI,KXNBA1HSPREAD,spread,Will Orlando win the 1H by over 9.5 points?,Orlando wins the 1H by over 9.5 points,Orlando wins the 1H by over 9.5 points,no,0,finalized,2026-04-14T02:35:00Z,2026-04-16T00:47:31Z,2026-04-16T02:30:00Z,,1776297600,expected_expiration-150m,1776297600,0.05,0.25,0.15,,65,324.00,322.00
KXNBA1HSPREAD-26APR15ORLPHI-ORL6,KXNBA1HSPREAD-26APR15ORLPHI,KXNBA1HSPREAD,spread,Will Orlando win the 1H by over 6.5 points?,Orlando wins the 1H by over 6.5 points,Orlando wins the 1H by over 6.5 points,no,0,finalized,2026-04-14T02:35:00Z,2026-04-16T00:47:32Z,2026-04-16T02:30:00Z,,1776297600,expected_expiration-150m,1776297600,0.19,0.36,0.275,,49,873.00,760.00
KXNBA1HSPREAD-26APR15ORLPHI-ORL3,KXNBA1HSPREAD-26APR15ORLPHI,KXNBA1HSPREAD,spread,Will Orlando win the 1H by over 3.5 points?,Orlando wins the 1H by over 3.5 points,Orlando wins the 1H by over 3.5 points,no,0,finalized,2026-04-14T02:35:00Z,2026-04-16T00:47:32Z,2026-04-16T02:30:00Z,,1776297600,expected_expiration-150m,1776297600,0.33,0.38,0.355,0.39,85,28941.00,21229.00
KXNBA1HSPREAD-26APR15ORLPHI-ORL15,KXNBA1HSPREAD-26APR15ORLPHI,KXNBA1HSPREAD,spread,Will Orlando win the 1H by over 15.5 points?,Orlando wins the 1H by over 15.5 points,Orlando wins the 1H by over 15.5 points,no,0,finalized,2026-04-14T02:35:00Z,2026-04-16T00:47:31Z,2026-04-16T02:30:00Z,,1776297600,expected_expiration-150m,1776297180,0.0,0.15,0.075,,34,104.00,85.00
KXNBA1HSPREAD-26APR15ORLPHI-ORL12,KXNBA1HSPREAD-26APR15ORLPHI,KXNBA1HSPREAD,spread,Will Orlando win the 1H by over 12.5 points?,Orlando wins the 1H by over 12.5 points,Orlando wins the 1H by over 12.5 points,no,0,finalized,2026-04-14T02:35:00Z,2026-04-16T00:47:31Z,2026-04-16T02:30:00Z,,1776297600,expected_expiration-150m,1776297060,0.0,0.17,0.085,,27,140.00,140.00
KXNBA1HSPREAD-26APR14MIACHA-MIA9,KXNBA1HSPREAD-26APR14MIACHA,KXNBA1HSPREAD,spread,Will Miami win the 1H by over 9.5 points?,Miami wins the 1H by over 9.5 points,Miami wins the 1H by over 9.5 points,no,0,finalized,2026-04-13T18:35:00Z,2026-04-15T00:40:14Z,2026-04-15T02:30:00Z,,1776211200,expected_expiration-150m,1776211020,0.01,0.27,0.14,,17,10.00,10.00
KXNBA1HSPREAD-26APR14MIACHA-MIA6,KXNBA1HSPREAD-26APR14MIACHA,KXNBA1HSPREAD,spread,Will Miami win the 1H by over 6.5 points?,Miami wins the 1H by over 6.5 points,Miami wins the 1H by over 6.5 points,no,0,finalized,2026-04-13T18:35:00Z,2026-04-15T00:40:15Z,2026-04-15T02:30:00Z,,1776211200,expected_expiration-150m,1776211140,0.02,0.27,0.14500000000000002,,25,329.00,279.00
KXNBA1HSPREAD-26APR14MIACHA-MIA3,KXNBA1HSPREAD-26APR14MIACHA,KXNBA1HSPREAD,spread,Will Miami win the 1H by over 3.5 points?,Miami wins the 1H by over 3.5 points,Miami wins the 1H by over 3.5 points,no,0,finalized,2026-04-13T18:35:00Z,2026-04-15T00:40:15Z,2026-04-15T02:30:00Z,,1776211200,expected_expiration-150m,1776211200,0.05,0.29,0.16999999999999998,,78,6955.00,4738.00
KXNBA1HSPREAD-26APR14MIACHA-MIA18,KXNBA1HSPREAD-26APR14MIACHA,KXNBA1HSPREAD,spread,Will Miami win the 1H by over 18.5 points?,Miami wins the 1H by over 18.5 points,Miami wins the 1H by over 18.5 points,no,0,finalized,2026-04-13T18:35:00Z,2026-04-15T00:40:13Z,2026-04-15T02:30:00Z,,1776211200,expected_expiration-150m,1776211020,0.0,0.13,0.065,,8,52.00,52.00
KXNBA1HSPREAD-26APR14MIACHA-MIA15,KXNBA1HSPREAD-26APR14MIACHA,KXNBA1HSPREAD,spread,Will Miami win the 1H by over 15.5 points?,Miami wins the 1H by over 15.5 points,Miami wins the 1H by over 15.5 points,no,0,finalized,2026-04-13T18:35:00Z,2026-04-15T00:40:13Z,2026-04-15T02:30:00Z,,1776211200,expected_expiration-150m,1776211020,0.0,0.13,0.065,,9,0.00,0.00
KXNBA1HSPREAD-26APR14MIACHA-MIA12,KXNBA1HSPREAD-26APR14MIACHA,KXNBA1HSPREAD,spread,Will Miami win the 1H by over 12.5 points?,Miami wins the 1H by over 12.5 points,Miami wins the 1H by over 12.5 points,no,0,finalized,2026-04-13T18:35:00Z,2026-04-15T00:40:14Z,2026-04-15T02:30:00Z,,1776211200,expected_expiration-150m,1776211080,0.0,0.14,0.07,,14,0.00,0.00
KXNBA1HSPREAD-26APR14MIACHA-CHA9,KXNBA1HSPREAD-26APR14MIACHA,KXNBA1HSPREAD,spread,Will Charlotte win the 1H by over 9.5 points?,Charlotte wins the 1H by over 9.5 points,Charlotte wins the 1H by over 9.5 points,no,0,finalized,2026-04-13T18:35:00Z,2026-04-15T00:40:16Z,2026-04-15T02:30:00Z,,1776211200,expected_expiration-150m,1776211020,0.11,0.43,0.27,,49,5059.00,3965.00
KXNBA1HSPREAD-26APR14MIACHA-CHA6,KXNBA1HSPREAD-26APR14MIACHA,KXNBA1HSPREAD,spread,Will Charlotte win the 1H by over 6.5 points?,Charlotte wins the 1H by over 6.5 points,Charlotte wins the 1H by over 6.5 points,no,0,finalized,2026-04-13T18:35:00Z,2026-04-15T00:40:16Z,2026-04-15T02:30:00Z,,1776211200,expected_expiration-150m,1776211200,0.43,0.44,0.435,0.42,67,32975.00,18110.00
KXNBA1HSPREAD-26APR14MIACHA-CHA3,KXNBA1HSPREAD-26APR14MIACHA,KXNBA1HSPREAD,spread,Will Charlotte win the 1H by over 3.5 points?,Charlotte wins the 1H by over 3.5 points,Charlotte wins the 1H by over 3.5 points,no,0,finalized,2026-04-13T18:35:00Z,2026-04-15T00:40:15Z,2026-04-15T02:30:00Z,,1776211200,expected_expiration-150m,1776211200,0.58,0.61,0.595,0.61,104,144212.00,92778.00
KXNBA1HSPREAD-26APR14MIACHA-CHA12,KXNBA1HSPREAD-26APR14MIACHA,KXNBA1HSPREAD,spread,Will Charlotte win the 1H by over 12.5 points?,Charlotte wins the 1H by over 12.5 points,Charlotte wins the 1H by over 12.5 points,no,0,finalized,2026-04-13T18:35:00Z,2026-04-15T00:40:17Z,2026-04-15T02:30:00Z,,1776211200,expected_expiration-150m,1776211020,0.02,0.38,0.2,,32,1.00,1.00
KXNBA1HSPREAD-26APR14PORPHX-POR9,KXNBA1HSPREAD-26APR14PORPHX,KXNBA1HSPREAD,spread,Will Portland win the 1H by over 9.5 points?,Portland wins the 1H by over 9.5 points,Portland wins the 1H by over 9.5 points,no,0,finalized,2026-04-13T18:35:00Z,2026-04-15T03:13:29Z,2026-04-15T05:00:00Z,,1776220200,expected_expiration-150m,1776220140,0.0,0.25,0.125,,46,15207.00,6896.00
KXNBA1HSPREAD-26APR14PORPHX-POR6,KXNBA1HSPREAD-26APR14PORPHX,KXNBA1HSPREAD,spread,Will Portland win the 1H by over 6.5 points?,Portland wins the 1H by over 6.5 points,Portland wins the 1H by over 6.5 points,no,0,finalized,2026-04-13T18:35:00Z,2026-04-15T03:13:29Z,2026-04-15T05:00:00Z,,1776220200,expected_expiration-150m,1776220200,0.05,0.34,0.195,,58,20537.00,11172.00
KXNBA1HSPREAD-26APR14PORPHX-POR3,KXNBA1HSPREAD-26APR14PORPHX,KXNBA1HSPREAD,spread,Will Portland win the 1H by over 3.5 points?,Portland wins the 1H by over 3.5 points,Portland wins the 1H by over 3.5 points,no,0,finalized,2026-04-13T18:35:00Z,2026-04-15T03:13:29Z,2026-04-15T05:00:00Z,,1776220200,expected_expiration-150m,1776220200,0.27,0.45,0.36,0.45,57,21839.00,16270.00
KXNBA1HSPREAD-26APR14PORPHX-POR18,KXNBA1HSPREAD-26APR14PORPHX,KXNBA1HSPREAD,spread,Will Portland win the 1H by over 18.5 points?,Portland wins the 1H by over 18.5 points,Portland wins the 1H by over 18.5 points,no,0,finalized,2026-04-13T18:35:00Z,2026-04-15T03:13:30Z,2026-04-15T05:00:00Z,,1776220200,expected_expiration-150m,1776220080,0.0,0.13,0.065,,39,7.00,7.00
KXNBA1HSPREAD-26APR14PORPHX-POR15,KXNBA1HSPREAD-26APR14PORPHX,KXNBA1HSPREAD,spread,Will Portland win the 1H by over 15.5 points?,Portland wins the 1H by over 15.5 points,Portland wins the 1H by over 15.5 points,no,0,finalized,2026-04-13T18:35:00Z,2026-04-15T03:13:29Z,2026-04-15T05:00:00Z,,1776220200,expected_expiration-150m,1776220140,0.0,0.2,0.1,,42,48.00,28.00
KXNBA1HSPREAD-26APR14PORPHX-POR12,KXNBA1HSPREAD-26APR14PORPHX,KXNBA1HSPREAD,spread,Will Portland win the 1H by over 12.5 points?,Portland wins the 1H by over 12.5 points,Portland wins the 1H by over 12.5 points,no,0,finalized,2026-04-13T18:35:00Z,2026-04-15T03:13:29Z,2026-04-15T05:00:00Z,,1776220200,expected_expiration-150m,1776220200,0.0,0.3,0.15,,59,1518.00,1310.00
KXNBA1HSPREAD-26APR14PORPHX-PHX9,KXNBA1HSPREAD-26APR14PORPHX,KXNBA1HSPREAD,spread,Will Phoenix win the 1H by over 9.5 points?,Phoenix wins the 1H by over 9.5 points,Phoenix wins the 1H by over 9.5 points,no,0,finalized,2026-04-13T18:35:00Z,2026-04-15T03:13:28Z,2026-04-15T05:00:00Z,,1776220200,expected_expiration-150m,1776220200,0.18,0.57,0.375,,71,824.00,758.00
KXNBA1HSPREAD-26APR14PORPHX-PHX6,KXNBA1HSPREAD-26APR14PORPHX,KXNBA1HSPREAD,spread,Will Phoenix win the 1H by over 6.5 points?,Phoenix wins the 1H by over 6.5 points,Phoenix wins the 1H by over 6.5 points,no,0,finalized,2026-04-13T18:35:00Z,2026-04-15T03:13:28Z,2026-04-15T05:00:00Z,,1776220200,expected_expiration-150m,1776220200,0.27,0.4,0.335,0.46,67,23174.00,16050.00
KXNBA1HSPREAD-26APR14PORPHX-PHX3,KXNBA1HSPREAD-26APR14PORPHX,KXNBA1HSPREAD,spread,Will Phoenix win the 1H by over 3.5 points?,Phoenix wins the 1H by over 3.5 points,Phoenix wins the 1H by over 3.5 points,no,0,finalized,2026-04-13T18:35:00Z,2026-04-15T03:13:29Z,2026-04-15T05:00:00Z,,1776220200,expected_expiration-150m,1776220200,0.41,0.51,0.45999999999999996,0.41,84,60484.00,34743.00
KXNBA1HSPREAD-26APR14PORPHX-PHX12,KXNBA1HSPREAD-26APR14PORPHX,KXNBA1HSPREAD,spread,Will Phoenix win the 1H by over 12.5 points?,Phoenix wins the 1H by over 12.5 points,Phoenix wins the 1H by over 12.5 points,no,0,finalized,2026-04-13T18:35:00Z,2026-04-15T03:13:28Z,2026-04-15T05:00:00Z,,1776220200,expected_expiration-150m,1776220200,0.0,0.43,0.215,,64,923.00,921.00
KXNBA1HSPREAD-26APR12CHANYK-NYK7,KXNBA1HSPREAD-26APR12CHANYK,KXNBA1HSPREAD,spread,Will New York win the 1H by over 7.5 points?,New York wins the 1H by over 7.5 points,New York wins the 1H by over 7.5 points,no,0,finalized,2026-04-12T06:35:00Z,2026-04-12T23:04:00Z,2026-04-13T01:00:00Z,,1776033000,expected_expiration-150m,1776032820,0.0,0.38,0.19,,33,0.00,0.00
KXNBA1HSPREAD-26APR12CHANYK-NYK4,KXNBA1HSPREAD-26APR12CHANYK,KXNBA1HSPREAD,spread,Will New York win the 1H by over 4.5 points?,New York wins the 1H by over 4.5 points,New York wins the 1H by over 4.5 points,no,0,finalized,2026-04-12T06:35:00Z,2026-04-12T23:04:00Z,2026-04-13T01:00:00Z,,1776033000,expected_expiration-150m,1776032820,0.0,0.46,0.23,,33,13.00,13.00
KXNBA1HSPREAD-26APR12CHANYK-NYK22,KXNBA1HSPREAD-26APR12CHANYK,KXNBA1HSPREAD,spread,Will New York win the 1H by over 22.5 points?,New York wins the 1H by over 22.5 points,New York wins the 1H by over 22.5 points,no,0,finalized,2026-04-12T06:35:00Z,2026-04-12T23:03:58Z,2026-04-13T01:00:00Z,,1776033000,expected_expiration-150m,1776032820,0.0,0.1,0.05,,32,0.00,0.00
KXNBA1HSPREAD-26APR12CHANYK-NYK19,KXNBA1HSPREAD-26APR12CHANYK,KXNBA1HSPREAD,spread,Will New York win the 1H by over 19.5 points?,New York wins the 1H by over 19.5 points,New York wins the 1H by over 19.5 points,no,0,finalized,2026-04-12T06:35:00Z,2026-04-12T23:03:58Z,2026-04-13T01:00:00Z,,1776033000,expected_expiration-150m,1776032820,0.0,0.13,0.065,,30,0.00,0.00
KXNBA1HSPREAD-26APR12CHANYK-NYK16,KXNBA1HSPREAD-26APR12CHANYK,KXNBA1HSPREAD,spread,Will New York win the 1H by over 16.5 points?,New York wins the 1H by over 16.5 points,New York wins the 1H by over 16.5 points,no,0,finalized,2026-04-12T06:35:00Z,2026-04-12T23:03:59Z,2026-04-13T01:00:00Z,,1776033000,expected_expiration-150m,1776032820,0.0,0.13,0.065,,32,0.00,0.00
KXNBA1HSPREAD-26APR12CHANYK-NYK13,KXNBA1HSPREAD-26APR12CHANYK,KXNBA1HSPREAD,spread,Will New York win the 1H by over 13.5 points?,New York wins the 1H by over 13.5 points,New York wins the 1H by over 13.5 points,no,0,finalized,2026-04-12T06:35:00Z,2026-04-12T23:03:59Z,2026-04-13T01:00:00Z,,1776033000,expected_expiration-150m,1776032820,0.0,0.15,0.075,,30,0.00,0.00
KXNBA1HSPREAD-26APR12CHANYK-NYK10,KXNBA1HSPREAD-26APR12CHANYK,KXNBA1HSPREAD,spread,Will New York win the 1H by over 10.5 points?,New York wins the 1H by over 10.5 points,New York wins the 1H by over 10.5 points,no,0,finalized,2026-04-12T06:35:00Z,2026-04-12T23:03:59Z,2026-04-13T01:00:00Z,,1776033000,expected_expiration-150m,1776032820,0.0,0.27,0.135,,30,0.00,0.00
KXNBA1HSPREAD-26APR12CHANYK-NYK1,KXNBA1HSPREAD-26APR12CHANYK,KXNBA1HSPREAD,spread,Will New York win the 1H by over 1.5 points?,New York wins the 1H by over 1.5 points,New York wins the 1H by over 1.5 points,no,0,finalized,2026-04-12T06:35:00Z,2026-04-12T23:04:00Z,2026-04-13T01:00:00Z,,1776033000,expected_expiration-150m,1776032820,0.0,0.58,0.29,,38,170.00,170.00
KXNBA1HSPREAD-26APR12CHANYK-CHA8,KXNBA1HSPREAD-26APR12CHANYK,KXNBA1HSPREAD,spread,Will Charlotte win the 1H by over 8.5 points?,Charlotte wins the 1H by over 8.5 points,Charlotte wins the 1H by over 8.5 points,yes,1,finalized,2026-04-12T06:35:00Z,2026-04-12T23:04:01Z,2026-04-13T01:00:00Z,,1776033000,expected_expiration-150m,1776033000,0.34,0.36,0.35,,79,23603.00,14057.00
KXNBA1HSPREAD-26APR12CHANYK-CHA5,KXNBA1HSPREAD-26APR12CHANYK,KXNBA1HSPREAD,spread,Will Charlotte win the 1H by over 5.5 points?,Charlotte wins the 1H by over 5.5 points,Charlotte wins the 1H by over 5.5 points,yes,1,finalized,2026-04-12T06:35:00Z,2026-04-12T23:04:01Z,2026-04-13T01:00:00Z,,1776033000,expected_expiration-150m,1776033000,0.48,0.53,0.505,0.45,52,4572.00,3559.00
KXNBA1HSPREAD-26APR12CHANYK-CHA2,KXNBA1HSPREAD-26APR12CHANYK,KXNBA1HSPREAD,spread,Will Charlotte win the 1H by over 2.5 points?,Charlotte wins the 1H by over 2.5 points,Charlotte wins the 1H by over 2.5 points,yes,1,finalized,2026-04-12T06:35:00Z,2026-04-12T23:04:00Z,2026-04-13T01:00:00Z,,1776033000,expected_expiration-150m,1776033000,0.41,0.81,0.61,,55,1212.00,1180.00
KXNBA1HSPREAD-26APR12CHIDAL-DAL8,KXNBA1HSPREAD-26APR12CHIDAL,KXNBA1HSPREAD,spread,Will Dallas win the 1H by over 8.5 points?,Dallas wins the 1H by over 8.5 points,Dallas wins the 1H by over 8.5 points,yes,1,finalized,2026-04-12T06:35:00Z,2026-04-13T01:35:43Z,2026-04-13T03:30:00Z,,1776042000,expected_expiration-150m,1776042000,0.0,0.77,0.385,,54,1362.00,937.00
KXNBA1HSPREAD-26APR12CHIDAL-DAL5,KXNBA1HSPREAD-26APR12CHIDAL,KXNBA1HSPREAD,spread,Will Dallas win the 1H by over 5.5 points?,Dallas wins the 1H by over 5.5 points,Dallas wins the 1H by over 5.5 points,yes,1,finalized,2026-04-12T06:35:00Z,2026-04-13T01:35:43Z,2026-04-13T03:30:00Z,,1776042000,expected_expiration-150m,1776042000,0.45,0.79,0.62,,49,957.00,794.00
KXNBA1HSPREAD-26APR12CHIDAL-DAL2,KXNBA1HSPREAD-26APR12CHIDAL,KXNBA1HSPREAD,spread,Will Dallas win the 1H by over 2.5 points?,Dallas wins the 1H by over 2.5 points,Dallas wins the 1H by over 2.5 points,yes,1,finalized,2026-04-12T06:35:00Z,2026-04-13T01:35:43Z,2026-04-13T03:30:00Z,,1776042000,expected_expiration-150m,1776042000,0.94,0.96,0.95,,70,6564.00,4469.00
KXNBA1HSPREAD-26APR12CHIDAL-DAL11,KXNBA1HSPREAD-26APR12CHIDAL,KXNBA1HSPREAD,spread,Will Dallas win the 1H by over 11.5 points?,Dallas wins the 1H by over 11.5 points,Dallas wins the 1H by over 11.5 points,yes,1,finalized,2026-04-12T06:35:00Z,2026-04-13T01:35:42Z,2026-04-13T03:30:00Z,,1776042000,expected_expiration-150m,1776042000,0.46,0.7,0.58,,44,5190.00,3591.00
KXNBA1HSPREAD-26APR12CHIDAL-CHI7,KXNBA1HSPREAD-26APR12CHIDAL,KXNBA1HSPREAD,spread,Will Chicago win the 1H by over 7.5 points?,Chicago wins the 1H by over 7.5 points,Chicago wins the 1H by over 7.5 points,no,0,finalized,2026-04-12T06:35:00Z,2026-04-13T01:35:43Z,2026-04-13T03:30:00Z,,1776042000,expected_expiration-150m,1776042000,0.0,0.78,0.39,,53,0.00,0.00
KXNBA1HSPREAD-26APR12CHIDAL-CHI4,KXNBA1HSPREAD-26APR12CHIDAL,KXNBA1HSPREAD,spread,Will Chicago win the 1H by over 4.5 points?,Chicago wins the 1H by over 4.5 points,Chicago wins the 1H by over 4.5 points,no,0,finalized,2026-04-12T06:35:00Z,2026-04-13T01:35:43Z,2026-04-13T03:30:00Z,,1776042000,expected_expiration-150m,1776042000,0.0,0.72,0.36,,46,30.00,30.00
KXNBA1HSPREAD-26APR12CHIDAL-CHI19,KXNBA1HSPREAD-26APR12CHIDAL,KXNBA1HSPREAD,spread,Will Chicago win the 1H by over 19.5 points?,Chicago wins the 1H by over 19.5 points,Chicago wins the 1H by over 19.5 points,no,0,finalized,2026-04-12T06:35:00Z,2026-04-13T01:35:44Z,2026-04-13T03:30:00Z,,1776042000,expected_expiration-150m,1776042000,0.0,0.62,0.31,,45,0.00,0.00
KXNBA1HSPREAD-26APR12CHIDAL-CHI16,KXNBA1HSPREAD-26APR12CHIDAL,KXNBA1HSPREAD,spread,Will Chicago win the 1H by over 16.5 points?,Chicago wins the 1H by over 16.5 points,Chicago wins the 1H by over 16.5 points,no,0,finalized,2026-04-12T06:35:00Z,2026-04-13T01:35:44Z,2026-04-13T03:30:00Z,,1776042000,expected_expiration-150m,1776042000,0.0,0.62,0.31,,43,0.00,0.00
KXNBA1HSPREAD-26APR12CHIDAL-CHI13,KXNBA1HSPREAD-26APR12CHIDAL,KXNBA1HSPREAD,spread,Will Chicago win the 1H by over 13.5 points?,Chicago wins the 1H by over 13.5 points,Chicago wins the 1H by over 13.5 points,no,0,finalized,2026-04-12T06:35:00Z,2026-04-13T01:35:44Z,2026-04-13T03:30:00Z,,1776042000,expected_expiration-150m,1776042000,0.0,0.72,0.36,,46,0.00,0.00
KXNBA1HSPREAD-26APR12CHIDAL-CHI10,KXNBA1HSPREAD-26APR12CHIDAL,KXNBA1HSPREAD,spread,Will Chicago win the 1H by over 10.5 points?,Chicago wins the 1H by over 10.5 points,Chicago wins the 1H by over 10.5 points,no,0,finalized,2026-04-12T06:35:00Z,2026-04-13T01:35:44Z,2026-04-13T03:30:00Z,,1776042000,expected_expiration-150m,1776042000,0.0,0.72,0.36,,52,0.00,0.00
KXNBA1HSPREAD-26APR12CHIDAL-CHI1,KXNBA1HSPREAD-26APR12CHIDAL,KXNBA1HSPREAD,spread,Will Chicago win the 1H by over 1.5 points?,Chicago wins the 1H by over 1.5 points,Chicago wins the 1H by over 1.5 points,no,0,finalized,2026-04-12T06:35:00Z,2026-04-13T01:35:43Z,2026-04-13T03:30:00Z,,1776042000,expected_expiration-150m,1776042000,0.0,0.76,0.38,,53,0.00,0.00
KXNBA1HSPREAD-26APR12GSWLAC-LAC8,KXNBA1HSPREAD-26APR12GSWLAC,KXNBA1HSPREAD,spread,Will Los Angeles C win the 1H by over 8.5 points?,Los Angeles C wins the 1H by over 8.5 points,Los Angeles C wins the 1H by over 8.5 points,no,0,finalized,2026-04-12T06:35:00Z,2026-04-13T01:37:50Z,2026-04-13T03:30:00Z,,1776042000,expected_expiration-150m,1776042000,0.0,0.76,0.38,,49,1268.00,1013.00
KXNBA1HSPREAD-26APR12GSWLAC-LAC5,KXNBA1HSPREAD-26APR12GSWLAC,KXNBA1HSPREAD,spread,Will Los Angeles C win the 1H by over 5.5 points?,Los Angeles C wins the 1H by over 5.5 points,Los Angeles C wins the 1H by over 5.5 points,no,0,finalized,2026-04-12T06:35:00Z,2026-04-13T01:37:50Z,2026-04-13T03:30:00Z,,1776042000,expected_expiration-150m,1776042000,0.02,0.4,0.21000000000000002,,47,4870.00,2034.00
KXNBA1HSPREAD-26APR12GSWLAC-LAC2,KXNBA1HSPREAD-26APR12GSWLAC,KXNBA1HSPREAD,spread,Will Los Angeles C win the 1H by over 2.5 points?,Los Angeles C wins the 1H by over 2.5 points,Los Angeles C wins the 1H by over 2.5 points,yes,1,finalized,2026-04-12T06:35:00Z,2026-04-13T01:37:51Z,2026-04-13T03:30:00Z,,1776042000,expected_expiration-150m,1776042000,0.3,0.69,0.495,,83,19582.00,10458.00
KXNBA1HSPREAD-26APR12GSWLAC-LAC11,KXNBA1HSPREAD-26APR12GSWLAC,KXNBA1HSPREAD,spread,Will Los Angeles C win the 1H by over 11.5 points?,Los Angeles C wins the 1H by over 11.5 points,Los Angeles C wins the 1H by over 11.5 points,no,0,finalized,2026-04-12T06:35:00Z,2026-04-13T01:37:50Z,2026-04-13T03:30:00Z,,1776042000,expected_expiration-150m,1776042000,0.0,0.72,0.36,,45,86.00,82.00
KXNBA1HSPREAD-26APR12GSWLAC-GSW7,KXNBA1HSPREAD-26APR12GSWLAC,KXNBA1HSPREAD,spread,Will Golden State win the 1H by over 7.5 points?,Golden State wins the 1H by over 7.5 points,Golden State wins the 1H by over 7.5 points,no,0,finalized,2026-04-12T06:35:00Z,2026-04-13T01:37:51Z,2026-04-13T03:30:00Z,,1776042000,expected_expiration-150m,1776042000,0.0,0.45,0.225,,54,303.00,281.00
KXNBA1HSPREAD-26APR12GSWLAC-GSW4,KXNBA1HSPREAD-26APR12GSWLAC,KXNBA1HSPREAD,spread,Will Golden State win the 1H by over 4.5 points?,Golden State wins the 1H by over 4.5 points,Golden State wins the 1H by over 4.5 points,no,0,finalized,2026-04-12T06:35:00Z,2026-04-13T01:37:51Z,2026-04-13T03:30:00Z,,1776042000,expected_expiration-150m,1776042000,0.43,0.57,0.5,0.38,43,2141.00,1903.00
KXNBA1HSPREAD-26APR12GSWLAC-GSW19,KXNBA1HSPREAD-26APR12GSWLAC,KXNBA1HSPREAD,spread,Will Golden State win the 1H by over 19.5 points?,Golden State wins the 1H by over 19.5 points,Golden State wins the 1H by over 19.5 points,no,0,finalized,2026-04-12T06:35:00Z,2026-04-13T01:37:52Z,2026-04-13T03:30:00Z,,1776042000,expected_expiration-150m,1776042000,0.0,0.62,0.31,,44,0.00,0.00
KXNBA1HSPREAD-26APR12GSWLAC-GSW16,KXNBA1HSPREAD-26APR12GSWLAC,KXNBA1HSPREAD,spread,Will Golden State win the 1H by over 16.5 points?,Golden State wins the 1H by over 16.5 points,Golden State wins the 1H by over 16.5 points,no,0,finalized,2026-04-12T06:35:00Z,2026-04-13T01:37:52Z,2026-04-13T03:30:00Z,,1776042000,expected_expiration-150m,1776042000,0.0,0.62,0.31,,46,0.00,0.00
KXNBA1HSPREAD-26APR12GSWLAC-GSW13,KXNBA1HSPREAD-26APR12GSWLAC,KXNBA1HSPREAD,spread,Will Golden State win the 1H by over 13.5 points?,Golden State wins the 1H by over 13.5 points,Golden State wins the 1H by over 13.5 points,no,0,finalized,2026-04-12T06:35:00Z,2026-04-13T01:37:52Z,2026-04-13T03:30:00Z,,1776042000,expected_expiration-150m,1776042000,0.0,0.72,0.36,,46,0.00,0.00
KXNBA1HSPREAD-26APR12GSWLAC-GSW10,KXNBA1HSPREAD-26APR12GSWLAC,KXNBA1HSPREAD,spread,Will Golden State win the 1H by over 10.5 points?,Golden State wins the 1H by over 10.5 points,Golden State wins the 1H by over 10.5 points,no,0,finalized,2026-04-12T06:35:00Z,2026-04-13T01:37:51Z,2026-04-13T03:30:00Z,,1776042000,expected_expiration-150m,1776042000,0.0,0.72,0.36,,54,0.00,0.00
KXNBA1HSPREAD-26APR12GSWLAC-GSW1,KXNBA1HSPREAD-26APR12GSWLAC,KXNBA1HSPREAD,spread,Will Golden State win the 1H by over 1.5 points?,Golden State wins the 1H by over 1.5 points,Golden State wins the 1H by over 1.5 points,no,0,finalized,2026-04-12T06:35:00Z,2026-04-13T01:37:51Z,2026-04-13T03:30:00Z,,1776042000,expected_expiration-150m,1776042000,0.53,0.6,0.565,0.6,62,9772.00,7839.00
KXNBA1HSPREAD-26APR12PHXOKC-PHX9,KXNBA1HSPREAD-26APR12PHXOKC,KXNBA1HSPREAD,spread,Will Phoenix win the 1H by over 9.5 points?,Phoenix wins the 1H by over 9.5 points,Phoenix wins the 1H by over 9.5 points,yes,1,finalized,2026-04-12T06:35:00Z,2026-04-13T01:33:39Z,2026-04-13T03:30:00Z,,1776042000,expected_expiration-150m,1776042000,0.54,0.77,0.655,,55,3330.00,2583.00
KXNBA1HSPREAD-26APR12PHXOKC-PHX6,KXNBA1HSPREAD-26APR12PHXOKC,KXNBA1HSPREAD,spread,Will Phoenix win the 1H by over 6.5 points?,Phoenix wins the 1H by over 6.5 points,Phoenix wins the 1H by over 6.5 points,yes,1,finalized,2026-04-12T06:35:00Z,2026-04-13T01:33:39Z,2026-04-13T03:30:00Z,,1776042000,expected_expiration-150m,1776042000,0.47,0.78,0.625,,42,944.00,692.00
KXNBA1HSPREAD-26APR12PHXOKC-PHX3,KXNBA1HSPREAD-26APR12PHXOKC,KXNBA1HSPREAD,spread,Will Phoenix win the 1H by over 3.5 points?,Phoenix wins the 1H by over 3.5 points,Phoenix wins the 1H by over 3.5 points,yes,1,finalized,2026-04-12T06:35:00Z,2026-04-13T01:33:39Z,2026-04-13T03:30:00Z,,1776042000,expected_expiration-150m,1776042000,0.57,0.79,0.6799999999999999,0.79,52,1622.00,1441.00
KXNBA1HSPREAD-26APR12PHXOKC-PHX18,KXNBA1HSPREAD-26APR12PHXOKC,KXNBA1HSPREAD,spread,Will Phoenix win the 1H by over 18.5 points?,Phoenix wins the 1H by over 18.5 points,Phoenix wins the 1H by over 18.5 points,no,0,finalized,2026-04-12T06:35:00Z,2026-04-13T01:33:38Z,2026-04-13T03:30:00Z,,1776042000,expected_expiration-150m,1776042000,0.06,0.59,0.32499999999999996,,42,2705.00,1802.00
KXNBA1HSPREAD-26APR12PHXOKC-PHX15,KXNBA1HSPREAD-26APR12PHXOKC,KXNBA1HSPREAD,spread,Will Phoenix win the 1H by over 15.5 points?,Phoenix wins the 1H by over 15.5 points,Phoenix wins the 1H by over 15.5 points,yes,1,finalized,2026-04-12T06:35:00Z,2026-04-13T01:33:38Z,2026-04-13T03:30:00Z,,1776042000,expected_expiration-150m,1776042000,0.39,0.56,0.47500000000000003,0.54,45,3217.00,2823.00
KXNBA1HSPREAD-26APR12PHXOKC-PHX12,KXNBA1HSPREAD-26APR12PHXOKC,KXNBA1HSPREAD,spread,Will Phoenix win the 1H by over 12.5 points?,Phoenix wins the 1H by over 12.5 points,Phoenix wins the 1H by over 12.5 points,yes,1,finalized,2026-04-12T06:35:00Z,2026-04-13T01:33:39Z,2026-04-13T03:30:00Z,,1776042000,expected_expiration-150m,1776042000,0.44,0.69,0.565,,52,4370.00,3252.00
KXNBA1HSPREAD-26APR12PHXOKC-OKC9,KXNBA1HSPREAD-26APR12PHXOKC,KXNBA1HSPREAD,spread,Will Oklahoma City win the 1H by over 9.5 points?,Oklahoma City wins the 1H by over 9.5 points,Oklahoma City wins the 1H by over 9.5 points,no,0,finalized,2026-04-12T06:35:00Z,2026-04-13T01:33:40Z,2026-04-13T03:30:00Z,,1776042000,expected_expiration-150m,1776042000,0.0,0.09,0.045,,44,191.00,191.00
KXNBA1HSPREAD-26APR12PHXOKC-OKC6,KXNBA1HSPREAD-26APR12PHXOKC,KXNBA1HSPREAD,spread,Will Oklahoma City win the 1H by over 6.5 points?,Oklahoma City wins the 1H by over 6.5 points,Oklahoma City wins the 1H by over 6.5 points,no,0,finalized,2026-04-12T06:35:00Z,2026-04-13T01:33:40Z,2026-04-13T03:30:00Z,,1776042000,expected_expiration-150m,1776042000,0.0,0.13,0.065,,52,438.00,438.00
KXNBA1HSPREAD-26APR12PHXOKC-OKC3,KXNBA1HSPREAD-26APR12PHXOKC,KXNBA1HSPREAD,spread,Will Oklahoma City win the 1H by over 3.5 points?,Oklahoma City wins the 1H by over 3.5 points,Oklahoma City wins the 1H by over 3.5 points,no,0,finalized,2026-04-12T06:35:00Z,2026-04-13T01:33:40Z,2026-04-13T03:30:00Z,,1776042000,expected_expiration-150m,1776041940,0.02,0.14,0.08,,59,28402.00,26646.00
KXNBA1HSPREAD-26APR12PHXOKC-OKC12,KXNBA1HSPREAD-26APR12PHXOKC,KXNBA1HSPREAD,spread,Will Oklahoma City win the 1H by over 12.5 points?,Oklahoma City wins the 1H by over 12.5 points,Oklahoma City wins the 1H by over 12.5 points,no,0,finalized,2026-04-12T06:35:00Z,2026-04-13T01:33:40Z,2026-04-13T03:30:00Z,,1776042000,expected_expiration-150m,1776042000,0.0,0.11,0.055,,44,0.00,0.00
KXNBA1HSPREAD-26APR12MEMHOU-MEM8,KXNBA1HSPREAD-26APR12MEMHOU,KXNBA1HSPREAD,spread,Will Memphis win the 1H by over 8.5 points?,Memphis wins the 1H by over 8.5 points,Memphis wins the 1H by over 8.5 points,no,0,finalized,2026-04-12T06:35:00Z,2026-04-13T01:35:43Z,2026-04-13T03:30:00Z,,1776042000,expected_expiration-150m,1776042000,0.0,0.72,0.36,,55,0.00,0.00
KXNBA1HSPREAD-26APR12MEMHOU-MEM5,KXNBA1HSPREAD-26APR12MEMHOU,KXNBA1HSPREAD,spread,Will Memphis win the 1H by over 5.5 points?,Memphis wins the 1H by over 5.5 points,Memphis wins the 1H by over 5.5 points,no,0,finalized,2026-04-12T06:35:00Z,2026-04-13T01:35:43Z,2026-04-13T03:30:00Z,,1776042000,expected_expiration-150m,1776042000,0.0,0.72,0.36,,58,0.00,0.00
KXNBA1HSPREAD-26APR12MEMHOU-MEM23,KXNBA1HSPREAD-26APR12MEMHOU,KXNBA1HSPREAD,spread,Will Memphis win the 1H by over 23.5 points?,Memphis wins the 1H by over 23.5 points,Memphis wins the 1H by over 23.5 points,no,0,finalized,2026-04-12T06:35:00Z,2026-04-13T01:35:44Z,2026-04-13T03:30:00Z,,1776042000,expected_expiration-150m,1776042000,0.0,0.62,0.31,,41,0.00,0.00
KXNBA1HSPREAD-26APR12MEMHOU-MEM20,KXNBA1HSPREAD-26APR12MEMHOU,KXNBA1HSPREAD,spread,Will Memphis win the 1H by over 20.5 points?,Memphis wins the 1H by over 20.5 points,Memphis wins the 1H by over 20.5 points,no,0,finalized,2026-04-12T06:35:00Z,2026-04-13T01:35:44Z,2026-04-13T03:30:00Z,,1776042000,expected_expiration-150m,1776042000,0.0,0.62,0.31,,45,0.00,0.00
KXNBA1HSPREAD-26APR12MEMHOU-MEM2,KXNBA1HSPREAD-26APR12MEMHOU,KXNBA1HSPREAD,spread,Will Memphis win the 1H by over 2.5 points?,Memphis wins the 1H by over 2.5 points,Memphis wins the 1H by over 2.5 points,no,0,finalized,2026-04-12T06:35:00Z,2026-04-13T01:35:43Z,2026-04-13T03:30:00Z,,1776042000,expected_expiration-150m,1776042000,0.0,0.61,0.305,,60,865.00,865.00
KXNBA1HSPREAD-26APR12MEMHOU-MEM17,KXNBA1HSPREAD-26APR12MEMHOU,KXNBA1HSPREAD,spread,Will Memphis win the 1H by over 17.5 points?,Memphis wins the 1H by over 17.5 points,Memphis wins the 1H by over 17.5 points,no,0,finalized,2026-04-12T06:35:00Z,2026-04-13T01:35:44Z,2026-04-13T03:30:00Z,,1776042000,expected_expiration-150m,1776042000,0.0,0.62,0.31,,41,0.00,0.00
KXNBA1HSPREAD-26APR12MEMHOU-MEM14,KXNBA1HSPREAD-26APR12MEMHOU,KXNBA1HSPREAD,spread,Will Memphis win the 1H by over 14.5 points?,Memphis wins the 1H by over 14.5 points,Memphis wins the 1H by over 14.5 points,no,0,finalized,2026-04-12T06:35:00Z,2026-04-13T01:35:44Z,2026-04-13T03:30:00Z,,1776042000,expected_expiration-150m,1776042000,0.0,0.62,0.31,,41,0.00,0.00
KXNBA1HSPREAD-26APR12MEMHOU-MEM11,KXNBA1HSPREAD-26APR12MEMHOU,KXNBA1HSPREAD,spread,Will Memphis win the 1H by over 11.5 points?,Memphis wins the 1H by over 11.5 points,Memphis wins the 1H by over 11.5 points,no,0,finalized,2026-04-12T06:35:00Z,2026-04-13T01:35:43Z,2026-04-13T03:30:00Z,,1776042000,expected_expiration-150m,1776042000,0.0,0.72,0.36,,47,0.00,0.00
KXNBA1HSPREAD-26APR12MEMHOU-HOU7,KXNBA1HSPREAD-26APR12MEMHOU,KXNBA1HSPREAD,spread,Will Houston win the 1H by over 7.5 points?,Houston wins the 1H by over 7.5 points,Houston wins the 1H by over 7.5 points,yes,1,finalized,2026-04-12T06:35:00Z,2026-04-13T01:35:42Z,2026-04-13T03:30:00Z,,1776042000,expected_expiration-150m,1776042000,0.39,0.47,0.43,,62,9982.00,5702.00
KXNBA1HSPREAD-26APR12MEMHOU-HOU4,KXNBA1HSPREAD-26APR12MEMHOU,KXNBA1HSPREAD,spread,Will Houston win the 1H by over 4.5 points?,Houston wins the 1H by over 4.5 points,Houston wins the 1H by over 4.5 points,yes,1,finalized,2026-04-12T06:35:00Z,2026-04-13T01:35:43Z,2026-04-13T03:30:00Z,,1776042000,expected_expiration-150m,1776042000,0.46,0.59,0.525,,51,6120.00,4578.00
KXNBA1HSPREAD-26APR12MEMHOU-HOU1,KXNBA1HSPREAD-26APR12MEMHOU,KXNBA1HSPREAD,spread,Will Houston win the 1H by over 1.5 points?,Houston wins the 1H by over 1.5 points,Houston wins the 1H by over 1.5 points,yes,1,finalized,2026-04-12T06:35:00Z,2026-04-13T01:35:43Z,2026-04-13T03:30:00Z,,1776042000,expected_expiration-150m,1776042000,0.28,0.73,0.505,,50,397.00,362.00
KXNBA1HSPREAD-26APR12DENSAS-SAS8,KXNBA1HSPREAD-26APR12DENSAS,KXNBA1HSPREAD,spread,Will San Antonio win the 1H by over 8.5 points?,San Antonio wins the 1H by over 8.5 points,San Antonio wins the 1H by over 8.5 points,no,0,finalized,2026-04-12T06:35:00Z,2026-04-13T01:43:30Z,2026-04-13T03:30:00Z,,1776042000,expected_expiration-150m,1776042000,0.14,0.36,0.25,,79,3372.00,2707.00
KXNBA1HSPREAD-26APR12DENSAS-SAS5,KXNBA1HSPREAD-26APR12DENSAS,KXNBA1HSPREAD,spread,Will San Antonio win the 1H by over 5.5 points?,San Antonio wins the 1H by over 5.5 points,San Antonio wins the 1H by over 5.5 points,no,0,finalized,2026-04-12T06:35:00Z,2026-04-13T01:43:30Z,2026-04-13T03:30:00Z,,1776042000,expected_expiration-150m,1776042000,0.26,0.36,0.31,0.29,85,39745.00,24542.00
KXNBA1HSPREAD-26APR12DENSAS-SAS2,KXNBA1HSPREAD-26APR12DENSAS,KXNBA1HSPREAD,spread,Will San Antonio win the 1H by over 2.5 points?,San Antonio wins the 1H by over 2.5 points,San Antonio wins the 1H by over 2.5 points,no,0,finalized,2026-04-12T06:35:00Z,2026-04-13T01:43:30Z,2026-04-13T03:30:00Z,,1776042000,expected_expiration-150m,1776042000,0.39,0.5,0.445,0.5,60,25638.00,13583.00
KXNBA1HSPREAD-26APR12DENSAS-DEN7,KXNBA1HSPREAD-26APR12DENSAS,KXNBA1HSPREAD,spread,Will Denver win the 1H by over 7.5 points?,Denver wins the 1H by over 7.5 points,Denver wins the 1H by over 7.5 points,yes,1,finalized,2026-04-12T06:35:00Z,2026-04-13T01:43:31Z,2026-04-13T03:30:00Z,,1776042000,expected_expiration-150m,1776042000,0.02,0.53,0.275,,57,2956.00,1974.00
KXNBA1HSPREAD-26APR12DENSAS-DEN4,KXNBA1HSPREAD-26APR12DENSAS,KXNBA1HSPREAD,spread,Will Denver win the 1H by over 4.5 points?,Denver wins the 1H by over 4.5 points,Denver wins the 1H by over 4.5 points,yes,1,finalized,2026-04-12T06:35:00Z,2026-04-13T01:43:31Z,2026-04-13T03:30:00Z,,1776042000,expected_expiration-150m,1776042000,0.33,0.44,0.385,0.45,56,5947.00,4237.00
KXNBA1HSPREAD-26APR12DENSAS-DEN22,KXNBA1HSPREAD-26APR12DENSAS,KXNBA1HSPREAD,spread,Will Denver win the 1H by over 22.5 points?,Denver wins the 1H by over 22.5 points,Denver wins the 1H by over 22.5 points,no,0,finalized,2026-04-12T06:35:00Z,2026-04-13T01:43:32Z,2026-04-13T03:30:00Z,,1776042000,expected_expiration-150m,1776042000,0.0,0.15,0.075,,27,973.00,929.00
KXNBA1HSPREAD-26APR12DENSAS-DEN19,KXNBA1HSPREAD-26APR12DENSAS,KXNBA1HSPREAD,spread,Will Denver win the 1H by over 19.5 points?,Denver wins the 1H by over 19.5 points,Denver wins the 1H by over 19.5 points,no,0,finalized,2026-04-12T06:35:00Z,2026-04-13T01:43:31Z,2026-04-13T03:30:00Z,,1776042000,expected_expiration-150m,1776042000,0.0,0.26,0.13,,26,77.00,57.00
KXNBA1HSPREAD-26APR12DENSAS-DEN16,KXNBA1HSPREAD-26APR12DENSAS,KXNBA1HSPREAD,spread,Will Denver win the 1H by over 16.5 points?,Denver wins the 1H by over 16.5 points,Denver wins the 1H by over 16.5 points,no,0,finalized,2026-04-12T06:35:00Z,2026-04-13T01:43:31Z,2026-04-13T03:30:00Z,,1776042000,expected_expiration-150m,1776042000,0.0,0.35,0.175,,26,2827.00,1636.00
KXNBA1HSPREAD-26APR12DENSAS-DEN13,KXNBA1HSPREAD-26APR12DENSAS,KXNBA1HSPREAD,spread,Will Denver win the 1H by over 13.5 points?,Denver wins the 1H by over 13.5 points,Denver wins the 1H by over 13.5 points,yes,1,finalized,2026-04-12T06:35:00Z,2026-04-13T01:43:31Z,2026-04-13T03:30:00Z,,1776042000,expected_expiration-150m,1776042000,0.0,0.39,0.195,,34,1912.00,1653.00
KXNBA1HSPREAD-26APR12DENSAS-DEN10,KXNBA1HSPREAD-26APR12DENSAS,KXNBA1HSPREAD,spread,Will Denver win the 1H by over 10.5 points?,Denver wins the 1H by over 10.5 points,Denver wins the 1H by over 10.5 points,yes,1,finalized,2026-04-12T06:35:00Z,2026-04-13T01:43:31Z,2026-04-13T03:30:00Z,,1776042000,expected_expiration-150m,1776042000,0.0,0.57,0.285,,47,2594.00,1676.00
KXNBA1HSPREAD-26APR12DENSAS-DEN1,KXNBA1HSPREAD-26APR12DENSAS,KXNBA1HSPREAD,spread,Will Denver win the 1H by over 1.5 points?,Denver wins the 1H by over 1.5 points,Denver wins the 1H by over 1.5 points,yes,1,finalized,2026-04-12T06:35:00Z,2026-04-13T01:43:30Z,2026-04-13T03:30:00Z,,1776042000,expected_expiration-150m,1776042000,0.44,0.54,0.49,0.54,55,12991.00,8139.00
KXNBA1HSPREAD-26APR12UTALAL-UTA8,KXNBA1HSPREAD-26APR12UTALAL,KXNBA1HSPREAD,spread,Will Utah win the 1H by over 8.5 points?,Utah wins the 1H by over 8.5 points,Utah wins the 1H by over 8.5 points,no,0,finalized,2026-04-12T06:35:00Z,2026-04-13T01:40:05Z,2026-04-13T03:30:00Z,,1776042000,expected_expiration-150m,1776042000,0.0,0.72,0.36,,56,0.00,0.00
KXNBA1HSPREAD-26APR12UTALAL-UTA5,KXNBA1HSPREAD-26APR12UTALAL,KXNBA1HSPREAD,spread,Will Utah win the 1H by over 5.5 points?,Utah wins the 1H by over 5.5 points,Utah wins the 1H by over 5.5 points,no,0,finalized,2026-04-12T06:35:00Z,2026-04-13T01:40:06Z,2026-04-13T03:30:00Z,,1776042000,expected_expiration-150m,1776042000,0.0,0.76,0.38,,52,0.00,0.00
KXNBA1HSPREAD-26APR12UTALAL-UTA23,KXNBA1HSPREAD-26APR12UTALAL,KXNBA1HSPREAD,spread,Will Utah win the 1H by over 23.5 points?,Utah wins the 1H by over 23.5 points,Utah wins the 1H by over 23.5 points,no,0,finalized,2026-04-12T06:35:00Z,2026-04-13T01:40:03Z,2026-04-13T03:30:00Z,,1776042000,expected_expiration-150m,1776042000,0.0,0.01,0.005,,39,0.00,0.00
KXNBA1HSPREAD-26APR12UTALAL-UTA20,KXNBA1HSPREAD-26APR12UTALAL,KXNBA1HSPREAD,spread,Will Utah win the 1H by over 20.5 points?,Utah wins the 1H by over 20.5 points,Utah wins the 1H by over 20.5 points,no,0,finalized,2026-04-12T06:35:00Z,2026-04-13T01:40:03Z,2026-04-13T03:30:00Z,,1776042000,expected_expiration-150m,1776042000,0.0,0.62,0.31,,39,0.00,0.00
KXNBA1HSPREAD-26APR12UTALAL-UTA2,KXNBA1HSPREAD-26APR12UTALAL,KXNBA1HSPREAD,spread,Will Utah win the 1H by over 2.5 points?,Utah wins the 1H by over 2.5 points,Utah wins the 1H by over 2.5 points,no,0,finalized,2026-04-12T06:35:00Z,2026-04-13T01:40:06Z,2026-04-13T03:30:00Z,,1776042000,expected_expiration-150m,1776042000,0.0,0.78,0.39,,53,0.00,0.00
KXNBA1HSPREAD-26APR12UTALAL-UTA17,KXNBA1HSPREAD-26APR12UTALAL,KXNBA1HSPREAD,spread,Will Utah win the 1H by over 17.5 points?,Utah wins the 1H by over 17.5 points,Utah wins the 1H by over 17.5 points,no,0,finalized,2026-04-12T06:35:00Z,2026-04-13T01:40:04Z,2026-04-13T03:30:00Z,,1776042000,expected_expiration-150m,1776042000,0.0,0.62,0.31,,39,0.00,0.00
KXNBA1HSPREAD-26APR12UTALAL-UTA14,KXNBA1HSPREAD-26APR12UTALAL,KXNBA1HSPREAD,spread,Will Utah win the 1H by over 14.5 points?,Utah wins the 1H by over 14.5 points,Utah wins the 1H by over 14.5 points,no,0,finalized,2026-04-12T06:35:00Z,2026-04-13T01:40:04Z,2026-04-13T03:30:00Z,,1776042000,expected_expiration-150m,1776042000,0.0,0.62,0.31,,39,0.00,0.00
KXNBA1HSPREAD-26APR12UTALAL-UTA11,KXNBA1HSPREAD-26APR12UTALAL,KXNBA1HSPREAD,spread,Will Utah win the 1H by over 11.5 points?,Utah wins the 1H by over 11.5 points,Utah wins the 1H by over 11.5 points,no,0,finalized,2026-04-12T06:35:00Z,2026-04-13T01:40:05Z,2026-04-13T03:30:00Z,,1776042000,expected_expiration-150m,1776042000,0.0,0.58,0.29,,45,39.00,39.00
KXNBA1HSPREAD-26APR12UTALAL-LAL7,KXNBA1HSPREAD-26APR12UTALAL,KXNBA1HSPREAD,spread,Will Los Angeles L win the 1H by over 7.5 points?,Los Angeles L wins the 1H by over 7.5 points,Los Angeles L wins the 1H by over 7.5 points,yes,1,finalized,2026-04-12T06:35:00Z,2026-04-13T01:40:08Z,2026-04-13T03:30:00Z,,1776042000,expected_expiration-150m,1776042000,0.61,0.78,0.6950000000000001,,85,15071.00,11514.00
KXNBA1HSPREAD-26APR12UTALAL-LAL4,KXNBA1HSPREAD-26APR12UTALAL,KXNBA1HSPREAD,spread,Will Los Angeles L win the 1H by over 4.5 points?,Los Angeles L wins the 1H by over 4.5 points,Los Angeles L wins the 1H by over 4.5 points,yes,1,finalized,2026-04-12T06:35:00Z,2026-04-13T01:40:07Z,2026-04-13T03:30:00Z,,1776042000,expected_expiration-150m,1776042000,0.63,0.91,0.77,0.99,57,2453.00,2255.00
KXNBA1HSPREAD-26APR12UTALAL-LAL1,KXNBA1HSPREAD-26APR12UTALAL,KXNBA1HSPREAD,spread,Will Los Angeles L win the 1H by over 1.5 points?,Los Angeles L wins the 1H by over 1.5 points,Los Angeles L wins the 1H by over 1.5 points,yes,1,finalized,2026-04-12T06:35:00Z,2026-04-13T01:40:07Z,2026-04-13T03:30:00Z,,1776042000,expected_expiration-150m,1776042000,0.93,1.0,0.9650000000000001,,43,1315.00,1262.00
KXNBA1HSPREAD-26APR12ORLBOS-ORL9,KXNBA1HSPREAD-26APR12ORLBOS,KXNBA1HSPREAD,spread,Will Orlando win the 1H by over 9.5 points?,Orlando wins the 1H by over 9.5 points,Orlando wins the 1H by over 9.5 points,no,0,finalized,2026-04-12T06:35:00Z,2026-04-12T23:15:47Z,2026-04-13T01:00:00Z,,1776033000,expected_expiration-150m,1776033000,0.31,0.72,0.515,,66,15265.00,9835.00
KXNBA1HSPREAD-26APR12ORLBOS-ORL6,KXNBA1HSPREAD-26APR12ORLBOS,KXNBA1HSPREAD,spread,Will Orlando win the 1H by over 6.5 points?,Orlando wins the 1H by over 6.5 points,Orlando wins the 1H by over 6.5 points,yes,1,finalized,2026-04-12T06:35:00Z,2026-04-12T23:15:47Z,2026-04-13T01:00:00Z,,1776033000,expected_expiration-150m,1776033000,0.55,0.65,0.6000000000000001,0.63,84,45711.00,28318.00
KXNBA1HSPREAD-26APR12ORLBOS-ORL3,KXNBA1HSPREAD-26APR12ORLBOS,KXNBA1HSPREAD,spread,Will Orlando win the 1H by over 3.5 points?,Orlando wins the 1H by over 3.5 points,Orlando wins the 1H by over 3.5 points,yes,1,finalized,2026-04-12T06:35:00Z,2026-04-12T23:15:47Z,2026-04-13T01:00:00Z,,1776033000,expected_expiration-150m,1776033000,0.53,0.78,0.655,,32,2838.00,2088.00
KXNBA1HSPREAD-26APR12ORLBOS-BOS9,KXNBA1HSPREAD-26APR12ORLBOS,KXNBA1HSPREAD,spread,Will Boston win the 1H by over 9.5 points?,Boston wins the 1H by over 9.5 points,Boston wins the 1H by over 9.5 points,no,0,finalized,2026-04-12T06:35:00Z,2026-04-12T23:15:46Z,2026-04-13T01:00:00Z,,1776033000,expected_expiration-150m,1776033000,0.0,0.27,0.135,,31,0.00,0.00
KXNBA1HSPREAD-26APR12ORLBOS-BOS6,KXNBA1HSPREAD-26APR12ORLBOS,KXNBA1HSPREAD,spread,Will Boston win the 1H by over 6.5 points?,Boston wins the 1H by over 6.5 points,Boston wins the 1H by over 6.5 points,no,0,finalized,2026-04-12T06:35:00Z,2026-04-12T23:15:46Z,2026-04-13T01:00:00Z,,1776033000,expected_expiration-150m,1776033000,0.0,0.32,0.16,,31,0.00,0.00
KXNBA1HSPREAD-26APR12ORLBOS-BOS3,KXNBA1HSPREAD-26APR12ORLBOS,KXNBA1HSPREAD,spread,Will Boston win the 1H by over 3.5 points?,Boston wins the 1H by over 3.5 points,Boston wins the 1H by over 3.5 points,no,0,finalized,2026-04-12T06:35:00Z,2026-04-12T23:15:46Z,2026-04-13T01:00:00Z,,1776033000,expected_expiration-150m,1776033000,0.0,0.47,0.235,,35,73.00,73.00
KXNBA1HSPREAD-26APR12ORLBOS-BOS21,KXNBA1HSPREAD-26APR12ORLBOS,KXNBA1HSPREAD,spread,Will Boston win the 1H by over 21.5 points?,Boston wins the 1H by over 21.5 points,Boston wins the 1H by over 21.5 points,no,0,finalized,2026-04-12T06:35:00Z,2026-04-12T23:15:45Z,2026-04-13T01:00:00Z,,1776033000,expected_expiration-150m,1776033000,0.0,0.11,0.055,,31,0.00,0.00
KXNBA1HSPREAD-26APR12ORLBOS-BOS18,KXNBA1HSPREAD-26APR12ORLBOS,KXNBA1HSPREAD,spread,Will Boston win the 1H by over 18.5 points?,Boston wins the 1H by over 18.5 points,Boston wins the 1H by over 18.5 points,no,0,finalized,2026-04-12T06:35:00Z,2026-04-12T23:15:45Z,2026-04-13T01:00:00Z,,1776033000,expected_expiration-150m,1776033000,0.0,0.13,0.065,,30,0.00,0.00
KXNBA1HSPREAD-26APR12ORLBOS-BOS15,KXNBA1HSPREAD-26APR12ORLBOS,KXNBA1HSPREAD,spread,Will Boston win the 1H by over 15.5 points?,Boston wins the 1H by over 15.5 points,Boston wins the 1H by over 15.5 points,no,0,finalized,2026-04-12T06:35:00Z,2026-04-12T23:15:45Z,2026-04-13T01:00:00Z,,1776033000,expected_expiration-150m,1776033000,0.0,0.09,0.045,,31,0.00,0.00
KXNBA1HSPREAD-26APR12ORLBOS-BOS12,KXNBA1HSPREAD-26APR12ORLBOS,KXNBA1HSPREAD,spread,Will Boston win the 1H by over 12.5 points?,Boston wins the 1H by over 12.5 points,Boston wins the 1H by over 12.5 points,no,0,finalized,2026-04-12T06:35:00Z,2026-04-12T23:15:45Z,2026-04-13T01:00:00Z,,1776033000,expected_expiration-150m,1776033000,0.0,0.15,0.075,,31,0.00,0.00
KXNBA1HSPREAD-26APR12BKNTOR-TOR2,KXNBA1HSPREAD-26APR12BKNTOR,KXNBA1HSPREAD,spread,Will Toronto win the 1H by over 2.5 points?,Toronto wins the 1H by over 2.5 points,Toronto wins the 1H by over 2.5 points,yes,1,finalized,2026-04-12T06:35:00Z,2026-04-12T23:10:18Z,2026-04-13T01:00:00Z,,1776033000,expected_expiration-150m,1776033000,0.68,0.94,0.81,0.68,14,620.00,472.00
KXNBA1HSPREAD-26APR12BKNTOR-BKN7,KXNBA1HSPREAD-26APR12BKNTOR,KXNBA1HSPREAD,spread,Will Brooklyn win the 1H by over 7.5 points?,Brooklyn wins the 1H by over 7.5 points,Brooklyn wins the 1H by over 7.5 points,no,0,finalized,2026-04-12T06:35:00Z,2026-04-12T23:10:20Z,2026-04-13T01:00:00Z,,1776033000,expected_expiration-150m,1776032400,0.0,0.74,0.37,,7,0.00,0.00
KXNBA1HSPREAD-26APR12BKNTOR-BKN4,KXNBA1HSPREAD-26APR12BKNTOR,KXNBA1HSPREAD,spread,Will Brooklyn win the 1H by over 4.5 points?,Brooklyn wins the 1H by over 4.5 points,Brooklyn wins the 1H by over 4.5 points,no,0,finalized,2026-04-12T06:35:00Z,2026-04-12T23:10:19Z,2026-04-13T01:00:00Z,,1776033000,expected_expiration-150m,1776032280,0.0,0.74,0.37,,10,0.00,0.00
KXNBA1HSPREAD-26APR12BKNTOR-BKN28,KXNBA1HSPREAD-26APR12BKNTOR,KXNBA1HSPREAD,spread,Will Brooklyn win the 1H by over 28.5 points?,Brooklyn wins the 1H by over 28.5 points,Brooklyn wins the 1H by over 28.5 points,no,0,finalized,2026-04-12T06:35:00Z,2026-04-12T23:10:23Z,2026-04-13T01:00:00Z,,1776033000,expected_expiration-150m,1776032580,0.0,0.49,0.245,,9,0.00,0.00
KXNBA1HSPREAD-26APR12BKNTOR-BKN25,KXNBA1HSPREAD-26APR12BKNTOR,KXNBA1HSPREAD,spread,Will Brooklyn win the 1H by over 25.5 points?,Brooklyn wins the 1H by over 25.5 points,Brooklyn wins the 1H by over 25.5 points,no,0,finalized,2026-04-12T06:35:00Z,2026-04-12T23:10:22Z,2026-04-13T01:00:00Z,,1776033000,expected_expiration-150m,1776032580,0.0,0.8,0.4,,9,0.00,0.00
KXNBA1HSPREAD-26APR12BKNTOR-BKN22,KXNBA1HSPREAD-26APR12BKNTOR,KXNBA1HSPREAD,spread,Will Brooklyn win the 1H by over 22.5 points?,Brooklyn wins the 1H by over 22.5 points,Brooklyn wins the 1H by over 22.5 points,no,0,finalized,2026-04-12T06:35:00Z,2026-04-12T23:10:22Z,2026-04-13T01:00:00Z,,1776033000,expected_expiration-150m,1776032580,0.0,0.8,0.4,,9,0.00,0.00
KXNBA1HSPREAD-26APR12BKNTOR-BKN19,KXNBA1HSPREAD-26APR12BKNTOR,KXNBA1HSPREAD,spread,Will Brooklyn win the 1H by over 19.5 points?,Brooklyn wins the 1H by over 19.5 points,Brooklyn wins the 1H by over 19.5 points,no,0,finalized,2026-04-12T06:35:00Z,2026-04-12T23:10:21Z,2026-04-13T01:00:00Z,,1776033000,expected_expiration-150m,1776032580,0.0,0.8,0.4,,9,0.00,0.00
KXNBA1HSPREAD-26APR12BKNTOR-BKN16,KXNBA1HSPREAD-26APR12BKNTOR,KXNBA1HSPREAD,spread,Will Brooklyn win the 1H by over 16.5 points?,Brooklyn wins the 1H by over 16.5 points,Brooklyn wins the 1H by over 16.5 points,no,0,finalized,2026-04-12T06:35:00Z,2026-04-12T23:10:21Z,2026-04-13T01:00:00Z,,1776033000,expected_expiration-150m,1776032580,0.0,0.8,0.4,,10,0.00,0.00
KXNBA1HSPREAD-26APR12BKNTOR-BKN13,KXNBA1HSPREAD-26APR12BKNTOR,KXNBA1HSPREAD,spread,Will Brooklyn win the 1H by over 13.5 points?,Brooklyn wins the 1H by over 13.5 points,Brooklyn wins the 1H by over 13.5 points,no,0,finalized,2026-04-12T06:35:00Z,2026-04-12T23:10:21Z,2026-04-13T01:00:00Z,,1776033000,expected_expiration-150m,1776032400,0.0,0.64,0.32,,7,34.00,34.00
KXNBA1HSPREAD-26APR12BKNTOR-BKN10,KXNBA1HSPREAD-26APR12BKNTOR,KXNBA1HSPREAD,spread,Will Brooklyn win the 1H by over 10.5 points?,Brooklyn wins the 1H by over 10.5 points,Brooklyn wins the 1H by over 10.5 points,no,0,finalized,2026-04-12T06:35:00Z,2026-04-12T23:10:20Z,2026-04-13T01:00:00Z,,1776033000,expected_expiration-150m,1776032400,0.0,0.54,0.27,,10,310.00,305.00
KXNBA1HSPREAD-26APR12BKNTOR-BKN1,KXNBA1HSPREAD-26APR12BKNTOR,KXNBA1HSPREAD,spread,Will Brooklyn win the 1H by over 1.5 points?,Brooklyn wins the 1H by over 1.5 points,Brooklyn wins the 1H by over 1.5 points,no,0,finalized,2026-04-12T06:35:00Z,2026-04-12T23:10:19Z,2026-04-13T01:00:00Z,,1776033000,expected_expiration-150m,1776033000,0.02,0.78,0.4,,61,222.00,222.00
KXNBA1HSPREAD-26APR12SACPOR-SAC9,KXNBA1HSPREAD-26APR12SACPOR,KXNBA1HSPREAD,spread,Will Sacramento win the 1H by over 9.5 points?,Sacramento wins the 1H by over 9.5 points,Sacramento wins the 1H by over 9.5 points,no,0,finalized,2026-04-12T05:35:00Z,2026-04-13T01:35:43Z,2026-04-13T03:30:00Z,,1776042000,expected_expiration-150m,1776042000,0.0,0.72,0.36,,41,0.00,0.00
KXNBA1HSPREAD-26APR12SACPOR-SAC6,KXNBA1HSPREAD-26APR12SACPOR,KXNBA1HSPREAD,spread,Will Sacramento win the 1H by over 6.5 points?,Sacramento wins the 1H by over 6.5 points,Sacramento wins the 1H by over 6.5 points,no,0,finalized,2026-04-12T05:35:00Z,2026-04-13T01:35:44Z,2026-04-13T03:30:00Z,,1776042000,expected_expiration-150m,1776042000,0.0,0.72,0.36,,69,0.00,0.00
KXNBA1HSPREAD-26APR12SACPOR-SAC3,KXNBA1HSPREAD-26APR12SACPOR,KXNBA1HSPREAD,spread,Will Sacramento win the 1H by over 3.5 points?,Sacramento wins the 1H by over 3.5 points,Sacramento wins the 1H by over 3.5 points,no,0,finalized,2026-04-12T05:35:00Z,2026-04-13T01:35:44Z,2026-04-13T03:30:00Z,,1776042000,expected_expiration-150m,1776042000,0.0,0.76,0.38,,57,0.00,0.00
KXNBA1HSPREAD-26APR12SACPOR-SAC24,KXNBA1HSPREAD-26APR12SACPOR,KXNBA1HSPREAD,spread,Will Sacramento win the 1H by over 24.5 points?,Sacramento wins the 1H by over 24.5 points,Sacramento wins the 1H by over 24.5 points,no,0,finalized,2026-04-12T05:35:00Z,2026-04-13T01:35:43Z,2026-04-13T03:30:00Z,,1776042000,expected_expiration-150m,1776042000,0.0,0.62,0.31,,40,0.00,0.00
KXNBA1HSPREAD-26APR12SACPOR-SAC21,KXNBA1HSPREAD-26APR12SACPOR,KXNBA1HSPREAD,spread,Will Sacramento win the 1H by over 21.5 points?,Sacramento wins the 1H by over 21.5 points,Sacramento wins the 1H by over 21.5 points,no,0,finalized,2026-04-12T05:35:00Z,2026-04-13T01:35:43Z,2026-04-13T03:30:00Z,,1776042000,expected_expiration-150m,1776042000,0.0,0.62,0.31,,40,0.00,0.00
KXNBA1HSPREAD-26APR12SACPOR-SAC18,KXNBA1HSPREAD-26APR12SACPOR,KXNBA1HSPREAD,spread,Will Sacramento win the 1H by over 18.5 points?,Sacramento wins the 1H by over 18.5 points,Sacramento wins the 1H by over 18.5 points,no,0,finalized,2026-04-12T05:35:00Z,2026-04-13T01:35:43Z,2026-04-13T03:30:00Z,,1776042000,expected_expiration-150m,1776042000,0.0,0.62,0.31,,44,0.00,0.00
KXNBA1HSPREAD-26APR12SACPOR-SAC15,KXNBA1HSPREAD-26APR12SACPOR,KXNBA1HSPREAD,spread,Will Sacramento win the 1H by over 15.5 points?,Sacramento wins the 1H by over 15.5 points,Sacramento wins the 1H by over 15.5 points,no,0,finalized,2026-04-12T05:35:00Z,2026-04-13T01:35:43Z,2026-04-13T03:30:00Z,,1776042000,expected_expiration-150m,1776041040,0.0,0.12,0.06,,7,30.00,30.00
KXNBA1HSPREAD-26APR12SACPOR-SAC12,KXNBA1HSPREAD-26APR12SACPOR,KXNBA1HSPREAD,spread,Will Sacramento win the 1H by over 12.5 points?,Sacramento wins the 1H by over 12.5 points,Sacramento wins the 1H by over 12.5 points,no,0,finalized,2026-04-12T05:35:00Z,2026-04-13T01:35:43Z,2026-04-13T03:30:00Z,,1776042000,expected_expiration-150m,1776042000,0.0,0.62,0.31,,41,50.00,40.00
KXNBA1HSPREAD-26APR12SACPOR-POR6,KXNBA1HSPREAD-26APR12SACPOR,KXNBA1HSPREAD,spread,Will Portland win the 1H by over 6.5 points?,Portland wins the 1H by over 6.5 points,Portland wins the 1H by over 6.5 points,yes,1,finalized,2026-04-12T05:35:00Z,2026-04-13T01:35:44Z,2026-04-13T03:30:00Z,,1776042000,expected_expiration-150m,1776042000,0.57,0.7,0.635,,67,3813.00,3270.00
KXNBA1HSPREAD-26APR12SACPOR-POR3,KXNBA1HSPREAD-26APR12SACPOR,KXNBA1HSPREAD,spread,Will Portland win the 1H by over 3.5 points?,Portland wins the 1H by over 3.5 points,Portland wins the 1H by over 3.5 points,yes,1,finalized,2026-04-12T05:35:00Z,2026-04-13T01:35:44Z,2026-04-13T03:30:00Z,,1776042000,expected_expiration-150m,1776042000,0.68,0.88,0.78,,65,1081.00,928.00
KXNBA1HSPREAD-26APR12DETIND-IND8,KXNBA1HSPREAD-26APR12DETIND,KXNBA1HSPREAD,spread,Will Indiana win the 1H by over 8.5 points?,Indiana wins the 1H by over 8.5 points,Indiana wins the 1H by over 8.5 points,no,0,finalized,2026-04-12T05:35:00Z,2026-04-12T23:10:21Z,2026-04-13T01:00:00Z,,1776033000,expected_expiration-150m,1776032520,0.0,0.8,0.4,,10,0.00,0.00
KXNBA1HSPREAD-26APR12DETIND-IND5,KXNBA1HSPREAD-26APR12DETIND,KXNBA1HSPREAD,spread,Will Indiana win the 1H by over 5.5 points?,Indiana wins the 1H by over 5.5 points,Indiana wins the 1H by over 5.5 points,no,0,finalized,2026-04-12T05:35:00Z,2026-04-12T23:10:20Z,2026-04-13T01:00:00Z,,1776033000,expected_expiration-150m,1776032400,0.0,0.8,0.4,,9,0.00,0.00
KXNBA1HSPREAD-26APR12DETIND-IND23,KXNBA1HSPREAD-26APR12DETIND,KXNBA1HSPREAD,spread,Will Indiana win the 1H by over 23.5 points?,Indiana wins the 1H by over 23.5 points,Indiana wins the 1H by over 23.5 points,no,0,finalized,2026-04-12T05:35:00Z,2026-04-12T23:10:23Z,2026-04-13T01:00:00Z,,1776033000,expected_expiration-150m,1776032580,0.0,0.8,0.4,,20,0.00,0.00
KXNBA1HSPREAD-26APR12DETIND-IND20,KXNBA1HSPREAD-26APR12DETIND,KXNBA1HSPREAD,spread,Will Indiana win the 1H by over 20.5 points?,Indiana wins the 1H by over 20.5 points,Indiana wins the 1H by over 20.5 points,no,0,finalized,2026-04-12T05:35:00Z,2026-04-12T23:10:22Z,2026-04-13T01:00:00Z,,1776033000,expected_expiration-150m,1776032580,0.0,0.8,0.4,,19,0.00,0.00
KXNBA1HSPREAD-26APR12DETIND-IND2,KXNBA1HSPREAD-26APR12DETIND,KXNBA1HSPREAD,spread,Will Indiana win the 1H by over 2.5 points?,Indiana wins the 1H by over 2.5 points,Indiana wins the 1H by over 2.5 points,no,0,finalized,2026-04-12T05:35:00Z,2026-04-12T23:10:20Z,2026-04-13T01:00:00Z,,1776033000,expected_expiration-150m,1776033000,0.02,0.51,0.265,,46,70.00,70.00
KXNBA1HSPREAD-26APR12DETIND-IND17,KXNBA1HSPREAD-26APR12DETIND,KXNBA1HSPREAD,spread,Will Indiana win the 1H by over 17.5 points?,Indiana wins the 1H by over 17.5 points,Indiana wins the 1H by over 17.5 points,no,0,finalized,2026-04-12T05:35:00Z,2026-04-12T23:10:22Z,2026-04-13T01:00:00Z,,1776033000,expected_expiration-150m,1776032580,0.0,0.8,0.4,,19,0.00,0.00
KXNBA1HSPREAD-26APR12DETIND-IND14,KXNBA1HSPREAD-26APR12DETIND,KXNBA1HSPREAD,spread,Will Indiana win the 1H by over 14.5 points?,Indiana wins the 1H by over 14.5 points,Indiana wins the 1H by over 14.5 points,no,0,finalized,2026-04-12T05:35:00Z,2026-04-12T23:10:21Z,2026-04-13T01:00:00Z,,1776033000,expected_expiration-150m,1776032580,0.0,0.8,0.4,,19,0.00,0.00
KXNBA1HSPREAD-26APR12DETIND-IND11,KXNBA1HSPREAD-26APR12DETIND,KXNBA1HSPREAD,spread,Will Indiana win the 1H by over 11.5 points?,Indiana wins the 1H by over 11.5 points,Indiana wins the 1H by over 11.5 points,no,0,finalized,2026-04-12T05:35:00Z,2026-04-12T23:10:21Z,2026-04-13T01:00:00Z,,1776033000,expected_expiration-150m,1776032400,0.0,0.8,0.4,,9,0.00,0.00
KXNBA1HSPREAD-26APR12DETIND-DET7,KXNBA1HSPREAD-26APR12DETIND,KXNBA1HSPREAD,spread,Will Detroit win the 1H by over 7.5 points?,Detroit wins the 1H by over 7.5 points,Detroit wins the 1H by over 7.5 points,yes,1,finalized,2026-04-12T05:35:00Z,2026-04-12T23:10:18Z,2026-04-13T01:00:00Z,,1776033000,expected_expiration-150m,1776032940,0.76,0.85,0.8049999999999999,0.85,78,9086.00,8274.00
KXNBA1HSPREAD-26APR12DETIND-DET4,KXNBA1HSPREAD-26APR12DETIND,KXNBA1HSPREAD,spread,Will Detroit win the 1H by over 4.5 points?,Detroit wins the 1H by over 4.5 points,Detroit wins the 1H by over 4.5 points,yes,1,finalized,2026-04-12T05:35:00Z,2026-04-12T23:10:18Z,2026-04-13T01:00:00Z,,1776033000,expected_expiration-150m,1776032760,0.68,0.92,0.8,,36,1636.00,1449.00
KXNBA1HSPREAD-26APR12DETIND-DET1,KXNBA1HSPREAD-26APR12DETIND,KXNBA1HSPREAD,spread,Will Detroit win the 1H by over 1.5 points?,Detroit wins the 1H by over 1.5 points,Detroit wins the 1H by over 1.5 points,yes,1,finalized,2026-04-12T05:35:00Z,2026-04-12T23:10:19Z,2026-04-13T01:00:00Z,,1776033000,expected_expiration-150m,1776032640,0.52,0.9,0.71,,32,1288.00,1113.00
KXNBA1HSPREAD-26APR12NOPMIN-NOP9,KXNBA1HSPREAD-26APR12NOPMIN,KXNBA1HSPREAD,spread,Will New Orleans win the 1H by over 9.5 points?,New Orleans wins the 1H by over 9.5 points,New Orleans wins the 1H by over 9.5 points,no,0,finalized,2026-04-12T05:35:00Z,2026-04-13T01:43:30Z,2026-04-13T03:30:00Z,,1776042000,expected_expiration-150m,1776041940,0.0,0.79,0.395,,57,0.00,0.00
KXNBA1HSPREAD-26APR12NOPMIN-NOP6,KXNBA1HSPREAD-26APR12NOPMIN,KXNBA1HSPREAD,spread,Will New Orleans win the 1H by over 6.5 points?,New Orleans wins the 1H by over 6.5 points,New Orleans wins the 1H by over 6.5 points,no,0,finalized,2026-04-12T05:35:00Z,2026-04-13T01:43:30Z,2026-04-13T03:30:00Z,,1776042000,expected_expiration-150m,1776042000,0.0,0.72,0.36,,49,0.00,0.00
KXNBA1HSPREAD-26APR12NOPMIN-NOP3,KXNBA1HSPREAD-26APR12NOPMIN,KXNBA1HSPREAD,spread,Will New Orleans win the 1H by over 3.5 points?,New Orleans wins the 1H by over 3.5 points,New Orleans wins the 1H by over 3.5 points,no,0,finalized,2026-04-12T05:35:00Z,2026-04-13T01:43:31Z,2026-04-13T03:30:00Z,,1776042000,expected_expiration-150m,1776042000,0.0,0.72,0.36,,57,0.00,0.00
KXNBA1HSPREAD-26APR12NOPMIN-NOP18,KXNBA1HSPREAD-26APR12NOPMIN,KXNBA1HSPREAD,spread,Will New Orleans win the 1H by over 18.5 points?,New Orleans wins the 1H by over 18.5 points,New Orleans wins the 1H by over 18.5 points,no,0,finalized,2026-04-12T05:35:00Z,2026-04-13T01:43:30Z,2026-04-13T03:30:00Z,,1776042000,expected_expiration-150m,1776042000,0.0,0.62,0.31,,43,1.00,1.00
KXNBA1HSPREAD-26APR12NOPMIN-NOP15,KXNBA1HSPREAD-26APR12NOPMIN,KXNBA1HSPREAD,spread,Will New Orleans win the 1H by over 15.5 points?,New Orleans wins the 1H by over 15.5 points,New Orleans wins the 1H by over 15.5 points,no,0,finalized,2026-04-12T05:35:00Z,2026-04-13T01:43:30Z,2026-04-13T03:30:00Z,,1776042000,expected_expiration-150m,1776042000,0.0,0.72,0.36,,48,0.00,0.00
KXNBA1HSPREAD-26APR12NOPMIN-NOP12,KXNBA1HSPREAD-26APR12NOPMIN,KXNBA1HSPREAD,spread,Will New Orleans win the 1H by over 12.5 points?,New Orleans wins the 1H by over 12.5 points,New Orleans wins the 1H by over 12.5 points,no,0,finalized,2026-04-12T05:35:00Z,2026-04-13T01:43:30Z,2026-04-13T03:30:00Z,,1776042000,expected_expiration-150m,1776042000,0.0,0.72,0.36,,55,0.00,0.00
KXNBA1HSPREAD-26APR12NOPMIN-MIN9,KXNBA1HSPREAD-26APR12NOPMIN,KXNBA1HSPREAD,spread,Will Minnesota win the 1H by over 9.5 points?,Minnesota wins the 1H by over 9.5 points,Minnesota wins the 1H by over 9.5 points,yes,1,finalized,2026-04-12T05:35:00Z,2026-04-13T01:43:31Z,2026-04-13T03:30:00Z,,1776042000,expected_expiration-150m,1776042000,0.0,0.71,0.355,,53,2407.00,1845.00
KXNBA1HSPREAD-26APR12NOPMIN-MIN6,KXNBA1HSPREAD-26APR12NOPMIN,KXNBA1HSPREAD,spread,Will Minnesota win the 1H by over 6.5 points?,Minnesota wins the 1H by over 6.5 points,Minnesota wins the 1H by over 6.5 points,yes,1,finalized,2026-04-12T05:35:00Z,2026-04-13T01:43:31Z,2026-04-13T03:30:00Z,,1776042000,expected_expiration-150m,1776042000,0.41,0.71,0.5599999999999999,,51,1248.00,1228.00
KXNBA1HSPREAD-26APR12NOPMIN-MIN3,KXNBA1HSPREAD-26APR12NOPMIN,KXNBA1HSPREAD,spread,Will Minnesota win the 1H by over 3.5 points?,Minnesota wins the 1H by over 3.5 points,Minnesota wins the 1H by over 3.5 points,yes,1,finalized,2026-04-12T05:35:00Z,2026-04-13T01:43:31Z,2026-04-13T03:30:00Z,,1776042000,expected_expiration-150m,1776042000,0.47,0.52,0.495,,61,2660.00,2255.00
KXNBA1HSPREAD-26APR12NOPMIN-MIN12,KXNBA1HSPREAD-26APR12NOPMIN,KXNBA1HSPREAD,spread,Will Minnesota win the 1H by over 12.5 points?,Minnesota wins the 1H by over 12.5 points,Minnesota wins the 1H by over 12.5 points,yes,1,finalized,2026-04-12T05:35:00Z,2026-04-13T01:43:31Z,2026-04-13T03:30:00Z,,1776042000,expected_expiration-150m,1776042000,0.0,0.72,0.36,,48,1077.00,929.00
KXNBA1HSPREAD-26APR12MILPHI-PHI6,KXNBA1HSPREAD-26APR12MILPHI,KXNBA1HSPREAD,spread,Will Philadelphia win the 1H by over 6.5 points?,Philadelphia wins the 1H by over 6.5 points,Philadelphia wins the 1H by over 6.5 points,no,0,finalized,2026-04-12T05:35:00Z,2026-04-12T23:05:56Z,2026-04-13T01:00:00Z,,1776033000,expected_expiration-150m,1776033000,0.21,0.79,0.5,,64,4712.00,3691.00
KXNBA1HSPREAD-26APR12MILPHI-PHI3,KXNBA1HSPREAD-26APR12MILPHI,KXNBA1HSPREAD,spread,Will Philadelphia win the 1H by over 3.5 points?,Philadelphia wins the 1H by over 3.5 points,Philadelphia wins the 1H by over 3.5 points,no,0,finalized,2026-04-12T05:35:00Z,2026-04-12T23:05:56Z,2026-04-13T01:00:00Z,,1776033000,expected_expiration-150m,1776033000,0.2,0.77,0.485,,23,329.00,309.00
KXNBA1HSPREAD-26APR12MILPHI-MIL9,KXNBA1HSPREAD-26APR12MILPHI,KXNBA1HSPREAD,spread,Will Milwaukee win the 1H by over 9.5 points?,Milwaukee wins the 1H by over 9.5 points,Milwaukee wins the 1H by over 9.5 points,no,0,finalized,2026-04-12T05:35:00Z,2026-04-12T23:05:57Z,2026-04-13T01:00:00Z,,1776033000,expected_expiration-150m,1776032400,0.0,0.74,0.37,,11,0.00,0.00
KXNBA1HSPREAD-26APR12MILPHI-MIL6,KXNBA1HSPREAD-26APR12MILPHI,KXNBA1HSPREAD,spread,Will Milwaukee win the 1H by over 6.5 points?,Milwaukee wins the 1H by over 6.5 points,Milwaukee wins the 1H by over 6.5 points,no,0,finalized,2026-04-12T05:35:00Z,2026-04-12T23:05:56Z,2026-04-13T01:00:00Z,,1776033000,expected_expiration-150m,1776032340,0.0,0.74,0.37,,9,0.00,0.00
KXNBA1HSPREAD-26APR12MILPHI-MIL3,KXNBA1HSPREAD-26APR12MILPHI,KXNBA1HSPREAD,spread,Will Milwaukee win the 1H by over 3.5 points?,Milwaukee wins the 1H by over 3.5 points,Milwaukee wins the 1H by over 3.5 points,yes,1,finalized,2026-04-12T05:35:00Z,2026-04-12T23:05:56Z,2026-04-13T01:00:00Z,,1776033000,expected_expiration-150m,1776032940,0.0,0.79,0.395,,30,730.00,730.00
KXNBA1HSPREAD-26APR12MILPHI-MIL24,KXNBA1HSPREAD-26APR12MILPHI,KXNBA1HSPREAD,spread,Will Milwaukee win the 1H by over 24.5 points?,Milwaukee wins the 1H by over 24.5 points,Milwaukee wins the 1H by over 24.5 points,no,0,finalized,2026-04-12T05:35:00Z,2026-04-12T23:05:58Z,2026-04-13T01:00:00Z,,1776033000,expected_expiration-150m,1776032940,0.0,0.5,0.25,,30,0.00,0.00
KXNBA1HSPREAD-26APR12MILPHI-MIL21,KXNBA1HSPREAD-26APR12MILPHI,KXNBA1HSPREAD,spread,Will Milwaukee win the 1H by over 21.5 points?,Milwaukee wins the 1H by over 21.5 points,Milwaukee wins the 1H by over 21.5 points,no,0,finalized,2026-04-12T05:35:00Z,2026-04-12T23:05:57Z,2026-04-13T01:00:00Z,,1776033000,expected_expiration-150m,1776032580,0.0,0.8,0.4,,13,0.00,0.00
KXNBA1HSPREAD-26APR12MILPHI-MIL18,KXNBA1HSPREAD-26APR12MILPHI,KXNBA1HSPREAD,spread,Will Milwaukee win the 1H by over 18.5 points?,Milwaukee wins the 1H by over 18.5 points,Milwaukee wins the 1H by over 18.5 points,no,0,finalized,2026-04-12T05:35:00Z,2026-04-12T23:05:57Z,2026-04-13T01:00:00Z,,1776033000,expected_expiration-150m,1776032580,0.0,0.8,0.4,,13,0.00,0.00
KXNBA1HSPREAD-26APR12MILPHI-MIL15,KXNBA1HSPREAD-26APR12MILPHI,KXNBA1HSPREAD,spread,Will Milwaukee win the 1H by over 15.5 points?,Milwaukee wins the 1H by over 15.5 points,Milwaukee wins the 1H by over 15.5 points,no,0,finalized,2026-04-12T05:35:00Z,2026-04-12T23:05:57Z,2026-04-13T01:00:00Z,,1776033000,expected_expiration-150m,1776032580,0.0,0.8,0.4,,13,0.00,0.00
KXNBA1HSPREAD-26APR12MILPHI-MIL12,KXNBA1HSPREAD-26APR12MILPHI,KXNBA1HSPREAD,spread,Will Milwaukee win the 1H by over 12.5 points?,Milwaukee wins the 1H by over 12.5 points,Milwaukee wins the 1H by over 12.5 points,no,0,finalized,2026-04-12T05:35:00Z,2026-04-12T23:05:57Z,2026-04-13T01:00:00Z,,1776033000,expected_expiration-150m,1776032580,0.0,0.8,0.4,,13,0.00,0.00
KXNBA1HSPREAD-26APR12WASCLE-WAS7,KXNBA1HSPREAD-26APR12WASCLE,KXNBA1HSPREAD,spread,Will Washington win the 1H by over 7.5 points?,Washington wins the 1H by over 7.5 points,Washington wins the 1H by over 7.5 points,no,0,finalized,2026-04-12T05:35:00Z,2026-04-12T23:04:00Z,2026-04-13T01:00:00Z,,1776033000,expected_expiration-150m,1776032280,0.0,0.69,0.345,,12,6.00,6.00
KXNBA1HSPREAD-26APR12WASCLE-WAS4,KXNBA1HSPREAD-26APR12WASCLE,KXNBA1HSPREAD,spread,Will Washington win the 1H by over 4.5 points?,Washington wins the 1H by over 4.5 points,Washington wins the 1H by over 4.5 points,no,0,finalized,2026-04-12T05:35:00Z,2026-04-12T23:04:00Z,2026-04-13T01:00:00Z,,1776033000,expected_expiration-150m,1776032400,0.0,0.8,0.4,,15,123.00,123.00
KXNBA1HSPREAD-26APR12WASCLE-WAS22,KXNBA1HSPREAD-26APR12WASCLE,KXNBA1HSPREAD,spread,Will Washington win the 1H by over 22.5 points?,Washington wins the 1H by over 22.5 points,Washington wins the 1H by over 22.5 points,no,0,finalized,2026-04-12T05:35:00Z,2026-04-12T23:04:01Z,2026-04-13T01:00:00Z,,1776033000,expected_expiration-150m,1776032580,0.0,0.8,0.4,,13,0.00,0.00
KXNBA1HSPREAD-26APR12WASCLE-WAS19,KXNBA1HSPREAD-26APR12WASCLE,KXNBA1HSPREAD,spread,Will Washington win the 1H by over 19.5 points?,Washington wins the 1H by over 19.5 points,Washington wins the 1H by over 19.5 points,no,0,finalized,2026-04-12T05:35:00Z,2026-04-12T23:04:01Z,2026-04-13T01:00:00Z,,1776033000,expected_expiration-150m,1776032580,0.0,0.8,0.4,,14,0.00,0.00
KXNBA1HSPREAD-26APR12WASCLE-WAS16,KXNBA1HSPREAD-26APR12WASCLE,KXNBA1HSPREAD,spread,Will Washington win the 1H by over 16.5 points?,Washington wins the 1H by over 16.5 points,Washington wins the 1H by over 16.5 points,no,0,finalized,2026-04-12T05:35:00Z,2026-04-12T23:04:00Z,2026-04-13T01:00:00Z,,1776033000,expected_expiration-150m,1776032580,0.0,0.8,0.4,,13,0.00,0.00
KXNBA1HSPREAD-26APR12WASCLE-WAS13,KXNBA1HSPREAD-26APR12WASCLE,KXNBA1HSPREAD,spread,Will Washington win the 1H by over 13.5 points?,Washington wins the 1H by over 13.5 points,Washington wins the 1H by over 13.5 points,no,0,finalized,2026-04-12T05:35:00Z,2026-04-12T23:04:00Z,2026-04-13T01:00:00Z,,1776033000,expected_expiration-150m,1776032400,0.0,0.8,0.4,,12,0.00,0.00
KXNBA1HSPREAD-26APR12WASCLE-WAS10,KXNBA1HSPREAD-26APR12WASCLE,KXNBA1HSPREAD,spread,Will Washington win the 1H by over 10.5 points?,Washington wins the 1H by over 10.5 points,Washington wins the 1H by over 10.5 points,no,0,finalized,2026-04-12T05:35:00Z,2026-04-12T23:04:00Z,2026-04-13T01:00:00Z,,1776033000,expected_expiration-150m,1776032280,0.0,0.74,0.37,,11,0.00,0.00
KXNBA1HSPREAD-26APR12WASCLE-WAS1,KXNBA1HSPREAD-26APR12WASCLE,KXNBA1HSPREAD,spread,Will Washington win the 1H by over 1.5 points?,Washington wins the 1H by over 1.5 points,Washington wins the 1H by over 1.5 points,no,0,finalized,2026-04-12T05:35:00Z,2026-04-12T23:03:59Z,2026-04-13T01:00:00Z,,1776033000,expected_expiration-150m,1776031920,0.0,0.63,0.315,,19,110.00,110.00
KXNBA1HSPREAD-26APR12WASCLE-CLE8,KXNBA1HSPREAD-26APR12WASCLE,KXNBA1HSPREAD,spread,Will Cleveland win the 1H by over 8.5 points?,Cleveland wins the 1H by over 8.5 points,Cleveland wins the 1H by over 8.5 points,yes,1,finalized,2026-04-12T05:35:00Z,2026-04-12T23:03:58Z,2026-04-13T01:00:00Z,,1776033000,expected_expiration-150m,1776033000,0.08,0.83,0.45499999999999996,0.84,42,540.00,469.00
KXNBA1HSPREAD-26APR12WASCLE-CLE5,KXNBA1HSPREAD-26APR12WASCLE,KXNBA1HSPREAD,spread,Will Cleveland win the 1H by over 5.5 points?,Cleveland wins the 1H by over 5.5 points,Cleveland wins the 1H by over 5.5 points,yes,1,finalized,2026-04-12T05:35:00Z,2026-04-12T23:03:59Z,2026-04-13T01:00:00Z,,1776033000,expected_expiration-150m,1776033000,0.81,0.96,0.885,0.96,66,1865.00,1501.00
KXNBA1HSPREAD-26APR12WASCLE-CLE2,KXNBA1HSPREAD-26APR12WASCLE,KXNBA1HSPREAD,spread,Will Cleveland win the 1H by over 2.5 points?,Cleveland wins the 1H by over 2.5 points,Cleveland wins the 1H by over 2.5 points,yes,1,finalized,2026-04-12T05:35:00Z,2026-04-12T23:03:59Z,2026-04-13T01:00:00Z,,1776033000,expected_expiration-150m,1776033000,0.89,0.9,0.895,0.88,41,970.00,926.00
KXNBA1HSPREAD-26APR12ATLMIA-MIA7,KXNBA1HSPREAD-26APR12ATLMIA,KXNBA1HSPREAD,spread,Will Miami win the 1H by over 7.5 points?,Miami wins the 1H by over 7.5 points,Miami wins the 1H by over 7.5 points,yes,1,finalized,2026-04-12T05:35:00Z,2026-04-12T23:07:50Z,2026-04-13T01:00:00Z,,1776033000,expected_expiration-150m,1776033000,0.25,0.78,0.515,,51,2149.00,2081.00
KXNBA1HSPREAD-26APR12ATLMIA-MIA4,KXNBA1HSPREAD-26APR12ATLMIA,KXNBA1HSPREAD,spread,Will Miami win the 1H by over 4.5 points?,Miami wins the 1H by over 4.5 points,Miami wins the 1H by over 4.5 points,yes,1,finalized,2026-04-12T05:35:00Z,2026-04-12T23:07:50Z,2026-04-13T01:00:00Z,,1776033000,expected_expiration-150m,1776033000,0.79,0.8,0.795,0.79,71,9867.00,8377.00
KXNBA1HSPREAD-26APR12ATLMIA-MIA13,KXNBA1HSPREAD-26APR12ATLMIA,KXNBA1HSPREAD,spread,Will Miami win the 1H by over 13.5 points?,Miami wins the 1H by over 13.5 points,Miami wins the 1H by over 13.5 points,no,0,finalized,2026-04-12T05:35:00Z,2026-04-12T23:07:49Z,2026-04-13T01:00:00Z,,1776033000,expected_expiration-150m,1776033000,0.23,0.58,0.40499999999999997,,43,746.00,459.00
KXNBA1HSPREAD-26APR12ATLMIA-MIA10,KXNBA1HSPREAD-26APR12ATLMIA,KXNBA1HSPREAD,spread,Will Miami win the 1H by over 10.5 points?,Miami wins the 1H by over 10.5 points,Miami wins the 1H by over 10.5 points,no,0,finalized,2026-04-12T05:35:00Z,2026-04-12T23:07:50Z,2026-04-13T01:00:00Z,,1776033000,expected_expiration-150m,1776033000,0.19,0.74,0.46499999999999997,,41,1316.00,1136.00
KXNBA1HSPREAD-26APR12ATLMIA-MIA1,KXNBA1HSPREAD-26APR12ATLMIA,KXNBA1HSPREAD,spread,Will Miami win the 1H by over 1.5 points?,Miami wins the 1H by over 1.5 points,Miami wins the 1H by over 1.5 points,yes,1,finalized,2026-04-12T05:35:00Z,2026-04-12T23:07:51Z,2026-04-13T01:00:00Z,,1776033000,expected_expiration-150m,1776033000,0.87,0.9,0.885,,63,11500.00,11019.00
KXNBA1HSPREAD-26APR12ATLMIA-ATL8,KXNBA1HSPREAD-26APR12ATLMIA,KXNBA1HSPREAD,spread,Will Atlanta win the 1H by over 8.5 points?,Atlanta wins the 1H by over 8.5 points,Atlanta wins the 1H by over 8.5 points,no,0,finalized,2026-04-12T05:35:00Z,2026-04-12T23:07:51Z,2026-04-13T01:00:00Z,,1776033000,expected_expiration-150m,1776033000,0.0,0.11,0.055,,36,0.00,0.00
KXNBA1HSPREAD-26APR12ATLMIA-ATL5,KXNBA1HSPREAD-26APR12ATLMIA,KXNBA1HSPREAD,spread,Will Atlanta win the 1H by over 5.5 points?,Atlanta wins the 1H by over 5.5 points,Atlanta wins the 1H by over 5.5 points,no,0,finalized,2026-04-12T05:35:00Z,2026-04-12T23:07:51Z,2026-04-13T01:00:00Z,,1776033000,expected_expiration-150m,1776033000,0.0,0.25,0.125,,41,0.00,0.00
KXNBA1HSPREAD-26APR12ATLMIA-ATL2,KXNBA1HSPREAD-26APR12ATLMIA,KXNBA1HSPREAD,spread,Will Atlanta win the 1H by over 2.5 points?,Atlanta wins the 1H by over 2.5 points,Atlanta wins the 1H by over 2.5 points,no,0,finalized,2026-04-12T05:35:00Z,2026-04-12T23:07:51Z,2026-04-13T01:00:00Z,,1776033000,expected_expiration-150m,1776033000,0.0,0.37,0.185,,44,0.00,0.00
KXNBA1HSPREAD-26APR12ATLMIA-ATL17,KXNBA1HSPREAD-26APR12ATLMIA,KXNBA1HSPREAD,spread,Will Atlanta win the 1H by over 17.5 points?,Atlanta wins the 1H by over 17.5 points,Atlanta wins the 1H by over 17.5 points,no,0,finalized,2026-04-12T05:35:00Z,2026-04-12T23:07:52Z,2026-04-13T01:00:00Z,,1776033000,expected_expiration-150m,1776033000,0.0,0.13,0.065,,34,0.00,0.00
KXNBA1HSPREAD-26APR12ATLMIA-ATL14,KXNBA1HSPREAD-26APR12ATLMIA,KXNBA1HSPREAD,spread,Will Atlanta win the 1H by over 14.5 points?,Atlanta wins the 1H by over 14.5 points,Atlanta wins the 1H by over 14.5 points,no,0,finalized,2026-04-12T05:35:00Z,2026-04-12T23:07:52Z,2026-04-13T01:00:00Z,,1776033000,expected_expiration-150m,1776033000,0.0,0.13,0.065,,34,0.00,0.00
KXNBA1HSPREAD-26APR12ATLMIA-ATL11,KXNBA1HSPREAD-26APR12ATLMIA,KXNBA1HSPREAD,spread,Will Atlanta win the 1H by over 11.5 points?,Atlanta wins the 1H by over 11.5 points,Atlanta wins the 1H by over 11.5 points,no,0,finalized,2026-04-12T05:35:00Z,2026-04-12T23:07:52Z,2026-04-13T01:00:00Z,,1776033000,expected_expiration-150m,1776033000,0.0,0.13,0.065,,33,0.00,0.00
KXNBA1HSPREAD-26APR10MEMUTA-UTA7,KXNBA1HSPREAD-26APR10MEMUTA,KXNBA1HSPREAD,spread,Will Utah win the 1H by over 7.5 points?,Utah wins the 1H by over 7.5 points,Utah wins the 1H by over 7.5 points,yes,1,finalized,2026-04-10T23:35:00Z,2026-04-11T02:31:09Z,2026-04-11T04:30:00Z,,1775872800,expected_expiration-150m,1775872800,0.0,0.71,0.355,,98,574.00,452.00
KXNBA1HSPREAD-26APR10MEMUTA-UTA4,KXNBA1HSPREAD-26APR10MEMUTA,KXNBA1HSPREAD,spread,Will Utah win the 1H by over 4.5 points?,Utah wins the 1H by over 4.5 points,Utah wins the 1H by over 4.5 points,yes,1,finalized,2026-04-10T23:35:00Z,2026-04-11T02:31:09Z,2026-04-11T04:30:00Z,,1775872800,expected_expiration-150m,1775872800,0.0,0.64,0.32,,99,594.00,469.00
KXNBA1HSPREAD-26APR10MEMUTA-UTA13,KXNBA1HSPREAD-26APR10MEMUTA,KXNBA1HSPREAD,spread,Will Utah win the 1H by over 13.5 points?,Utah wins the 1H by over 13.5 points,Utah wins the 1H by over 13.5 points,yes,1,finalized,2026-04-10T23:35:00Z,2026-04-11T02:31:08Z,2026-04-11T04:30:00Z,,1775872800,expected_expiration-150m,1775872800,0.0,0.71,0.355,,101,374.00,353.00
KXNBA1HSPREAD-26APR10MEMUTA-UTA10,KXNBA1HSPREAD-26APR10MEMUTA,KXNBA1HSPREAD,spread,Will Utah win the 1H by over 10.5 points?,Utah wins the 1H by over 10.5 points,Utah wins the 1H by over 10.5 points,yes,1,finalized,2026-04-10T23:35:00Z,2026-04-11T02:31:08Z,2026-04-11T04:30:00Z,,1775872800,expected_expiration-150m,1775872800,0.0,0.71,0.355,,97,492.00,433.00
KXNBA1HSPREAD-26APR10MEMUTA-UTA1,KXNBA1HSPREAD-26APR10MEMUTA,KXNBA1HSPREAD,spread,Will Utah win the 1H by over 1.5 points?,Utah wins the 1H by over 1.5 points,Utah wins the 1H by over 1.5 points,yes,1,finalized,2026-04-10T23:35:00Z,2026-04-11T02:31:09Z,2026-04-11T04:30:00Z,,1775872800,expected_expiration-150m,1775872800,0.52,0.73,0.625,,56,4043.00,3057.00
KXNBA1HSPREAD-26APR10MEMUTA-MEM8,KXNBA1HSPREAD-26APR10MEMUTA,KXNBA1HSPREAD,spread,Will Memphis win the 1H by over 8.5 points?,Memphis wins the 1H by over 8.5 points,Memphis wins the 1H by over 8.5 points,no,0,finalized,2026-04-10T23:35:00Z,2026-04-11T02:31:11Z,2026-04-11T04:30:00Z,,1775872800,expected_expiration-150m,1775872800,0.0,0.71,0.355,,100,0.00,0.00
KXNBA1HSPREAD-26APR10MEMUTA-MEM5,KXNBA1HSPREAD-26APR10MEMUTA,KXNBA1HSPREAD,spread,Will Memphis win the 1H by over 5.5 points?,Memphis wins the 1H by over 5.5 points,Memphis wins the 1H by over 5.5 points,no,0,finalized,2026-04-10T23:35:00Z,2026-04-11T02:31:10Z,2026-04-11T04:30:00Z,,1775872800,expected_expiration-150m,1775872800,0.0,0.71,0.355,,98,0.00,0.00
KXNBA1HSPREAD-26APR10MEMUTA-MEM2,KXNBA1HSPREAD-26APR10MEMUTA,KXNBA1HSPREAD,spread,Will Memphis win the 1H by over 2.5 points?,Memphis wins the 1H by over 2.5 points,Memphis wins the 1H by over 2.5 points,no,0,finalized,2026-04-10T23:35:00Z,2026-04-11T02:31:10Z,2026-04-11T04:30:00Z,,1775872800,expected_expiration-150m,1775872800,0.0,0.71,0.355,,92,10.00,10.00
KXNBA1HSPREAD-26APR10MEMUTA-MEM17,KXNBA1HSPREAD-26APR10MEMUTA,KXNBA1HSPREAD,spread,Will Memphis win the 1H by over 17.5 points?,Memphis wins the 1H by over 17.5 points,Memphis wins the 1H by over 17.5 points,no,0,finalized,2026-04-10T23:35:00Z,2026-04-11T02:31:12Z,2026-04-11T04:30:00Z,,1775872800,expected_expiration-150m,1775873280,0.0,0.21,0.105,,6,0.00,0.00
KXNBA1HSPREAD-26APR10MEMUTA-MEM14,KXNBA1HSPREAD-26APR10MEMUTA,KXNBA1HSPREAD,spread,Will Memphis win the 1H by over 14.5 points?,Memphis wins the 1H by over 14.5 points,Memphis wins the 1H by over 14.5 points,no,0,finalized,2026-04-10T23:35:00Z,2026-04-11T02:31:11Z,2026-04-11T04:30:00Z,,1775872800,expected_expiration-150m,1775873280,0.0,0.34,0.17,,10,0.00,0.00
KXNBA1HSPREAD-26APR10MEMUTA-MEM11,KXNBA1HSPREAD-26APR10MEMUTA,KXNBA1HSPREAD,spread,Will Memphis win the 1H by over 11.5 points?,Memphis wins the 1H by over 11.5 points,Memphis wins the 1H by over 11.5 points,no,0,finalized,2026-04-10T23:35:00Z,2026-04-11T02:31:11Z,2026-04-11T04:30:00Z,,1775872800,expected_expiration-150m,1775872800,0.0,0.71,0.355,,98,0.00,0.00
KXNBA1HSPREAD-26APR10MIAWAS-WAS7,KXNBA1HSPREAD-26APR10MIAWAS,KXNBA1HSPREAD,spread,Will Washington win the 1H by over 7.5 points?,Washington wins the 1H by over 7.5 points,Washington wins the 1H by over 7.5 points,no,0,finalized,2026-04-10T08:35:00Z,2026-04-11T00:14:00Z,2026-04-11T02:00:00Z,,1775863800,expected_expiration-150m,1775863800,0.0,0.2,0.1,0.22,18,171.00,171.00
KXNBA1HSPREAD-26APR10MIAWAS-WAS4,KXNBA1HSPREAD-26APR10MIAWAS,KXNBA1HSPREAD,spread,Will Washington win the 1H by over 4.5 points?,Washington wins the 1H by over 4.5 points,Washington wins the 1H by over 4.5 points,no,0,finalized,2026-04-10T08:35:00Z,2026-04-11T00:14:00Z,2026-04-11T02:00:00Z,,1775863800,expected_expiration-150m,1775863680,0.0,0.35,0.175,,16,0.00,0.00
KXNBA1HSPREAD-26APR10MIAWAS-WAS25,KXNBA1HSPREAD-26APR10MIAWAS,KXNBA1HSPREAD,spread,Will Washington win the 1H by over 25.5 points?,Washington wins the 1H by over 25.5 points,Washington wins the 1H by over 25.5 points,no,0,finalized,2026-04-10T08:35:00Z,2026-04-11T00:13:58Z,2026-04-11T02:00:00Z,,1775863800,expected_expiration-150m,1775863680,0.0,0.01,0.005,,14,0.00,0.00
KXNBA1HSPREAD-26APR10MIAWAS-WAS22,KXNBA1HSPREAD-26APR10MIAWAS,KXNBA1HSPREAD,spread,Will Washington win the 1H by over 22.5 points?,Washington wins the 1H by over 22.5 points,Washington wins the 1H by over 22.5 points,no,0,finalized,2026-04-10T08:35:00Z,2026-04-11T00:13:58Z,2026-04-11T02:00:00Z,,1775863800,expected_expiration-150m,1775863800,0.0,0.07,0.035,,17,0.00,0.00
KXNBA1HSPREAD-26APR10MIAWAS-WAS19,KXNBA1HSPREAD-26APR10MIAWAS,KXNBA1HSPREAD,spread,Will Washington win the 1H by over 19.5 points?,Washington wins the 1H by over 19.5 points,Washington wins the 1H by over 19.5 points,no,0,finalized,2026-04-10T08:35:00Z,2026-04-11T00:13:58Z,2026-04-11T02:00:00Z,,1775863800,expected_expiration-150m,1775863800,0.0,0.09,0.045,,14,0.00,0.00
KXNBA1HSPREAD-26APR10MIAWAS-WAS16,KXNBA1HSPREAD-26APR10MIAWAS,KXNBA1HSPREAD,spread,Will Washington win the 1H by over 16.5 points?,Washington wins the 1H by over 16.5 points,Washington wins the 1H by over 16.5 points,no,0,finalized,2026-04-10T08:35:00Z,2026-04-11T00:13:59Z,2026-04-11T02:00:00Z,,1775863800,expected_expiration-150m,1775863800,0.0,0.05,0.025,,17,0.00,0.00
KXNBA1HSPREAD-26APR10MIAWAS-WAS13,KXNBA1HSPREAD-26APR10MIAWAS,KXNBA1HSPREAD,spread,Will Washington win the 1H by over 13.5 points?,Washington wins the 1H by over 13.5 points,Washington wins the 1H by over 13.5 points,no,0,finalized,2026-04-10T08:35:00Z,2026-04-11T00:13:59Z,2026-04-11T02:00:00Z,,1775863800,expected_expiration-150m,1775863800,0.0,0.07,0.035,,15,0.00,0.00
KXNBA1HSPREAD-26APR10MIAWAS-WAS10,KXNBA1HSPREAD-26APR10MIAWAS,KXNBA1HSPREAD,spread,Will Washington win the 1H by over 10.5 points?,Washington wins the 1H by over 10.5 points,Washington wins the 1H by over 10.5 points,no,0,finalized,2026-04-10T08:35:00Z,2026-04-11T00:13:59Z,2026-04-11T02:00:00Z,,1775863800,expected_expiration-150m,1775863800,0.0,0.1,0.05,,14,0.00,0.00
KXNBA1HSPREAD-26APR10MIAWAS-WAS1,KXNBA1HSPREAD-26APR10MIAWAS,KXNBA1HSPREAD,spread,Will Washington win the 1H by over 1.5 points?,Washington wins the 1H by over 1.5 points,Washington wins the 1H by over 1.5 points,no,0,finalized,2026-04-10T08:35:00Z,2026-04-11T00:14:00Z,2026-04-11T02:00:00Z,,1775863800,expected_expiration-150m,1775863800,0.02,0.38,0.2,,71,1.00,1.00
KXNBA1HSPREAD-26APR10MIAWAS-MIA5,KXNBA1HSPREAD-26APR10MIAWAS,KXNBA1HSPREAD,spread,Will Miami win the 1H by over 5.5 points?,Miami wins the 1H by over 5.5 points,Miami wins the 1H by over 5.5 points,yes,1,finalized,2026-04-10T08:35:00Z,2026-04-11T00:14:01Z,2026-04-11T02:00:00Z,,1775863800,expected_expiration-150m,1775863800,0.28,0.84,0.56,,69,1333.00,1099.00
KXNBA1HSPREAD-26APR10MIAWAS-MIA2,KXNBA1HSPREAD-26APR10MIAWAS,KXNBA1HSPREAD,spread,Will Miami win the 1H by over 2.5 points?,Miami wins the 1H by over 2.5 points,Miami wins the 1H by over 2.5 points,yes,1,finalized,2026-04-10T08:35:00Z,2026-04-11T00:14:01Z,2026-04-11T02:00:00Z,,1775863800,expected_expiration-150m,1775863800,0.61,0.81,0.71,0.68,25,438.00,393.00
KXNBA1HSPREAD-26APR10PHXLAL-PHX8,KXNBA1HSPREAD-26APR10PHXLAL,KXNBA1HSPREAD,spread,Will Phoenix win the 1H by over 8.5 points?,Phoenix wins the 1H by over 8.5 points,Phoenix wins the 1H by over 8.5 points,no,0,finalized,2026-04-10T07:35:00Z,2026-04-11T03:40:14Z,2026-04-11T05:30:00Z,,1775876400,expected_expiration-150m,1775876280,0.0,0.24,0.12,,66,0.00,0.00
KXNBA1HSPREAD-26APR10PHXLAL-PHX5,KXNBA1HSPREAD-26APR10PHXLAL,KXNBA1HSPREAD,spread,Will Phoenix win the 1H by over 5.5 points?,Phoenix wins the 1H by over 5.5 points,Phoenix wins the 1H by over 5.5 points,no,0,finalized,2026-04-10T07:35:00Z,2026-04-11T03:40:15Z,2026-04-11T05:30:00Z,,1775876400,expected_expiration-150m,1775876280,0.0,0.39,0.195,,55,202.00,202.00
KXNBA1HSPREAD-26APR10PHXLAL-PHX2,KXNBA1HSPREAD-26APR10PHXLAL,KXNBA1HSPREAD,spread,Will Phoenix win the 1H by over 2.5 points?,Phoenix wins the 1H by over 2.5 points,Phoenix wins the 1H by over 2.5 points,no,0,finalized,2026-04-10T07:35:00Z,2026-04-11T03:40:15Z,2026-04-11T05:30:00Z,,1775876400,expected_expiration-150m,1775876400,0.0,0.48,0.24,,69,8875.00,7397.00
KXNBA1HSPREAD-26APR10PHXLAL-PHX14,KXNBA1HSPREAD-26APR10PHXLAL,KXNBA1HSPREAD,spread,Will Phoenix win the 1H by over 14.5 points?,Phoenix wins the 1H by over 14.5 points,Phoenix wins the 1H by over 14.5 points,no,0,finalized,2026-04-10T07:35:00Z,2026-04-11T03:40:13Z,2026-04-11T05:30:00Z,,1775876400,expected_expiration-150m,1775876280,0.0,0.12,0.06,,95,0.00,0.00
KXNBA1HSPREAD-26APR10PHXLAL-PHX11,KXNBA1HSPREAD-26APR10PHXLAL,KXNBA1HSPREAD,spread,Will Phoenix win the 1H by over 11.5 points?,Phoenix wins the 1H by over 11.5 points,Phoenix wins the 1H by over 11.5 points,no,0,finalized,2026-04-10T07:35:00Z,2026-04-11T03:40:14Z,2026-04-11T05:30:00Z,,1775876400,expected_expiration-150m,1775876280,0.0,0.13,0.065,,56,34.00,34.00
KXNBA1HSPREAD-26APR10PHXLAL-LAL7,KXNBA1HSPREAD-26APR10PHXLAL,KXNBA1HSPREAD,spread,Will Los Angeles L win the 1H by over 7.5 points?,Los Angeles L wins the 1H by over 7.5 points,Los Angeles L wins the 1H by over 7.5 points,yes,1,finalized,2026-04-10T07:35:00Z,2026-04-11T03:40:17Z,2026-04-11T05:30:00Z,,1775876400,expected_expiration-150m,1775876400,0.43,0.58,0.505,0.57,64,14972.00,12121.00
KXNBA1HSPREAD-26APR10PHXLAL-LAL4,KXNBA1HSPREAD-26APR10PHXLAL,KXNBA1HSPREAD,spread,Will Los Angeles L win the 1H by over 4.5 points?,Los Angeles L wins the 1H by over 4.5 points,Los Angeles L wins the 1H by over 4.5 points,yes,1,finalized,2026-04-10T07:35:00Z,2026-04-11T03:40:17Z,2026-04-11T05:30:00Z,,1775876400,expected_expiration-150m,1775876400,0.65,0.74,0.6950000000000001,0.67,62,7707.00,5643.00
KXNBA1HSPREAD-26APR10PHXLAL-LAL16,KXNBA1HSPREAD-26APR10PHXLAL,KXNBA1HSPREAD,spread,Will Los Angeles L win the 1H by over 16.5 points?,Los Angeles L wins the 1H by over 16.5 points,Los Angeles L wins the 1H by over 16.5 points,no,0,finalized,2026-04-10T07:35:00Z,2026-04-11T03:40:19Z,2026-04-11T05:30:00Z,,1775876400,expected_expiration-150m,1775876400,0.0,0.55,0.275,,41,0.00,0.00
KXNBA1HSPREAD-26APR10PHXLAL-LAL13,KXNBA1HSPREAD-26APR10PHXLAL,KXNBA1HSPREAD,spread,Will Los Angeles L win the 1H by over 13.5 points?,Los Angeles L wins the 1H by over 13.5 points,Los Angeles L wins the 1H by over 13.5 points,no,0,finalized,2026-04-10T07:35:00Z,2026-04-11T03:40:19Z,2026-04-11T05:30:00Z,,1775876400,expected_expiration-150m,1775876400,0.0,0.54,0.27,,102,20.00,20.00
KXNBA1HSPREAD-26APR10PHXLAL-LAL10,KXNBA1HSPREAD-26APR10PHXLAL,KXNBA1HSPREAD,spread,Will Los Angeles L win the 1H by over 10.5 points?,Los Angeles L wins the 1H by over 10.5 points,Los Angeles L wins the 1H by over 10.5 points,no,0,finalized,2026-04-10T07:35:00Z,2026-04-11T03:40:18Z,2026-04-11T05:30:00Z,,1775876400,expected_expiration-150m,1775876400,0.07,0.71,0.39,,111,641.00,600.00
KXNBA1HSPREAD-26APR10PHXLAL-LAL1,KXNBA1HSPREAD-26APR10PHXLAL,KXNBA1HSPREAD,spread,Will Los Angeles L win the 1H by over 1.5 points?,Los Angeles L wins the 1H by over 1.5 points,Los Angeles L wins the 1H by over 1.5 points,yes,1,finalized,2026-04-10T07:35:00Z,2026-04-11T03:40:16Z,2026-04-11T05:30:00Z,,1775876400,expected_expiration-150m,1775876400,0.56,0.77,0.665,,69,15186.00,10809.00
KXNBA1HSPREAD-26APR10DALSAS-SAS5,KXNBA1HSPREAD-26APR10DALSAS,KXNBA1HSPREAD,spread,Will San Antonio win the 1H by over 5.5 points?,San Antonio wins the 1H by over 5.5 points,San Antonio wins the 1H by over 5.5 points,no,0,finalized,2026-04-10T07:35:00Z,2026-04-11T01:07:39Z,2026-04-11T03:00:00Z,,1775867400,expected_expiration-150m,1775867400,0.56,0.87,0.7150000000000001,,42,919.00,757.00
KXNBA1HSPREAD-26APR10DALSAS-SAS2,KXNBA1HSPREAD-26APR10DALSAS,KXNBA1HSPREAD,spread,Will San Antonio win the 1H by over 2.5 points?,San Antonio wins the 1H by over 2.5 points,San Antonio wins the 1H by over 2.5 points,yes,1,finalized,2026-04-10T07:35:00Z,2026-04-11T01:07:39Z,2026-04-11T03:00:00Z,,1775867400,expected_expiration-150m,1775867400,0.77,0.97,0.87,0.95,45,3784.00,3625.00
KXNBA1HSPREAD-26APR10DALSAS-DAL7,KXNBA1HSPREAD-26APR10DALSAS,KXNBA1HSPREAD,spread,Will Dallas win the 1H by over 7.5 points?,Dallas wins the 1H by over 7.5 points,Dallas wins the 1H by over 7.5 points,no,0,finalized,2026-04-10T07:35:00Z,2026-04-11T01:07:40Z,2026-04-11T03:00:00Z,,1775867400,expected_expiration-150m,1775867400,0.0,0.76,0.38,,58,0.00,0.00
KXNBA1HSPREAD-26APR10DALSAS-DAL4,KXNBA1HSPREAD-26APR10DALSAS,KXNBA1HSPREAD,spread,Will Dallas win the 1H by over 4.5 points?,Dallas wins the 1H by over 4.5 points,Dallas wins the 1H by over 4.5 points,no,0,finalized,2026-04-10T07:35:00Z,2026-04-11T01:07:40Z,2026-04-11T03:00:00Z,,1775867400,expected_expiration-150m,1775867400,0.0,0.76,0.38,,59,0.00,0.00
KXNBA1HSPREAD-26APR10DALSAS-DAL25,KXNBA1HSPREAD-26APR10DALSAS,KXNBA1HSPREAD,spread,Will Dallas win the 1H by over 25.5 points?,Dallas wins the 1H by over 25.5 points,Dallas wins the 1H by over 25.5 points,no,0,finalized,2026-04-10T07:35:00Z,2026-04-11T01:07:41Z,2026-04-11T03:00:00Z,,1775867400,expected_expiration-150m,1775867400,0.0,0.5,0.25,,41,0.00,0.00
KXNBA1HSPREAD-26APR10DALSAS-DAL22,KXNBA1HSPREAD-26APR10DALSAS,KXNBA1HSPREAD,spread,Will Dallas win the 1H by over 22.5 points?,Dallas wins the 1H by over 22.5 points,Dallas wins the 1H by over 22.5 points,no,0,finalized,2026-04-10T07:35:00Z,2026-04-11T01:07:41Z,2026-04-11T03:00:00Z,,1775867400,expected_expiration-150m,1775867400,0.0,0.76,0.38,,41,0.00,0.00
KXNBA1HSPREAD-26APR10DALSAS-DAL19,KXNBA1HSPREAD-26APR10DALSAS,KXNBA1HSPREAD,spread,Will Dallas win the 1H by over 19.5 points?,Dallas wins the 1H by over 19.5 points,Dallas wins the 1H by over 19.5 points,no,0,finalized,2026-04-10T07:35:00Z,2026-04-11T01:07:41Z,2026-04-11T03:00:00Z,,1775867400,expected_expiration-150m,1775867400,0.0,0.76,0.38,,41,0.00,0.00
KXNBA1HSPREAD-26APR10DALSAS-DAL16,KXNBA1HSPREAD-26APR10DALSAS,KXNBA1HSPREAD,spread,Will Dallas win the 1H by over 16.5 points?,Dallas wins the 1H by over 16.5 points,Dallas wins the 1H by over 16.5 points,no,0,finalized,2026-04-10T07:35:00Z,2026-04-11T01:07:40Z,2026-04-11T03:00:00Z,,1775867400,expected_expiration-150m,1775867400,0.0,0.76,0.38,,41,0.00,0.00
KXNBA1HSPREAD-26APR10DALSAS-DAL13,KXNBA1HSPREAD-26APR10DALSAS,KXNBA1HSPREAD,spread,Will Dallas win the 1H by over 13.5 points?,Dallas wins the 1H by over 13.5 points,Dallas wins the 1H by over 13.5 points,no,0,finalized,2026-04-10T07:35:00Z,2026-04-11T01:07:40Z,2026-04-11T03:00:00Z,,1775867400,expected_expiration-150m,1775867400,0.0,0.49,0.245,,42,2.00,2.00
KXNBA1HSPREAD-26APR10DALSAS-DAL10,KXNBA1HSPREAD-26APR10DALSAS,KXNBA1HSPREAD,spread,Will Dallas win the 1H by over 10.5 points?,Dallas wins the 1H by over 10.5 points,Dallas wins the 1H by over 10.5 points,no,0,finalized,2026-04-10T07:35:00Z,2026-04-11T01:07:40Z,2026-04-11T03:00:00Z,,1775867400,expected_expiration-150m,1775867400,0.0,0.76,0.38,,43,0.00,0.00
KXNBA1HSPREAD-26APR10DALSAS-DAL1,KXNBA1HSPREAD-26APR10DALSAS,KXNBA1HSPREAD,spread,Will Dallas win the 1H by over 1.5 points?,Dallas wins the 1H by over 1.5 points,Dallas wins the 1H by over 1.5 points,no,0,finalized,2026-04-10T07:35:00Z,2026-04-11T01:07:39Z,2026-04-11T03:00:00Z,,1775867400,expected_expiration-150m,1775867400,0.0,0.76,0.38,,58,0.00,0.00
KXNBA1HSPREAD-26APR10ORLCHI-ORL7,KXNBA1HSPREAD-26APR10ORLCHI,KXNBA1HSPREAD,spread,Will Orlando win the 1H by over 7.5 points?,Orlando wins the 1H by over 7.5 points,Orlando wins the 1H by over 7.5 points,yes,1,finalized,2026-04-10T07:35:00Z,2026-04-11T01:07:41Z,2026-04-11T03:00:00Z,,1775867400,expected_expiration-150m,1775867400,0.48,0.55,0.515,0.48,66,6232.00,4485.00
KXNBA1HSPREAD-26APR10ORLCHI-ORL4,KXNBA1HSPREAD-26APR10ORLCHI,KXNBA1HSPREAD,spread,Will Orlando win the 1H by over 4.5 points?,Orlando wins the 1H by over 4.5 points,Orlando wins the 1H by over 4.5 points,yes,1,finalized,2026-04-10T07:35:00Z,2026-04-11T01:07:41Z,2026-04-11T03:00:00Z,,1775867400,expected_expiration-150m,1775867340,0.58,0.79,0.685,,33,2643.00,2115.00
KXNBA1HSPREAD-26APR10ORLCHI-ORL1,KXNBA1HSPREAD-26APR10ORLCHI,KXNBA1HSPREAD,spread,Will Orlando win the 1H by over 1.5 points?,Orlando wins the 1H by over 1.5 points,Orlando wins the 1H by over 1.5 points,yes,1,finalized,2026-04-10T07:35:00Z,2026-04-11T01:07:41Z,2026-04-11T03:00:00Z,,1775867400,expected_expiration-150m,1775867400,0.29,0.77,0.53,,33,400.00,396.00
KXNBA1HSPREAD-26APR10ORLCHI-CHI8,KXNBA1HSPREAD-26APR10ORLCHI,KXNBA1HSPREAD,spread,Will Chicago win the 1H by over 8.5 points?,Chicago wins the 1H by over 8.5 points,Chicago wins the 1H by over 8.5 points,no,0,finalized,2026-04-10T07:35:00Z,2026-04-11T01:07:40Z,2026-04-11T03:00:00Z,,1775867400,expected_expiration-150m,1775867400,0.0,0.76,0.38,,49,0.00,0.00
KXNBA1HSPREAD-26APR10ORLCHI-CHI5,KXNBA1HSPREAD-26APR10ORLCHI,KXNBA1HSPREAD,spread,Will Chicago win the 1H by over 5.5 points?,Chicago wins the 1H by over 5.5 points,Chicago wins the 1H by over 5.5 points,no,0,finalized,2026-04-10T07:35:00Z,2026-04-11T01:07:40Z,2026-04-11T03:00:00Z,,1775867400,expected_expiration-150m,1775867400,0.0,0.76,0.38,,51,0.00,0.00
KXNBA1HSPREAD-26APR10ORLCHI-CHI23,KXNBA1HSPREAD-26APR10ORLCHI,KXNBA1HSPREAD,spread,Will Chicago win the 1H by over 23.5 points?,Chicago wins the 1H by over 23.5 points,Chicago wins the 1H by over 23.5 points,no,0,finalized,2026-04-10T07:35:00Z,2026-04-11T01:07:39Z,2026-04-11T03:00:00Z,,1775867400,expected_expiration-150m,1775867400,0.0,0.5,0.25,,41,0.00,0.00
KXNBA1HSPREAD-26APR10ORLCHI-CHI20,KXNBA1HSPREAD-26APR10ORLCHI,KXNBA1HSPREAD,spread,Will Chicago win the 1H by over 20.5 points?,Chicago wins the 1H by over 20.5 points,Chicago wins the 1H by over 20.5 points,no,0,finalized,2026-04-10T07:35:00Z,2026-04-11T01:07:39Z,2026-04-11T03:00:00Z,,1775867400,expected_expiration-150m,1775867400,0.0,0.76,0.38,,41,0.00,0.00
KXNBA1HSPREAD-26APR10ORLCHI-CHI2,KXNBA1HSPREAD-26APR10ORLCHI,KXNBA1HSPREAD,spread,Will Chicago win the 1H by over 2.5 points?,Chicago wins the 1H by over 2.5 points,Chicago wins the 1H by over 2.5 points,no,0,finalized,2026-04-10T07:35:00Z,2026-04-11T01:07:40Z,2026-04-11T03:00:00Z,,1775867400,expected_expiration-150m,1775867400,0.0,0.76,0.38,,51,0.00,0.00
KXNBA1HSPREAD-26APR10ORLCHI-CHI17,KXNBA1HSPREAD-26APR10ORLCHI,KXNBA1HSPREAD,spread,Will Chicago win the 1H by over 17.5 points?,Chicago wins the 1H by over 17.5 points,Chicago wins the 1H by over 17.5 points,no,0,finalized,2026-04-10T07:35:00Z,2026-04-11T01:07:40Z,2026-04-11T03:00:00Z,,1775867400,expected_expiration-150m,1775867400,0.0,0.76,0.38,,41,0.00,0.00
KXNBA1HSPREAD-26APR10ORLCHI-CHI14,KXNBA1HSPREAD-26APR10ORLCHI,KXNBA1HSPREAD,spread,Will Chicago win the 1H by over 14.5 points?,Chicago wins the 1H by over 14.5 points,Chicago wins the 1H by over 14.5 points,no,0,finalized,2026-04-10T07:35:00Z,2026-04-11T01:07:40Z,2026-04-11T03:00:00Z,,1775867400,expected_expiration-150m,1775867400,0.0,0.76,0.38,,41,0.00,0.00
KXNBA1HSPREAD-26APR10ORLCHI-CHI11,KXNBA1HSPREAD-26APR10ORLCHI,KXNBA1HSPREAD,spread,Will Chicago win the 1H by over 11.5 points?,Chicago wins the 1H by over 11.5 points,Chicago wins the 1H by over 11.5 points,no,0,finalized,2026-04-10T07:35:00Z,2026-04-11T01:07:40Z,2026-04-11T03:00:00Z,,1775867400,expected_expiration-150m,1775867400,0.0,0.76,0.38,,41,0.00,0.00
KXNBA1HSPREAD-26APR10GSWSAC-SAC7,KXNBA1HSPREAD-26APR10GSWSAC,KXNBA1HSPREAD,spread,Will Sacramento win the 1H by over 7.5 points?,Sacramento wins the 1H by over 7.5 points,Sacramento wins the 1H by over 7.5 points,yes,1,finalized,2026-04-10T07:35:00Z,2026-04-11T03:07:35Z,2026-04-11T05:00:00Z,,1775874600,expected_expiration-150m,1775874600,0.0,0.38,0.19,,103,630.00,436.00
KXNBA1HSPREAD-26APR10GSWSAC-SAC4,KXNBA1HSPREAD-26APR10GSWSAC,KXNBA1HSPREAD,spread,Will Sacramento win the 1H by over 4.5 points?,Sacramento wins the 1H by over 4.5 points,Sacramento wins the 1H by over 4.5 points,yes,1,finalized,2026-04-10T07:35:00Z,2026-04-11T03:07:35Z,2026-04-11T05:00:00Z,,1775874600,expected_expiration-150m,1775874600,0.02,0.37,0.195,,74,524.00,524.00
KXNBA1HSPREAD-26APR10GSWSAC-SAC22,KXNBA1HSPREAD-26APR10GSWSAC,KXNBA1HSPREAD,spread,Will Sacramento win the 1H by over 22.5 points?,Sacramento wins the 1H by over 22.5 points,Sacramento wins the 1H by over 22.5 points,no,0,finalized,2026-04-10T07:35:00Z,2026-04-11T03:07:34Z,2026-04-11T05:00:00Z,,1775874600,expected_expiration-150m,1775874600,0.0,0.13,0.065,,33,0.00,0.00
KXNBA1HSPREAD-26APR10GSWSAC-SAC19,KXNBA1HSPREAD-26APR10GSWSAC,KXNBA1HSPREAD,spread,Will Sacramento win the 1H by over 19.5 points?,Sacramento wins the 1H by over 19.5 points,Sacramento wins the 1H by over 19.5 points,no,0,finalized,2026-04-10T07:35:00Z,2026-04-11T03:07:34Z,2026-04-11T05:00:00Z,,1775874600,expected_expiration-150m,1775874600,0.0,0.13,0.065,,34,0.00,0.00
KXNBA1HSPREAD-26APR10GSWSAC-SAC16,KXNBA1HSPREAD-26APR10GSWSAC,KXNBA1HSPREAD,spread,Will Sacramento win the 1H by over 16.5 points?,Sacramento wins the 1H by over 16.5 points,Sacramento wins the 1H by over 16.5 points,no,0,finalized,2026-04-10T07:35:00Z,2026-04-11T03:07:34Z,2026-04-11T05:00:00Z,,1775874600,expected_expiration-150m,1775874600,0.0,0.13,0.065,,34,0.00,0.00
KXNBA1HSPREAD-26APR10GSWSAC-SAC13,KXNBA1HSPREAD-26APR10GSWSAC,KXNBA1HSPREAD,spread,Will Sacramento win the 1H by over 13.5 points?,Sacramento wins the 1H by over 13.5 points,Sacramento wins the 1H by over 13.5 points,no,0,finalized,2026-04-10T07:35:00Z,2026-04-11T03:07:34Z,2026-04-11T05:00:00Z,,1775874600,expected_expiration-150m,1775874600,0.0,0.19,0.095,,37,0.00,0.00
KXNBA1HSPREAD-26APR10GSWSAC-SAC10,KXNBA1HSPREAD-26APR10GSWSAC,KXNBA1HSPREAD,spread,Will Sacramento win the 1H by over 10.5 points?,Sacramento wins the 1H by over 10.5 points,Sacramento wins the 1H by over 10.5 points,yes,1,finalized,2026-04-10T07:35:00Z,2026-04-11T03:07:35Z,2026-04-11T05:00:00Z,,1775874600,expected_expiration-150m,1775874600,0.0,0.3,0.15,,84,1402.00,1160.00
KXNBA1HSPREAD-26APR10GSWSAC-SAC1,KXNBA1HSPREAD-26APR10GSWSAC,KXNBA1HSPREAD,spread,Will Sacramento win the 1H by over 1.5 points?,Sacramento wins the 1H by over 1.5 points,Sacramento wins the 1H by over 1.5 points,yes,1,finalized,2026-04-10T07:35:00Z,2026-04-11T03:07:35Z,2026-04-11T05:00:00Z,,1775874600,expected_expiration-150m,1775874600,0.0,0.65,0.325,,54,2610.00,1706.00
KXNBA1HSPREAD-26APR10GSWSAC-GSW8,KXNBA1HSPREAD-26APR10GSWSAC,KXNBA1HSPREAD,spread,Will Golden State win the 1H by over 8.5 points?,Golden State wins the 1H by over 8.5 points,Golden State wins the 1H by over 8.5 points,no,0,finalized,2026-04-10T07:35:00Z,2026-04-11T03:07:36Z,2026-04-11T05:00:00Z,,1775874600,expected_expiration-150m,1775874600,0.24,0.59,0.415,,63,1479.00,1456.00
KXNBA1HSPREAD-26APR10GSWSAC-GSW5,KXNBA1HSPREAD-26APR10GSWSAC,KXNBA1HSPREAD,spread,Will Golden State win the 1H by over 5.5 points?,Golden State wins the 1H by over 5.5 points,Golden State wins the 1H by over 5.5 points,no,0,finalized,2026-04-10T07:35:00Z,2026-04-11T03:07:36Z,2026-04-11T05:00:00Z,,1775874600,expected_expiration-150m,1775874600,0.39,0.44,0.41500000000000004,,79,11187.00,8518.00
KXNBA1HSPREAD-26APR10GSWSAC-GSW2,KXNBA1HSPREAD-26APR10GSWSAC,KXNBA1HSPREAD,spread,Will Golden State win the 1H by over 2.5 points?,Golden State wins the 1H by over 2.5 points,Golden State wins the 1H by over 2.5 points,no,0,finalized,2026-04-10T07:35:00Z,2026-04-11T03:07:35Z,2026-04-11T05:00:00Z,,1775874600,expected_expiration-150m,1775874600,0.52,0.61,0.565,,69,8151.00,6596.00
KXNBA1HSPREAD-26APR10OKCDEN-OKC9,KXNBA1HSPREAD-26APR10OKCDEN,KXNBA1HSPREAD,spread,Will Oklahoma City win the 1H by over 9.5 points?,Oklahoma City wins the 1H by over 9.5 points,Oklahoma City wins the 1H by over 9.5 points,no,0,finalized,2026-04-10T07:35:00Z,2026-04-11T02:01:57Z,2026-04-11T04:00:00Z,,1775871000,expected_expiration-150m,1775871000,0.0,0.79,0.395,,98,0.00,0.00
KXNBA1HSPREAD-26APR10OKCDEN-OKC6,KXNBA1HSPREAD-26APR10OKCDEN,KXNBA1HSPREAD,spread,Will Oklahoma City win the 1H by over 6.5 points?,Oklahoma City wins the 1H by over 6.5 points,Oklahoma City wins the 1H by over 6.5 points,no,0,finalized,2026-04-10T07:35:00Z,2026-04-11T02:01:57Z,2026-04-11T04:00:00Z,,1775871000,expected_expiration-150m,1775870760,0.0,0.14,0.07,0.1,76,272.00,242.00
KXNBA1HSPREAD-26APR10OKCDEN-OKC3,KXNBA1HSPREAD-26APR10OKCDEN,KXNBA1HSPREAD,spread,Will Oklahoma City win the 1H by over 3.5 points?,Oklahoma City wins the 1H by over 3.5 points,Oklahoma City wins the 1H by over 3.5 points,no,0,finalized,2026-04-10T07:35:00Z,2026-04-11T02:01:57Z,2026-04-11T04:00:00Z,,1775871000,expected_expiration-150m,1775871000,0.0,0.29,0.145,,75,1341.00,1265.00
KXNBA1HSPREAD-26APR10OKCDEN-OKC21,KXNBA1HSPREAD-26APR10OKCDEN,KXNBA1HSPREAD,spread,Will Oklahoma City win the 1H by over 21.5 points?,Oklahoma City wins the 1H by over 21.5 points,Oklahoma City wins the 1H by over 21.5 points,no,0,finalized,2026-04-10T07:35:00Z,2026-04-11T02:01:56Z,2026-04-11T04:00:00Z,,1775871000,expected_expiration-150m,1775871000,0.0,0.79,0.395,,38,164.00,164.00
KXNBA1HSPREAD-26APR10OKCDEN-OKC18,KXNBA1HSPREAD-26APR10OKCDEN,KXNBA1HSPREAD,spread,Will Oklahoma City win the 1H by over 18.5 points?,Oklahoma City wins the 1H by over 18.5 points,Oklahoma City wins the 1H by over 18.5 points,no,0,finalized,2026-04-10T07:35:00Z,2026-04-11T02:01:56Z,2026-04-11T04:00:00Z,,1775871000,expected_expiration-150m,1775871000,0.0,0.79,0.395,,40,0.00,0.00
KXNBA1HSPREAD-26APR10OKCDEN-OKC15,KXNBA1HSPREAD-26APR10OKCDEN,KXNBA1HSPREAD,spread,Will Oklahoma City win the 1H by over 15.5 points?,Oklahoma City wins the 1H by over 15.5 points,Oklahoma City wins the 1H by over 15.5 points,no,0,finalized,2026-04-10T07:35:00Z,2026-04-11T02:01:56Z,2026-04-11T04:00:00Z,,1775871000,expected_expiration-150m,1775871000,0.0,0.79,0.395,,42,0.00,0.00
KXNBA1HSPREAD-26APR10OKCDEN-OKC12,KXNBA1HSPREAD-26APR10OKCDEN,KXNBA1HSPREAD,spread,Will Oklahoma City win the 1H by over 12.5 points?,Oklahoma City wins the 1H by over 12.5 points,Oklahoma City wins the 1H by over 12.5 points,no,0,finalized,2026-04-10T07:35:00Z,2026-04-11T02:01:57Z,2026-04-11T04:00:00Z,,1775871000,expected_expiration-150m,1775870760,0.0,0.06,0.03,,40,5.00,5.00
KXNBA1HSPREAD-26APR10OKCDEN-DEN9,KXNBA1HSPREAD-26APR10OKCDEN,KXNBA1HSPREAD,spread,Will Denver win the 1H by over 9.5 points?,Denver wins the 1H by over 9.5 points,Denver wins the 1H by over 9.5 points,no,0,finalized,2026-04-10T07:35:00Z,2026-04-11T02:01:58Z,2026-04-11T04:00:00Z,,1775871000,expected_expiration-150m,1775871000,0.4,0.64,0.52,0.4,81,2380.00,1389.00
KXNBA1HSPREAD-26APR10OKCDEN-DEN6,KXNBA1HSPREAD-26APR10OKCDEN,KXNBA1HSPREAD,spread,Will Denver win the 1H by over 6.5 points?,Denver wins the 1H by over 6.5 points,Denver wins the 1H by over 6.5 points,yes,1,finalized,2026-04-10T07:35:00Z,2026-04-11T02:01:58Z,2026-04-11T04:00:00Z,,1775871000,expected_expiration-150m,1775871000,0.43,0.6,0.515,0.63,62,22804.00,12052.00
KXNBA1HSPREAD-26APR10OKCDEN-DEN3,KXNBA1HSPREAD-26APR10OKCDEN,KXNBA1HSPREAD,spread,Will Denver win the 1H by over 3.5 points?,Denver wins the 1H by over 3.5 points,Denver wins the 1H by over 3.5 points,yes,1,finalized,2026-04-10T07:35:00Z,2026-04-11T02:01:57Z,2026-04-11T04:00:00Z,,1775871000,expected_expiration-150m,1775871000,0.71,0.79,0.75,,63,16087.00,10129.00
KXNBA1HSPREAD-26APR10BKNMIL-MIL7,KXNBA1HSPREAD-26APR10BKNMIL,KXNBA1HSPREAD,spread,Will Milwaukee win the 1H by over 7.5 points?,Milwaukee wins the 1H by over 7.5 points,Milwaukee wins the 1H by over 7.5 points,yes,1,finalized,2026-04-10T07:35:00Z,2026-04-11T01:03:47Z,2026-04-11T03:00:00Z,,1775867400,expected_expiration-150m,1775866740,0.59,0.86,0.725,,36,1529.00,1295.00
KXNBA1HSPREAD-26APR10BKNMIL-MIL4,KXNBA1HSPREAD-26APR10BKNMIL,KXNBA1HSPREAD,spread,Will Milwaukee win the 1H by over 4.5 points?,Milwaukee wins the 1H by over 4.5 points,Milwaukee wins the 1H by over 4.5 points,yes,1,finalized,2026-04-10T07:35:00Z,2026-04-11T01:03:47Z,2026-04-11T03:00:00Z,,1775867400,expected_expiration-150m,1775867040,0.77,0.93,0.8500000000000001,,46,1264.00,1142.00
KXNBA1HSPREAD-26APR10BKNMIL-MIL10,KXNBA1HSPREAD-26APR10BKNMIL,KXNBA1HSPREAD,spread,Will Milwaukee win the 1H by over 10.5 points?,Milwaukee wins the 1H by over 10.5 points,Milwaukee wins the 1H by over 10.5 points,yes,1,finalized,2026-04-10T07:35:00Z,2026-04-11T01:03:47Z,2026-04-11T03:00:00Z,,1775867400,expected_expiration-150m,1775867400,0.27,0.75,0.51,,44,1127.00,747.00
KXNBA1HSPREAD-26APR10BKNMIL-MIL1,KXNBA1HSPREAD-26APR10BKNMIL,KXNBA1HSPREAD,spread,Will Milwaukee win the 1H by over 1.5 points?,Milwaukee wins the 1H by over 1.5 points,Milwaukee wins the 1H by over 1.5 points,yes,1,finalized,2026-04-10T07:35:00Z,2026-04-11T01:03:47Z,2026-04-11T03:00:00Z,,1775867400,expected_expiration-150m,1775867400,0.84,0.98,0.9099999999999999,0.97,37,493.00,472.00
KXNBA1HSPREAD-26APR10BKNMIL-BKN8,KXNBA1HSPREAD-26APR10BKNMIL,KXNBA1HSPREAD,spread,Will Brooklyn win the 1H by over 8.5 points?,Brooklyn wins the 1H by over 8.5 points,Brooklyn wins the 1H by over 8.5 points,no,0,finalized,2026-04-10T07:35:00Z,2026-04-11T01:03:46Z,2026-04-11T03:00:00Z,,1775867400,expected_expiration-150m,1775867400,0.0,0.76,0.38,,56,0.00,0.00
KXNBA1HSPREAD-26APR10BKNMIL-BKN5,KXNBA1HSPREAD-26APR10BKNMIL,KXNBA1HSPREAD,spread,Will Brooklyn win the 1H by over 5.5 points?,Brooklyn wins the 1H by over 5.5 points,Brooklyn wins the 1H by over 5.5 points,no,0,finalized,2026-04-10T07:35:00Z,2026-04-11T01:03:46Z,2026-04-11T03:00:00Z,,1775867400,expected_expiration-150m,1775867400,0.0,0.76,0.38,,57,4.00,3.00
KXNBA1HSPREAD-26APR10BKNMIL-BKN20,KXNBA1HSPREAD-26APR10BKNMIL,KXNBA1HSPREAD,spread,Will Brooklyn win the 1H by over 20.5 points?,Brooklyn wins the 1H by over 20.5 points,Brooklyn wins the 1H by over 20.5 points,no,0,finalized,2026-04-10T07:35:00Z,2026-04-11T01:03:45Z,2026-04-11T03:00:00Z,,1775867400,expected_expiration-150m,1775867400,0.0,0.49,0.245,,40,0.00,0.00
KXNBA1HSPREAD-26APR10BKNMIL-BKN2,KXNBA1HSPREAD-26APR10BKNMIL,KXNBA1HSPREAD,spread,Will Brooklyn win the 1H by over 2.5 points?,Brooklyn wins the 1H by over 2.5 points,Brooklyn wins the 1H by over 2.5 points,no,0,finalized,2026-04-10T07:35:00Z,2026-04-11T01:03:46Z,2026-04-11T03:00:00Z,,1775867400,expected_expiration-150m,1775867400,0.0,0.71,0.355,,47,6.00,6.00
KXNBA1HSPREAD-26APR10BKNMIL-BKN17,KXNBA1HSPREAD-26APR10BKNMIL,KXNBA1HSPREAD,spread,Will Brooklyn win the 1H by over 17.5 points?,Brooklyn wins the 1H by over 17.5 points,Brooklyn wins the 1H by over 17.5 points,no,0,finalized,2026-04-10T07:35:00Z,2026-04-11T01:03:45Z,2026-04-11T03:00:00Z,,1775867400,expected_expiration-150m,1775867400,0.0,0.76,0.38,,40,0.00,0.00
KXNBA1HSPREAD-26APR10BKNMIL-BKN14,KXNBA1HSPREAD-26APR10BKNMIL,KXNBA1HSPREAD,spread,Will Brooklyn win the 1H by over 14.5 points?,Brooklyn wins the 1H by over 14.5 points,Brooklyn wins the 1H by over 14.5 points,no,0,finalized,2026-04-10T07:35:00Z,2026-04-11T01:03:46Z,2026-04-11T03:00:00Z,,1775867400,expected_expiration-150m,1775867400,0.0,0.76,0.38,,39,0.00,0.00
KXNBA1HSPREAD-26APR10BKNMIL-BKN11,KXNBA1HSPREAD-26APR10BKNMIL,KXNBA1HSPREAD,spread,Will Brooklyn win the 1H by over 11.5 points?,Brooklyn wins the 1H by over 11.5 points,Brooklyn wins the 1H by over 11.5 points,no,0,finalized,2026-04-10T07:35:00Z,2026-04-11T01:03:46Z,2026-04-11T03:00:00Z,,1775867400,expected_expiration-150m,1775867400,0.0,0.76,0.38,,49,1.00,1.00
KXNBA1HSPREAD-26APR10MINHOU-MIN9,KXNBA1HSPREAD-26APR10MINHOU,KXNBA1HSPREAD,spread,Will Minnesota win the 1H by over 9.5 points?,Minnesota wins the 1H by over 9.5 points,Minnesota wins the 1H by over 9.5 points,no,0,finalized,2026-04-10T07:35:00Z,2026-04-11T02:45:07Z,2026-04-11T04:30:00Z,,1775872800,expected_expiration-150m,1775872800,0.0,0.71,0.355,,101,0.00,0.00
KXNBA1HSPREAD-26APR10MINHOU-MIN6,KXNBA1HSPREAD-26APR10MINHOU,KXNBA1HSPREAD,spread,Will Minnesota win the 1H by over 6.5 points?,Minnesota wins the 1H by over 6.5 points,Minnesota wins the 1H by over 6.5 points,no,0,finalized,2026-04-10T07:35:00Z,2026-04-11T02:45:06Z,2026-04-11T04:30:00Z,,1775872800,expected_expiration-150m,1775872800,0.0,0.71,0.355,,109,0.00,0.00
KXNBA1HSPREAD-26APR10MINHOU-MIN3,KXNBA1HSPREAD-26APR10MINHOU,KXNBA1HSPREAD,spread,Will Minnesota win the 1H by over 3.5 points?,Minnesota wins the 1H by over 3.5 points,Minnesota wins the 1H by over 3.5 points,no,0,finalized,2026-04-10T07:35:00Z,2026-04-11T02:45:06Z,2026-04-11T04:30:00Z,,1775872800,expected_expiration-150m,1775872800,0.0,0.71,0.355,,50,533.00,436.00
KXNBA1HSPREAD-26APR10MINHOU-MIN21,KXNBA1HSPREAD-26APR10MINHOU,KXNBA1HSPREAD,spread,Will Minnesota win the 1H by over 21.5 points?,Minnesota wins the 1H by over 21.5 points,Minnesota wins the 1H by over 21.5 points,no,0,finalized,2026-04-10T07:35:00Z,2026-04-11T02:45:09Z,2026-04-11T04:30:00Z,,1775872800,expected_expiration-150m,1775872800,0.0,0.71,0.355,,30,0.00,0.00
KXNBA1HSPREAD-26APR10MINHOU-MIN18,KXNBA1HSPREAD-26APR10MINHOU,KXNBA1HSPREAD,spread,Will Minnesota win the 1H by over 18.5 points?,Minnesota wins the 1H by over 18.5 points,Minnesota wins the 1H by over 18.5 points,no,0,finalized,2026-04-10T07:35:00Z,2026-04-11T02:45:08Z,2026-04-11T04:30:00Z,,1775872800,expected_expiration-150m,1775872800,0.0,0.71,0.355,,32,0.00,0.00
KXNBA1HSPREAD-26APR10MINHOU-MIN15,KXNBA1HSPREAD-26APR10MINHOU,KXNBA1HSPREAD,spread,Will Minnesota win the 1H by over 15.5 points?,Minnesota wins the 1H by over 15.5 points,Minnesota wins the 1H by over 15.5 points,no,0,finalized,2026-04-10T07:35:00Z,2026-04-11T02:45:08Z,2026-04-11T04:30:00Z,,1775872800,expected_expiration-150m,1775872800,0.0,0.71,0.355,,31,44.00,44.00
KXNBA1HSPREAD-26APR10MINHOU-MIN12,KXNBA1HSPREAD-26APR10MINHOU,KXNBA1HSPREAD,spread,Will Minnesota win the 1H by over 12.5 points?,Minnesota wins the 1H by over 12.5 points,Minnesota wins the 1H by over 12.5 points,no,0,finalized,2026-04-10T07:35:00Z,2026-04-11T02:45:07Z,2026-04-11T04:30:00Z,,1775872800,expected_expiration-150m,1775872800,0.0,0.71,0.355,,38,0.00,0.00
KXNBA1HSPREAD-26APR10MINHOU-HOU9,KXNBA1HSPREAD-26APR10MINHOU,KXNBA1HSPREAD,spread,Will Houston win the 1H by over 9.5 points?,Houston wins the 1H by over 9.5 points,Houston wins the 1H by over 9.5 points,no,0,finalized,2026-04-10T07:35:00Z,2026-04-11T02:45:04Z,2026-04-11T04:30:00Z,,1775872800,expected_expiration-150m,1775872800,0.0,0.71,0.355,,50,88.00,88.00
KXNBA1HSPREAD-26APR10MINHOU-HOU6,KXNBA1HSPREAD-26APR10MINHOU,KXNBA1HSPREAD,spread,Will Houston win the 1H by over 6.5 points?,Houston wins the 1H by over 6.5 points,Houston wins the 1H by over 6.5 points,no,0,finalized,2026-04-10T07:35:00Z,2026-04-11T02:45:05Z,2026-04-11T04:30:00Z,,1775872800,expected_expiration-150m,1775872800,0.51,0.54,0.525,0.56,94,21127.00,16111.00
KXNBA1HSPREAD-26APR10MINHOU-HOU3,KXNBA1HSPREAD-26APR10MINHOU,KXNBA1HSPREAD,spread,Will Houston win the 1H by over 3.5 points?,Houston wins the 1H by over 3.5 points,Houston wins the 1H by over 3.5 points,yes,1,finalized,2026-04-10T07:35:00Z,2026-04-11T02:45:05Z,2026-04-11T04:30:00Z,,1775872800,expected_expiration-150m,1775872800,0.61,0.97,0.79,0.72,57,30617.00,16903.00
KXNBA1HSPREAD-26APR10NOPBOS-NOP7,KXNBA1HSPREAD-26APR10NOPBOS,KXNBA1HSPREAD,spread,Will New Orleans win the 1H by over 7.5 points?,New Orleans wins the 1H by over 7.5 points,New Orleans wins the 1H by over 7.5 points,no,0,finalized,2026-04-10T07:35:00Z,2026-04-11T00:38:01Z,2026-04-11T02:30:00Z,,1775865600,expected_expiration-150m,1775865600,0.0,0.13,0.065,,32,4.00,4.00
KXNBA1HSPREAD-26APR10NOPBOS-NOP4,KXNBA1HSPREAD-26APR10NOPBOS,KXNBA1HSPREAD,spread,Will New Orleans win the 1H by over 4.5 points?,New Orleans wins the 1H by over 4.5 points,New Orleans wins the 1H by over 4.5 points,no,0,finalized,2026-04-10T07:35:00Z,2026-04-11T00:38:01Z,2026-04-11T02:30:00Z,,1775865600,expected_expiration-150m,1775865600,0.0,0.13,0.065,,34,10.00,10.00
KXNBA1HSPREAD-26APR10NOPBOS-NOP25,KXNBA1HSPREAD-26APR10NOPBOS,KXNBA1HSPREAD,spread,Will New Orleans win the 1H by over 25.5 points?,New Orleans wins the 1H by over 25.5 points,New Orleans wins the 1H by over 25.5 points,no,0,finalized,2026-04-10T07:35:00Z,2026-04-11T00:38:02Z,2026-04-11T02:30:00Z,,1775865600,expected_expiration-150m,1775865600,0.0,0.13,0.065,,31,1.00,1.00
KXNBA1HSPREAD-26APR10NOPBOS-NOP22,KXNBA1HSPREAD-26APR10NOPBOS,KXNBA1HSPREAD,spread,Will New Orleans win the 1H by over 22.5 points?,New Orleans wins the 1H by over 22.5 points,New Orleans wins the 1H by over 22.5 points,no,0,finalized,2026-04-10T07:35:00Z,2026-04-11T00:38:02Z,2026-04-11T02:30:00Z,,1775865600,expected_expiration-150m,1775865600,0.0,0.13,0.065,,31,2.00,2.00
KXNBA1HSPREAD-26APR10NOPBOS-NOP19,KXNBA1HSPREAD-26APR10NOPBOS,KXNBA1HSPREAD,spread,Will New Orleans win the 1H by over 19.5 points?,New Orleans wins the 1H by over 19.5 points,New Orleans wins the 1H by over 19.5 points,no,0,finalized,2026-04-10T07:35:00Z,2026-04-11T00:38:02Z,2026-04-11T02:30:00Z,,1775865600,expected_expiration-150m,1775865600,0.0,0.09,0.045,0.12,31,35.00,35.00
KXNBA1HSPREAD-26APR10NOPBOS-NOP16,KXNBA1HSPREAD-26APR10NOPBOS,KXNBA1HSPREAD,spread,Will New Orleans win the 1H by over 16.5 points?,New Orleans wins the 1H by over 16.5 points,New Orleans wins the 1H by over 16.5 points,no,0,finalized,2026-04-10T07:35:00Z,2026-04-11T00:38:02Z,2026-04-11T02:30:00Z,,1775865600,expected_expiration-150m,1775865600,0.0,0.13,0.065,0.11,33,74.00,74.00
KXNBA1HSPREAD-26APR10NOPBOS-NOP13,KXNBA1HSPREAD-26APR10NOPBOS,KXNBA1HSPREAD,spread,Will New Orleans win the 1H by over 13.5 points?,New Orleans wins the 1H by over 13.5 points,New Orleans wins the 1H by over 13.5 points,no,0,finalized,2026-04-10T07:35:00Z,2026-04-11T00:38:01Z,2026-04-11T02:30:00Z,,1775865600,expected_expiration-150m,1775865600,0.0,0.13,0.065,0.12,32,4.00,4.00
KXNBA1HSPREAD-26APR10NOPBOS-NOP10,KXNBA1HSPREAD-26APR10NOPBOS,KXNBA1HSPREAD,spread,Will New Orleans win the 1H by over 10.5 points?,New Orleans wins the 1H by over 10.5 points,New Orleans wins the 1H by over 10.5 points,no,0,finalized,2026-04-10T07:35:00Z,2026-04-11T00:38:01Z,2026-04-11T02:30:00Z,,1775865600,expected_expiration-150m,1775865600,0.0,0.13,0.065,,33,4.00,4.00
KXNBA1HSPREAD-26APR10NOPBOS-NOP1,KXNBA1HSPREAD-26APR10NOPBOS,KXNBA1HSPREAD,spread,Will New Orleans win the 1H by over 1.5 points?,New Orleans wins the 1H by over 1.5 points,New Orleans wins the 1H by over 1.5 points,no,0,finalized,2026-04-10T07:35:00Z,2026-04-11T00:38:01Z,2026-04-11T02:30:00Z,,1775865600,expected_expiration-150m,1775865600,0.02,0.11,0.065,0.13,68,177.00,177.00
KXNBA1HSPREAD-26APR10NOPBOS-BOS5,KXNBA1HSPREAD-26APR10NOPBOS,KXNBA1HSPREAD,spread,Will Boston win the 1H by over 5.5 points?,Boston wins the 1H by over 5.5 points,Boston wins the 1H by over 5.5 points,yes,1,finalized,2026-04-10T07:35:00Z,2026-04-11T00:38:00Z,2026-04-11T02:30:00Z,,1775865600,expected_expiration-150m,1775865600,0.71,0.87,0.79,0.86,45,800.00,694.00
KXNBA1HSPREAD-26APR10NOPBOS-BOS2,KXNBA1HSPREAD-26APR10NOPBOS,KXNBA1HSPREAD,spread,Will Boston win the 1H by over 2.5 points?,Boston wins the 1H by over 2.5 points,Boston wins the 1H by over 2.5 points,yes,1,finalized,2026-04-10T07:35:00Z,2026-04-11T00:38:00Z,2026-04-11T02:30:00Z,,1775865600,expected_expiration-150m,1775865240,0.84,0.96,0.8999999999999999,,42,760.00,760.00
KXNBA1HSPREAD-26APR10PHIIND-PHI7,KXNBA1HSPREAD-26APR10PHIIND,KXNBA1HSPREAD,spread,Will Philadelphia win the 1H by over 7.5 points?,Philadelphia wins the 1H by over 7.5 points,Philadelphia wins the 1H by over 7.5 points,no,0,finalized,2026-04-10T07:35:00Z,2026-04-11T00:33:48Z,2026-04-11T02:30:00Z,,1775865600,expected_expiration-150m,1775865600,0.49,0.52,0.505,0.5,72,10840.00,6575.00
KXNBA1HSPREAD-26APR10PHIIND-PHI4,KXNBA1HSPREAD-26APR10PHIIND,KXNBA1HSPREAD,spread,Will Philadelphia win the 1H by over 4.5 points?,Philadelphia wins the 1H by over 4.5 points,Philadelphia wins the 1H by over 4.5 points,yes,1,finalized,2026-04-10T07:35:00Z,2026-04-11T00:33:48Z,2026-04-11T02:30:00Z,,1775865600,expected_expiration-150m,1775865420,0.52,0.79,0.655,,63,3414.00,3183.00
KXNBA1HSPREAD-26APR10PHIIND-PHI1,KXNBA1HSPREAD-26APR10PHIIND,KXNBA1HSPREAD,spread,Will Philadelphia win the 1H by over 1.5 points?,Philadelphia wins the 1H by over 1.5 points,Philadelphia wins the 1H by over 1.5 points,yes,1,finalized,2026-04-10T07:35:00Z,2026-04-11T00:33:48Z,2026-04-11T02:30:00Z,,1775865600,expected_expiration-150m,1775865300,0.26,0.8,0.53,,36,428.00,395.00
KXNBA1HSPREAD-26APR10PHIIND-IND8,KXNBA1HSPREAD-26APR10PHIIND,KXNBA1HSPREAD,spread,Will Indiana win the 1H by over 8.5 points?,Indiana wins the 1H by over 8.5 points,Indiana wins the 1H by over 8.5 points,no,0,finalized,2026-04-10T07:35:00Z,2026-04-11T00:33:47Z,2026-04-11T02:30:00Z,,1775865600,expected_expiration-150m,1775865000,0.0,0.8,0.4,,32,20.00,20.00
KXNBA1HSPREAD-26APR10PHIIND-IND5,KXNBA1HSPREAD-26APR10PHIIND,KXNBA1HSPREAD,spread,Will Indiana win the 1H by over 5.5 points?,Indiana wins the 1H by over 5.5 points,Indiana wins the 1H by over 5.5 points,no,0,finalized,2026-04-10T07:35:00Z,2026-04-11T00:33:47Z,2026-04-11T02:30:00Z,,1775865600,expected_expiration-150m,1775865000,0.0,0.8,0.4,,32,0.00,0.00
KXNBA1HSPREAD-26APR10PHIIND-IND23,KXNBA1HSPREAD-26APR10PHIIND,KXNBA1HSPREAD,spread,Will Indiana win the 1H by over 23.5 points?,Indiana wins the 1H by over 23.5 points,Indiana wins the 1H by over 23.5 points,no,0,finalized,2026-04-10T07:35:00Z,2026-04-11T00:33:46Z,2026-04-11T02:30:00Z,,1775865600,expected_expiration-150m,1775865180,0.0,0.8,0.4,,31,0.00,0.00
KXNBA1HSPREAD-26APR10PHIIND-IND20,KXNBA1HSPREAD-26APR10PHIIND,KXNBA1HSPREAD,spread,Will Indiana win the 1H by over 20.5 points?,Indiana wins the 1H by over 20.5 points,Indiana wins the 1H by over 20.5 points,no,0,finalized,2026-04-10T07:35:00Z,2026-04-11T00:33:46Z,2026-04-11T02:30:00Z,,1775865600,expected_expiration-150m,1775865180,0.0,0.8,0.4,,31,0.00,0.00
KXNBA1HSPREAD-26APR10PHIIND-IND2,KXNBA1HSPREAD-26APR10PHIIND,KXNBA1HSPREAD,spread,Will Indiana win the 1H by over 2.5 points?,Indiana wins the 1H by over 2.5 points,Indiana wins the 1H by over 2.5 points,no,0,finalized,2026-04-10T07:35:00Z,2026-04-11T00:33:48Z,2026-04-11T02:30:00Z,,1775865600,expected_expiration-150m,1775865120,0.0,0.8,0.4,,32,0.00,0.00
KXNBA1HSPREAD-26APR10PHIIND-IND17,KXNBA1HSPREAD-26APR10PHIIND,KXNBA1HSPREAD,spread,Will Indiana win the 1H by over 17.5 points?,Indiana wins the 1H by over 17.5 points,Indiana wins the 1H by over 17.5 points,no,0,finalized,2026-04-10T07:35:00Z,2026-04-11T00:33:46Z,2026-04-11T02:30:00Z,,1775865600,expected_expiration-150m,1775865180,0.0,0.8,0.4,,32,0.00,0.00
KXNBA1HSPREAD-26APR10PHIIND-IND14,KXNBA1HSPREAD-26APR10PHIIND,KXNBA1HSPREAD,spread,Will Indiana win the 1H by over 14.5 points?,Indiana wins the 1H by over 14.5 points,Indiana wins the 1H by over 14.5 points,no,0,finalized,2026-04-10T07:35:00Z,2026-04-11T00:33:47Z,2026-04-11T02:30:00Z,,1775865600,expected_expiration-150m,1775865180,0.0,0.8,0.4,,32,0.00,0.00
KXNBA1HSPREAD-26APR10PHIIND-IND11,KXNBA1HSPREAD-26APR10PHIIND,KXNBA1HSPREAD,spread,Will Indiana win the 1H by over 11.5 points?,Indiana wins the 1H by over 11.5 points,Indiana wins the 1H by over 11.5 points,no,0,finalized,2026-04-10T07:35:00Z,2026-04-11T00:33:47Z,2026-04-11T02:30:00Z,,1775865600,expected_expiration-150m,1775865000,0.0,0.8,0.4,,30,20.00,20.00
KXNBA1HSPREAD-26APR10TORNYK-TOR9,KXNBA1HSPREAD-26APR10TORNYK,KXNBA1HSPREAD,spread,Will Toronto win the 1H by over 9.5 points?,Toronto wins the 1H by over 9.5 points,Toronto wins the 1H by over 9.5 points,no,0,finalized,2026-04-10T07:35:00Z,2026-04-11T00:36:30Z,2026-04-11T02:30:00Z,,1775865600,expected_expiration-150m,1775865600,0.0,0.2,0.1,,34,2.00,2.00
KXNBA1HSPREAD-26APR10TORNYK-TOR6,KXNBA1HSPREAD-26APR10TORNYK,KXNBA1HSPREAD,spread,Will Toronto win the 1H by over 6.5 points?,Toronto wins the 1H by over 6.5 points,Toronto wins the 1H by over 6.5 points,no,0,finalized,2026-04-10T07:35:00Z,2026-04-11T00:36:30Z,2026-04-11T02:30:00Z,,1775865600,expected_expiration-150m,1775865600,0.0,0.32,0.16,,37,4.00,4.00
KXNBA1HSPREAD-26APR10TORNYK-TOR3,KXNBA1HSPREAD-26APR10TORNYK,KXNBA1HSPREAD,spread,Will Toronto win the 1H by over 3.5 points?,Toronto wins the 1H by over 3.5 points,Toronto wins the 1H by over 3.5 points,no,0,finalized,2026-04-10T07:35:00Z,2026-04-11T00:36:30Z,2026-04-11T02:30:00Z,,1775865600,expected_expiration-150m,1775865600,0.0,0.44,0.22,,52,1.00,1.00
KXNBA1HSPREAD-26APR10TORNYK-TOR18,KXNBA1HSPREAD-26APR10TORNYK,KXNBA1HSPREAD,spread,Will Toronto win the 1H by over 18.5 points?,Toronto wins the 1H by over 18.5 points,Toronto wins the 1H by over 18.5 points,no,0,finalized,2026-04-10T07:35:00Z,2026-04-11T00:36:29Z,2026-04-11T02:30:00Z,,1775865600,expected_expiration-150m,1775865600,0.0,0.13,0.065,,30,0.00,0.00
KXNBA1HSPREAD-26APR10TORNYK-TOR15,KXNBA1HSPREAD-26APR10TORNYK,KXNBA1HSPREAD,spread,Will Toronto win the 1H by over 15.5 points?,Toronto wins the 1H by over 15.5 points,Toronto wins the 1H by over 15.5 points,no,0,finalized,2026-04-10T07:35:00Z,2026-04-11T00:36:29Z,2026-04-11T02:30:00Z,,1775865600,expected_expiration-150m,1775865600,0.0,0.13,0.065,,31,1.00,1.00
KXNBA1HSPREAD-26APR10TORNYK-TOR12,KXNBA1HSPREAD-26APR10TORNYK,KXNBA1HSPREAD,spread,Will Toronto win the 1H by over 12.5 points?,Toronto wins the 1H by over 12.5 points,Toronto wins the 1H by over 12.5 points,no,0,finalized,2026-04-10T07:35:00Z,2026-04-11T00:36:29Z,2026-04-11T02:30:00Z,,1775865600,expected_expiration-150m,1775865600,0.0,0.13,0.065,,34,1.00,1.00
KXNBA1HSPREAD-26APR10TORNYK-NYK9,KXNBA1HSPREAD-26APR10TORNYK,KXNBA1HSPREAD,spread,Will New York win the 1H by over 9.5 points?,New York wins the 1H by over 9.5 points,New York wins the 1H by over 9.5 points,yes,1,finalized,2026-04-10T07:35:00Z,2026-04-11T00:36:31Z,2026-04-11T02:30:00Z,,1775865600,expected_expiration-150m,1775865600,0.36,0.47,0.415,,54,4132.00,3554.00
KXNBA1HSPREAD-26APR10TORNYK-NYK6,KXNBA1HSPREAD-26APR10TORNYK,KXNBA1HSPREAD,spread,Will New York win the 1H by over 6.5 points?,New York wins the 1H by over 6.5 points,New York wins the 1H by over 6.5 points,yes,1,finalized,2026-04-10T07:35:00Z,2026-04-11T00:36:31Z,2026-04-11T02:30:00Z,,1775865600,expected_expiration-150m,1775865600,0.46,0.59,0.525,0.55,51,2339.00,1894.00
KXNBA1HSPREAD-26APR10TORNYK-NYK3,KXNBA1HSPREAD-26APR10TORNYK,KXNBA1HSPREAD,spread,Will New York win the 1H by over 3.5 points?,New York wins the 1H by over 3.5 points,New York wins the 1H by over 3.5 points,yes,1,finalized,2026-04-10T07:35:00Z,2026-04-11T00:36:31Z,2026-04-11T02:30:00Z,,1775865600,expected_expiration-150m,1775865600,0.57,0.78,0.675,,69,4378.00,2946.00
KXNBA1HSPREAD-26APR10TORNYK-NYK12,KXNBA1HSPREAD-26APR10TORNYK,KXNBA1HSPREAD,spread,Will New York win the 1H by over 12.5 points?,New York wins the 1H by over 12.5 points,New York wins the 1H by over 12.5 points,yes,1,finalized,2026-04-10T07:35:00Z,2026-04-11T00:36:32Z,2026-04-11T02:30:00Z,,1775865600,expected_expiration-150m,1775865600,0.3,0.5,0.4,,41,1168.00,1060.00
KXNBA1HSPREAD-26APR10CLEATL-CLE8,KXNBA1HSPREAD-26APR10CLEATL,KXNBA1HSPREAD,spread,Will Cleveland win the 1H by over 8.5 points?,Cleveland wins the 1H by over 8.5 points,Cleveland wins the 1H by over 8.5 points,no,0,finalized,2026-04-10T06:37:00Z,2026-04-11T00:14:00Z,2026-04-11T02:00:00Z,,1775863800,expected_expiration-150m,1775863800,0.0,0.35,0.175,,24,34.00,34.00
KXNBA1HSPREAD-26APR10CLEATL-CLE5,KXNBA1HSPREAD-26APR10CLEATL,KXNBA1HSPREAD,spread,Will Cleveland win the 1H by over 5.5 points?,Cleveland wins the 1H by over 5.5 points,Cleveland wins the 1H by over 5.5 points,no,0,finalized,2026-04-10T06:37:00Z,2026-04-11T00:14:00Z,2026-04-11T02:00:00Z,,1775863800,expected_expiration-150m,1775863800,0.0,0.47,0.235,,34,271.00,271.00
KXNBA1HSPREAD-26APR10CLEATL-CLE20,KXNBA1HSPREAD-26APR10CLEATL,KXNBA1HSPREAD,spread,Will Cleveland win the 1H by over 20.5 points?,Cleveland wins the 1H by over 20.5 points,Cleveland wins the 1H by over 20.5 points,no,0,finalized,2026-04-10T06:37:00Z,2026-04-11T00:14:01Z,2026-04-11T02:00:00Z,,1775863800,expected_expiration-150m,1775863680,0.0,0.13,0.065,,16,0.00,0.00
KXNBA1HSPREAD-26APR10CLEATL-CLE2,KXNBA1HSPREAD-26APR10CLEATL,KXNBA1HSPREAD,spread,Will Cleveland win the 1H by over 2.5 points?,Cleveland wins the 1H by over 2.5 points,Cleveland wins the 1H by over 2.5 points,no,0,finalized,2026-04-10T06:37:00Z,2026-04-11T00:13:59Z,2026-04-11T02:00:00Z,,1775863800,expected_expiration-150m,1775863800,0.02,0.24,0.13,0.24,75,961.00,883.00
KXNBA1HSPREAD-26APR10CLEATL-CLE17,KXNBA1HSPREAD-26APR10CLEATL,KXNBA1HSPREAD,spread,Will Cleveland win the 1H by over 17.5 points?,Cleveland wins the 1H by over 17.5 points,Cleveland wins the 1H by over 17.5 points,no,0,finalized,2026-04-10T06:37:00Z,2026-04-11T00:14:01Z,2026-04-11T02:00:00Z,,1775863800,expected_expiration-150m,1775863680,0.0,0.13,0.065,,15,0.00,0.00
KXNBA1HSPREAD-26APR10CLEATL-CLE14,KXNBA1HSPREAD-26APR10CLEATL,KXNBA1HSPREAD,spread,Will Cleveland win the 1H by over 14.5 points?,Cleveland wins the 1H by over 14.5 points,Cleveland wins the 1H by over 14.5 points,no,0,finalized,2026-04-10T06:37:00Z,2026-04-11T00:14:00Z,2026-04-11T02:00:00Z,,1775863800,expected_expiration-150m,1775863800,0.0,0.14,0.07,,44,0.00,0.00
KXNBA1HSPREAD-26APR10CLEATL-CLE11,KXNBA1HSPREAD-26APR10CLEATL,KXNBA1HSPREAD,spread,Will Cleveland win the 1H by over 11.5 points?,Cleveland wins the 1H by over 11.5 points,Cleveland wins the 1H by over 11.5 points,no,0,finalized,2026-04-10T06:37:00Z,2026-04-11T00:14:00Z,2026-04-11T02:00:00Z,,1775863800,expected_expiration-150m,1775863800,0.0,0.26,0.13,,29,39.00,39.00
KXNBA1HSPREAD-26APR10CLEATL-ATL7,KXNBA1HSPREAD-26APR10CLEATL,KXNBA1HSPREAD,spread,Will Atlanta win the 1H by over 7.5 points?,Atlanta wins the 1H by over 7.5 points,Atlanta wins the 1H by over 7.5 points,yes,1,finalized,2026-04-10T06:37:00Z,2026-04-11T00:13:58Z,2026-04-11T02:00:00Z,,1775863800,expected_expiration-150m,1775863800,0.5,0.52,0.51,0.4,53,5450.00,3826.00
KXNBA1HSPREAD-26APR10CLEATL-ATL4,KXNBA1HSPREAD-26APR10CLEATL,KXNBA1HSPREAD,spread,Will Atlanta win the 1H by over 4.5 points?,Atlanta wins the 1H by over 4.5 points,Atlanta wins the 1H by over 4.5 points,yes,1,finalized,2026-04-10T06:37:00Z,2026-04-11T00:13:59Z,2026-04-11T02:00:00Z,,1775863800,expected_expiration-150m,1775863800,0.58,0.68,0.63,,90,38430.00,25851.00
KXNBA1HSPREAD-26APR10CLEATL-ATL10,KXNBA1HSPREAD-26APR10CLEATL,KXNBA1HSPREAD,spread,Will Atlanta win the 1H by over 10.5 points?,Atlanta wins the 1H by over 10.5 points,Atlanta wins the 1H by over 10.5 points,yes,1,finalized,2026-04-10T06:37:00Z,2026-04-11T00:13:58Z,2026-04-11T02:00:00Z,,1775863800,expected_expiration-150m,1775863800,0.36,0.54,0.45,,55,2200.00,1486.00
KXNBA1HSPREAD-26APR10CLEATL-ATL1,KXNBA1HSPREAD-26APR10CLEATL,KXNBA1HSPREAD,spread,Will Atlanta win the 1H by over 1.5 points?,Atlanta wins the 1H by over 1.5 points,Atlanta wins the 1H by over 1.5 points,yes,1,finalized,2026-04-10T06:37:00Z,2026-04-11T00:13:59Z,2026-04-11T02:00:00Z,,1775863800,expected_expiration-150m,1775863800,0.52,0.65,0.585,,77,13885.00,9472.00
KXNBA1HSPREAD-26APR10DETCHA-DET8,KXNBA1HSPREAD-26APR10DETCHA,KXNBA1HSPREAD,spread,Will Detroit win the 1H by over 8.5 points?,Detroit wins the 1H by over 8.5 points,Detroit wins the 1H by over 8.5 points,no,0,finalized,2026-04-10T06:37:00Z,2026-04-11T00:17:56Z,2026-04-11T02:00:00Z,,1775863800,expected_expiration-150m,1775863560,0.0,0.53,0.265,,22,1127.00,1124.00
KXNBA1HSPREAD-26APR10DETCHA-DET5,KXNBA1HSPREAD-26APR10DETCHA,KXNBA1HSPREAD,spread,Will Detroit win the 1H by over 5.5 points?,Detroit wins the 1H by over 5.5 points,Detroit wins the 1H by over 5.5 points,no,0,finalized,2026-04-10T06:37:00Z,2026-04-11T00:17:57Z,2026-04-11T02:00:00Z,,1775863800,expected_expiration-150m,1775863560,0.0,0.69,0.345,,31,3296.00,2429.00
KXNBA1HSPREAD-26APR10DETCHA-DET2,KXNBA1HSPREAD-26APR10DETCHA,KXNBA1HSPREAD,spread,Will Detroit win the 1H by over 2.5 points?,Detroit wins the 1H by over 2.5 points,Detroit wins the 1H by over 2.5 points,yes,1,finalized,2026-04-10T06:37:00Z,2026-04-11T00:17:57Z,2026-04-11T02:00:00Z,,1775863800,expected_expiration-150m,1775863800,0.4,0.52,0.46,0.4,80,19615.00,11188.00
KXNBA1HSPREAD-26APR10DETCHA-DET17,KXNBA1HSPREAD-26APR10DETCHA,KXNBA1HSPREAD,spread,Will Detroit win the 1H by over 17.5 points?,Detroit wins the 1H by over 17.5 points,Detroit wins the 1H by over 17.5 points,no,0,finalized,2026-04-10T06:37:00Z,2026-04-11T00:17:55Z,2026-04-11T02:00:00Z,,1775863800,expected_expiration-150m,1775863560,0.0,0.1,0.05,,11,3.00,3.00
KXNBA1HSPREAD-26APR10DETCHA-DET14,KXNBA1HSPREAD-26APR10DETCHA,KXNBA1HSPREAD,spread,Will Detroit win the 1H by over 14.5 points?,Detroit wins the 1H by over 14.5 points,Detroit wins the 1H by over 14.5 points,no,0,finalized,2026-04-10T06:37:00Z,2026-04-11T00:17:56Z,2026-04-11T02:00:00Z,,1775863800,expected_expiration-150m,1775863560,0.0,0.36,0.18,,11,0.00,0.00
KXNBA1HSPREAD-26APR10DETCHA-DET11,KXNBA1HSPREAD-26APR10DETCHA,KXNBA1HSPREAD,spread,Will Detroit win the 1H by over 11.5 points?,Detroit wins the 1H by over 11.5 points,Detroit wins the 1H by over 11.5 points,no,0,finalized,2026-04-10T06:37:00Z,2026-04-11T00:17:56Z,2026-04-11T02:00:00Z,,1775863800,expected_expiration-150m,1775863560,0.0,0.45,0.225,,16,0.00,0.00
KXNBA1HSPREAD-26APR10DETCHA-CHA7,KXNBA1HSPREAD-26APR10DETCHA,KXNBA1HSPREAD,spread,Will Charlotte win the 1H by over 7.5 points?,Charlotte wins the 1H by over 7.5 points,Charlotte wins the 1H by over 7.5 points,no,0,finalized,2026-04-10T06:37:00Z,2026-04-11T00:17:57Z,2026-04-11T02:00:00Z,,1775863800,expected_expiration-150m,1775863560,0.0,0.69,0.345,,50,322.00,322.00
KXNBA1HSPREAD-26APR10DETCHA-CHA4,KXNBA1HSPREAD-26APR10DETCHA,KXNBA1HSPREAD,spread,Will Charlotte win the 1H by over 4.5 points?,Charlotte wins the 1H by over 4.5 points,Charlotte wins the 1H by over 4.5 points,no,0,finalized,2026-04-10T06:37:00Z,2026-04-11T00:17:57Z,2026-04-11T02:00:00Z,,1775863800,expected_expiration-150m,1775863800,0.3,0.46,0.38,,63,4051.00,3630.00
KXNBA1HSPREAD-26APR10DETCHA-CHA13,KXNBA1HSPREAD-26APR10DETCHA,KXNBA1HSPREAD,spread,Will Charlotte win the 1H by over 13.5 points?,Charlotte wins the 1H by over 13.5 points,Charlotte wins the 1H by over 13.5 points,no,0,finalized,2026-04-10T06:37:00Z,2026-04-11T00:17:58Z,2026-04-11T02:00:00Z,,1775863800,expected_expiration-150m,1775863560,0.0,0.45,0.225,,17,0.00,0.00
KXNBA1HSPREAD-26APR10DETCHA-CHA10,KXNBA1HSPREAD-26APR10DETCHA,KXNBA1HSPREAD,spread,Will Charlotte win the 1H by over 10.5 points?,Charlotte wins the 1H by over 10.5 points,Charlotte wins the 1H by over 10.5 points,no,0,finalized,2026-04-10T06:37:00Z,2026-04-11T00:17:57Z,2026-04-11T02:00:00Z,,1775863800,expected_expiration-150m,1775863560,0.0,0.53,0.265,,22,2.00,2.00
KXNBA1HSPREAD-26APR10DETCHA-CHA1,KXNBA1HSPREAD-26APR10DETCHA,KXNBA1HSPREAD,spread,Will Charlotte win the 1H by over 1.5 points?,Charlotte wins the 1H by over 1.5 points,Charlotte wins the 1H by over 1.5 points,no,0,finalized,2026-04-10T06:37:00Z,2026-04-11T00:17:57Z,2026-04-11T02:00:00Z,,1775863800,expected_expiration-150m,1775863800,0.37,0.43,0.4,0.41,99,40882.00,23523.00
KXNBA1HSPREAD-26APR10LACPOR-POR9,KXNBA1HSPREAD-26APR10LACPOR,KXNBA1HSPREAD,spread,Will Portland win the 1H by over 9.5 points?,Portland wins the 1H by over 9.5 points,Portland wins the 1H by over 9.5 points,yes,1,finalized,2026-04-10T04:35:00Z,2026-04-11T03:13:33Z,2026-04-11T05:00:00Z,,1775874600,expected_expiration-150m,1775874600,0.0,0.43,0.215,,55,1037.00,879.00
KXNBA1HSPREAD-26APR10LACPOR-POR6,KXNBA1HSPREAD-26APR10LACPOR,KXNBA1HSPREAD,spread,Will Portland win the 1H by over 6.5 points?,Portland wins the 1H by over 6.5 points,Portland wins the 1H by over 6.5 points,yes,1,finalized,2026-04-10T04:35:00Z,2026-04-11T03:13:33Z,2026-04-11T05:00:00Z,,1775874600,expected_expiration-150m,1775874600,0.0,0.53,0.265,,52,3259.00,966.00
KXNBA1HSPREAD-26APR10LACPOR-POR3,KXNBA1HSPREAD-26APR10LACPOR,KXNBA1HSPREAD,spread,Will Portland win the 1H by over 3.5 points?,Portland wins the 1H by over 3.5 points,Portland wins the 1H by over 3.5 points,yes,1,finalized,2026-04-10T04:35:00Z,2026-04-11T03:13:33Z,2026-04-11T05:00:00Z,,1775874600,expected_expiration-150m,1775874600,0.34,0.42,0.38,,53,6389.00,5547.00
KXNBA1HSPREAD-26APR10LACPOR-POR15,KXNBA1HSPREAD-26APR10LACPOR,KXNBA1HSPREAD,spread,Will Portland win the 1H by over 15.5 points?,Portland wins the 1H by over 15.5 points,Portland wins the 1H by over 15.5 points,no,0,finalized,2026-04-10T04:35:00Z,2026-04-11T03:13:34Z,2026-04-11T05:00:00Z,,1775874600,expected_expiration-150m,1775874600,0.0,0.26,0.13,,96,2464.00,2053.00
KXNBA1HSPREAD-26APR10LACPOR-POR12,KXNBA1HSPREAD-26APR10LACPOR,KXNBA1HSPREAD,spread,Will Portland win the 1H by over 12.5 points?,Portland wins the 1H by over 12.5 points,Portland wins the 1H by over 12.5 points,no,0,finalized,2026-04-10T04:35:00Z,2026-04-11T03:13:34Z,2026-04-11T05:00:00Z,,1775874600,expected_expiration-150m,1775874600,0.02,0.32,0.17,,111,283.00,125.00
KXNBA1HSPREAD-26APR10LACPOR-LAC9,KXNBA1HSPREAD-26APR10LACPOR,KXNBA1HSPREAD,spread,Will Los Angeles C win the 1H by over 9.5 points?,Los Angeles C wins the 1H by over 9.5 points,Los Angeles C wins the 1H by over 9.5 points,no,0,finalized,2026-04-10T04:35:00Z,2026-04-11T03:13:33Z,2026-04-11T05:00:00Z,,1775874600,expected_expiration-150m,1775874600,0.0,0.54,0.27,,53,0.00,0.00
KXNBA1HSPREAD-26APR10LACPOR-LAC6,KXNBA1HSPREAD-26APR10LACPOR,KXNBA1HSPREAD,spread,Will Los Angeles C win the 1H by over 6.5 points?,Los Angeles C wins the 1H by over 6.5 points,Los Angeles C wins the 1H by over 6.5 points,no,0,finalized,2026-04-10T04:35:00Z,2026-04-11T03:13:33Z,2026-04-11T05:00:00Z,,1775874600,expected_expiration-150m,1775874600,0.06,0.48,0.27,,54,0.00,0.00
KXNBA1HSPREAD-26APR10LACPOR-LAC3,KXNBA1HSPREAD-26APR10LACPOR,KXNBA1HSPREAD,spread,Will Los Angeles C win the 1H by over 3.5 points?,Los Angeles C wins the 1H by over 3.5 points,Los Angeles C wins the 1H by over 3.5 points,no,0,finalized,2026-04-10T04:35:00Z,2026-04-11T03:13:33Z,2026-04-11T05:00:00Z,,1775874600,expected_expiration-150m,1775874600,0.41,0.44,0.425,,50,2764.00,2732.00
KXNBA1HSPREAD-26APR10LACPOR-LAC15,KXNBA1HSPREAD-26APR10LACPOR,KXNBA1HSPREAD,spread,Will Los Angeles C win the 1H by over 15.5 points?,Los Angeles C wins the 1H by over 15.5 points,Los Angeles C wins the 1H by over 15.5 points,no,0,finalized,2026-04-10T04:35:00Z,2026-04-11T03:13:32Z,2026-04-11T05:00:00Z,,1775874600,expected_expiration-150m,1775874600,0.0,0.36,0.18,,87,0.00,0.00
KXNBA1HSPREAD-26APR10LACPOR-LAC12,KXNBA1HSPREAD-26APR10LACPOR,KXNBA1HSPREAD,spread,Will Los Angeles C win the 1H by over 12.5 points?,Los Angeles C wins the 1H by over 12.5 points,Los Angeles C wins the 1H by over 12.5 points,no,0,finalized,2026-04-10T04:35:00Z,2026-04-11T03:13:32Z,2026-04-11T05:00:00Z,,1775874600,expected_expiration-150m,1775874600,0.0,0.44,0.22,,106,0.00,0.00
KXNBA1HSPREAD-26APR09LALGSW-LAL9,KXNBA1HSPREAD-26APR09LALGSW,KXNBA1HSPREAD,spread,Will Los Angeles L win the 1H by over 9.5 points?,Los Angeles L wins the 1H by over 9.5 points,Los Angeles L wins the 1H by over 9.5 points,no,0,finalized,2026-04-09T07:35:00Z,2026-04-10T03:05:33Z,2026-04-10T05:00:00Z,,1775788200,expected_expiration-150m,1775788200,0.06,0.63,0.345,,110,203.00,124.00
KXNBA1HSPREAD-26APR09LALGSW-LAL6,KXNBA1HSPREAD-26APR09LALGSW,KXNBA1HSPREAD,spread,Will Los Angeles L win the 1H by over 6.5 points?,Los Angeles L wins the 1H by over 6.5 points,Los Angeles L wins the 1H by over 6.5 points,no,0,finalized,2026-04-09T07:35:00Z,2026-04-10T03:05:32Z,2026-04-10T05:00:00Z,,1775788200,expected_expiration-150m,1775788200,0.29,0.42,0.355,0.47,73,15038.00,8727.00
KXNBA1HSPREAD-26APR09LALGSW-LAL3,KXNBA1HSPREAD-26APR09LALGSW,KXNBA1HSPREAD,spread,Will Los Angeles L win the 1H by over 3.5 points?,Los Angeles L wins the 1H by over 3.5 points,Los Angeles L wins the 1H by over 3.5 points,yes,1,finalized,2026-04-09T07:35:00Z,2026-04-10T03:05:32Z,2026-04-10T05:00:00Z,,1775788200,expected_expiration-150m,1775788200,0.49,0.52,0.505,0.37,87,75318.00,45054.00
KXNBA1HSPREAD-26APR09LALGSW-LAL18,KXNBA1HSPREAD-26APR09LALGSW,KXNBA1HSPREAD,spread,Will Los Angeles L win the 1H by over 18.5 points?,Los Angeles L wins the 1H by over 18.5 points,Los Angeles L wins the 1H by over 18.5 points,no,0,finalized,2026-04-09T07:35:00Z,2026-04-10T03:05:33Z,2026-04-10T05:00:00Z,,1775788200,expected_expiration-150m,1775788200,0.0,0.32,0.16,,42,0.00,0.00
KXNBA1HSPREAD-26APR09LALGSW-LAL15,KXNBA1HSPREAD-26APR09LALGSW,KXNBA1HSPREAD,spread,Will Los Angeles L win the 1H by over 15.5 points?,Los Angeles L wins the 1H by over 15.5 points,Los Angeles L wins the 1H by over 15.5 points,no,0,finalized,2026-04-09T07:35:00Z,2026-04-10T03:05:33Z,2026-04-10T05:00:00Z,,1775788200,expected_expiration-150m,1775788200,0.0,0.43,0.215,,43,0.00,0.00
KXNBA1HSPREAD-26APR09LALGSW-LAL12,KXNBA1HSPREAD-26APR09LALGSW,KXNBA1HSPREAD,spread,Will Los Angeles L win the 1H by over 12.5 points?,Los Angeles L wins the 1H by over 12.5 points,Los Angeles L wins the 1H by over 12.5 points,no,0,finalized,2026-04-09T07:35:00Z,2026-04-10T03:05:33Z,2026-04-10T05:00:00Z,,1775788200,expected_expiration-150m,1775788200,0.0,0.52,0.26,,84,0.00,0.00
KXNBA1HSPREAD-26APR09LALGSW-GSW9,KXNBA1HSPREAD-26APR09LALGSW,KXNBA1HSPREAD,spread,Will Golden State win the 1H by over 9.5 points?,Golden State wins the 1H by over 9.5 points,Golden State wins the 1H by over 9.5 points,no,0,finalized,2026-04-09T07:35:00Z,2026-04-10T03:05:32Z,2026-04-10T05:00:00Z,,1775788200,expected_expiration-150m,1775788200,0.0,0.3,0.15,,37,4.00,4.00
KXNBA1HSPREAD-26APR09LALGSW-GSW6,KXNBA1HSPREAD-26APR09LALGSW,KXNBA1HSPREAD,spread,Will Golden State win the 1H by over 6.5 points?,Golden State wins the 1H by over 6.5 points,Golden State wins the 1H by over 6.5 points,no,0,finalized,2026-04-09T07:35:00Z,2026-04-10T03:05:32Z,2026-04-10T05:00:00Z,,1775788200,expected_expiration-150m,1775788200,0.0,0.43,0.215,,66,666.00,653.00
KXNBA1HSPREAD-26APR09LALGSW-GSW3,KXNBA1HSPREAD-26APR09LALGSW,KXNBA1HSPREAD,spread,Will Golden State win the 1H by over 3.5 points?,Golden State wins the 1H by over 3.5 points,Golden State wins the 1H by over 3.5 points,no,0,finalized,2026-04-09T07:35:00Z,2026-04-10T03:05:32Z,2026-04-10T05:00:00Z,,1775788200,expected_expiration-150m,1775788200,0.03,0.36,0.195,,79,29530.00,19249.00
KXNBA1HSPREAD-26APR09LALGSW-GSW12,KXNBA1HSPREAD-26APR09LALGSW,KXNBA1HSPREAD,spread,Will Golden State win the 1H by over 12.5 points?,Golden State wins the 1H by over 12.5 points,Golden State wins the 1H by over 12.5 points,no,0,finalized,2026-04-09T07:35:00Z,2026-04-10T03:05:32Z,2026-04-10T05:00:00Z,,1775788200,expected_expiration-150m,1775788140,0.0,0.22,0.11,,86,168.00,168.00
KXNBA1HSPREAD-26APR09INDBKN-IND7,KXNBA1HSPREAD-26APR09INDBKN,KXNBA1HSPREAD,spread,Will Indiana win the 1H by over 7.5 points?,Indiana wins the 1H by over 7.5 points,Indiana wins the 1H by over 7.5 points,yes,1,finalized,2026-04-09T06:35:00Z,2026-04-10T00:31:38Z,2026-04-10T02:30:00Z,,1775779200,expected_expiration-150m,1775779200,0.49,0.7,0.595,0.7,63,589.00,384.00
KXNBA1HSPREAD-26APR09INDBKN-IND4,KXNBA1HSPREAD-26APR09INDBKN,KXNBA1HSPREAD,spread,Will Indiana win the 1H by over 4.5 points?,Indiana wins the 1H by over 4.5 points,Indiana wins the 1H by over 4.5 points,yes,1,finalized,2026-04-09T06:35:00Z,2026-04-10T00:31:38Z,2026-04-10T02:30:00Z,,1775779200,expected_expiration-150m,1775779080,0.26,0.8,0.53,,62,194.00,157.00
KXNBA1HSPREAD-26APR09INDBKN-IND13,KXNBA1HSPREAD-26APR09INDBKN,KXNBA1HSPREAD,spread,Will Indiana win the 1H by over 13.5 points?,Indiana wins the 1H by over 13.5 points,Indiana wins the 1H by over 13.5 points,yes,1,finalized,2026-04-09T06:35:00Z,2026-04-10T00:31:37Z,2026-04-10T02:30:00Z,,1775779200,expected_expiration-150m,1775779080,0.06,0.79,0.42500000000000004,,39,291.00,240.00
KXNBA1HSPREAD-26APR09INDBKN-IND10,KXNBA1HSPREAD-26APR09INDBKN,KXNBA1HSPREAD,spread,Will Indiana win the 1H by over 10.5 points?,Indiana wins the 1H by over 10.5 points,Indiana wins the 1H by over 10.5 points,yes,1,finalized,2026-04-09T06:35:00Z,2026-04-10T00:31:37Z,2026-04-10T02:30:00Z,,1775779200,expected_expiration-150m,1775779200,0.37,0.57,0.47,,40,1132.00,1014.00
KXNBA1HSPREAD-26APR09INDBKN-IND1,KXNBA1HSPREAD-26APR09INDBKN,KXNBA1HSPREAD,spread,Will Indiana win the 1H by over 1.5 points?,Indiana wins the 1H by over 1.5 points,Indiana wins the 1H by over 1.5 points,yes,1,finalized,2026-04-09T06:35:00Z,2026-04-10T00:31:38Z,2026-04-10T02:30:00Z,,1775779200,expected_expiration-150m,1775779200,0.42,0.78,0.6,,64,5397.00,3782.00
KXNBA1HSPREAD-26APR09INDBKN-BKN8,KXNBA1HSPREAD-26APR09INDBKN,KXNBA1HSPREAD,spread,Will Brooklyn win the 1H by over 8.5 points?,Brooklyn wins the 1H by over 8.5 points,Brooklyn wins the 1H by over 8.5 points,no,0,finalized,2026-04-09T06:35:00Z,2026-04-10T00:31:39Z,2026-04-10T02:30:00Z,,1775779200,expected_expiration-150m,1775779200,0.02,0.21,0.11499999999999999,,40,1.00,1.00
KXNBA1HSPREAD-26APR09INDBKN-BKN5,KXNBA1HSPREAD-26APR09INDBKN,KXNBA1HSPREAD,spread,Will Brooklyn win the 1H by over 5.5 points?,Brooklyn wins the 1H by over 5.5 points,Brooklyn wins the 1H by over 5.5 points,no,0,finalized,2026-04-09T06:35:00Z,2026-04-10T00:31:38Z,2026-04-10T02:30:00Z,,1775779200,expected_expiration-150m,1775779080,0.0,0.32,0.16,,44,281.00,281.00
KXNBA1HSPREAD-26APR09INDBKN-BKN2,KXNBA1HSPREAD-26APR09INDBKN,KXNBA1HSPREAD,spread,Will Brooklyn win the 1H by over 2.5 points?,Brooklyn wins the 1H by over 2.5 points,Brooklyn wins the 1H by over 2.5 points,no,0,finalized,2026-04-09T06:35:00Z,2026-04-10T00:31:38Z,2026-04-10T02:30:00Z,,1775779200,expected_expiration-150m,1775779080,0.0,0.42,0.21,,55,617.00,617.00
KXNBA1HSPREAD-26APR09INDBKN-BKN17,KXNBA1HSPREAD-26APR09INDBKN,KXNBA1HSPREAD,spread,Will Brooklyn win the 1H by over 17.5 points?,Brooklyn wins the 1H by over 17.5 points,Brooklyn wins the 1H by over 17.5 points,no,0,finalized,2026-04-09T06:35:00Z,2026-04-10T00:31:39Z,2026-04-10T02:30:00Z,,1775779200,expected_expiration-150m,1775778960,0.0,0.13,0.065,,21,93.00,93.00
KXNBA1HSPREAD-26APR09INDBKN-BKN14,KXNBA1HSPREAD-26APR09INDBKN,KXNBA1HSPREAD,spread,Will Brooklyn win the 1H by over 14.5 points?,Brooklyn wins the 1H by over 14.5 points,Brooklyn wins the 1H by over 14.5 points,no,0,finalized,2026-04-09T06:35:00Z,2026-04-10T00:31:39Z,2026-04-10T02:30:00Z,,1775779200,expected_expiration-150m,1775778960,0.0,0.14,0.07,,21,0.00,0.00
KXNBA1HSPREAD-26APR09INDBKN-BKN11,KXNBA1HSPREAD-26APR09INDBKN,KXNBA1HSPREAD,spread,Will Brooklyn win the 1H by over 11.5 points?,Brooklyn wins the 1H by over 11.5 points,Brooklyn wins the 1H by over 11.5 points,no,0,finalized,2026-04-09T06:35:00Z,2026-04-10T00:31:39Z,2026-04-10T02:30:00Z,,1775779200,expected_expiration-150m,1775779080,0.0,0.14,0.07,,23,0.00,0.00
KXNBA1HSPREAD-26APR09PHIHOU-PHI9,KXNBA1HSPREAD-26APR09PHIHOU,KXNBA1HSPREAD,spread,Will Philadelphia win the 1H by over 9.5 points?,Philadelphia wins the 1H by over 9.5 points,Philadelphia wins the 1H by over 9.5 points,no,0,finalized,2026-04-09T06:35:00Z,2026-04-10T01:10:56Z,2026-04-10T03:00:00Z,,1775781000,expected_expiration-150m,1775780820,0.0,0.27,0.135,,47,4.00,4.00
KXNBA1HSPREAD-26APR09PHIHOU-PHI6,KXNBA1HSPREAD-26APR09PHIHOU,KXNBA1HSPREAD,spread,Will Philadelphia win the 1H by over 6.5 points?,Philadelphia wins the 1H by over 6.5 points,Philadelphia wins the 1H by over 6.5 points,no,0,finalized,2026-04-09T06:35:00Z,2026-04-10T01:10:55Z,2026-04-10T03:00:00Z,,1775781000,expected_expiration-150m,1775781000,0.0,0.44,0.22,,38,5.00,5.00
KXNBA1HSPREAD-26APR09PHIHOU-PHI3,KXNBA1HSPREAD-26APR09PHIHOU,KXNBA1HSPREAD,spread,Will Philadelphia win the 1H by over 3.5 points?,Philadelphia wins the 1H by over 3.5 points,Philadelphia wins the 1H by over 3.5 points,no,0,finalized,2026-04-09T06:35:00Z,2026-04-10T01:10:55Z,2026-04-10T03:00:00Z,,1775781000,expected_expiration-150m,1775781000,0.0,0.52,0.26,,44,243.00,243.00
KXNBA1HSPREAD-26APR09PHIHOU-PHI18,KXNBA1HSPREAD-26APR09PHIHOU,KXNBA1HSPREAD,spread,Will Philadelphia win the 1H by over 18.5 points?,Philadelphia wins the 1H by over 18.5 points,Philadelphia wins the 1H by over 18.5 points,no,0,finalized,2026-04-09T06:35:00Z,2026-04-10T01:10:57Z,2026-04-10T03:00:00Z,,1775781000,expected_expiration-150m,1775780220,0.0,0.13,0.065,,9,0.00,0.00
KXNBA1HSPREAD-26APR09PHIHOU-PHI15,KXNBA1HSPREAD-26APR09PHIHOU,KXNBA1HSPREAD,spread,Will Philadelphia win the 1H by over 15.5 points?,Philadelphia wins the 1H by over 15.5 points,Philadelphia wins the 1H by over 15.5 points,no,0,finalized,2026-04-09T06:35:00Z,2026-04-10T01:10:57Z,2026-04-10T03:00:00Z,,1775781000,expected_expiration-150m,1775780460,0.0,0.14,0.07,,16,5.00,5.00
KXNBA1HSPREAD-26APR09PHIHOU-PHI12,KXNBA1HSPREAD-26APR09PHIHOU,KXNBA1HSPREAD,spread,Will Philadelphia win the 1H by over 12.5 points?,Philadelphia wins the 1H by over 12.5 points,Philadelphia wins the 1H by over 12.5 points,no,0,finalized,2026-04-09T06:35:00Z,2026-04-10T01:10:56Z,2026-04-10T03:00:00Z,,1775781000,expected_expiration-150m,1775780820,0.0,0.15,0.075,0.15,36,2.00,2.00
KXNBA1HSPREAD-26APR09PHIHOU-HOU9,KXNBA1HSPREAD-26APR09PHIHOU,KXNBA1HSPREAD,spread,Will Houston win the 1H by over 9.5 points?,Houston wins the 1H by over 9.5 points,Houston wins the 1H by over 9.5 points,yes,1,finalized,2026-04-09T06:35:00Z,2026-04-10T01:10:53Z,2026-04-10T03:00:00Z,,1775781000,expected_expiration-150m,1775781000,0.37,0.51,0.44,,55,2310.00,1538.00
KXNBA1HSPREAD-26APR09PHIHOU-HOU6,KXNBA1HSPREAD-26APR09PHIHOU,KXNBA1HSPREAD,spread,Will Houston win the 1H by over 6.5 points?,Houston wins the 1H by over 6.5 points,Houston wins the 1H by over 6.5 points,yes,1,finalized,2026-04-09T06:35:00Z,2026-04-10T01:10:53Z,2026-04-10T03:00:00Z,,1775781000,expected_expiration-150m,1775781000,0.45,0.57,0.51,0.5,62,5065.00,3287.00
KXNBA1HSPREAD-26APR09PHIHOU-HOU3,KXNBA1HSPREAD-26APR09PHIHOU,KXNBA1HSPREAD,spread,Will Houston win the 1H by over 3.5 points?,Houston wins the 1H by over 3.5 points,Houston wins the 1H by over 3.5 points,yes,1,finalized,2026-04-09T06:35:00Z,2026-04-10T01:10:54Z,2026-04-10T03:00:00Z,,1775781000,expected_expiration-150m,1775781000,0.5,0.62,0.56,0.59,77,14628.00,10656.00
KXNBA1HSPREAD-26APR09PHIHOU-HOU12,KXNBA1HSPREAD-26APR09PHIHOU,KXNBA1HSPREAD,spread,Will Houston win the 1H by over 12.5 points?,Houston wins the 1H by over 12.5 points,Houston wins the 1H by over 12.5 points,yes,1,finalized,2026-04-09T06:35:00Z,2026-04-10T01:10:52Z,2026-04-10T03:00:00Z,,1775781000,expected_expiration-150m,1775781000,0.02,0.68,0.35000000000000003,,50,4465.00,2232.00
KXNBA1HSPREAD-26APR09CHIWAS-WAS9,KXNBA1HSPREAD-26APR09CHIWAS,KXNBA1HSPREAD,spread,Will Washington win the 1H by over 9.5 points?,Washington wins the 1H by over 9.5 points,Washington wins the 1H by over 9.5 points,no,0,finalized,2026-04-09T06:35:00Z,2026-04-10T00:07:35Z,2026-04-10T02:00:00Z,,1775777400,expected_expiration-150m,1775777400,0.0,0.13,0.065,,29,0.00,0.00
KXNBA1HSPREAD-26APR09CHIWAS-WAS6,KXNBA1HSPREAD-26APR09CHIWAS,KXNBA1HSPREAD,spread,Will Washington win the 1H by over 6.5 points?,Washington wins the 1H by over 6.5 points,Washington wins the 1H by over 6.5 points,no,0,finalized,2026-04-09T06:35:00Z,2026-04-10T00:07:36Z,2026-04-10T02:00:00Z,,1775777400,expected_expiration-150m,1775777340,0.02,0.08,0.05,,36,1.00,1.00
KXNBA1HSPREAD-26APR09CHIWAS-WAS3,KXNBA1HSPREAD-26APR09CHIWAS,KXNBA1HSPREAD,spread,Will Washington win the 1H by over 3.5 points?,Washington wins the 1H by over 3.5 points,Washington wins the 1H by over 3.5 points,no,0,finalized,2026-04-09T06:35:00Z,2026-04-10T00:07:36Z,2026-04-10T02:00:00Z,,1775777400,expected_expiration-150m,1775777400,0.0,0.44,0.22,,45,39.00,39.00
KXNBA1HSPREAD-26APR09CHIWAS-WAS18,KXNBA1HSPREAD-26APR09CHIWAS,KXNBA1HSPREAD,spread,Will Washington win the 1H by over 18.5 points?,Washington wins the 1H by over 18.5 points,Washington wins the 1H by over 18.5 points,no,0,finalized,2026-04-09T06:35:00Z,2026-04-10T00:07:35Z,2026-04-10T02:00:00Z,,1775777400,expected_expiration-150m,1775777400,0.0,0.11,0.055,,31,0.00,0.00
KXNBA1HSPREAD-26APR09CHIWAS-WAS15,KXNBA1HSPREAD-26APR09CHIWAS,KXNBA1HSPREAD,spread,Will Washington win the 1H by over 15.5 points?,Washington wins the 1H by over 15.5 points,Washington wins the 1H by over 15.5 points,no,0,finalized,2026-04-09T06:35:00Z,2026-04-10T00:07:35Z,2026-04-10T02:00:00Z,,1775777400,expected_expiration-150m,1775777340,0.0,0.11,0.055,,29,0.00,0.00
KXNBA1HSPREAD-26APR09CHIWAS-WAS12,KXNBA1HSPREAD-26APR09CHIWAS,KXNBA1HSPREAD,spread,Will Washington win the 1H by over 12.5 points?,Washington wins the 1H by over 12.5 points,Washington wins the 1H by over 12.5 points,no,0,finalized,2026-04-09T06:35:00Z,2026-04-10T00:07:35Z,2026-04-10T02:00:00Z,,1775777400,expected_expiration-150m,1775777340,0.0,0.13,0.065,,31,0.00,0.00
KXNBA1HSPREAD-26APR09CHIWAS-CHI9,KXNBA1HSPREAD-26APR09CHIWAS,KXNBA1HSPREAD,spread,Will Chicago win the 1H by over 9.5 points?,Chicago wins the 1H by over 9.5 points,Chicago wins the 1H by over 9.5 points,no,0,finalized,2026-04-09T06:35:00Z,2026-04-10T00:07:36Z,2026-04-10T02:00:00Z,,1775777400,expected_expiration-150m,1775777400,0.46,0.53,0.495,,66,8392.00,5613.00
KXNBA1HSPREAD-26APR09CHIWAS-CHI6,KXNBA1HSPREAD-26APR09CHIWAS,KXNBA1HSPREAD,spread,Will Chicago win the 1H by over 6.5 points?,Chicago wins the 1H by over 6.5 points,Chicago wins the 1H by over 6.5 points,no,0,finalized,2026-04-09T06:35:00Z,2026-04-10T00:07:36Z,2026-04-10T02:00:00Z,,1775777400,expected_expiration-150m,1775777400,0.66,0.67,0.665,0.84,55,3078.00,1930.00
KXNBA1HSPREAD-26APR09CHIWAS-CHI3,KXNBA1HSPREAD-26APR09CHIWAS,KXNBA1HSPREAD,spread,Will Chicago win the 1H by over 3.5 points?,Chicago wins the 1H by over 3.5 points,Chicago wins the 1H by over 3.5 points,no,0,finalized,2026-04-09T06:35:00Z,2026-04-10T00:07:36Z,2026-04-10T02:00:00Z,,1775777400,expected_expiration-150m,1775777400,0.76,0.89,0.825,0.78,84,31395.00,23292.00
KXNBA1HSPREAD-26APR09CHIWAS-CHI12,KXNBA1HSPREAD-26APR09CHIWAS,KXNBA1HSPREAD,spread,Will Chicago win the 1H by over 12.5 points?,Chicago wins the 1H by over 12.5 points,Chicago wins the 1H by over 12.5 points,no,0,finalized,2026-04-09T06:35:00Z,2026-04-10T00:07:37Z,2026-04-10T02:00:00Z,,1775777400,expected_expiration-150m,1775777400,0.12,0.55,0.335,,42,3057.00,2770.00
KXNBA1HSPREAD-26APR09MIATOR-TOR9,KXNBA1HSPREAD-26APR09MIATOR,KXNBA1HSPREAD,spread,Will Toronto win the 1H by over 9.5 points?,Toronto wins the 1H by over 9.5 points,Toronto wins the 1H by over 9.5 points,yes,1,finalized,2026-04-09T06:35:00Z,2026-04-10T00:17:33Z,2026-04-10T02:00:00Z,,1775777400,expected_expiration-150m,1775777400,0.0,0.48,0.24,,35,504.00,477.00
KXNBA1HSPREAD-26APR09MIATOR-TOR6,KXNBA1HSPREAD-26APR09MIATOR,KXNBA1HSPREAD,spread,Will Toronto win the 1H by over 6.5 points?,Toronto wins the 1H by over 6.5 points,Toronto wins the 1H by over 6.5 points,yes,1,finalized,2026-04-09T06:35:00Z,2026-04-10T00:17:33Z,2026-04-10T02:00:00Z,,1775777400,expected_expiration-150m,1775777400,0.0,0.59,0.295,,65,4250.00,2694.00
KXNBA1HSPREAD-26APR09MIATOR-TOR3,KXNBA1HSPREAD-26APR09MIATOR,KXNBA1HSPREAD,spread,Will Toronto win the 1H by over 3.5 points?,Toronto wins the 1H by over 3.5 points,Toronto wins the 1H by over 3.5 points,yes,1,finalized,2026-04-09T06:35:00Z,2026-04-10T00:17:33Z,2026-04-10T02:00:00Z,,1775777400,expected_expiration-150m,1775777400,0.34,0.45,0.395,0.45,88,31498.00,17165.00
KXNBA1HSPREAD-26APR09MIATOR-TOR12,KXNBA1HSPREAD-26APR09MIATOR,KXNBA1HSPREAD,spread,Will Toronto win the 1H by over 12.5 points?,Toronto wins the 1H by over 12.5 points,Toronto wins the 1H by over 12.5 points,yes,1,finalized,2026-04-09T06:35:00Z,2026-04-10T00:17:32Z,2026-04-10T02:00:00Z,,1775777400,expected_expiration-150m,1775777400,0.0,0.39,0.195,,31,912.00,822.00
KXNBA1HSPREAD-26APR09MIATOR-MIA9,KXNBA1HSPREAD-26APR09MIATOR,KXNBA1HSPREAD,spread,Will Miami win the 1H by over 9.5 points?,Miami wins the 1H by over 9.5 points,Miami wins the 1H by over 9.5 points,no,0,finalized,2026-04-09T06:35:00Z,2026-04-10T00:17:34Z,2026-04-10T02:00:00Z,,1775777400,expected_expiration-150m,1775777400,0.0,0.5,0.25,,29,1.00,1.00
KXNBA1HSPREAD-26APR09MIATOR-MIA6,KXNBA1HSPREAD-26APR09MIATOR,KXNBA1HSPREAD,spread,Will Miami win the 1H by over 6.5 points?,Miami wins the 1H by over 6.5 points,Miami wins the 1H by over 6.5 points,no,0,finalized,2026-04-09T06:35:00Z,2026-04-10T00:17:33Z,2026-04-10T02:00:00Z,,1775777400,expected_expiration-150m,1775777400,0.04,0.56,0.30000000000000004,,36,14.00,14.00
KXNBA1HSPREAD-26APR09MIATOR-MIA3,KXNBA1HSPREAD-26APR09MIATOR,KXNBA1HSPREAD,spread,Will Miami win the 1H by over 3.5 points?,Miami wins the 1H by over 3.5 points,Miami wins the 1H by over 3.5 points,no,0,finalized,2026-04-09T06:35:00Z,2026-04-10T00:17:33Z,2026-04-10T02:00:00Z,,1775777400,expected_expiration-150m,1775777400,0.39,0.6,0.495,0.78,43,6727.00,4931.00
KXNBA1HSPREAD-26APR09MIATOR-MIA18,KXNBA1HSPREAD-26APR09MIATOR,KXNBA1HSPREAD,spread,Will Miami win the 1H by over 18.5 points?,Miami wins the 1H by over 18.5 points,Miami wins the 1H by over 18.5 points,no,0,finalized,2026-04-09T06:35:00Z,2026-04-10T00:17:34Z,2026-04-10T02:00:00Z,,1775777400,expected_expiration-150m,1775777400,0.0,0.3,0.15,,26,99.00,99.00
KXNBA1HSPREAD-26APR09MIATOR-MIA15,KXNBA1HSPREAD-26APR09MIATOR,KXNBA1HSPREAD,spread,Will Miami win the 1H by over 15.5 points?,Miami wins the 1H by over 15.5 points,Miami wins the 1H by over 15.5 points,no,0,finalized,2026-04-09T06:35:00Z,2026-04-10T00:17:34Z,2026-04-10T02:00:00Z,,1775777400,expected_expiration-150m,1775777400,0.0,0.42,0.21,,24,0.00,0.00
KXNBA1HSPREAD-26APR09MIATOR-MIA12,KXNBA1HSPREAD-26APR09MIATOR,KXNBA1HSPREAD,spread,Will Miami win the 1H by over 12.5 points?,Miami wins the 1H by over 12.5 points,Miami wins the 1H by over 12.5 points,no,0,finalized,2026-04-09T06:35:00Z,2026-04-10T00:17:34Z,2026-04-10T02:00:00Z,,1775777400,expected_expiration-150m,1775777400,0.0,0.5,0.25,,24,13.00,13.00
KXNBA1HSPREAD-26APR09BOSNYK-NYK7,KXNBA1HSPREAD-26APR09BOSNYK,KXNBA1HSPREAD,spread,Will New York win the 1H by over 7.5 points?,New York wins the 1H by over 7.5 points,New York wins the 1H by over 7.5 points,no,0,finalized,2026-04-09T06:35:00Z,2026-04-10T00:41:38Z,2026-04-10T02:30:00Z,,1775779200,expected_expiration-150m,1775779200,0.29,0.41,0.35,,54,259.00,218.00
KXNBA1HSPREAD-26APR09BOSNYK-NYK4,KXNBA1HSPREAD-26APR09BOSNYK,KXNBA1HSPREAD,spread,Will New York win the 1H by over 4.5 points?,New York wins the 1H by over 4.5 points,New York wins the 1H by over 4.5 points,no,0,finalized,2026-04-09T06:35:00Z,2026-04-10T00:41:38Z,2026-04-10T02:30:00Z,,1775779200,expected_expiration-150m,1775779200,0.0,0.36,0.18,,62,10176.00,5851.00
KXNBA1HSPREAD-26APR09BOSNYK-NYK13,KXNBA1HSPREAD-26APR09BOSNYK,KXNBA1HSPREAD,spread,Will New York win the 1H by over 13.5 points?,New York wins the 1H by over 13.5 points,New York wins the 1H by over 13.5 points,no,0,finalized,2026-04-09T06:35:00Z,2026-04-10T00:41:38Z,2026-04-10T02:30:00Z,,1775779200,expected_expiration-150m,1775779200,0.0,0.21,0.105,,32,0.00,0.00
KXNBA1HSPREAD-26APR09BOSNYK-NYK10,KXNBA1HSPREAD-26APR09BOSNYK,KXNBA1HSPREAD,spread,Will New York win the 1H by over 10.5 points?,New York wins the 1H by over 10.5 points,New York wins the 1H by over 10.5 points,no,0,finalized,2026-04-09T06:35:00Z,2026-04-10T00:41:38Z,2026-04-10T02:30:00Z,,1775779200,expected_expiration-150m,1775779200,0.18,0.39,0.28500000000000003,,44,264.00,224.00
KXNBA1HSPREAD-26APR09BOSNYK-NYK1,KXNBA1HSPREAD-26APR09BOSNYK,KXNBA1HSPREAD,spread,Will New York win the 1H by over 1.5 points?,New York wins the 1H by over 1.5 points,New York wins the 1H by over 1.5 points,no,0,finalized,2026-04-09T06:35:00Z,2026-04-10T00:41:37Z,2026-04-10T02:30:00Z,,1775779200,expected_expiration-150m,1775779200,0.23,0.36,0.295,,97,29296.00,17304.00
KXNBA1HSPREAD-26APR09BOSNYK-BOS8,KXNBA1HSPREAD-26APR09BOSNYK,KXNBA1HSPREAD,spread,Will Boston win the 1H by over 8.5 points?,Boston wins the 1H by over 8.5 points,Boston wins the 1H by over 8.5 points,no,0,finalized,2026-04-09T06:35:00Z,2026-04-10T00:41:37Z,2026-04-10T02:30:00Z,,1775779200,expected_expiration-150m,1775779200,0.03,0.2,0.115,0.2,38,134.00,134.00
KXNBA1HSPREAD-26APR09BOSNYK-BOS5,KXNBA1HSPREAD-26APR09BOSNYK,KXNBA1HSPREAD,spread,Will Boston win the 1H by over 5.5 points?,Boston wins the 1H by over 5.5 points,Boston wins the 1H by over 5.5 points,no,0,finalized,2026-04-09T06:35:00Z,2026-04-10T00:41:37Z,2026-04-10T02:30:00Z,,1775779200,expected_expiration-150m,1775779200,0.34,0.45,0.395,,53,3487.00,3272.00
KXNBA1HSPREAD-26APR09BOSNYK-BOS2,KXNBA1HSPREAD-26APR09BOSNYK,KXNBA1HSPREAD,spread,Will Boston win the 1H by over 2.5 points?,Boston wins the 1H by over 2.5 points,Boston wins the 1H by over 2.5 points,no,0,finalized,2026-04-09T06:35:00Z,2026-04-10T00:41:37Z,2026-04-10T02:30:00Z,,1775779200,expected_expiration-150m,1775779200,0.5,0.55,0.525,0.56,58,34662.00,26870.00
KXNBA1HSPREAD-26APR09BOSNYK-BOS17,KXNBA1HSPREAD-26APR09BOSNYK,KXNBA1HSPREAD,spread,Will Boston win the 1H by over 17.5 points?,Boston wins the 1H by over 17.5 points,Boston wins the 1H by over 17.5 points,no,0,finalized,2026-04-09T06:35:00Z,2026-04-10T00:41:36Z,2026-04-10T02:30:00Z,,1775779200,expected_expiration-150m,1775779200,0.0,0.04,0.02,,24,163.00,130.00
KXNBA1HSPREAD-26APR09BOSNYK-BOS14,KXNBA1HSPREAD-26APR09BOSNYK,KXNBA1HSPREAD,spread,Will Boston win the 1H by over 14.5 points?,Boston wins the 1H by over 14.5 points,Boston wins the 1H by over 14.5 points,no,0,finalized,2026-04-09T06:35:00Z,2026-04-10T00:41:36Z,2026-04-10T02:30:00Z,,1775779200,expected_expiration-150m,1775777820,0.0,0.08,0.04,,24,0.00,0.00
KXNBA1HSPREAD-26APR09BOSNYK-BOS11,KXNBA1HSPREAD-26APR09BOSNYK,KXNBA1HSPREAD,spread,Will Boston win the 1H by over 11.5 points?,Boston wins the 1H by over 11.5 points,Boston wins the 1H by over 11.5 points,no,0,finalized,2026-04-09T06:35:00Z,2026-04-10T00:41:37Z,2026-04-10T02:30:00Z,,1775779200,expected_expiration-150m,1775779140,0.0,0.13,0.065,0.13,31,120.00,120.00
KXNBA1HSPREAD-26APR08MINORL-ORL9,KXNBA1HSPREAD-26APR08MINORL,KXNBA1HSPREAD,spread,Will Orlando win the 1H by over 9.5 points?,Orlando wins the 1H by over 9.5 points,Orlando wins the 1H by over 9.5 points,yes,1,finalized,2026-04-08T08:35:00Z,2026-04-09T00:10:23Z,2026-04-09T02:00:00Z,,1775691000,expected_expiration-150m,1775691000,0.02,0.49,0.255,,58,4758.00,4394.00
KXNBA1HSPREAD-26APR08MINORL-ORL6,KXNBA1HSPREAD-26APR08MINORL,KXNBA1HSPREAD,spread,Will Orlando win the 1H by over 6.5 points?,Orlando wins the 1H by over 6.5 points,Orlando wins the 1H by over 6.5 points,yes,1,finalized,2026-04-08T08:35:00Z,2026-04-09T00:10:23Z,2026-04-09T02:00:00Z,,1775691000,expected_expiration-150m,1775691000,0.45,0.47,0.45999999999999996,0.45,81,18845.00,10322.00
KXNBA1HSPREAD-26APR08MINORL-ORL3,KXNBA1HSPREAD-26APR08MINORL,KXNBA1HSPREAD,spread,Will Orlando win the 1H by over 3.5 points?,Orlando wins the 1H by over 3.5 points,Orlando wins the 1H by over 3.5 points,yes,1,finalized,2026-04-08T08:35:00Z,2026-04-09T00:10:22Z,2026-04-09T02:00:00Z,,1775691000,expected_expiration-150m,1775691000,0.55,0.57,0.56,0.58,74,15932.00,10427.00
KXNBA1HSPREAD-26APR08MINORL-ORL12,KXNBA1HSPREAD-26APR08MINORL,KXNBA1HSPREAD,spread,Will Orlando win the 1H by over 12.5 points?,Orlando wins the 1H by over 12.5 points,Orlando wins the 1H by over 12.5 points,no,0,finalized,2026-04-08T08:35:00Z,2026-04-09T00:10:23Z,2026-04-09T02:00:00Z,,1775691000,expected_expiration-150m,1775690940,0.0,0.44,0.22,,47,3627.00,3279.00
KXNBA1HSPREAD-26APR08MINORL-MIN9,KXNBA1HSPREAD-26APR08MINORL,KXNBA1HSPREAD,spread,Will Minnesota win the 1H by over 9.5 points?,Minnesota wins the 1H by over 9.5 points,Minnesota wins the 1H by over 9.5 points,no,0,finalized,2026-04-08T08:35:00Z,2026-04-09T00:10:21Z,2026-04-09T02:00:00Z,,1775691000,expected_expiration-150m,1775691000,0.0,0.36,0.18,0.39,28,132.00,132.00
KXNBA1HSPREAD-26APR08MINORL-MIN6,KXNBA1HSPREAD-26APR08MINORL,KXNBA1HSPREAD,spread,Will Minnesota win the 1H by over 6.5 points?,Minnesota wins the 1H by over 6.5 points,Minnesota wins the 1H by over 6.5 points,no,0,finalized,2026-04-08T08:35:00Z,2026-04-09T00:10:22Z,2026-04-09T02:00:00Z,,1775691000,expected_expiration-150m,1775690940,0.0,0.49,0.245,,23,3.00,3.00
KXNBA1HSPREAD-26APR08MINORL-MIN3,KXNBA1HSPREAD-26APR08MINORL,KXNBA1HSPREAD,spread,Will Minnesota win the 1H by over 3.5 points?,Minnesota wins the 1H by over 3.5 points,Minnesota wins the 1H by over 3.5 points,no,0,finalized,2026-04-08T08:35:00Z,2026-04-09T00:10:22Z,2026-04-09T02:00:00Z,,1775691000,expected_expiration-150m,1775691000,0.22,0.39,0.305,,40,7125.00,7125.00
KXNBA1HSPREAD-26APR08MINORL-MIN18,KXNBA1HSPREAD-26APR08MINORL,KXNBA1HSPREAD,spread,Will Minnesota win the 1H by over 18.5 points?,Minnesota wins the 1H by over 18.5 points,Minnesota wins the 1H by over 18.5 points,no,0,finalized,2026-04-08T08:35:00Z,2026-04-09T00:10:20Z,2026-04-09T02:00:00Z,,1775691000,expected_expiration-150m,1775690940,0.0,0.13,0.065,,20,0.00,0.00
KXNBA1HSPREAD-26APR08MINORL-MIN15,KXNBA1HSPREAD-26APR08MINORL,KXNBA1HSPREAD,spread,Will Minnesota win the 1H by over 15.5 points?,Minnesota wins the 1H by over 15.5 points,Minnesota wins the 1H by over 15.5 points,no,0,finalized,2026-04-08T08:35:00Z,2026-04-09T00:10:20Z,2026-04-09T02:00:00Z,,1775691000,expected_expiration-150m,1775690940,0.0,0.19,0.095,,21,0.00,0.00
KXNBA1HSPREAD-26APR08MINORL-MIN12,KXNBA1HSPREAD-26APR08MINORL,KXNBA1HSPREAD,spread,Will Minnesota win the 1H by over 12.5 points?,Minnesota wins the 1H by over 12.5 points,Minnesota wins the 1H by over 12.5 points,no,0,finalized,2026-04-08T08:35:00Z,2026-04-09T00:10:21Z,2026-04-09T02:00:00Z,,1775691000,expected_expiration-150m,1775690940,0.0,0.31,0.155,,22,0.00,0.00
KXNBA1HSPREAD-26APR08OKCLAC-OKC8,KXNBA1HSPREAD-26APR08OKCLAC,KXNBA1HSPREAD,spread,Will Oklahoma City win the 1H by over 8.5 points?,Oklahoma City wins the 1H by over 8.5 points,Oklahoma City wins the 1H by over 8.5 points,yes,1,finalized,2026-04-08T07:35:00Z,2026-04-09T03:11:01Z,2026-04-09T05:00:00Z,,1775701800,expected_expiration-150m,1775701800,0.53,0.58,0.5549999999999999,0.59,71,15606.00,6349.00
KXNBA1HSPREAD-26APR08OKCLAC-OKC5,KXNBA1HSPREAD-26APR08OKCLAC,KXNBA1HSPREAD,spread,Will Oklahoma City win the 1H by over 5.5 points?,Oklahoma City wins the 1H by over 5.5 points,Oklahoma City wins the 1H by over 5.5 points,yes,1,finalized,2026-04-08T07:35:00Z,2026-04-09T03:11:00Z,2026-04-09T05:00:00Z,,1775701800,expected_expiration-150m,1775701800,0.75,0.91,0.8300000000000001,,91,36782.00,26515.00
KXNBA1HSPREAD-26APR08OKCLAC-OKC2,KXNBA1HSPREAD-26APR08OKCLAC,KXNBA1HSPREAD,spread,Will Oklahoma City win the 1H by over 2.5 points?,Oklahoma City wins the 1H by over 2.5 points,Oklahoma City wins the 1H by over 2.5 points,yes,1,finalized,2026-04-08T07:35:00Z,2026-04-09T03:10:59Z,2026-04-09T05:00:00Z,,1775701800,expected_expiration-150m,1775701740,0.73,0.9,0.815,,68,32323.00,30689.00
KXNBA1HSPREAD-26APR08OKCLAC-OKC11,KXNBA1HSPREAD-26APR08OKCLAC,KXNBA1HSPREAD,spread,Will Oklahoma City win the 1H by over 11.5 points?,Oklahoma City wins the 1H by over 11.5 points,Oklahoma City wins the 1H by over 11.5 points,yes,1,finalized,2026-04-08T07:35:00Z,2026-04-09T03:11:01Z,2026-04-09T05:00:00Z,,1775701800,expected_expiration-150m,1775701800,0.37,0.51,0.44,0.51,53,25843.00,13786.00
KXNBA1HSPREAD-26APR08OKCLAC-LAC7,KXNBA1HSPREAD-26APR08OKCLAC,KXNBA1HSPREAD,spread,Will Los Angeles C win the 1H by over 7.5 points?,Los Angeles C wins the 1H by over 7.5 points,Los Angeles C wins the 1H by over 7.5 points,no,0,finalized,2026-04-08T07:35:00Z,2026-04-09T03:10:58Z,2026-04-09T05:00:00Z,,1775701800,expected_expiration-150m,1775701800,0.0,0.21,0.105,,30,0.00,0.00
KXNBA1HSPREAD-26APR08OKCLAC-LAC4,KXNBA1HSPREAD-26APR08OKCLAC,KXNBA1HSPREAD,spread,Will Los Angeles C win the 1H by over 4.5 points?,Los Angeles C wins the 1H by over 4.5 points,Los Angeles C wins the 1H by over 4.5 points,no,0,finalized,2026-04-08T07:35:00Z,2026-04-09T03:10:58Z,2026-04-09T05:00:00Z,,1775701800,expected_expiration-150m,1775701440,0.0,0.17,0.085,,24,690.00,345.00
KXNBA1HSPREAD-26APR08OKCLAC-LAC19,KXNBA1HSPREAD-26APR08OKCLAC,KXNBA1HSPREAD,spread,Will Los Angeles C win the 1H by over 19.5 points?,Los Angeles C wins the 1H by over 19.5 points,Los Angeles C wins the 1H by over 19.5 points,no,0,finalized,2026-04-08T07:35:00Z,2026-04-09T03:10:56Z,2026-04-09T05:00:00Z,,1775701800,expected_expiration-150m,1775701560,0.0,0.13,0.065,,8,37.00,37.00
KXNBA1HSPREAD-26APR08OKCLAC-LAC16,KXNBA1HSPREAD-26APR08OKCLAC,KXNBA1HSPREAD,spread,Will Los Angeles C win the 1H by over 16.5 points?,Los Angeles C wins the 1H by over 16.5 points,Los Angeles C wins the 1H by over 16.5 points,no,0,finalized,2026-04-08T07:35:00Z,2026-04-09T03:10:57Z,2026-04-09T05:00:00Z,,1775701800,expected_expiration-150m,1775700840,0.0,0.14,0.07,,8,0.00,0.00
KXNBA1HSPREAD-26APR08OKCLAC-LAC13,KXNBA1HSPREAD-26APR08OKCLAC,KXNBA1HSPREAD,spread,Will Los Angeles C win the 1H by over 13.5 points?,Los Angeles C wins the 1H by over 13.5 points,Los Angeles C wins the 1H by over 13.5 points,no,0,finalized,2026-04-08T07:35:00Z,2026-04-09T03:10:57Z,2026-04-09T05:00:00Z,,1775701800,expected_expiration-150m,1775701020,0.0,0.13,0.065,,10,0.00,0.00
KXNBA1HSPREAD-26APR08OKCLAC-LAC10,KXNBA1HSPREAD-26APR08OKCLAC,KXNBA1HSPREAD,spread,Will Los Angeles C win the 1H by over 10.5 points?,Los Angeles C wins the 1H by over 10.5 points,Los Angeles C wins the 1H by over 10.5 points,no,0,finalized,2026-04-08T07:35:00Z,2026-04-09T03:10:58Z,2026-04-09T05:00:00Z,,1775701800,expected_expiration-150m,1775701440,0.0,0.14,0.07,,25,0.00,0.00
KXNBA1HSPREAD-26APR08OKCLAC-LAC1,KXNBA1HSPREAD-26APR08OKCLAC,KXNBA1HSPREAD,spread,Will Los Angeles C win the 1H by over 1.5 points?,Los Angeles C wins the 1H by over 1.5 points,Los Angeles C wins the 1H by over 1.5 points,no,0,finalized,2026-04-08T07:35:00Z,2026-04-09T03:10:59Z,2026-04-09T05:00:00Z,,1775701800,expected_expiration-150m,1775701620,0.0,0.12,0.06,0.01,45,2450.00,2307.00
KXNBA1HSPREAD-26APR08MEMDEN-MEM7,KXNBA1HSPREAD-26APR08MEMDEN,KXNBA1HSPREAD,spread,Will Memphis win the 1H by over 7.5 points?,Memphis wins the 1H by over 7.5 points,Memphis wins the 1H by over 7.5 points,no,0,finalized,2026-04-08T07:35:00Z,2026-04-09T02:07:34Z,2026-04-09T04:00:00Z,,1775698200,expected_expiration-150m,1775698080,0.0,0.09,0.045,,36,2921.00,2921.00
KXNBA1HSPREAD-26APR08MEMDEN-MEM4,KXNBA1HSPREAD-26APR08MEMDEN,KXNBA1HSPREAD,spread,Will Memphis win the 1H by over 4.5 points?,Memphis wins the 1H by over 4.5 points,Memphis wins the 1H by over 4.5 points,no,0,finalized,2026-04-08T07:35:00Z,2026-04-09T02:07:34Z,2026-04-09T04:00:00Z,,1775698200,expected_expiration-150m,1775698200,0.0,0.33,0.165,,39,2161.00,2077.00
KXNBA1HSPREAD-26APR08MEMDEN-MEM28,KXNBA1HSPREAD-26APR08MEMDEN,KXNBA1HSPREAD,spread,Will Memphis win the 1H by over 28.5 points?,Memphis wins the 1H by over 28.5 points,Memphis wins the 1H by over 28.5 points,no,0,finalized,2026-04-08T07:35:00Z,2026-04-09T02:07:35Z,2026-04-09T04:00:00Z,,1775698200,expected_expiration-150m,1775698080,0.0,0.11,0.055,,35,0.00,0.00
KXNBA1HSPREAD-26APR08MEMDEN-MEM25,KXNBA1HSPREAD-26APR08MEMDEN,KXNBA1HSPREAD,spread,Will Memphis win the 1H by over 25.5 points?,Memphis wins the 1H by over 25.5 points,Memphis wins the 1H by over 25.5 points,no,0,finalized,2026-04-08T07:35:00Z,2026-04-09T02:07:35Z,2026-04-09T04:00:00Z,,1775698200,expected_expiration-150m,1775698080,0.0,0.11,0.055,,34,0.00,0.00
KXNBA1HSPREAD-26APR08MEMDEN-MEM22,KXNBA1HSPREAD-26APR08MEMDEN,KXNBA1HSPREAD,spread,Will Memphis win the 1H by over 22.5 points?,Memphis wins the 1H by over 22.5 points,Memphis wins the 1H by over 22.5 points,no,0,finalized,2026-04-08T07:35:00Z,2026-04-09T02:07:35Z,2026-04-09T04:00:00Z,,1775698200,expected_expiration-150m,1775698080,0.0,0.11,0.055,,34,0.00,0.00
KXNBA1HSPREAD-26APR08MEMDEN-MEM19,KXNBA1HSPREAD-26APR08MEMDEN,KXNBA1HSPREAD,spread,Will Memphis win the 1H by over 19.5 points?,Memphis wins the 1H by over 19.5 points,Memphis wins the 1H by over 19.5 points,no,0,finalized,2026-04-08T07:35:00Z,2026-04-09T02:07:35Z,2026-04-09T04:00:00Z,,1775698200,expected_expiration-150m,1775698080,0.0,0.13,0.065,,33,0.00,0.00
KXNBA1HSPREAD-26APR08MEMDEN-MEM16,KXNBA1HSPREAD-26APR08MEMDEN,KXNBA1HSPREAD,spread,Will Memphis win the 1H by over 16.5 points?,Memphis wins the 1H by over 16.5 points,Memphis wins the 1H by over 16.5 points,no,0,finalized,2026-04-08T07:35:00Z,2026-04-09T02:07:34Z,2026-04-09T04:00:00Z,,1775698200,expected_expiration-150m,1775698080,0.0,0.09,0.045,,32,0.00,0.00
KXNBA1HSPREAD-26APR08MEMDEN-MEM13,KXNBA1HSPREAD-26APR08MEMDEN,KXNBA1HSPREAD,spread,Will Memphis win the 1H by over 13.5 points?,Memphis wins the 1H by over 13.5 points,Memphis wins the 1H by over 13.5 points,no,0,finalized,2026-04-08T07:35:00Z,2026-04-09T02:07:34Z,2026-04-09T04:00:00Z,,1775698200,expected_expiration-150m,1775698080,0.0,0.13,0.065,,35,52.00,52.00
KXNBA1HSPREAD-26APR08MEMDEN-MEM10,KXNBA1HSPREAD-26APR08MEMDEN,KXNBA1HSPREAD,spread,Will Memphis win the 1H by over 10.5 points?,Memphis wins the 1H by over 10.5 points,Memphis wins the 1H by over 10.5 points,no,0,finalized,2026-04-08T07:35:00Z,2026-04-09T02:07:34Z,2026-04-09T04:00:00Z,,1775698200,expected_expiration-150m,1775698080,0.0,0.05,0.025,,33,247.00,247.00
KXNBA1HSPREAD-26APR08MEMDEN-MEM1,KXNBA1HSPREAD-26APR08MEMDEN,KXNBA1HSPREAD,spread,Will Memphis win the 1H by over 1.5 points?,Memphis wins the 1H by over 1.5 points,Memphis wins the 1H by over 1.5 points,yes,1,finalized,2026-04-08T07:35:00Z,2026-04-09T02:07:34Z,2026-04-09T04:00:00Z,,1775698200,expected_expiration-150m,1775698080,0.0,0.31,0.155,0.31,42,6783.00,3055.00
KXNBA1HSPREAD-26APR08MEMDEN-DEN2,KXNBA1HSPREAD-26APR08MEMDEN,KXNBA1HSPREAD,spread,Will Denver win the 1H by over 2.5 points?,Denver wins the 1H by over 2.5 points,Denver wins the 1H by over 2.5 points,no,0,finalized,2026-04-08T07:35:00Z,2026-04-09T02:07:33Z,2026-04-09T04:00:00Z,,1775698200,expected_expiration-150m,1775698200,0.86,0.89,0.875,0.84,53,51273.00,18422.00
KXNBA1HSPREAD-26APR08PORSAS-SAS7,KXNBA1HSPREAD-26APR08PORSAS,KXNBA1HSPREAD,spread,Will San Antonio win the 1H by over 7.5 points?,San Antonio wins the 1H by over 7.5 points,San Antonio wins the 1H by over 7.5 points,yes,1,finalized,2026-04-08T07:35:00Z,2026-04-09T02:43:31Z,2026-04-09T04:30:00Z,,1775700000,expected_expiration-150m,1775700000,0.02,0.51,0.265,,67,11010.00,6583.00
KXNBA1HSPREAD-26APR08PORSAS-SAS4,KXNBA1HSPREAD-26APR08PORSAS,KXNBA1HSPREAD,spread,Will San Antonio win the 1H by over 4.5 points?,San Antonio wins the 1H by over 4.5 points,San Antonio wins the 1H by over 4.5 points,yes,1,finalized,2026-04-08T07:35:00Z,2026-04-09T02:43:31Z,2026-04-09T04:30:00Z,,1775700000,expected_expiration-150m,1775700000,0.17,0.29,0.22999999999999998,0.2,60,29276.00,19889.00
KXNBA1HSPREAD-26APR08PORSAS-SAS13,KXNBA1HSPREAD-26APR08PORSAS,KXNBA1HSPREAD,spread,Will San Antonio win the 1H by over 13.5 points?,San Antonio wins the 1H by over 13.5 points,San Antonio wins the 1H by over 13.5 points,no,0,finalized,2026-04-08T07:35:00Z,2026-04-09T02:43:31Z,2026-04-09T04:30:00Z,,1775700000,expected_expiration-150m,1775700000,0.0,0.54,0.27,,49,5909.00,4708.00
KXNBA1HSPREAD-26APR08PORSAS-SAS10,KXNBA1HSPREAD-26APR08PORSAS,KXNBA1HSPREAD,spread,Will San Antonio win the 1H by over 10.5 points?,San Antonio wins the 1H by over 10.5 points,San Antonio wins the 1H by over 10.5 points,no,0,finalized,2026-04-08T07:35:00Z,2026-04-09T02:43:31Z,2026-04-09T04:30:00Z,,1775700000,expected_expiration-150m,1775700000,0.17,0.63,0.4,,52,5536.00,2616.00
KXNBA1HSPREAD-26APR08PORSAS-SAS1,KXNBA1HSPREAD-26APR08PORSAS,KXNBA1HSPREAD,spread,Will San Antonio win the 1H by over 1.5 points?,San Antonio wins the 1H by over 1.5 points,San Antonio wins the 1H by over 1.5 points,yes,1,finalized,2026-04-08T07:35:00Z,2026-04-09T02:43:31Z,2026-04-09T04:30:00Z,,1775700000,expected_expiration-150m,1775700000,0.44,0.51,0.475,0.52,84,77599.00,46259.00
KXNBA1HSPREAD-26APR08PORSAS-POR8,KXNBA1HSPREAD-26APR08PORSAS,KXNBA1HSPREAD,spread,Will Portland win the 1H by over 8.5 points?,Portland wins the 1H by over 8.5 points,Portland wins the 1H by over 8.5 points,no,0,finalized,2026-04-08T07:35:00Z,2026-04-09T02:43:32Z,2026-04-09T04:30:00Z,,1775700000,expected_expiration-150m,1775700000,0.0,0.51,0.255,,48,17.00,17.00
KXNBA1HSPREAD-26APR08PORSAS-POR5,KXNBA1HSPREAD-26APR08PORSAS,KXNBA1HSPREAD,spread,Will Portland win the 1H by over 5.5 points?,Portland wins the 1H by over 5.5 points,Portland wins the 1H by over 5.5 points,no,0,finalized,2026-04-08T07:35:00Z,2026-04-09T02:43:32Z,2026-04-09T04:30:00Z,,1775700000,expected_expiration-150m,1775700000,0.01,0.51,0.26,,63,1386.00,1386.00
KXNBA1HSPREAD-26APR08PORSAS-POR2,KXNBA1HSPREAD-26APR08PORSAS,KXNBA1HSPREAD,spread,Will Portland win the 1H by over 2.5 points?,Portland wins the 1H by over 2.5 points,Portland wins the 1H by over 2.5 points,no,0,finalized,2026-04-08T07:35:00Z,2026-04-09T02:43:32Z,2026-04-09T04:30:00Z,,1775700000,expected_expiration-150m,1775700000,0.36,0.48,0.42,0.32,55,6637.00,5380.00
KXNBA1HSPREAD-26APR08PORSAS-POR17,KXNBA1HSPREAD-26APR08PORSAS,KXNBA1HSPREAD,spread,Will Portland win the 1H by over 17.5 points?,Portland wins the 1H by over 17.5 points,Portland wins the 1H by over 17.5 points,no,0,finalized,2026-04-08T07:35:00Z,2026-04-09T02:43:33Z,2026-04-09T04:30:00Z,,1775700000,expected_expiration-150m,1775700000,0.0,0.23,0.115,,28,10.00,10.00
KXNBA1HSPREAD-26APR08PORSAS-POR14,KXNBA1HSPREAD-26APR08PORSAS,KXNBA1HSPREAD,spread,Will Portland win the 1H by over 14.5 points?,Portland wins the 1H by over 14.5 points,Portland wins the 1H by over 14.5 points,no,0,finalized,2026-04-08T07:35:00Z,2026-04-09T02:43:32Z,2026-04-09T04:30:00Z,,1775700000,expected_expiration-150m,1775700000,0.0,0.35,0.175,,37,10.00,10.00
KXNBA1HSPREAD-26APR08PORSAS-POR11,KXNBA1HSPREAD-26APR08PORSAS,KXNBA1HSPREAD,spread,Will Portland win the 1H by over 11.5 points?,Portland wins the 1H by over 11.5 points,Portland wins the 1H by over 11.5 points,no,0,finalized,2026-04-08T07:35:00Z,2026-04-09T02:43:32Z,2026-04-09T04:30:00Z,,1775700000,expected_expiration-150m,1775700000,0.0,0.43,0.215,,46,12.00,12.00
KXNBA1HSPREAD-26APR08MILDET-MIL7,KXNBA1HSPREAD-26APR08MILDET,KXNBA1HSPREAD,spread,Will Milwaukee win the 1H by over 7.5 points?,Milwaukee wins the 1H by over 7.5 points,Milwaukee wins the 1H by over 7.5 points,no,0,finalized,2026-04-08T07:35:00Z,2026-04-09T00:13:45Z,2026-04-09T02:00:00Z,,1775691000,expected_expiration-150m,1775691000,0.0,0.27,0.135,,24,4.00,4.00
KXNBA1HSPREAD-26APR08MILDET-MIL4,KXNBA1HSPREAD-26APR08MILDET,KXNBA1HSPREAD,spread,Will Milwaukee win the 1H by over 4.5 points?,Milwaukee wins the 1H by over 4.5 points,Milwaukee wins the 1H by over 4.5 points,no,0,finalized,2026-04-08T07:35:00Z,2026-04-09T00:13:45Z,2026-04-09T02:00:00Z,,1775691000,expected_expiration-150m,1775691000,0.0,0.36,0.18,,31,189.00,189.00
KXNBA1HSPREAD-26APR08MILDET-MIL25,KXNBA1HSPREAD-26APR08MILDET,KXNBA1HSPREAD,spread,Will Milwaukee win the 1H by over 25.5 points?,Milwaukee wins the 1H by over 25.5 points,Milwaukee wins the 1H by over 25.5 points,no,0,finalized,2026-04-08T07:35:00Z,2026-04-09T00:13:44Z,2026-04-09T02:00:00Z,,1775691000,expected_expiration-150m,1775691000,0.0,0.13,0.065,,22,0.00,0.00
KXNBA1HSPREAD-26APR08MILDET-MIL22,KXNBA1HSPREAD-26APR08MILDET,KXNBA1HSPREAD,spread,Will Milwaukee win the 1H by over 22.5 points?,Milwaukee wins the 1H by over 22.5 points,Milwaukee wins the 1H by over 22.5 points,no,0,finalized,2026-04-08T07:35:00Z,2026-04-09T00:13:44Z,2026-04-09T02:00:00Z,,1775691000,expected_expiration-150m,1775691000,0.0,0.04,0.02,,23,0.00,0.00
KXNBA1HSPREAD-26APR08MILDET-MIL19,KXNBA1HSPREAD-26APR08MILDET,KXNBA1HSPREAD,spread,Will Milwaukee win the 1H by over 19.5 points?,Milwaukee wins the 1H by over 19.5 points,Milwaukee wins the 1H by over 19.5 points,no,0,finalized,2026-04-08T07:35:00Z,2026-04-09T00:13:44Z,2026-04-09T02:00:00Z,,1775691000,expected_expiration-150m,1775691000,0.0,0.12,0.06,,23,0.00,0.00
KXNBA1HSPREAD-26APR08MILDET-MIL16,KXNBA1HSPREAD-26APR08MILDET,KXNBA1HSPREAD,spread,Will Milwaukee win the 1H by over 16.5 points?,Milwaukee wins the 1H by over 16.5 points,Milwaukee wins the 1H by over 16.5 points,no,0,finalized,2026-04-08T07:35:00Z,2026-04-09T00:13:44Z,2026-04-09T02:00:00Z,,1775691000,expected_expiration-150m,1775691000,0.0,0.11,0.055,,25,17.00,17.00
KXNBA1HSPREAD-26APR08MILDET-MIL13,KXNBA1HSPREAD-26APR08MILDET,KXNBA1HSPREAD,spread,Will Milwaukee win the 1H by over 13.5 points?,Milwaukee wins the 1H by over 13.5 points,Milwaukee wins the 1H by over 13.5 points,no,0,finalized,2026-04-08T07:35:00Z,2026-04-09T00:13:44Z,2026-04-09T02:00:00Z,,1775691000,expected_expiration-150m,1775691000,0.0,0.13,0.065,,25,2.00,2.00
KXNBA1HSPREAD-26APR08MILDET-MIL10,KXNBA1HSPREAD-26APR08MILDET,KXNBA1HSPREAD,spread,Will Milwaukee win the 1H by over 10.5 points?,Milwaukee wins the 1H by over 10.5 points,Milwaukee wins the 1H by over 10.5 points,no,0,finalized,2026-04-08T07:35:00Z,2026-04-09T00:13:45Z,2026-04-09T02:00:00Z,,1775691000,expected_expiration-150m,1775691000,0.0,0.13,0.065,,28,5.00,5.00
KXNBA1HSPREAD-26APR08MILDET-MIL1,KXNBA1HSPREAD-26APR08MILDET,KXNBA1HSPREAD,spread,Will Milwaukee win the 1H by over 1.5 points?,Milwaukee wins the 1H by over 1.5 points,Milwaukee wins the 1H by over 1.5 points,no,0,finalized,2026-04-08T07:35:00Z,2026-04-09T00:13:45Z,2026-04-09T02:00:00Z,,1775691000,expected_expiration-150m,1775691000,0.0,0.45,0.225,,34,1243.00,1242.00
KXNBA1HSPREAD-26APR08MILDET-DET5,KXNBA1HSPREAD-26APR08MILDET,KXNBA1HSPREAD,spread,Will Detroit win the 1H by over 5.5 points?,Detroit wins the 1H by over 5.5 points,Detroit wins the 1H by over 5.5 points,yes,1,finalized,2026-04-08T07:35:00Z,2026-04-09T00:13:46Z,2026-04-09T02:00:00Z,,1775691000,expected_expiration-150m,1775691000,0.36,0.88,0.62,0.36,56,7615.00,5529.00
KXNBA1HSPREAD-26APR08MILDET-DET2,KXNBA1HSPREAD-26APR08MILDET,KXNBA1HSPREAD,spread,Will Detroit win the 1H by over 2.5 points?,Detroit wins the 1H by over 2.5 points,Detroit wins the 1H by over 2.5 points,yes,1,finalized,2026-04-08T07:35:00Z,2026-04-09T00:13:45Z,2026-04-09T02:00:00Z,,1775691000,expected_expiration-150m,1775691000,0.66,0.94,0.8,0.6,35,2231.00,2129.00
KXNBA1HSPREAD-26APR08ATLCLE-CLE9,KXNBA1HSPREAD-26APR08ATLCLE,KXNBA1HSPREAD,spread,Will Cleveland win the 1H by over 9.5 points?,Cleveland wins the 1H by over 9.5 points,Cleveland wins the 1H by over 9.5 points,no,0,finalized,2026-04-08T06:35:00Z,2026-04-09T00:10:21Z,2026-04-09T02:00:00Z,,1775691000,expected_expiration-150m,1775690880,0.02,0.7,0.36,,34,0.00,0.00
KXNBA1HSPREAD-26APR08ATLCLE-CLE6,KXNBA1HSPREAD-26APR08ATLCLE,KXNBA1HSPREAD,spread,Will Cleveland win the 1H by over 6.5 points?,Cleveland wins the 1H by over 6.5 points,Cleveland wins the 1H by over 6.5 points,no,0,finalized,2026-04-08T06:35:00Z,2026-04-09T00:10:20Z,2026-04-09T02:00:00Z,,1775691000,expected_expiration-150m,1775691000,0.42,0.49,0.45499999999999996,0.47,66,4748.00,3091.00
KXNBA1HSPREAD-26APR08ATLCLE-CLE3,KXNBA1HSPREAD-26APR08ATLCLE,KXNBA1HSPREAD,spread,Will Cleveland win the 1H by over 3.5 points?,Cleveland wins the 1H by over 3.5 points,Cleveland wins the 1H by over 3.5 points,no,0,finalized,2026-04-08T06:35:00Z,2026-04-09T00:10:20Z,2026-04-09T02:00:00Z,,1775691000,expected_expiration-150m,1775691000,0.56,0.61,0.585,0.61,92,62976.00,50234.00
KXNBA1HSPREAD-26APR08ATLCLE-CLE15,KXNBA1HSPREAD-26APR08ATLCLE,KXNBA1HSPREAD,spread,Will Cleveland win the 1H by over 15.5 points?,Cleveland wins the 1H by over 15.5 points,Cleveland wins the 1H by over 15.5 points,no,0,finalized,2026-04-08T06:35:00Z,2026-04-09T00:10:21Z,2026-04-09T02:00:00Z,,1775691000,expected_expiration-150m,1775690880,0.0,0.48,0.24,,26,5.00,5.00
KXNBA1HSPREAD-26APR08ATLCLE-CLE12,KXNBA1HSPREAD-26APR08ATLCLE,KXNBA1HSPREAD,spread,Will Cleveland win the 1H by over 12.5 points?,Cleveland wins the 1H by over 12.5 points,Cleveland wins the 1H by over 12.5 points,no,0,finalized,2026-04-08T06:35:00Z,2026-04-09T00:10:21Z,2026-04-09T02:00:00Z,,1775691000,expected_expiration-150m,1775690880,0.0,0.59,0.295,,25,0.00,0.00
KXNBA1HSPREAD-26APR08ATLCLE-ATL9,KXNBA1HSPREAD-26APR08ATLCLE,KXNBA1HSPREAD,spread,Will Atlanta win the 1H by over 9.5 points?,Atlanta wins the 1H by over 9.5 points,Atlanta wins the 1H by over 9.5 points,no,0,finalized,2026-04-08T06:35:00Z,2026-04-09T00:10:18Z,2026-04-09T02:00:00Z,,1775691000,expected_expiration-150m,1775690940,0.02,0.28,0.15000000000000002,,35,1790.00,1712.00
KXNBA1HSPREAD-26APR08ATLCLE-ATL6,KXNBA1HSPREAD-26APR08ATLCLE,KXNBA1HSPREAD,spread,Will Atlanta win the 1H by over 6.5 points?,Atlanta wins the 1H by over 6.5 points,Atlanta wins the 1H by over 6.5 points,yes,1,finalized,2026-04-08T06:35:00Z,2026-04-09T00:10:19Z,2026-04-09T02:00:00Z,,1775691000,expected_expiration-150m,1775690880,0.0,0.5,0.25,,30,3600.00,2909.00
KXNBA1HSPREAD-26APR08ATLCLE-ATL3,KXNBA1HSPREAD-26APR08ATLCLE,KXNBA1HSPREAD,spread,Will Atlanta win the 1H by over 3.5 points?,Atlanta wins the 1H by over 3.5 points,Atlanta wins the 1H by over 3.5 points,yes,1,finalized,2026-04-08T06:35:00Z,2026-04-09T00:10:19Z,2026-04-09T02:00:00Z,,1775691000,expected_expiration-150m,1775691000,0.1,0.46,0.28,0.1,61,3198.00,2519.00
KXNBA1HSPREAD-26APR08ATLCLE-ATL15,KXNBA1HSPREAD-26APR08ATLCLE,KXNBA1HSPREAD,spread,Will Atlanta win the 1H by over 15.5 points?,Atlanta wins the 1H by over 15.5 points,Atlanta wins the 1H by over 15.5 points,no,0,finalized,2026-04-08T06:35:00Z,2026-04-09T00:10:17Z,2026-04-09T02:00:00Z,,1775691000,expected_expiration-150m,1775690880,0.0,0.21,0.105,,23,5.00,5.00
KXNBA1HSPREAD-26APR08ATLCLE-ATL12,KXNBA1HSPREAD-26APR08ATLCLE,KXNBA1HSPREAD,spread,Will Atlanta win the 1H by over 12.5 points?,Atlanta wins the 1H by over 12.5 points,Atlanta wins the 1H by over 12.5 points,no,0,finalized,2026-04-08T06:35:00Z,2026-04-09T00:10:17Z,2026-04-09T02:00:00Z,,1775691000,expected_expiration-150m,1775690880,0.0,0.3,0.15,,27,0.00,0.00
KXNBA1HSPREAD-26APR08DALPHX-PHX8,KXNBA1HSPREAD-26APR08DALPHX,KXNBA1HSPREAD,spread,Will Phoenix win the 1H by over 8.5 points?,Phoenix wins the 1H by over 8.5 points,Phoenix wins the 1H by over 8.5 points,no,0,finalized,2026-04-08T05:35:00Z,2026-04-09T03:01:31Z,2026-04-09T05:00:00Z,,1775701800,expected_expiration-150m,1775701800,0.29,0.49,0.39,,54,7810.00,3542.00
KXNBA1HSPREAD-26APR08DALPHX-PHX5,KXNBA1HSPREAD-26APR08DALPHX,KXNBA1HSPREAD,spread,Will Phoenix win the 1H by over 5.5 points?,Phoenix wins the 1H by over 5.5 points,Phoenix wins the 1H by over 5.5 points,yes,1,finalized,2026-04-08T05:35:00Z,2026-04-09T03:01:32Z,2026-04-09T05:00:00Z,,1775701800,expected_expiration-150m,1775701800,0.55,0.56,0.555,0.55,78,16146.00,9773.00
KXNBA1HSPREAD-26APR08DALPHX-PHX2,KXNBA1HSPREAD-26APR08DALPHX,KXNBA1HSPREAD,spread,Will Phoenix win the 1H by over 2.5 points?,Phoenix wins the 1H by over 2.5 points,Phoenix wins the 1H by over 2.5 points,yes,1,finalized,2026-04-08T05:35:00Z,2026-04-09T03:01:32Z,2026-04-09T05:00:00Z,,1775701800,expected_expiration-150m,1775701800,0.46,0.73,0.595,,55,5247.00,3286.00
KXNBA1HSPREAD-26APR08DALPHX-DAL7,KXNBA1HSPREAD-26APR08DALPHX,KXNBA1HSPREAD,spread,Will Dallas win the 1H by over 7.5 points?,Dallas wins the 1H by over 7.5 points,Dallas wins the 1H by over 7.5 points,no,0,finalized,2026-04-08T05:35:00Z,2026-04-09T03:01:32Z,2026-04-09T05:00:00Z,,1775701800,expected_expiration-150m,1775701800,0.0,0.41,0.205,0.41,46,15.00,14.00
KXNBA1HSPREAD-26APR08DALPHX-DAL4,KXNBA1HSPREAD-26APR08DALPHX,KXNBA1HSPREAD,spread,Will Dallas win the 1H by over 4.5 points?,Dallas wins the 1H by over 4.5 points,Dallas wins the 1H by over 4.5 points,no,0,finalized,2026-04-08T05:35:00Z,2026-04-09T03:01:32Z,2026-04-09T05:00:00Z,,1775701800,expected_expiration-150m,1775701800,0.0,0.47,0.235,0.49,50,1006.00,1006.00
KXNBA1HSPREAD-26APR08DALPHX-DAL22,KXNBA1HSPREAD-26APR08DALPHX,KXNBA1HSPREAD,spread,Will Dallas win the 1H by over 22.5 points?,Dallas wins the 1H by over 22.5 points,Dallas wins the 1H by over 22.5 points,no,0,finalized,2026-04-08T05:35:00Z,2026-04-09T03:01:33Z,2026-04-09T05:00:00Z,,1775701800,expected_expiration-150m,1775701800,0.0,0.13,0.065,,14,0.00,0.00
KXNBA1HSPREAD-26APR08DALPHX-DAL19,KXNBA1HSPREAD-26APR08DALPHX,KXNBA1HSPREAD,spread,Will Dallas win the 1H by over 19.5 points?,Dallas wins the 1H by over 19.5 points,Dallas wins the 1H by over 19.5 points,no,0,finalized,2026-04-08T05:35:00Z,2026-04-09T03:01:33Z,2026-04-09T05:00:00Z,,1775701800,expected_expiration-150m,1775701800,0.0,0.13,0.065,,14,0.00,0.00
KXNBA1HSPREAD-26APR08DALPHX-DAL16,KXNBA1HSPREAD-26APR08DALPHX,KXNBA1HSPREAD,spread,Will Dallas win the 1H by over 16.5 points?,Dallas wins the 1H by over 16.5 points,Dallas wins the 1H by over 16.5 points,no,0,finalized,2026-04-08T05:35:00Z,2026-04-09T03:01:33Z,2026-04-09T05:00:00Z,,1775701800,expected_expiration-150m,1775701800,0.0,0.11,0.055,,16,0.00,0.00
KXNBA1HSPREAD-26APR08DALPHX-DAL13,KXNBA1HSPREAD-26APR08DALPHX,KXNBA1HSPREAD,spread,Will Dallas win the 1H by over 13.5 points?,Dallas wins the 1H by over 13.5 points,Dallas wins the 1H by over 13.5 points,no,0,finalized,2026-04-08T05:35:00Z,2026-04-09T03:01:33Z,2026-04-09T05:00:00Z,,1775701800,expected_expiration-150m,1775701800,0.0,0.2,0.1,,20,1.00,1.00
KXNBA1HSPREAD-26APR08DALPHX-DAL10,KXNBA1HSPREAD-26APR08DALPHX,KXNBA1HSPREAD,spread,Will Dallas win the 1H by over 10.5 points?,Dallas wins the 1H by over 10.5 points,Dallas wins the 1H by over 10.5 points,no,0,finalized,2026-04-08T05:35:00Z,2026-04-09T03:01:33Z,2026-04-09T05:00:00Z,,1775701800,expected_expiration-150m,1775701800,0.0,0.29,0.145,,35,1.00,1.00
KXNBA1HSPREAD-26APR08DALPHX-DAL1,KXNBA1HSPREAD-26APR08DALPHX,KXNBA1HSPREAD,spread,Will Dallas win the 1H by over 1.5 points?,Dallas wins the 1H by over 1.5 points,Dallas wins the 1H by over 1.5 points,no,0,finalized,2026-04-08T05:35:00Z,2026-04-09T03:01:32Z,2026-04-09T05:00:00Z,,1775701800,expected_expiration-150m,1775701800,0.0,0.59,0.295,,60,1284.00,1191.00
KXNBA1HSPREAD-26APR07HOUPHX-PHX9,KXNBA1HSPREAD-26APR07HOUPHX,KXNBA1HSPREAD,spread,Will Phoenix win the 1H by over 9.5 points?,Phoenix wins the 1H by over 9.5 points,Phoenix wins the 1H by over 9.5 points,no,0,finalized,2026-04-07T05:35:00Z,2026-04-08T04:19:52Z,2026-04-08T06:00:00Z,,1775619000,expected_expiration-150m,1775619000,0.32,0.78,0.55,,45,6579.00,4075.00
KXNBA1HSPREAD-26APR07HOUPHX-PHX6,KXNBA1HSPREAD-26APR07HOUPHX,KXNBA1HSPREAD,spread,Will Phoenix win the 1H by over 6.5 points?,Phoenix wins the 1H by over 6.5 points,Phoenix wins the 1H by over 6.5 points,no,0,finalized,2026-04-07T05:35:00Z,2026-04-08T04:19:52Z,2026-04-08T06:00:00Z,,1775619000,expected_expiration-150m,1775619000,0.69,0.82,0.7549999999999999,0.66,50,9851.00,5460.00
KXNBA1HSPREAD-26APR07HOUPHX-PHX3,KXNBA1HSPREAD-26APR07HOUPHX,KXNBA1HSPREAD,spread,Will Phoenix win the 1H by over 3.5 points?,Phoenix wins the 1H by over 3.5 points,Phoenix wins the 1H by over 3.5 points,no,0,finalized,2026-04-07T05:35:00Z,2026-04-08T04:19:52Z,2026-04-08T06:00:00Z,,1775619000,expected_expiration-150m,1775619000,0.66,0.79,0.7250000000000001,,60,3619.00,2804.00
KXNBA1HSPREAD-26APR07HOUPHX-PHX15,KXNBA1HSPREAD-26APR07HOUPHX,KXNBA1HSPREAD,spread,Will Phoenix win the 1H by over 15.5 points?,Phoenix wins the 1H by over 15.5 points,Phoenix wins the 1H by over 15.5 points,no,0,finalized,2026-04-07T05:35:00Z,2026-04-08T04:19:51Z,2026-04-08T06:00:00Z,,1775619000,expected_expiration-150m,1775619000,0.4,0.56,0.48000000000000004,0.56,101,7944.00,4925.00
KXNBA1HSPREAD-26APR07HOUPHX-PHX12,KXNBA1HSPREAD-26APR07HOUPHX,KXNBA1HSPREAD,spread,Will Phoenix win the 1H by over 12.5 points?,Phoenix wins the 1H by over 12.5 points,Phoenix wins the 1H by over 12.5 points,no,0,finalized,2026-04-07T05:35:00Z,2026-04-08T04:19:51Z,2026-04-08T06:00:00Z,,1775619000,expected_expiration-150m,1775619000,0.5,0.69,0.595,0.71,87,8589.00,4734.00
KXNBA1HSPREAD-26APR07HOUPHX-HOU9,KXNBA1HSPREAD-26APR07HOUPHX,KXNBA1HSPREAD,spread,Will Houston win the 1H by over 9.5 points?,Houston wins the 1H by over 9.5 points,Houston wins the 1H by over 9.5 points,no,0,finalized,2026-04-07T05:35:00Z,2026-04-08T04:19:53Z,2026-04-08T06:00:00Z,,1775619000,expected_expiration-150m,1775619000,0.0,0.13,0.065,,47,5.00,5.00
KXNBA1HSPREAD-26APR07HOUPHX-HOU6,KXNBA1HSPREAD-26APR07HOUPHX,KXNBA1HSPREAD,spread,Will Houston win the 1H by over 6.5 points?,Houston wins the 1H by over 6.5 points,Houston wins the 1H by over 6.5 points,no,0,finalized,2026-04-07T05:35:00Z,2026-04-08T04:19:52Z,2026-04-08T06:00:00Z,,1775619000,expected_expiration-150m,1775619000,0.0,0.13,0.065,,50,111.00,111.00
KXNBA1HSPREAD-26APR07HOUPHX-HOU3,KXNBA1HSPREAD-26APR07HOUPHX,KXNBA1HSPREAD,spread,Will Houston win the 1H by over 3.5 points?,Houston wins the 1H by over 3.5 points,Houston wins the 1H by over 3.5 points,no,0,finalized,2026-04-07T05:35:00Z,2026-04-08T04:19:52Z,2026-04-08T06:00:00Z,,1775619000,expected_expiration-150m,1775618820,0.0,0.11,0.055,,82,20772.00,19280.00
KXNBA1HSPREAD-26APR07HOUPHX-HOU15,KXNBA1HSPREAD-26APR07HOUPHX,KXNBA1HSPREAD,spread,Will Houston win the 1H by over 15.5 points?,Houston wins the 1H by over 15.5 points,Houston wins the 1H by over 15.5 points,no,0,finalized,2026-04-07T05:35:00Z,2026-04-08T04:19:53Z,2026-04-08T06:00:00Z,,1775619000,expected_expiration-150m,1775619000,0.0,0.13,0.065,,92,3.00,3.00
KXNBA1HSPREAD-26APR07HOUPHX-HOU12,KXNBA1HSPREAD-26APR07HOUPHX,KXNBA1HSPREAD,spread,Will Houston win the 1H by over 12.5 points?,Houston wins the 1H by over 12.5 points,Houston wins the 1H by over 12.5 points,no,0,finalized,2026-04-07T05:35:00Z,2026-04-08T04:19:53Z,2026-04-08T06:00:00Z,,1775619000,expected_expiration-150m,1775619000,0.0,0.01,0.005,,93,492.00,492.00
KXNBA1HSPREAD-26APR07DALLAC-LAC9,KXNBA1HSPREAD-26APR07DALLAC,KXNBA1HSPREAD,spread,Will Los Angeles C win the 1H by over 9.5 points?,Los Angeles C wins the 1H by over 9.5 points,Los Angeles C wins the 1H by over 9.5 points,yes,1,finalized,2026-04-07T05:35:00Z,2026-04-08T03:40:01Z,2026-04-08T05:30:00Z,,1775617200,expected_expiration-150m,1775617200,0.57,0.99,0.78,,49,3673.00,2897.00
KXNBA1HSPREAD-26APR07DALLAC-LAC6,KXNBA1HSPREAD-26APR07DALLAC,KXNBA1HSPREAD,spread,Will Los Angeles C win the 1H by over 6.5 points?,Los Angeles C wins the 1H by over 6.5 points,Los Angeles C wins the 1H by over 6.5 points,yes,1,finalized,2026-04-07T05:35:00Z,2026-04-08T03:40:01Z,2026-04-08T05:30:00Z,,1775617200,expected_expiration-150m,1775617200,0.72,0.97,0.845,,73,22423.00,14942.00
KXNBA1HSPREAD-26APR07DALLAC-LAC3,KXNBA1HSPREAD-26APR07DALLAC,KXNBA1HSPREAD,spread,Will Los Angeles C win the 1H by over 3.5 points?,Los Angeles C wins the 1H by over 3.5 points,Los Angeles C wins the 1H by over 3.5 points,yes,1,finalized,2026-04-07T05:35:00Z,2026-04-08T03:40:00Z,2026-04-08T05:30:00Z,,1775617200,expected_expiration-150m,1775617200,0.68,0.99,0.835,,56,2970.00,1766.00
KXNBA1HSPREAD-26APR07DALLAC-DAL9,KXNBA1HSPREAD-26APR07DALLAC,KXNBA1HSPREAD,spread,Will Dallas win the 1H by over 9.5 points?,Dallas wins the 1H by over 9.5 points,Dallas wins the 1H by over 9.5 points,no,0,finalized,2026-04-07T05:35:00Z,2026-04-08T03:39:59Z,2026-04-08T05:30:00Z,,1775617200,expected_expiration-150m,1775617080,0.0,0.13,0.065,0.14,84,63.00,63.00
KXNBA1HSPREAD-26APR07DALLAC-DAL6,KXNBA1HSPREAD-26APR07DALLAC,KXNBA1HSPREAD,spread,Will Dallas win the 1H by over 6.5 points?,Dallas wins the 1H by over 6.5 points,Dallas wins the 1H by over 6.5 points,no,0,finalized,2026-04-07T05:35:00Z,2026-04-08T03:39:59Z,2026-04-08T05:30:00Z,,1775617200,expected_expiration-150m,1775616840,0.0,0.14,0.07,0.14,92,214.00,214.00
KXNBA1HSPREAD-26APR07DALLAC-DAL3,KXNBA1HSPREAD-26APR07DALLAC,KXNBA1HSPREAD,spread,Will Dallas win the 1H by over 3.5 points?,Dallas wins the 1H by over 3.5 points,Dallas wins the 1H by over 3.5 points,no,0,finalized,2026-04-07T05:35:00Z,2026-04-08T03:40:00Z,2026-04-08T05:30:00Z,,1775617200,expected_expiration-150m,1775617020,0.0,0.13,0.065,0.13,92,99.00,99.00
KXNBA1HSPREAD-26APR07DALLAC-DAL21,KXNBA1HSPREAD-26APR07DALLAC,KXNBA1HSPREAD,spread,Will Dallas win the 1H by over 21.5 points?,Dallas wins the 1H by over 21.5 points,Dallas wins the 1H by over 21.5 points,no,0,finalized,2026-04-07T05:35:00Z,2026-04-08T03:39:57Z,2026-04-08T05:30:00Z,,1775617200,expected_expiration-150m,1775617020,0.0,0.13,0.065,0.14,16,2.00,2.00
KXNBA1HSPREAD-26APR07DALLAC-DAL18,KXNBA1HSPREAD-26APR07DALLAC,KXNBA1HSPREAD,spread,Will Dallas win the 1H by over 18.5 points?,Dallas wins the 1H by over 18.5 points,Dallas wins the 1H by over 18.5 points,no,0,finalized,2026-04-07T05:35:00Z,2026-04-08T03:39:58Z,2026-04-08T05:30:00Z,,1775617200,expected_expiration-150m,1775617080,0.0,0.13,0.065,0.13,21,5.00,5.00
KXNBA1HSPREAD-26APR07DALLAC-DAL15,KXNBA1HSPREAD-26APR07DALLAC,KXNBA1HSPREAD,spread,Will Dallas win the 1H by over 15.5 points?,Dallas wins the 1H by over 15.5 points,Dallas wins the 1H by over 15.5 points,no,0,finalized,2026-04-07T05:35:00Z,2026-04-08T03:39:58Z,2026-04-08T05:30:00Z,,1775617200,expected_expiration-150m,1775617020,0.0,0.13,0.065,0.13,18,1.00,1.00
KXNBA1HSPREAD-26APR07DALLAC-DAL12,KXNBA1HSPREAD-26APR07DALLAC,KXNBA1HSPREAD,spread,Will Dallas win the 1H by over 12.5 points?,Dallas wins the 1H by over 12.5 points,Dallas wins the 1H by over 12.5 points,no,0,finalized,2026-04-07T05:35:00Z,2026-04-08T03:39:58Z,2026-04-08T05:30:00Z,,1775617200,expected_expiration-150m,1775617020,0.0,0.14,0.07,0.14,20,39.00,39.00
KXNBA1HSPREAD-26APR07OKCLAL-OKC6,KXNBA1HSPREAD-26APR07OKCLAL,KXNBA1HSPREAD,spread,Will Oklahoma City win the 1H by over 6.5 points?,Oklahoma City wins the 1H by over 6.5 points,Oklahoma City wins the 1H by over 6.5 points,yes,1,finalized,2026-04-07T05:35:00Z,2026-04-08T03:40:00Z,2026-04-08T05:30:00Z,,1775617200,expected_expiration-150m,1775617200,0.5,0.66,0.5800000000000001,,98,67282.00,40884.00
KXNBA1HSPREAD-26APR07OKCLAL-OKC3,KXNBA1HSPREAD-26APR07OKCLAL,KXNBA1HSPREAD,spread,Will Oklahoma City win the 1H by over 3.5 points?,Oklahoma City wins the 1H by over 3.5 points,Oklahoma City wins the 1H by over 3.5 points,yes,1,finalized,2026-04-07T05:35:00Z,2026-04-08T03:39:59Z,2026-04-08T05:30:00Z,,1775617200,expected_expiration-150m,1775617200,0.43,0.97,0.7,,62,3275.00,3085.00
KXNBA1HSPREAD-26APR07OKCLAL-LAL9,KXNBA1HSPREAD-26APR07OKCLAL,KXNBA1HSPREAD,spread,Will Los Angeles L win the 1H by over 9.5 points?,Los Angeles L wins the 1H by over 9.5 points,Los Angeles L wins the 1H by over 9.5 points,no,0,finalized,2026-04-07T05:35:00Z,2026-04-08T03:39:58Z,2026-04-08T05:30:00Z,,1775617200,expected_expiration-150m,1775617200,0.0,0.12,0.06,,28,484.00,484.00
KXNBA1HSPREAD-26APR07OKCLAL-LAL6,KXNBA1HSPREAD-26APR07OKCLAL,KXNBA1HSPREAD,spread,Will Los Angeles L win the 1H by over 6.5 points?,Los Angeles L wins the 1H by over 6.5 points,Los Angeles L wins the 1H by over 6.5 points,no,0,finalized,2026-04-07T05:35:00Z,2026-04-08T03:39:59Z,2026-04-08T05:30:00Z,,1775617200,expected_expiration-150m,1775617200,0.0,0.13,0.065,,91,487.00,487.00
KXNBA1HSPREAD-26APR07OKCLAL-LAL3,KXNBA1HSPREAD-26APR07OKCLAL,KXNBA1HSPREAD,spread,Will Los Angeles L win the 1H by over 3.5 points?,Los Angeles L wins the 1H by over 3.5 points,Los Angeles L wins the 1H by over 3.5 points,no,0,finalized,2026-04-07T05:35:00Z,2026-04-08T03:39:59Z,2026-04-08T05:30:00Z,,1775617200,expected_expiration-150m,1775617200,0.0,0.26,0.13,,96,564.00,564.00
KXNBA1HSPREAD-26APR07OKCLAL-LAL24,KXNBA1HSPREAD-26APR07OKCLAL,KXNBA1HSPREAD,spread,Will Los Angeles L win the 1H by over 24.5 points?,Los Angeles L wins the 1H by over 24.5 points,Los Angeles L wins the 1H by over 24.5 points,no,0,finalized,2026-04-07T05:35:00Z,2026-04-08T03:39:57Z,2026-04-08T05:30:00Z,,1775617200,expected_expiration-150m,1775617200,0.0,0.13,0.065,,28,15.00,15.00
KXNBA1HSPREAD-26APR07OKCLAL-LAL21,KXNBA1HSPREAD-26APR07OKCLAL,KXNBA1HSPREAD,spread,Will Los Angeles L win the 1H by over 21.5 points?,Los Angeles L wins the 1H by over 21.5 points,Los Angeles L wins the 1H by over 21.5 points,no,0,finalized,2026-04-07T05:35:00Z,2026-04-08T03:39:57Z,2026-04-08T05:30:00Z,,1775617200,expected_expiration-150m,1775617200,0.0,0.09,0.045,,29,0.00,0.00
KXNBA1HSPREAD-26APR07OKCLAL-LAL18,KXNBA1HSPREAD-26APR07OKCLAL,KXNBA1HSPREAD,spread,Will Los Angeles L win the 1H by over 18.5 points?,Los Angeles L wins the 1H by over 18.5 points,Los Angeles L wins the 1H by over 18.5 points,no,0,finalized,2026-04-07T05:35:00Z,2026-04-08T03:39:57Z,2026-04-08T05:30:00Z,,1775617200,expected_expiration-150m,1775617200,0.0,0.09,0.045,,29,0.00,0.00
KXNBA1HSPREAD-26APR07OKCLAL-LAL15,KXNBA1HSPREAD-26APR07OKCLAL,KXNBA1HSPREAD,spread,Will Los Angeles L win the 1H by over 15.5 points?,Los Angeles L wins the 1H by over 15.5 points,Los Angeles L wins the 1H by over 15.5 points,no,0,finalized,2026-04-07T05:35:00Z,2026-04-08T03:39:57Z,2026-04-08T05:30:00Z,,1775617200,expected_expiration-150m,1775617200,0.0,0.13,0.065,,27,783.00,783.00
KXNBA1HSPREAD-26APR07OKCLAL-LAL12,KXNBA1HSPREAD-26APR07OKCLAL,KXNBA1HSPREAD,spread,Will Los Angeles L win the 1H by over 12.5 points?,Los Angeles L wins the 1H by over 12.5 points,Los Angeles L wins the 1H by over 12.5 points,no,0,finalized,2026-04-07T05:35:00Z,2026-04-08T03:39:58Z,2026-04-08T05:30:00Z,,1775617200,expected_expiration-150m,1775617200,0.0,0.11,0.055,,30,33.00,33.00
KXNBA1HSPREAD-26APR07CHABOS-CHA9,KXNBA1HSPREAD-26APR07CHABOS,KXNBA1HSPREAD,spread,Will Charlotte win the 1H by over 9.5 points?,Charlotte wins the 1H by over 9.5 points,Charlotte wins the 1H by over 9.5 points,no,0,finalized,2026-04-07T05:35:00Z,2026-04-08T01:15:39Z,2026-04-08T03:00:00Z,,1775608200,expected_expiration-150m,1775608200,0.0,0.48,0.24,,52,1409.00,1050.00
KXNBA1HSPREAD-26APR07CHABOS-CHA6,KXNBA1HSPREAD-26APR07CHABOS,KXNBA1HSPREAD,spread,Will Charlotte win the 1H by over 6.5 points?,Charlotte wins the 1H by over 6.5 points,Charlotte wins the 1H by over 6.5 points,no,0,finalized,2026-04-07T05:35:00Z,2026-04-08T01:15:39Z,2026-04-08T03:00:00Z,,1775608200,expected_expiration-150m,1775608200,0.21,0.65,0.43,,48,5116.00,3624.00
KXNBA1HSPREAD-26APR07CHABOS-CHA3,KXNBA1HSPREAD-26APR07CHABOS,KXNBA1HSPREAD,spread,Will Charlotte win the 1H by over 3.5 points?,Charlotte wins the 1H by over 3.5 points,Charlotte wins the 1H by over 3.5 points,yes,1,finalized,2026-04-07T05:35:00Z,2026-04-08T01:15:39Z,2026-04-08T03:00:00Z,,1775608200,expected_expiration-150m,1775608200,0.43,0.54,0.485,0.43,57,14425.00,9505.00
KXNBA1HSPREAD-26APR07CHABOS-CHA18,KXNBA1HSPREAD-26APR07CHABOS,KXNBA1HSPREAD,spread,Will Charlotte win the 1H by over 18.5 points?,Charlotte wins the 1H by over 18.5 points,Charlotte wins the 1H by over 18.5 points,no,0,finalized,2026-04-07T05:35:00Z,2026-04-08T01:15:39Z,2026-04-08T03:00:00Z,,1775608200,expected_expiration-150m,1775607600,0.0,0.16,0.08,,27,0.00,0.00
KXNBA1HSPREAD-26APR07CHABOS-CHA15,KXNBA1HSPREAD-26APR07CHABOS,KXNBA1HSPREAD,spread,Will Charlotte win the 1H by over 15.5 points?,Charlotte wins the 1H by over 15.5 points,Charlotte wins the 1H by over 15.5 points,no,0,finalized,2026-04-07T05:35:00Z,2026-04-08T01:15:39Z,2026-04-08T03:00:00Z,,1775608200,expected_expiration-150m,1775607600,0.0,0.28,0.14,,29,0.00,0.00
KXNBA1HSPREAD-26APR07CHABOS-CHA12,KXNBA1HSPREAD-26APR07CHABOS,KXNBA1HSPREAD,spread,Will Charlotte win the 1H by over 12.5 points?,Charlotte wins the 1H by over 12.5 points,Charlotte wins the 1H by over 12.5 points,no,0,finalized,2026-04-07T05:35:00Z,2026-04-08T01:15:39Z,2026-04-08T03:00:00Z,,1775608200,expected_expiration-150m,1775608200,0.0,0.37,0.185,,40,0.00,0.00
KXNBA1HSPREAD-26APR07CHABOS-BOS9,KXNBA1HSPREAD-26APR07CHABOS,KXNBA1HSPREAD,spread,Will Boston win the 1H by over 9.5 points?,Boston wins the 1H by over 9.5 points,Boston wins the 1H by over 9.5 points,no,0,finalized,2026-04-07T05:35:00Z,2026-04-08T01:15:40Z,2026-04-08T03:00:00Z,,1775608200,expected_expiration-150m,1775608200,0.0,0.37,0.185,,57,165.00,165.00
KXNBA1HSPREAD-26APR07CHABOS-BOS6,KXNBA1HSPREAD-26APR07CHABOS,KXNBA1HSPREAD,spread,Will Boston win the 1H by over 6.5 points?,Boston wins the 1H by over 6.5 points,Boston wins the 1H by over 6.5 points,no,0,finalized,2026-04-07T05:35:00Z,2026-04-08T01:15:40Z,2026-04-08T03:00:00Z,,1775608200,expected_expiration-150m,1775608200,0.15,0.46,0.305,,64,2324.00,2321.00
KXNBA1HSPREAD-26APR07CHABOS-BOS3,KXNBA1HSPREAD-26APR07CHABOS,KXNBA1HSPREAD,spread,Will Boston win the 1H by over 3.5 points?,Boston wins the 1H by over 3.5 points,Boston wins the 1H by over 3.5 points,no,0,finalized,2026-04-07T05:35:00Z,2026-04-08T01:15:40Z,2026-04-08T03:00:00Z,,1775608200,expected_expiration-150m,1775608200,0.23,0.58,0.40499999999999997,0.21,95,32483.00,26471.00
KXNBA1HSPREAD-26APR07CHABOS-BOS12,KXNBA1HSPREAD-26APR07CHABOS,KXNBA1HSPREAD,spread,Will Boston win the 1H by over 12.5 points?,Boston wins the 1H by over 12.5 points,Boston wins the 1H by over 12.5 points,no,0,finalized,2026-04-07T05:35:00Z,2026-04-08T01:15:40Z,2026-04-08T03:00:00Z,,1775608200,expected_expiration-150m,1775608200,0.0,0.25,0.125,,37,0.00,0.00
KXNBA1HSPREAD-26APR07CHIWAS-WAS7,KXNBA1HSPREAD-26APR07CHIWAS,KXNBA1HSPREAD,spread,Will Washington win the 1H by over 7.5 points?,Washington wins the 1H by over 7.5 points,Washington wins the 1H by over 7.5 points,no,0,finalized,2026-04-07T04:35:00Z,2026-04-08T00:13:46Z,2026-04-08T02:00:00Z,,1775604600,expected_expiration-150m,1775604600,0.0,0.19,0.095,,34,0.00,0.00
KXNBA1HSPREAD-26APR07CHIWAS-WAS4,KXNBA1HSPREAD-26APR07CHIWAS,KXNBA1HSPREAD,spread,Will Washington win the 1H by over 4.5 points?,Washington wins the 1H by over 4.5 points,Washington wins the 1H by over 4.5 points,no,0,finalized,2026-04-07T04:35:00Z,2026-04-08T00:13:46Z,2026-04-08T02:00:00Z,,1775604600,expected_expiration-150m,1775604600,0.0,0.31,0.155,,39,0.00,0.00
KXNBA1HSPREAD-26APR07CHIWAS-WAS19,KXNBA1HSPREAD-26APR07CHIWAS,KXNBA1HSPREAD,spread,Will Washington win the 1H by over 19.5 points?,Washington wins the 1H by over 19.5 points,Washington wins the 1H by over 19.5 points,no,0,finalized,2026-04-07T04:35:00Z,2026-04-08T00:13:47Z,2026-04-08T02:00:00Z,,1775604600,expected_expiration-150m,1775604600,0.0,0.11,0.055,,32,0.00,0.00
KXNBA1HSPREAD-26APR07CHIWAS-WAS16,KXNBA1HSPREAD-26APR07CHIWAS,KXNBA1HSPREAD,spread,Will Washington win the 1H by over 16.5 points?,Washington wins the 1H by over 16.5 points,Washington wins the 1H by over 16.5 points,no,0,finalized,2026-04-07T04:35:00Z,2026-04-08T00:13:47Z,2026-04-08T02:00:00Z,,1775604600,expected_expiration-150m,1775604600,0.0,0.13,0.065,,32,0.00,0.00
KXNBA1HSPREAD-26APR07CHIWAS-WAS13,KXNBA1HSPREAD-26APR07CHIWAS,KXNBA1HSPREAD,spread,Will Washington win the 1H by over 13.5 points?,Washington wins the 1H by over 13.5 points,Washington wins the 1H by over 13.5 points,no,0,finalized,2026-04-07T04:35:00Z,2026-04-08T00:13:46Z,2026-04-08T02:00:00Z,,1775604600,expected_expiration-150m,1775604600,0.0,0.11,0.055,,33,0.00,0.00
KXNBA1HSPREAD-26APR07CHIWAS-WAS10,KXNBA1HSPREAD-26APR07CHIWAS,KXNBA1HSPREAD,spread,Will Washington win the 1H by over 10.5 points?,Washington wins the 1H by over 10.5 points,Washington wins the 1H by over 10.5 points,no,0,finalized,2026-04-07T04:35:00Z,2026-04-08T00:13:46Z,2026-04-08T02:00:00Z,,1775604600,expected_expiration-150m,1775604600,0.0,0.11,0.055,,33,0.00,0.00
KXNBA1HSPREAD-26APR07CHIWAS-WAS1,KXNBA1HSPREAD-26APR07CHIWAS,KXNBA1HSPREAD,spread,Will Washington win the 1H by over 1.5 points?,Washington wins the 1H by over 1.5 points,Washington wins the 1H by over 1.5 points,no,0,finalized,2026-04-07T04:35:00Z,2026-04-08T00:13:46Z,2026-04-08T02:00:00Z,,1775604600,expected_expiration-150m,1775604600,0.0,0.34,0.17,,61,786.00,782.00
KXNBA1HSPREAD-26APR07CHIWAS-CHI8,KXNBA1HSPREAD-26APR07CHIWAS,KXNBA1HSPREAD,spread,Will Chicago win the 1H by over 8.5 points?,Chicago wins the 1H by over 8.5 points,Chicago wins the 1H by over 8.5 points,yes,1,finalized,2026-04-07T04:35:00Z,2026-04-08T00:13:45Z,2026-04-08T02:00:00Z,,1775604600,expected_expiration-150m,1775604600,0.24,0.78,0.51,,63,317.00,316.00
KXNBA1HSPREAD-26APR07CHIWAS-CHI5,KXNBA1HSPREAD-26APR07CHIWAS,KXNBA1HSPREAD,spread,Will Chicago win the 1H by over 5.5 points?,Chicago wins the 1H by over 5.5 points,Chicago wins the 1H by over 5.5 points,yes,1,finalized,2026-04-07T04:35:00Z,2026-04-08T00:13:45Z,2026-04-08T02:00:00Z,,1775604600,expected_expiration-150m,1775604600,0.32,0.79,0.555,0.41,66,2461.00,1894.00
KXNBA1HSPREAD-26APR07CHIWAS-CHI2,KXNBA1HSPREAD-26APR07CHIWAS,KXNBA1HSPREAD,spread,Will Chicago win the 1H by over 2.5 points?,Chicago wins the 1H by over 2.5 points,Chicago wins the 1H by over 2.5 points,yes,1,finalized,2026-04-07T04:35:00Z,2026-04-08T00:13:45Z,2026-04-08T02:00:00Z,,1775604600,expected_expiration-150m,1775604600,0.83,0.93,0.88,0.81,94,14419.00,11445.00
KXNBA1HSPREAD-26APR07CHIWAS-CHI11,KXNBA1HSPREAD-26APR07CHIWAS,KXNBA1HSPREAD,spread,Will Chicago win the 1H by over 11.5 points?,Chicago wins the 1H by over 11.5 points,Chicago wins the 1H by over 11.5 points,yes,1,finalized,2026-04-07T04:35:00Z,2026-04-08T00:13:44Z,2026-04-08T02:00:00Z,,1775604600,expected_expiration-150m,1775604600,0.42,0.59,0.505,0.59,41,1752.00,1331.00
KXNBA1HSPREAD-26APR07UTANOP-UTA9,KXNBA1HSPREAD-26APR07UTANOP,KXNBA1HSPREAD,spread,Will Utah win the 1H by over 9.5 points?,Utah wins the 1H by over 9.5 points,Utah wins the 1H by over 9.5 points,no,0,finalized,2026-04-07T04:35:00Z,2026-04-08T01:01:41Z,2026-04-08T03:00:00Z,,1775608200,expected_expiration-150m,1775608200,0.0,0.49,0.245,,50,9.00,9.00
KXNBA1HSPREAD-26APR07UTANOP-UTA6,KXNBA1HSPREAD-26APR07UTANOP,KXNBA1HSPREAD,spread,Will Utah win the 1H by over 6.5 points?,Utah wins the 1H by over 6.5 points,Utah wins the 1H by over 6.5 points,yes,1,finalized,2026-04-07T04:35:00Z,2026-04-08T01:01:41Z,2026-04-08T03:00:00Z,,1775608200,expected_expiration-150m,1775608200,0.0,0.66,0.33,,50,1020.00,815.00
KXNBA1HSPREAD-26APR07UTANOP-UTA3,KXNBA1HSPREAD-26APR07UTANOP,KXNBA1HSPREAD,spread,Will Utah win the 1H by over 3.5 points?,Utah wins the 1H by over 3.5 points,Utah wins the 1H by over 3.5 points,yes,1,finalized,2026-04-07T04:35:00Z,2026-04-08T01:01:41Z,2026-04-08T03:00:00Z,,1775608200,expected_expiration-150m,1775608200,0.03,0.62,0.325,,54,628.00,553.00
KXNBA1HSPREAD-26APR07UTANOP-UTA21,KXNBA1HSPREAD-26APR07UTANOP,KXNBA1HSPREAD,spread,Will Utah win the 1H by over 21.5 points?,Utah wins the 1H by over 21.5 points,Utah wins the 1H by over 21.5 points,no,0,finalized,2026-04-07T04:35:00Z,2026-04-08T01:01:40Z,2026-04-08T03:00:00Z,,1775608200,expected_expiration-150m,1775608200,0.0,0.13,0.065,,23,0.00,0.00
KXNBA1HSPREAD-26APR07UTANOP-UTA18,KXNBA1HSPREAD-26APR07UTANOP,KXNBA1HSPREAD,spread,Will Utah win the 1H by over 18.5 points?,Utah wins the 1H by over 18.5 points,Utah wins the 1H by over 18.5 points,no,0,finalized,2026-04-07T04:35:00Z,2026-04-08T01:01:40Z,2026-04-08T03:00:00Z,,1775608200,expected_expiration-150m,1775608200,0.0,0.21,0.105,,33,0.00,0.00
KXNBA1HSPREAD-26APR07UTANOP-UTA15,KXNBA1HSPREAD-26APR07UTANOP,KXNBA1HSPREAD,spread,Will Utah win the 1H by over 15.5 points?,Utah wins the 1H by over 15.5 points,Utah wins the 1H by over 15.5 points,no,0,finalized,2026-04-07T04:35:00Z,2026-04-08T01:01:40Z,2026-04-08T03:00:00Z,,1775608200,expected_expiration-150m,1775608200,0.0,0.29,0.145,,34,0.00,0.00
KXNBA1HSPREAD-26APR07UTANOP-UTA12,KXNBA1HSPREAD-26APR07UTANOP,KXNBA1HSPREAD,spread,Will Utah win the 1H by over 12.5 points?,Utah wins the 1H by over 12.5 points,Utah wins the 1H by over 12.5 points,no,0,finalized,2026-04-07T04:35:00Z,2026-04-08T01:01:40Z,2026-04-08T03:00:00Z,,1775608200,expected_expiration-150m,1775608200,0.0,0.42,0.21,,40,0.00,0.00
KXNBA1HSPREAD-26APR07UTANOP-NOP9,KXNBA1HSPREAD-26APR07UTANOP,KXNBA1HSPREAD,spread,Will New Orleans win the 1H by over 9.5 points?,New Orleans wins the 1H by over 9.5 points,New Orleans wins the 1H by over 9.5 points,no,0,finalized,2026-04-07T04:35:00Z,2026-04-08T01:01:41Z,2026-04-08T03:00:00Z,,1775608200,expected_expiration-150m,1775608200,0.0,0.58,0.29,,61,4.00,4.00
KXNBA1HSPREAD-26APR07UTANOP-NOP6,KXNBA1HSPREAD-26APR07UTANOP,KXNBA1HSPREAD,spread,Will New Orleans win the 1H by over 6.5 points?,New Orleans wins the 1H by over 6.5 points,New Orleans wins the 1H by over 6.5 points,no,0,finalized,2026-04-07T04:35:00Z,2026-04-08T01:01:41Z,2026-04-08T03:00:00Z,,1775608200,expected_expiration-150m,1775608200,0.35,0.63,0.49,0.38,68,13348.00,13015.00
KXNBA1HSPREAD-26APR07UTANOP-NOP3,KXNBA1HSPREAD-26APR07UTANOP,KXNBA1HSPREAD,spread,Will New Orleans win the 1H by over 3.5 points?,New Orleans wins the 1H by over 3.5 points,New Orleans wins the 1H by over 3.5 points,no,0,finalized,2026-04-07T04:35:00Z,2026-04-08T01:01:41Z,2026-04-08T03:00:00Z,,1775608200,expected_expiration-150m,1775608200,0.45,0.74,0.595,,65,598.00,402.00
KXNBA1HSPREAD-26APR07MININD-MIN8,KXNBA1HSPREAD-26APR07MININD,KXNBA1HSPREAD,spread,Will Minnesota win the 1H by over 8.5 points?,Minnesota wins the 1H by over 8.5 points,Minnesota wins the 1H by over 8.5 points,yes,1,finalized,2026-04-07T04:35:00Z,2026-04-08T00:07:48Z,2026-04-08T02:00:00Z,,1775604600,expected_expiration-150m,1775604600,0.69,0.84,0.7649999999999999,0.84,85,19075.00,9504.00
KXNBA1HSPREAD-26APR07MININD-MIN5,KXNBA1HSPREAD-26APR07MININD,KXNBA1HSPREAD,spread,Will Minnesota win the 1H by over 5.5 points?,Minnesota wins the 1H by over 5.5 points,Minnesota wins the 1H by over 5.5 points,yes,1,finalized,2026-04-07T04:35:00Z,2026-04-08T00:07:48Z,2026-04-08T02:00:00Z,,1775604600,expected_expiration-150m,1775604600,0.91,0.96,0.935,,69,34104.00,20989.00
KXNBA1HSPREAD-26APR07MININD-MIN2,KXNBA1HSPREAD-26APR07MININD,KXNBA1HSPREAD,spread,Will Minnesota win the 1H by over 2.5 points?,Minnesota wins the 1H by over 2.5 points,Minnesota wins the 1H by over 2.5 points,yes,1,finalized,2026-04-07T04:35:00Z,2026-04-08T00:07:47Z,2026-04-08T02:00:00Z,,1775604600,expected_expiration-150m,1775604600,0.62,1.0,0.81,,58,736.00,731.00
KXNBA1HSPREAD-26APR07MININD-IND7,KXNBA1HSPREAD-26APR07MININD,KXNBA1HSPREAD,spread,Will Indiana win the 1H by over 7.5 points?,Indiana wins the 1H by over 7.5 points,Indiana wins the 1H by over 7.5 points,no,0,finalized,2026-04-07T04:35:00Z,2026-04-08T00:07:47Z,2026-04-08T02:00:00Z,,1775604600,expected_expiration-150m,1775604600,0.0,0.13,0.065,,36,0.00,0.00
KXNBA1HSPREAD-26APR07MININD-IND4,KXNBA1HSPREAD-26APR07MININD,KXNBA1HSPREAD,spread,Will Indiana win the 1H by over 4.5 points?,Indiana wins the 1H by over 4.5 points,Indiana wins the 1H by over 4.5 points,no,0,finalized,2026-04-07T04:35:00Z,2026-04-08T00:07:47Z,2026-04-08T02:00:00Z,,1775604600,expected_expiration-150m,1775604600,0.0,0.13,0.065,,35,0.00,0.00
KXNBA1HSPREAD-26APR07MININD-IND22,KXNBA1HSPREAD-26APR07MININD,KXNBA1HSPREAD,spread,Will Indiana win the 1H by over 22.5 points?,Indiana wins the 1H by over 22.5 points,Indiana wins the 1H by over 22.5 points,no,0,finalized,2026-04-07T04:35:00Z,2026-04-08T00:07:45Z,2026-04-08T02:00:00Z,,1775604600,expected_expiration-150m,1775604600,0.0,0.12,0.06,,35,0.00,0.00
KXNBA1HSPREAD-26APR07MININD-IND19,KXNBA1HSPREAD-26APR07MININD,KXNBA1HSPREAD,spread,Will Indiana win the 1H by over 19.5 points?,Indiana wins the 1H by over 19.5 points,Indiana wins the 1H by over 19.5 points,no,0,finalized,2026-04-07T04:35:00Z,2026-04-08T00:07:46Z,2026-04-08T02:00:00Z,,1775604600,expected_expiration-150m,1775604600,0.0,0.11,0.055,,33,0.00,0.00
KXNBA1HSPREAD-26APR07MININD-IND16,KXNBA1HSPREAD-26APR07MININD,KXNBA1HSPREAD,spread,Will Indiana win the 1H by over 16.5 points?,Indiana wins the 1H by over 16.5 points,Indiana wins the 1H by over 16.5 points,no,0,finalized,2026-04-07T04:35:00Z,2026-04-08T00:07:46Z,2026-04-08T02:00:00Z,,1775604600,expected_expiration-150m,1775604600,0.0,0.13,0.065,,33,0.00,0.00
KXNBA1HSPREAD-26APR07MININD-IND13,KXNBA1HSPREAD-26APR07MININD,KXNBA1HSPREAD,spread,Will Indiana win the 1H by over 13.5 points?,Indiana wins the 1H by over 13.5 points,Indiana wins the 1H by over 13.5 points,no,0,finalized,2026-04-07T04:35:00Z,2026-04-08T00:07:47Z,2026-04-08T02:00:00Z,,1775604600,expected_expiration-150m,1775604600,0.0,0.13,0.065,,34,0.00,0.00
KXNBA1HSPREAD-26APR07MININD-IND10,KXNBA1HSPREAD-26APR07MININD,KXNBA1HSPREAD,spread,Will Indiana win the 1H by over 10.5 points?,Indiana wins the 1H by over 10.5 points,Indiana wins the 1H by over 10.5 points,no,0,finalized,2026-04-07T04:35:00Z,2026-04-08T00:07:47Z,2026-04-08T02:00:00Z,,1775604600,expected_expiration-150m,1775604600,0.0,0.13,0.065,,35,0.00,0.00
KXNBA1HSPREAD-26APR07MININD-IND1,KXNBA1HSPREAD-26APR07MININD,KXNBA1HSPREAD,spread,Will Indiana win the 1H by over 1.5 points?,Indiana wins the 1H by over 1.5 points,Indiana wins the 1H by over 1.5 points,no,0,finalized,2026-04-07T04:35:00Z,2026-04-08T00:07:47Z,2026-04-08T02:00:00Z,,1775604600,expected_expiration-150m,1775604600,0.0,0.2,0.1,,38,30.00,30.00
KXNBA1HSPREAD-26APR07MILBKN-MIL9,KXNBA1HSPREAD-26APR07MILBKN,KXNBA1HSPREAD,spread,Will Milwaukee win the 1H by over 9.5 points?,Milwaukee wins the 1H by over 9.5 points,Milwaukee wins the 1H by over 9.5 points,no,0,finalized,2026-04-07T04:35:00Z,2026-04-08T00:35:51Z,2026-04-08T02:30:00Z,,1775606400,expected_expiration-150m,1775606400,0.05,0.74,0.395,,38,0.00,0.00
KXNBA1HSPREAD-26APR07MILBKN-MIL6,KXNBA1HSPREAD-26APR07MILBKN,KXNBA1HSPREAD,spread,Will Milwaukee win the 1H by over 6.5 points?,Milwaukee wins the 1H by over 6.5 points,Milwaukee wins the 1H by over 6.5 points,no,0,finalized,2026-04-07T04:35:00Z,2026-04-08T00:35:50Z,2026-04-08T02:30:00Z,,1775606400,expected_expiration-150m,1775606400,0.32,0.64,0.48,,63,992.00,983.00
KXNBA1HSPREAD-26APR07MILBKN-MIL3,KXNBA1HSPREAD-26APR07MILBKN,KXNBA1HSPREAD,spread,Will Milwaukee win the 1H by over 3.5 points?,Milwaukee wins the 1H by over 3.5 points,Milwaukee wins the 1H by over 3.5 points,no,0,finalized,2026-04-07T04:35:00Z,2026-04-08T00:35:50Z,2026-04-08T02:30:00Z,,1775606400,expected_expiration-150m,1775606400,0.48,0.67,0.575,,69,6279.00,5594.00
KXNBA1HSPREAD-26APR07MILBKN-MIL15,KXNBA1HSPREAD-26APR07MILBKN,KXNBA1HSPREAD,spread,Will Milwaukee win the 1H by over 15.5 points?,Milwaukee wins the 1H by over 15.5 points,Milwaukee wins the 1H by over 15.5 points,no,0,finalized,2026-04-07T04:35:00Z,2026-04-08T00:35:51Z,2026-04-08T02:30:00Z,,1775606400,expected_expiration-150m,1775606280,0.0,0.53,0.265,,32,0.00,0.00
KXNBA1HSPREAD-26APR07MILBKN-MIL12,KXNBA1HSPREAD-26APR07MILBKN,KXNBA1HSPREAD,spread,Will Milwaukee win the 1H by over 12.5 points?,Milwaukee wins the 1H by over 12.5 points,Milwaukee wins the 1H by over 12.5 points,no,0,finalized,2026-04-07T04:35:00Z,2026-04-08T00:35:51Z,2026-04-08T02:30:00Z,,1775606400,expected_expiration-150m,1775606280,0.0,0.7,0.35,,32,0.00,0.00
KXNBA1HSPREAD-26APR07MILBKN-BKN9,KXNBA1HSPREAD-26APR07MILBKN,KXNBA1HSPREAD,spread,Will Brooklyn win the 1H by over 9.5 points?,Brooklyn wins the 1H by over 9.5 points,Brooklyn wins the 1H by over 9.5 points,no,0,finalized,2026-04-07T04:35:00Z,2026-04-08T00:35:50Z,2026-04-08T02:30:00Z,,1775606400,expected_expiration-150m,1775606280,0.0,0.36,0.18,,33,0.00,0.00
KXNBA1HSPREAD-26APR07MILBKN-BKN6,KXNBA1HSPREAD-26APR07MILBKN,KXNBA1HSPREAD,spread,Will Brooklyn win the 1H by over 6.5 points?,Brooklyn wins the 1H by over 6.5 points,Brooklyn wins the 1H by over 6.5 points,no,0,finalized,2026-04-07T04:35:00Z,2026-04-08T00:35:50Z,2026-04-08T02:30:00Z,,1775606400,expected_expiration-150m,1775606280,0.0,0.45,0.225,,41,2912.00,2874.00
KXNBA1HSPREAD-26APR07MILBKN-BKN3,KXNBA1HSPREAD-26APR07MILBKN,KXNBA1HSPREAD,spread,Will Brooklyn win the 1H by over 3.5 points?,Brooklyn wins the 1H by over 3.5 points,Brooklyn wins the 1H by over 3.5 points,yes,1,finalized,2026-04-07T04:35:00Z,2026-04-08T00:35:50Z,2026-04-08T02:30:00Z,,1775606400,expected_expiration-150m,1775606280,0.0,0.53,0.265,,68,5515.00,4724.00
KXNBA1HSPREAD-26APR07MILBKN-BKN15,KXNBA1HSPREAD-26APR07MILBKN,KXNBA1HSPREAD,spread,Will Brooklyn win the 1H by over 15.5 points?,Brooklyn wins the 1H by over 15.5 points,Brooklyn wins the 1H by over 15.5 points,no,0,finalized,2026-04-07T04:35:00Z,2026-04-08T00:35:49Z,2026-04-08T02:30:00Z,,1775606400,expected_expiration-150m,1775606280,0.0,0.12,0.06,,27,0.00,0.00
KXNBA1HSPREAD-26APR07MILBKN-BKN12,KXNBA1HSPREAD-26APR07MILBKN,KXNBA1HSPREAD,spread,Will Brooklyn win the 1H by over 12.5 points?,Brooklyn wins the 1H by over 12.5 points,Brooklyn wins the 1H by over 12.5 points,no,0,finalized,2026-04-07T04:35:00Z,2026-04-08T00:35:49Z,2026-04-08T02:30:00Z,,1775606400,expected_expiration-150m,1775606280,0.0,0.25,0.125,,29,0.00,0.00
KXNBA1HSPREAD-26APR07MIATOR-TOR9,KXNBA1HSPREAD-26APR07MIATOR,KXNBA1HSPREAD,spread,Will Toronto win the 1H by over 9.5 points?,Toronto wins the 1H by over 9.5 points,Toronto wins the 1H by over 9.5 points,yes,1,finalized,2026-04-07T04:35:00Z,2026-04-08T00:57:37Z,2026-04-08T02:30:00Z,,1775606400,expected_expiration-150m,1775606280,0.0,0.58,0.29,,41,2734.00,358.00
KXNBA1HSPREAD-26APR07MIATOR-TOR6,KXNBA1HSPREAD-26APR07MIATOR,KXNBA1HSPREAD,spread,Will Toronto win the 1H by over 6.5 points?,Toronto wins the 1H by over 6.5 points,Toronto wins the 1H by over 6.5 points,yes,1,finalized,2026-04-07T04:35:00Z,2026-04-08T00:57:37Z,2026-04-08T02:30:00Z,,1775606400,expected_expiration-150m,1775606400,0.02,0.67,0.34500000000000003,,58,409.00,378.00
KXNBA1HSPREAD-26APR07MIATOR-TOR3,KXNBA1HSPREAD-26APR07MIATOR,KXNBA1HSPREAD,spread,Will Toronto win the 1H by over 3.5 points?,Toronto wins the 1H by over 3.5 points,Toronto wins the 1H by over 3.5 points,yes,1,finalized,2026-04-07T04:35:00Z,2026-04-08T00:57:37Z,2026-04-08T02:30:00Z,,1775606400,expected_expiration-150m,1775606400,0.27,0.49,0.38,0.51,80,7099.00,4268.00
KXNBA1HSPREAD-26APR07MIATOR-TOR15,KXNBA1HSPREAD-26APR07MIATOR,KXNBA1HSPREAD,spread,Will Toronto win the 1H by over 15.5 points?,Toronto wins the 1H by over 15.5 points,Toronto wins the 1H by over 15.5 points,no,0,finalized,2026-04-07T04:35:00Z,2026-04-08T00:57:37Z,2026-04-08T02:30:00Z,,1775606400,expected_expiration-150m,1775606280,0.0,0.34,0.17,,37,491.00,491.00
KXNBA1HSPREAD-26APR07MIATOR-TOR12,KXNBA1HSPREAD-26APR07MIATOR,KXNBA1HSPREAD,spread,Will Toronto win the 1H by over 12.5 points?,Toronto wins the 1H by over 12.5 points,Toronto wins the 1H by over 12.5 points,yes,1,finalized,2026-04-07T04:35:00Z,2026-04-08T00:57:37Z,2026-04-08T02:30:00Z,,1775606400,expected_expiration-150m,1775606280,0.0,0.47,0.235,,36,879.00,817.00
KXNBA1HSPREAD-26APR07MIATOR-MIA9,KXNBA1HSPREAD-26APR07MIATOR,KXNBA1HSPREAD,spread,Will Miami win the 1H by over 9.5 points?,Miami wins the 1H by over 9.5 points,Miami wins the 1H by over 9.5 points,no,0,finalized,2026-04-07T04:35:00Z,2026-04-08T00:57:36Z,2026-04-08T02:30:00Z,,1775606400,expected_expiration-150m,1775606280,0.0,0.49,0.245,,40,1.00,1.00
KXNBA1HSPREAD-26APR07MIATOR-MIA6,KXNBA1HSPREAD-26APR07MIATOR,KXNBA1HSPREAD,spread,Will Miami win the 1H by over 6.5 points?,Miami wins the 1H by over 6.5 points,Miami wins the 1H by over 6.5 points,no,0,finalized,2026-04-07T04:35:00Z,2026-04-08T00:57:36Z,2026-04-08T02:30:00Z,,1775606400,expected_expiration-150m,1775606280,0.0,0.66,0.33,,64,1662.00,1662.00
KXNBA1HSPREAD-26APR07MIATOR-MIA3,KXNBA1HSPREAD-26APR07MIATOR,KXNBA1HSPREAD,spread,Will Miami win the 1H by over 3.5 points?,Miami wins the 1H by over 3.5 points,Miami wins the 1H by over 3.5 points,no,0,finalized,2026-04-07T04:35:00Z,2026-04-08T00:57:36Z,2026-04-08T02:30:00Z,,1775606400,expected_expiration-150m,1775606400,0.35,0.47,0.41,0.47,65,2686.00,1534.00
KXNBA1HSPREAD-26APR07MIATOR-MIA15,KXNBA1HSPREAD-26APR07MIATOR,KXNBA1HSPREAD,spread,Will Miami win the 1H by over 15.5 points?,Miami wins the 1H by over 15.5 points,Miami wins the 1H by over 15.5 points,no,0,finalized,2026-04-07T04:35:00Z,2026-04-08T00:57:36Z,2026-04-08T02:30:00Z,,1775606400,expected_expiration-150m,1775606340,0.0,0.29,0.145,,36,0.00,0.00
KXNBA1HSPREAD-26APR07MIATOR-MIA12,KXNBA1HSPREAD-26APR07MIATOR,KXNBA1HSPREAD,spread,Will Miami win the 1H by over 12.5 points?,Miami wins the 1H by over 12.5 points,Miami wins the 1H by over 12.5 points,no,0,finalized,2026-04-07T04:35:00Z,2026-04-08T00:57:36Z,2026-04-08T02:30:00Z,,1775606400,expected_expiration-150m,1775606280,0.0,0.41,0.205,,35,0.00,0.00
KXNBA1HSPREAD-26APR07SACGSW-SAC7,KXNBA1HSPREAD-26APR07SACGSW,KXNBA1HSPREAD,spread,Will Sacramento win the 1H by over 7.5 points?,Sacramento wins the 1H by over 7.5 points,Sacramento wins the 1H by over 7.5 points,no,0,finalized,2026-04-07T03:35:00Z,2026-04-08T03:05:33Z,2026-04-08T05:00:00Z,,1775615400,expected_expiration-150m,1775615400,0.0,0.34,0.17,,101,1059.00,1059.00
KXNBA1HSPREAD-26APR07SACGSW-SAC4,KXNBA1HSPREAD-26APR07SACGSW,KXNBA1HSPREAD,spread,Will Sacramento win the 1H by over 4.5 points?,Sacramento wins the 1H by over 4.5 points,Sacramento wins the 1H by over 4.5 points,no,0,finalized,2026-04-07T03:35:00Z,2026-04-08T03:05:33Z,2026-04-08T05:00:00Z,,1775615400,expected_expiration-150m,1775615400,0.0,0.26,0.13,,100,20.00,20.00
KXNBA1HSPREAD-26APR07SACGSW-SAC25,KXNBA1HSPREAD-26APR07SACGSW,KXNBA1HSPREAD,spread,Will Sacramento win the 1H by over 25.5 points?,Sacramento wins the 1H by over 25.5 points,Sacramento wins the 1H by over 25.5 points,no,0,finalized,2026-04-07T03:35:00Z,2026-04-08T03:05:34Z,2026-04-08T05:00:00Z,,1775615400,expected_expiration-150m,1775615280,0.0,0.08,0.04,,40,0.00,0.00
KXNBA1HSPREAD-26APR07SACGSW-SAC22,KXNBA1HSPREAD-26APR07SACGSW,KXNBA1HSPREAD,spread,Will Sacramento win the 1H by over 22.5 points?,Sacramento wins the 1H by over 22.5 points,Sacramento wins the 1H by over 22.5 points,no,0,finalized,2026-04-07T03:35:00Z,2026-04-08T03:05:34Z,2026-04-08T05:00:00Z,,1775615400,expected_expiration-150m,1775615280,0.0,0.09,0.045,,38,0.00,0.00
KXNBA1HSPREAD-26APR07SACGSW-SAC19,KXNBA1HSPREAD-26APR07SACGSW,KXNBA1HSPREAD,spread,Will Sacramento win the 1H by over 19.5 points?,Sacramento wins the 1H by over 19.5 points,Sacramento wins the 1H by over 19.5 points,no,0,finalized,2026-04-07T03:35:00Z,2026-04-08T03:05:34Z,2026-04-08T05:00:00Z,,1775615400,expected_expiration-150m,1775615340,0.0,0.11,0.055,,42,1.00,1.00
KXNBA1HSPREAD-26APR07SACGSW-SAC16,KXNBA1HSPREAD-26APR07SACGSW,KXNBA1HSPREAD,spread,Will Sacramento win the 1H by over 16.5 points?,Sacramento wins the 1H by over 16.5 points,Sacramento wins the 1H by over 16.5 points,no,0,finalized,2026-04-07T03:35:00Z,2026-04-08T03:05:34Z,2026-04-08T05:00:00Z,,1775615400,expected_expiration-150m,1775615280,0.0,0.1,0.05,,41,2.00,2.00
KXNBA1HSPREAD-26APR07SACGSW-SAC13,KXNBA1HSPREAD-26APR07SACGSW,KXNBA1HSPREAD,spread,Will Sacramento win the 1H by over 13.5 points?,Sacramento wins the 1H by over 13.5 points,Sacramento wins the 1H by over 13.5 points,no,0,finalized,2026-04-07T03:35:00Z,2026-04-08T03:05:34Z,2026-04-08T05:00:00Z,,1775615400,expected_expiration-150m,1775615340,0.0,0.13,0.065,,42,2.00,2.00
KXNBA1HSPREAD-26APR07SACGSW-SAC10,KXNBA1HSPREAD-26APR07SACGSW,KXNBA1HSPREAD,spread,Will Sacramento win the 1H by over 10.5 points?,Sacramento wins the 1H by over 10.5 points,Sacramento wins the 1H by over 10.5 points,no,0,finalized,2026-04-07T03:35:00Z,2026-04-08T03:05:34Z,2026-04-08T05:00:00Z,,1775615400,expected_expiration-150m,1775615340,0.0,0.23,0.115,,44,767.00,767.00
KXNBA1HSPREAD-26APR07SACGSW-SAC1,KXNBA1HSPREAD-26APR07SACGSW,KXNBA1HSPREAD,spread,Will Sacramento win the 1H by over 1.5 points?,Sacramento wins the 1H by over 1.5 points,Sacramento wins the 1H by over 1.5 points,no,0,finalized,2026-04-07T03:35:00Z,2026-04-08T03:05:33Z,2026-04-08T05:00:00Z,,1775615400,expected_expiration-150m,1775615400,0.0,0.39,0.195,,103,564.00,536.00
KXNBA1HSPREAD-26APR07SACGSW-GSW5,KXNBA1HSPREAD-26APR07SACGSW,KXNBA1HSPREAD,spread,Will Golden State win the 1H by over 5.5 points?,Golden State wins the 1H by over 5.5 points,Golden State wins the 1H by over 5.5 points,yes,1,finalized,2026-04-07T03:35:00Z,2026-04-08T03:05:33Z,2026-04-08T05:00:00Z,,1775615400,expected_expiration-150m,1775615400,0.68,0.69,0.685,0.62,93,52509.00,26020.00
KXNBA1HSPREAD-26APR07SACGSW-GSW2,KXNBA1HSPREAD-26APR07SACGSW,KXNBA1HSPREAD,spread,Will Golden State win the 1H by over 2.5 points?,Golden State wins the 1H by over 2.5 points,Golden State wins the 1H by over 2.5 points,yes,1,finalized,2026-04-07T03:35:00Z,2026-04-08T03:05:33Z,2026-04-08T05:00:00Z,,1775615400,expected_expiration-150m,1775615400,0.78,0.86,0.8200000000000001,,68,4681.00,2426.00
KXNBA1HSPREAD-26APR06DETORL-ORL8,KXNBA1HSPREAD-26APR06DETORL,KXNBA1HSPREAD,spread,Will Orlando win the 1H by over 8.5 points?,Orlando wins the 1H by over 8.5 points,Orlando wins the 1H by over 8.5 points,yes,1,finalized,2026-04-06T05:35:00Z,2026-04-07T00:20:37Z,2026-04-07T02:00:00Z,,1775518200,expected_expiration-150m,1775518200,0.44,0.5,0.47,0.53,37,4319.00,2254.00
KXNBA1HSPREAD-26APR06DETORL-ORL5,KXNBA1HSPREAD-26APR06DETORL,KXNBA1HSPREAD,spread,Will Orlando win the 1H by over 5.5 points?,Orlando wins the 1H by over 5.5 points,Orlando wins the 1H by over 5.5 points,yes,1,finalized,2026-04-06T05:35:00Z,2026-04-07T00:20:37Z,2026-04-07T02:00:00Z,,1775518200,expected_expiration-150m,1775518200,0.45,0.61,0.53,0.54,59,1966.00,1179.00
KXNBA1HSPREAD-26APR06DETORL-ORL2,KXNBA1HSPREAD-26APR06DETORL,KXNBA1HSPREAD,spread,Will Orlando win the 1H by over 2.5 points?,Orlando wins the 1H by over 2.5 points,Orlando wins the 1H by over 2.5 points,yes,1,finalized,2026-04-06T05:35:00Z,2026-04-07T00:20:36Z,2026-04-07T02:00:00Z,,1775518200,expected_expiration-150m,1775518200,0.47,0.67,0.5700000000000001,,62,16984.00,9355.00
KXNBA1HSPREAD-26APR06DETORL-ORL17,KXNBA1HSPREAD-26APR06DETORL,KXNBA1HSPREAD,spread,Will Orlando win the 1H by over 17.5 points?,Orlando wins the 1H by over 17.5 points,Orlando wins the 1H by over 17.5 points,no,0,finalized,2026-04-06T05:35:00Z,2026-04-07T00:20:39Z,2026-04-07T02:00:00Z,,1775518200,expected_expiration-150m,1775518020,0.0,0.44,0.22,,24,0.00,0.00
KXNBA1HSPREAD-26APR06DETORL-ORL14,KXNBA1HSPREAD-26APR06DETORL,KXNBA1HSPREAD,spread,Will Orlando win the 1H by over 14.5 points?,Orlando wins the 1H by over 14.5 points,Orlando wins the 1H by over 14.5 points,no,0,finalized,2026-04-06T05:35:00Z,2026-04-07T00:20:38Z,2026-04-07T02:00:00Z,,1775518200,expected_expiration-150m,1775518020,0.0,0.58,0.29,,27,1000.00,1000.00
KXNBA1HSPREAD-26APR06DETORL-ORL11,KXNBA1HSPREAD-26APR06DETORL,KXNBA1HSPREAD,spread,Will Orlando win the 1H by over 11.5 points?,Orlando wins the 1H by over 11.5 points,Orlando wins the 1H by over 11.5 points,yes,1,finalized,2026-04-06T05:35:00Z,2026-04-07T00:20:38Z,2026-04-07T02:00:00Z,,1775518200,expected_expiration-150m,1775518200,0.02,0.69,0.355,,26,231.00,231.00
KXNBA1HSPREAD-26APR06DETORL-DET7,KXNBA1HSPREAD-26APR06DETORL,KXNBA1HSPREAD,spread,Will Detroit win the 1H by over 7.5 points?,Detroit wins the 1H by over 7.5 points,Detroit wins the 1H by over 7.5 points,no,0,finalized,2026-04-06T05:35:00Z,2026-04-07T00:20:35Z,2026-04-07T02:00:00Z,,1775518200,expected_expiration-150m,1775518020,0.0,0.37,0.185,,41,8.00,8.00
KXNBA1HSPREAD-26APR06DETORL-DET4,KXNBA1HSPREAD-26APR06DETORL,KXNBA1HSPREAD,spread,Will Detroit win the 1H by over 4.5 points?,Detroit wins the 1H by over 4.5 points,Detroit wins the 1H by over 4.5 points,no,0,finalized,2026-04-06T05:35:00Z,2026-04-07T00:20:35Z,2026-04-07T02:00:00Z,,1775518200,expected_expiration-150m,1775518020,0.0,0.44,0.22,,57,66.00,59.00
KXNBA1HSPREAD-26APR06DETORL-DET13,KXNBA1HSPREAD-26APR06DETORL,KXNBA1HSPREAD,spread,Will Detroit win the 1H by over 13.5 points?,Detroit wins the 1H by over 13.5 points,Detroit wins the 1H by over 13.5 points,no,0,finalized,2026-04-06T05:35:00Z,2026-04-07T00:20:33Z,2026-04-07T02:00:00Z,,1775518200,expected_expiration-150m,1775518020,0.0,0.18,0.09,,28,0.00,0.00
KXNBA1HSPREAD-26APR06DETORL-DET10,KXNBA1HSPREAD-26APR06DETORL,KXNBA1HSPREAD,spread,Will Detroit win the 1H by over 10.5 points?,Detroit wins the 1H by over 10.5 points,Detroit wins the 1H by over 10.5 points,no,0,finalized,2026-04-06T05:35:00Z,2026-04-07T00:20:34Z,2026-04-07T02:00:00Z,,1775518200,expected_expiration-150m,1775518020,0.0,0.28,0.14,,32,0.00,0.00
KXNBA1HSPREAD-26APR06DETORL-DET1,KXNBA1HSPREAD-26APR06DETORL,KXNBA1HSPREAD,spread,Will Detroit win the 1H by over 1.5 points?,Detroit wins the 1H by over 1.5 points,Detroit wins the 1H by over 1.5 points,no,0,finalized,2026-04-06T05:35:00Z,2026-04-07T00:20:36Z,2026-04-07T02:00:00Z,,1775518200,expected_expiration-150m,1775518200,0.13,0.26,0.195,,85,24759.00,19878.00
KXNBA1HSPREAD-26APR06CLEMEM-MEM9,KXNBA1HSPREAD-26APR06CLEMEM,KXNBA1HSPREAD,spread,Will Memphis win the 1H by over 9.5 points?,Memphis wins the 1H by over 9.5 points,Memphis wins the 1H by over 9.5 points,no,0,finalized,2026-04-06T04:35:00Z,2026-04-07T01:05:37Z,2026-04-07T03:00:00Z,,1775521800,expected_expiration-150m,1775521800,0.0,0.47,0.235,,49,1714.00,1318.00
KXNBA1HSPREAD-26APR06CLEMEM-MEM6,KXNBA1HSPREAD-26APR06CLEMEM,KXNBA1HSPREAD,spread,Will Memphis win the 1H by over 6.5 points?,Memphis wins the 1H by over 6.5 points,Memphis wins the 1H by over 6.5 points,no,0,finalized,2026-04-06T04:35:00Z,2026-04-07T01:05:37Z,2026-04-07T03:00:00Z,,1775521800,expected_expiration-150m,1775521800,0.0,0.52,0.26,,54,258.00,185.00
KXNBA1HSPREAD-26APR06CLEMEM-MEM3,KXNBA1HSPREAD-26APR06CLEMEM,KXNBA1HSPREAD,spread,Will Memphis win the 1H by over 3.5 points?,Memphis wins the 1H by over 3.5 points,Memphis wins the 1H by over 3.5 points,no,0,finalized,2026-04-06T04:35:00Z,2026-04-07T01:05:37Z,2026-04-07T03:00:00Z,,1775521800,expected_expiration-150m,1775521800,0.09,0.52,0.305,0.61,54,1239.00,840.00
KXNBA1HSPREAD-26APR06CLEMEM-MEM24,KXNBA1HSPREAD-26APR06CLEMEM,KXNBA1HSPREAD,spread,Will Memphis win the 1H by over 24.5 points?,Memphis wins the 1H by over 24.5 points,Memphis wins the 1H by over 24.5 points,no,0,finalized,2026-04-06T04:35:00Z,2026-04-07T01:05:38Z,2026-04-07T03:00:00Z,,1775521800,expected_expiration-150m,1775521740,0.0,0.11,0.055,,41,0.00,0.00
KXNBA1HSPREAD-26APR06CLEMEM-MEM21,KXNBA1HSPREAD-26APR06CLEMEM,KXNBA1HSPREAD,spread,Will Memphis win the 1H by over 21.5 points?,Memphis wins the 1H by over 21.5 points,Memphis wins the 1H by over 21.5 points,no,0,finalized,2026-04-06T04:35:00Z,2026-04-07T01:05:38Z,2026-04-07T03:00:00Z,,1775521800,expected_expiration-150m,1775521560,0.0,0.1,0.05,,39,361.00,361.00
KXNBA1HSPREAD-26APR06CLEMEM-MEM18,KXNBA1HSPREAD-26APR06CLEMEM,KXNBA1HSPREAD,spread,Will Memphis win the 1H by over 18.5 points?,Memphis wins the 1H by over 18.5 points,Memphis wins the 1H by over 18.5 points,no,0,finalized,2026-04-06T04:35:00Z,2026-04-07T01:05:38Z,2026-04-07T03:00:00Z,,1775521800,expected_expiration-150m,1775521560,0.0,0.2,0.1,,37,0.00,0.00
KXNBA1HSPREAD-26APR06CLEMEM-MEM15,KXNBA1HSPREAD-26APR06CLEMEM,KXNBA1HSPREAD,spread,Will Memphis win the 1H by over 15.5 points?,Memphis wins the 1H by over 15.5 points,Memphis wins the 1H by over 15.5 points,no,0,finalized,2026-04-06T04:35:00Z,2026-04-07T01:05:37Z,2026-04-07T03:00:00Z,,1775521800,expected_expiration-150m,1775521800,0.0,0.3,0.15,,46,0.00,0.00
KXNBA1HSPREAD-26APR06CLEMEM-MEM12,KXNBA1HSPREAD-26APR06CLEMEM,KXNBA1HSPREAD,spread,Will Memphis win the 1H by over 12.5 points?,Memphis wins the 1H by over 12.5 points,Memphis wins the 1H by over 12.5 points,no,0,finalized,2026-04-06T04:35:00Z,2026-04-07T01:05:37Z,2026-04-07T03:00:00Z,,1775521800,expected_expiration-150m,1775521800,0.0,0.38,0.19,,49,447.00,277.00
KXNBA1HSPREAD-26APR06CLEMEM-CLE6,KXNBA1HSPREAD-26APR06CLEMEM,KXNBA1HSPREAD,spread,Will Cleveland win the 1H by over 6.5 points?,Cleveland wins the 1H by over 6.5 points,Cleveland wins the 1H by over 6.5 points,no,0,finalized,2026-04-06T04:35:00Z,2026-04-07T01:05:36Z,2026-04-07T03:00:00Z,,1775521800,expected_expiration-150m,1775521800,0.22,0.46,0.34,,65,1947.00,1660.00
KXNBA1HSPREAD-26APR06CLEMEM-CLE3,KXNBA1HSPREAD-26APR06CLEMEM,KXNBA1HSPREAD,spread,Will Cleveland win the 1H by over 3.5 points?,Cleveland wins the 1H by over 3.5 points,Cleveland wins the 1H by over 3.5 points,yes,1,finalized,2026-04-06T04:35:00Z,2026-04-07T01:05:37Z,2026-04-07T03:00:00Z,,1775521800,expected_expiration-150m,1775521800,0.31,0.46,0.385,,80,2264.00,1488.00
KXNBA1HSPREAD-26APR06PORDEN-POR8,KXNBA1HSPREAD-26APR06PORDEN,KXNBA1HSPREAD,spread,Will Portland win the 1H by over 8.5 points?,Portland wins the 1H by over 8.5 points,Portland wins the 1H by over 8.5 points,yes,1,finalized,2026-04-06T01:35:00Z,2026-04-07T02:13:32Z,2026-04-07T04:00:00Z,,1775525400,expected_expiration-150m,1775525400,0.09,0.55,0.32,,52,2907.00,1951.00
KXNBA1HSPREAD-26APR06PORDEN-POR5,KXNBA1HSPREAD-26APR06PORDEN,KXNBA1HSPREAD,spread,Will Portland win the 1H by over 5.5 points?,Portland wins the 1H by over 5.5 points,Portland wins the 1H by over 5.5 points,yes,1,finalized,2026-04-06T01:35:00Z,2026-04-07T02:13:32Z,2026-04-07T04:00:00Z,,1775525400,expected_expiration-150m,1775525400,0.0,0.72,0.36,,42,4784.00,3490.00
KXNBA1HSPREAD-26APR06PORDEN-POR20,KXNBA1HSPREAD-26APR06PORDEN,KXNBA1HSPREAD,spread,Will Portland win the 1H by over 20.5 points?,Portland wins the 1H by over 20.5 points,Portland wins the 1H by over 20.5 points,no,0,finalized,2026-04-06T01:35:00Z,2026-04-07T02:13:33Z,2026-04-07T04:00:00Z,,1775525400,expected_expiration-150m,1775525400,0.0,0.98,0.49,,38,0.00,0.00
KXNBA1HSPREAD-26APR06PORDEN-POR2,KXNBA1HSPREAD-26APR06PORDEN,KXNBA1HSPREAD,spread,Will Portland win the 1H by over 2.5 points?,Portland wins the 1H by over 2.5 points,Portland wins the 1H by over 2.5 points,yes,1,finalized,2026-04-06T01:35:00Z,2026-04-07T02:13:31Z,2026-04-07T04:00:00Z,,1775525400,expected_expiration-150m,1775525340,0.44,0.49,0.46499999999999997,,73,8939.00,5169.00
KXNBA1HSPREAD-26APR06PORDEN-POR17,KXNBA1HSPREAD-26APR06PORDEN,KXNBA1HSPREAD,spread,Will Portland win the 1H by over 17.5 points?,Portland wins the 1H by over 17.5 points,Portland wins the 1H by over 17.5 points,no,0,finalized,2026-04-06T01:35:00Z,2026-04-07T02:13:32Z,2026-04-07T04:00:00Z,,1775525400,expected_expiration-150m,1775525400,0.0,0.98,0.49,,39,0.00,0.00
KXNBA1HSPREAD-26APR06PORDEN-POR14,KXNBA1HSPREAD-26APR06PORDEN,KXNBA1HSPREAD,spread,Will Portland win the 1H by over 14.5 points?,Portland wins the 1H by over 14.5 points,Portland wins the 1H by over 14.5 points,no,0,finalized,2026-04-06T01:35:00Z,2026-04-07T02:13:32Z,2026-04-07T04:00:00Z,,1775525400,expected_expiration-150m,1775525400,0.0,0.62,0.31,,42,7.00,7.00
KXNBA1HSPREAD-26APR06PORDEN-POR11,KXNBA1HSPREAD-26APR06PORDEN,KXNBA1HSPREAD,spread,Will Portland win the 1H by over 11.5 points?,Portland wins the 1H by over 11.5 points,Portland wins the 1H by over 11.5 points,yes,1,finalized,2026-04-06T01:35:00Z,2026-04-07T02:13:32Z,2026-04-07T04:00:00Z,,1775525400,expected_expiration-150m,1775525400,0.0,0.73,0.365,,52,344.00,281.00
KXNBA1HSPREAD-26APR06PORDEN-DEN7,KXNBA1HSPREAD-26APR06PORDEN,KXNBA1HSPREAD,spread,Will Denver win the 1H by over 7.5 points?,Denver wins the 1H by over 7.5 points,Denver wins the 1H by over 7.5 points,no,0,finalized,2026-04-06T01:35:00Z,2026-04-07T02:13:31Z,2026-04-07T04:00:00Z,,1775525400,expected_expiration-150m,1775525400,0.0,0.52,0.26,,53,115.00,115.00
KXNBA1HSPREAD-26APR06PORDEN-DEN4,KXNBA1HSPREAD-26APR06PORDEN,KXNBA1HSPREAD,spread,Will Denver win the 1H by over 4.5 points?,Denver wins the 1H by over 4.5 points,Denver wins the 1H by over 4.5 points,no,0,finalized,2026-04-06T01:35:00Z,2026-04-07T02:13:31Z,2026-04-07T04:00:00Z,,1775525400,expected_expiration-150m,1775525340,0.26,0.3,0.28,,71,12553.00,10519.00
KXNBA1HSPREAD-26APR06PORDEN-DEN10,KXNBA1HSPREAD-26APR06PORDEN,KXNBA1HSPREAD,spread,Will Denver win the 1H by over 10.5 points?,Denver wins the 1H by over 10.5 points,Denver wins the 1H by over 10.5 points,no,0,finalized,2026-04-06T01:35:00Z,2026-04-07T02:13:31Z,2026-04-07T04:00:00Z,,1775525400,expected_expiration-150m,1775525400,0.0,0.43,0.215,,57,0.00,0.00
KXNBA1HSPREAD-26APR06PORDEN-DEN1,KXNBA1HSPREAD-26APR06PORDEN,KXNBA1HSPREAD,spread,Will Denver win the 1H by over 1.5 points?,Denver wins the 1H by over 1.5 points,Denver wins the 1H by over 1.5 points,no,0,finalized,2026-04-06T01:35:00Z,2026-04-07T02:13:31Z,2026-04-07T04:00:00Z,,1775525400,expected_expiration-150m,1775525400,0.25,0.47,0.36,,78,7901.00,6303.00
KXNBA1HSPREAD-26APR06NYKATL-NYK9,KXNBA1HSPREAD-26APR06NYKATL,KXNBA1HSPREAD,spread,Will New York win the 1H by over 9.5 points?,New York wins the 1H by over 9.5 points,New York wins the 1H by over 9.5 points,no,0,finalized,2026-04-06T01:35:00Z,2026-04-07T00:13:34Z,2026-04-07T02:00:00Z,,1775518200,expected_expiration-150m,1775518200,0.02,0.62,0.32,,35,30.00,30.00
KXNBA1HSPREAD-26APR06NYKATL-NYK6,KXNBA1HSPREAD-26APR06NYKATL,KXNBA1HSPREAD,spread,Will New York win the 1H by over 6.5 points?,New York wins the 1H by over 6.5 points,New York wins the 1H by over 6.5 points,no,0,finalized,2026-04-06T01:35:00Z,2026-04-07T00:13:34Z,2026-04-07T02:00:00Z,,1775518200,expected_expiration-150m,1775518200,0.08,0.49,0.285,,42,898.00,623.00
KXNBA1HSPREAD-26APR06NYKATL-NYK3,KXNBA1HSPREAD-26APR06NYKATL,KXNBA1HSPREAD,spread,Will New York win the 1H by over 3.5 points?,New York wins the 1H by over 3.5 points,New York wins the 1H by over 3.5 points,no,0,finalized,2026-04-06T01:35:00Z,2026-04-07T00:13:34Z,2026-04-07T02:00:00Z,,1775518200,expected_expiration-150m,1775518200,0.45,0.5,0.475,0.43,78,18947.00,9743.00
KXNBA1HSPREAD-26APR06NYKATL-NYK15,KXNBA1HSPREAD-26APR06NYKATL,KXNBA1HSPREAD,spread,Will New York win the 1H by over 15.5 points?,New York wins the 1H by over 15.5 points,New York wins the 1H by over 15.5 points,no,0,finalized,2026-04-06T01:35:00Z,2026-04-07T00:13:34Z,2026-04-07T02:00:00Z,,1775518200,expected_expiration-150m,1775514900,0.0,0.21,0.105,,16,10.00,10.00
KXNBA1HSPREAD-26APR06NYKATL-NYK12,KXNBA1HSPREAD-26APR06NYKATL,KXNBA1HSPREAD,spread,Will New York win the 1H by over 12.5 points?,New York wins the 1H by over 12.5 points,New York wins the 1H by over 12.5 points,no,0,finalized,2026-04-06T01:35:00Z,2026-04-07T00:13:34Z,2026-04-07T02:00:00Z,,1775518200,expected_expiration-150m,1775518200,0.0,0.11,0.055,,31,1.00,1.00
KXNBA1HSPREAD-26APR06NYKATL-ATL9,KXNBA1HSPREAD-26APR06NYKATL,KXNBA1HSPREAD,spread,Will Atlanta win the 1H by over 9.5 points?,Atlanta wins the 1H by over 9.5 points,Atlanta wins the 1H by over 9.5 points,no,0,finalized,2026-04-06T01:35:00Z,2026-04-07T00:13:35Z,2026-04-07T02:00:00Z,,1775518200,expected_expiration-150m,1775518200,0.0,0.41,0.205,,37,0.00,0.00
KXNBA1HSPREAD-26APR06NYKATL-ATL6,KXNBA1HSPREAD-26APR06NYKATL,KXNBA1HSPREAD,spread,Will Atlanta win the 1H by over 6.5 points?,Atlanta wins the 1H by over 6.5 points,Atlanta wins the 1H by over 6.5 points,no,0,finalized,2026-04-06T01:35:00Z,2026-04-07T00:13:35Z,2026-04-07T02:00:00Z,,1775518200,expected_expiration-150m,1775518200,0.0,0.49,0.245,,56,0.00,0.00
KXNBA1HSPREAD-26APR06NYKATL-ATL3,KXNBA1HSPREAD-26APR06NYKATL,KXNBA1HSPREAD,spread,Will Atlanta win the 1H by over 3.5 points?,Atlanta wins the 1H by over 3.5 points,Atlanta wins the 1H by over 3.5 points,yes,1,finalized,2026-04-06T01:35:00Z,2026-04-07T00:13:35Z,2026-04-07T02:00:00Z,,1775518200,expected_expiration-150m,1775518200,0.0,0.27,0.135,,81,32272.00,21582.00
KXNBA1HSPREAD-26APR06NYKATL-ATL15,KXNBA1HSPREAD-26APR06NYKATL,KXNBA1HSPREAD,spread,Will Atlanta win the 1H by over 15.5 points?,Atlanta wins the 1H by over 15.5 points,Atlanta wins the 1H by over 15.5 points,no,0,finalized,2026-04-06T01:35:00Z,2026-04-07T00:13:35Z,2026-04-07T02:00:00Z,,1775518200,expected_expiration-150m,1775518200,0.0,0.2,0.1,,32,0.00,0.00
KXNBA1HSPREAD-26APR06NYKATL-ATL12,KXNBA1HSPREAD-26APR06NYKATL,KXNBA1HSPREAD,spread,Will Atlanta win the 1H by over 12.5 points?,Atlanta wins the 1H by over 12.5 points,Atlanta wins the 1H by over 12.5 points,no,0,finalized,2026-04-06T01:35:00Z,2026-04-07T00:13:35Z,2026-04-07T02:00:00Z,,1775518200,expected_expiration-150m,1775518200,0.0,0.29,0.145,,32,0.00,0.00
KXNBA1HSPREAD-26APR06PHISAS-SAS7,KXNBA1HSPREAD-26APR06PHISAS,KXNBA1HSPREAD,spread,Will San Antonio win the 1H by over 7.5 points?,San Antonio wins the 1H by over 7.5 points,San Antonio wins the 1H by over 7.5 points,no,0,finalized,2026-04-06T01:35:00Z,2026-04-07T01:10:19Z,2026-04-07T03:00:00Z,,1775521800,expected_expiration-150m,1775521800,0.02,0.52,0.27,,67,3410.00,2986.00
KXNBA1HSPREAD-26APR06PHISAS-SAS4,KXNBA1HSPREAD-26APR06PHISAS,KXNBA1HSPREAD,spread,Will San Antonio win the 1H by over 4.5 points?,San Antonio wins the 1H by over 4.5 points,San Antonio wins the 1H by over 4.5 points,yes,1,finalized,2026-04-06T01:35:00Z,2026-04-07T01:10:19Z,2026-04-07T03:00:00Z,,1775521800,expected_expiration-150m,1775521800,0.33,0.35,0.33999999999999997,,98,46079.00,32636.00
KXNBA1HSPREAD-26APR06PHISAS-SAS10,KXNBA1HSPREAD-26APR06PHISAS,KXNBA1HSPREAD,spread,Will San Antonio win the 1H by over 10.5 points?,San Antonio wins the 1H by over 10.5 points,San Antonio wins the 1H by over 10.5 points,no,0,finalized,2026-04-06T01:35:00Z,2026-04-07T01:10:18Z,2026-04-07T03:00:00Z,,1775521800,expected_expiration-150m,1775521800,0.0,0.56,0.28,,57,0.00,0.00
KXNBA1HSPREAD-26APR06PHISAS-SAS1,KXNBA1HSPREAD-26APR06PHISAS,KXNBA1HSPREAD,spread,Will San Antonio win the 1H by over 1.5 points?,San Antonio wins the 1H by over 1.5 points,San Antonio wins the 1H by over 1.5 points,yes,1,finalized,2026-04-06T01:35:00Z,2026-04-07T01:10:20Z,2026-04-07T03:00:00Z,,1775521800,expected_expiration-150m,1775521800,0.48,0.49,0.485,0.43,57,18152.00,10892.00
KXNBA1HSPREAD-26APR06PHISAS-PHI8,KXNBA1HSPREAD-26APR06PHISAS,KXNBA1HSPREAD,spread,Will Philadelphia win the 1H by over 8.5 points?,Philadelphia wins the 1H by over 8.5 points,Philadelphia wins the 1H by over 8.5 points,no,0,finalized,2026-04-06T01:35:00Z,2026-04-07T01:10:22Z,2026-04-07T03:00:00Z,,1775521800,expected_expiration-150m,1775521800,0.0,0.47,0.235,,50,0.00,0.00
KXNBA1HSPREAD-26APR06PHISAS-PHI5,KXNBA1HSPREAD-26APR06PHISAS,KXNBA1HSPREAD,spread,Will Philadelphia win the 1H by over 5.5 points?,Philadelphia wins the 1H by over 5.5 points,Philadelphia wins the 1H by over 5.5 points,no,0,finalized,2026-04-06T01:35:00Z,2026-04-07T01:10:21Z,2026-04-07T03:00:00Z,,1775521800,expected_expiration-150m,1775521800,0.0,0.61,0.305,,50,0.00,0.00
KXNBA1HSPREAD-26APR06PHISAS-PHI20,KXNBA1HSPREAD-26APR06PHISAS,KXNBA1HSPREAD,spread,Will Philadelphia win the 1H by over 20.5 points?,Philadelphia wins the 1H by over 20.5 points,Philadelphia wins the 1H by over 20.5 points,no,0,finalized,2026-04-06T01:35:00Z,2026-04-07T01:10:24Z,2026-04-07T03:00:00Z,,1775521800,expected_expiration-150m,1775521800,0.0,0.13,0.065,,38,0.00,0.00
KXNBA1HSPREAD-26APR06PHISAS-PHI2,KXNBA1HSPREAD-26APR06PHISAS,KXNBA1HSPREAD,spread,Will Philadelphia win the 1H by over 2.5 points?,Philadelphia wins the 1H by over 2.5 points,Philadelphia wins the 1H by over 2.5 points,no,0,finalized,2026-04-06T01:35:00Z,2026-04-07T01:10:21Z,2026-04-07T03:00:00Z,,1775521800,expected_expiration-150m,1775521800,0.08,0.52,0.3,,51,858.00,858.00
KXNBA1HSPREAD-26APR06PHISAS-PHI17,KXNBA1HSPREAD-26APR06PHISAS,KXNBA1HSPREAD,spread,Will Philadelphia win the 1H by over 17.5 points?,Philadelphia wins the 1H by over 17.5 points,Philadelphia wins the 1H by over 17.5 points,no,0,finalized,2026-04-06T01:35:00Z,2026-04-07T01:10:24Z,2026-04-07T03:00:00Z,,1775521800,expected_expiration-150m,1775521800,0.0,0.2,0.1,,36,0.00,0.00
KXNBA1HSPREAD-26APR06PHISAS-PHI14,KXNBA1HSPREAD-26APR06PHISAS,KXNBA1HSPREAD,spread,Will Philadelphia win the 1H by over 14.5 points?,Philadelphia wins the 1H by over 14.5 points,Philadelphia wins the 1H by over 14.5 points,no,0,finalized,2026-04-06T01:35:00Z,2026-04-07T01:10:23Z,2026-04-07T03:00:00Z,,1775521800,expected_expiration-150m,1775520960,0.0,0.16,0.08,,23,10.00,10.00
KXNBA1HSPREAD-26APR06PHISAS-PHI11,KXNBA1HSPREAD-26APR06PHISAS,KXNBA1HSPREAD,spread,Will Philadelphia win the 1H by over 11.5 points?,Philadelphia wins the 1H by over 11.5 points,Philadelphia wins the 1H by over 11.5 points,no,0,finalized,2026-04-06T01:35:00Z,2026-04-07T01:10:22Z,2026-04-07T03:00:00Z,,1775521800,expected_expiration-150m,1775521800,0.0,0.39,0.195,,47,166.00,156.00
KXNBA1HSPREAD-26APR05LACSAC-SAC7,KXNBA1HSPREAD-26APR05LACSAC,KXNBA1HSPREAD,spread,Will Sacramento win the 1H by over 7.5 points?,Sacramento wins the 1H by over 7.5 points,Sacramento wins the 1H by over 7.5 points,no,0,finalized,2026-04-05T07:35:00Z,2026-04-06T02:05:38Z,2026-04-06T04:00:00Z,,1775439000,expected_expiration-150m,1775439000,0.0,0.44,0.22,,93,38.00,38.00
KXNBA1HSPREAD-26APR05LACSAC-SAC4,KXNBA1HSPREAD-26APR05LACSAC,KXNBA1HSPREAD,spread,Will Sacramento win the 1H by over 4.5 points?,Sacramento wins the 1H by over 4.5 points,Sacramento wins the 1H by over 4.5 points,no,0,finalized,2026-04-05T07:35:00Z,2026-04-06T02:05:38Z,2026-04-06T04:00:00Z,,1775439000,expected_expiration-150m,1775439000,0.0,0.49,0.245,,96,578.00,578.00
KXNBA1HSPREAD-26APR05LACSAC-SAC22,KXNBA1HSPREAD-26APR05LACSAC,KXNBA1HSPREAD,spread,Will Sacramento win the 1H by over 22.5 points?,Sacramento wins the 1H by over 22.5 points,Sacramento wins the 1H by over 22.5 points,no,0,finalized,2026-04-05T07:35:00Z,2026-04-06T02:05:39Z,2026-04-06T04:00:00Z,,1775439000,expected_expiration-150m,1775439000,0.0,0.98,0.49,,38,18.00,18.00
KXNBA1HSPREAD-26APR05LACSAC-SAC19,KXNBA1HSPREAD-26APR05LACSAC,KXNBA1HSPREAD,spread,Will Sacramento win the 1H by over 19.5 points?,Sacramento wins the 1H by over 19.5 points,Sacramento wins the 1H by over 19.5 points,no,0,finalized,2026-04-05T07:35:00Z,2026-04-06T02:05:39Z,2026-04-06T04:00:00Z,,1775439000,expected_expiration-150m,1775439000,0.0,0.98,0.49,,38,37.00,37.00
KXNBA1HSPREAD-26APR05LACSAC-SAC16,KXNBA1HSPREAD-26APR05LACSAC,KXNBA1HSPREAD,spread,Will Sacramento win the 1H by over 16.5 points?,Sacramento wins the 1H by over 16.5 points,Sacramento wins the 1H by over 16.5 points,no,0,finalized,2026-04-05T07:35:00Z,2026-04-06T02:05:39Z,2026-04-06T04:00:00Z,,1775439000,expected_expiration-150m,1775439000,0.0,0.98,0.49,,38,18.00,18.00
KXNBA1HSPREAD-26APR05LACSAC-SAC13,KXNBA1HSPREAD-26APR05LACSAC,KXNBA1HSPREAD,spread,Will Sacramento win the 1H by over 13.5 points?,Sacramento wins the 1H by over 13.5 points,Sacramento wins the 1H by over 13.5 points,no,0,finalized,2026-04-05T07:35:00Z,2026-04-06T02:05:39Z,2026-04-06T04:00:00Z,,1775439000,expected_expiration-150m,1775439000,0.0,0.98,0.49,,38,0.00,0.00
KXNBA1HSPREAD-26APR05LACSAC-SAC10,KXNBA1HSPREAD-26APR05LACSAC,KXNBA1HSPREAD,spread,Will Sacramento win the 1H by over 10.5 points?,Sacramento wins the 1H by over 10.5 points,Sacramento wins the 1H by over 10.5 points,no,0,finalized,2026-04-05T07:35:00Z,2026-04-06T02:05:39Z,2026-04-06T04:00:00Z,,1775439000,expected_expiration-150m,1775439000,0.0,0.43,0.215,,92,34.00,34.00
KXNBA1HSPREAD-26APR05LACSAC-SAC1,KXNBA1HSPREAD-26APR05LACSAC,KXNBA1HSPREAD,spread,Will Sacramento win the 1H by over 1.5 points?,Sacramento wins the 1H by over 1.5 points,Sacramento wins the 1H by over 1.5 points,no,0,finalized,2026-04-05T07:35:00Z,2026-04-06T02:05:38Z,2026-04-06T04:00:00Z,,1775439000,expected_expiration-150m,1775439000,0.0,0.39,0.195,,67,0.00,0.00
KXNBA1HSPREAD-26APR05LACSAC-LAC8,KXNBA1HSPREAD-26APR05LACSAC,KXNBA1HSPREAD,spread,Will Los Angeles C win the 1H by over 8.5 points?,Los Angeles C wins the 1H by over 8.5 points,Los Angeles C wins the 1H by over 8.5 points,yes,1,finalized,2026-04-05T07:35:00Z,2026-04-06T02:05:38Z,2026-04-06T04:00:00Z,,1775439000,expected_expiration-150m,1775439000,0.6,0.71,0.655,,84,17476.00,9960.00
KXNBA1HSPREAD-26APR05LACSAC-LAC5,KXNBA1HSPREAD-26APR05LACSAC,KXNBA1HSPREAD,spread,Will Los Angeles C win the 1H by over 5.5 points?,Los Angeles C wins the 1H by over 5.5 points,Los Angeles C wins the 1H by over 5.5 points,yes,1,finalized,2026-04-05T07:35:00Z,2026-04-06T02:05:38Z,2026-04-06T04:00:00Z,,1775439000,expected_expiration-150m,1775438940,0.65,0.94,0.7949999999999999,0.94,64,6643.00,5217.00
KXNBA1HSPREAD-26APR05LACSAC-LAC2,KXNBA1HSPREAD-26APR05LACSAC,KXNBA1HSPREAD,spread,Will Los Angeles C win the 1H by over 2.5 points?,Los Angeles C wins the 1H by over 2.5 points,Los Angeles C wins the 1H by over 2.5 points,yes,1,finalized,2026-04-05T07:35:00Z,2026-04-06T02:05:38Z,2026-04-06T04:00:00Z,,1775439000,expected_expiration-150m,1775439000,0.57,0.97,0.77,,64,701.00,694.00
KXNBA1HSPREAD-26APR05CHAMIN-MIN8,KXNBA1HSPREAD-26APR05CHAMIN,KXNBA1HSPREAD,spread,Will Minnesota win the 1H by over 8.5 points?,Minnesota wins the 1H by over 8.5 points,Minnesota wins the 1H by over 8.5 points,no,0,finalized,2026-04-05T07:35:00Z,2026-04-06T00:07:39Z,2026-04-06T02:00:00Z,,1775431800,expected_expiration-150m,1775431800,0.0,0.41,0.205,,40,0.00,0.00
KXNBA1HSPREAD-26APR05CHAMIN-MIN5,KXNBA1HSPREAD-26APR05CHAMIN,KXNBA1HSPREAD,spread,Will Minnesota win the 1H by over 5.5 points?,Minnesota wins the 1H by over 5.5 points,Minnesota wins the 1H by over 5.5 points,no,0,finalized,2026-04-05T07:35:00Z,2026-04-06T00:07:39Z,2026-04-06T02:00:00Z,,1775431800,expected_expiration-150m,1775431800,0.0,0.47,0.235,,44,0.00,0.00
KXNBA1HSPREAD-26APR05CHAMIN-MIN2,KXNBA1HSPREAD-26APR05CHAMIN,KXNBA1HSPREAD,spread,Will Minnesota win the 1H by over 2.5 points?,Minnesota wins the 1H by over 2.5 points,Minnesota wins the 1H by over 2.5 points,yes,1,finalized,2026-04-05T07:35:00Z,2026-04-06T00:07:39Z,2026-04-06T02:00:00Z,,1775431800,expected_expiration-150m,1775431800,0.0,0.49,0.245,,73,2750.00,1967.00
KXNBA1HSPREAD-26APR05CHAMIN-MIN17,KXNBA1HSPREAD-26APR05CHAMIN,KXNBA1HSPREAD,spread,Will Minnesota win the 1H by over 17.5 points?,Minnesota wins the 1H by over 17.5 points,Minnesota wins the 1H by over 17.5 points,no,0,finalized,2026-04-05T07:35:00Z,2026-04-06T00:07:40Z,2026-04-06T02:00:00Z,,1775431800,expected_expiration-150m,1775431800,0.0,0.13,0.065,,36,0.00,0.00
KXNBA1HSPREAD-26APR05CHAMIN-MIN14,KXNBA1HSPREAD-26APR05CHAMIN,KXNBA1HSPREAD,spread,Will Minnesota win the 1H by over 14.5 points?,Minnesota wins the 1H by over 14.5 points,Minnesota wins the 1H by over 14.5 points,no,0,finalized,2026-04-05T07:35:00Z,2026-04-06T00:07:40Z,2026-04-06T02:00:00Z,,1775431800,expected_expiration-150m,1775431800,0.0,0.2,0.1,,44,0.00,0.00
KXNBA1HSPREAD-26APR05CHAMIN-MIN11,KXNBA1HSPREAD-26APR05CHAMIN,KXNBA1HSPREAD,spread,Will Minnesota win the 1H by over 11.5 points?,Minnesota wins the 1H by over 11.5 points,Minnesota wins the 1H by over 11.5 points,no,0,finalized,2026-04-05T07:35:00Z,2026-04-06T00:07:39Z,2026-04-06T02:00:00Z,,1775431800,expected_expiration-150m,1775431800,0.0,0.31,0.155,,41,0.00,0.00
KXNBA1HSPREAD-26APR05CHAMIN-CHA7,KXNBA1HSPREAD-26APR05CHAMIN,KXNBA1HSPREAD,spread,Will Charlotte win the 1H by over 7.5 points?,Charlotte wins the 1H by over 7.5 points,Charlotte wins the 1H by over 7.5 points,no,0,finalized,2026-04-05T07:35:00Z,2026-04-06T00:07:38Z,2026-04-06T02:00:00Z,,1775431800,expected_expiration-150m,1775431800,0.37,0.46,0.41500000000000004,,58,1707.00,991.00
KXNBA1HSPREAD-26APR05CHAMIN-CHA4,KXNBA1HSPREAD-26APR05CHAMIN,KXNBA1HSPREAD,spread,Will Charlotte win the 1H by over 4.5 points?,Charlotte wins the 1H by over 4.5 points,Charlotte wins the 1H by over 4.5 points,no,0,finalized,2026-04-05T07:35:00Z,2026-04-06T00:07:39Z,2026-04-06T02:00:00Z,,1775431800,expected_expiration-150m,1775431800,0.49,0.58,0.5349999999999999,0.49,64,2046.00,1836.00
KXNBA1HSPREAD-26APR05CHAMIN-CHA13,KXNBA1HSPREAD-26APR05CHAMIN,KXNBA1HSPREAD,spread,Will Charlotte win the 1H by over 13.5 points?,Charlotte wins the 1H by over 13.5 points,Charlotte wins the 1H by over 13.5 points,no,0,finalized,2026-04-05T07:35:00Z,2026-04-06T00:07:38Z,2026-04-06T02:00:00Z,,1775431800,expected_expiration-150m,1775431800,0.0,0.58,0.29,,41,0.00,0.00
KXNBA1HSPREAD-26APR05CHAMIN-CHA10,KXNBA1HSPREAD-26APR05CHAMIN,KXNBA1HSPREAD,spread,Will Charlotte win the 1H by over 10.5 points?,Charlotte wins the 1H by over 10.5 points,Charlotte wins the 1H by over 10.5 points,no,0,finalized,2026-04-05T07:35:00Z,2026-04-06T00:07:38Z,2026-04-06T02:00:00Z,,1775431800,expected_expiration-150m,1775431800,0.02,0.72,0.37,,42,0.00,0.00
KXNBA1HSPREAD-26APR05CHAMIN-CHA1,KXNBA1HSPREAD-26APR05CHAMIN,KXNBA1HSPREAD,spread,Will Charlotte win the 1H by over 1.5 points?,Charlotte wins the 1H by over 1.5 points,Charlotte wins the 1H by over 1.5 points,no,0,finalized,2026-04-05T07:35:00Z,2026-04-06T00:07:39Z,2026-04-06T02:00:00Z,,1775431800,expected_expiration-150m,1775431800,0.34,0.72,0.53,,90,34485.00,24634.00
KXNBA1HSPREAD-26APR05TORBOS-TOR9,KXNBA1HSPREAD-26APR05TORBOS,KXNBA1HSPREAD,spread,Will Toronto win the 1H by over 9.5 points?,Toronto wins the 1H by over 9.5 points,Toronto wins the 1H by over 9.5 points,no,0,finalized,2026-04-05T06:35:00Z,2026-04-05T20:33:44Z,2026-04-05T22:30:00Z,,1775419200,expected_expiration-150m,1775419200,0.0,0.22,0.11,0.24,32,2.00,0.00
KXNBA1HSPREAD-26APR05TORBOS-TOR6,KXNBA1HSPREAD-26APR05TORBOS,KXNBA1HSPREAD,spread,Will Toronto win the 1H by over 6.5 points?,Toronto wins the 1H by over 6.5 points,Toronto wins the 1H by over 6.5 points,no,0,finalized,2026-04-05T06:35:00Z,2026-04-05T20:33:44Z,2026-04-05T22:30:00Z,,1775419200,expected_expiration-150m,1775419200,0.0,0.38,0.19,,33,97.00,94.00
KXNBA1HSPREAD-26APR05TORBOS-TOR3,KXNBA1HSPREAD-26APR05TORBOS,KXNBA1HSPREAD,spread,Will Toronto win the 1H by over 3.5 points?,Toronto wins the 1H by over 3.5 points,Toronto wins the 1H by over 3.5 points,no,0,finalized,2026-04-05T06:35:00Z,2026-04-05T20:33:44Z,2026-04-05T22:30:00Z,,1775419200,expected_expiration-150m,1775419200,0.0,0.47,0.235,0.47,31,1315.00,933.00
KXNBA1HSPREAD-26APR05TORBOS-TOR21,KXNBA1HSPREAD-26APR05TORBOS,KXNBA1HSPREAD,spread,Will Toronto win the 1H by over 21.5 points?,Toronto wins the 1H by over 21.5 points,Toronto wins the 1H by over 21.5 points,no,0,finalized,2026-04-05T06:35:00Z,2026-04-05T20:33:45Z,2026-04-05T22:30:00Z,,1775419200,expected_expiration-150m,1775419200,0.0,0.09,0.045,,31,0.00,0.00
KXNBA1HSPREAD-26APR05TORBOS-TOR18,KXNBA1HSPREAD-26APR05TORBOS,KXNBA1HSPREAD,spread,Will Toronto win the 1H by over 18.5 points?,Toronto wins the 1H by over 18.5 points,Toronto wins the 1H by over 18.5 points,no,0,finalized,2026-04-05T06:35:00Z,2026-04-05T20:33:45Z,2026-04-05T22:30:00Z,,1775419200,expected_expiration-150m,1775419200,0.0,0.13,0.065,,31,0.00,0.00
KXNBA1HSPREAD-26APR05TORBOS-TOR15,KXNBA1HSPREAD-26APR05TORBOS,KXNBA1HSPREAD,spread,Will Toronto win the 1H by over 15.5 points?,Toronto wins the 1H by over 15.5 points,Toronto wins the 1H by over 15.5 points,no,0,finalized,2026-04-05T06:35:00Z,2026-04-05T20:33:44Z,2026-04-05T22:30:00Z,,1775419200,expected_expiration-150m,1775419200,0.0,0.13,0.065,,31,1.00,1.00
KXNBA1HSPREAD-26APR05TORBOS-TOR12,KXNBA1HSPREAD-26APR05TORBOS,KXNBA1HSPREAD,spread,Will Toronto win the 1H by over 12.5 points?,Toronto wins the 1H by over 12.5 points,Toronto wins the 1H by over 12.5 points,no,0,finalized,2026-04-05T06:35:00Z,2026-04-05T20:33:44Z,2026-04-05T22:30:00Z,,1775419200,expected_expiration-150m,1775419200,0.0,0.13,0.065,,30,0.00,0.00
KXNBA1HSPREAD-26APR05TORBOS-BOS9,KXNBA1HSPREAD-26APR05TORBOS,KXNBA1HSPREAD,spread,Will Boston win the 1H by over 9.5 points?,Boston wins the 1H by over 9.5 points,Boston wins the 1H by over 9.5 points,no,0,finalized,2026-04-05T06:35:00Z,2026-04-05T20:33:43Z,2026-04-05T22:30:00Z,,1775419200,expected_expiration-150m,1775419200,0.25,0.42,0.33499999999999996,,80,1045.00,744.00
KXNBA1HSPREAD-26APR05TORBOS-BOS6,KXNBA1HSPREAD-26APR05TORBOS,KXNBA1HSPREAD,spread,Will Boston win the 1H by over 6.5 points?,Boston wins the 1H by over 6.5 points,Boston wins the 1H by over 6.5 points,yes,1,finalized,2026-04-05T06:35:00Z,2026-04-05T20:33:43Z,2026-04-05T22:30:00Z,,1775419200,expected_expiration-150m,1775419200,0.47,0.54,0.505,0.51,95,24040.00,18598.00
KXNBA1HSPREAD-26APR05TORBOS-BOS3,KXNBA1HSPREAD-26APR05TORBOS,KXNBA1HSPREAD,spread,Will Boston win the 1H by over 3.5 points?,Boston wins the 1H by over 3.5 points,Boston wins the 1H by over 3.5 points,yes,1,finalized,2026-04-05T06:35:00Z,2026-04-05T20:33:43Z,2026-04-05T22:30:00Z,,1775419200,expected_expiration-150m,1775419200,0.62,0.72,0.6699999999999999,,81,13547.00,9210.00
KXNBA1HSPREAD-26APR05WASBKN-WAS8,KXNBA1HSPREAD-26APR05WASBKN,KXNBA1HSPREAD,spread,Will Washington win the 1H by over 8.5 points?,Washington wins the 1H by over 8.5 points,Washington wins the 1H by over 8.5 points,no,0,finalized,2026-04-05T06:35:00Z,2026-04-05T20:40:13Z,2026-04-05T22:30:00Z,,1775419200,expected_expiration-150m,1775419200,0.0,0.98,0.49,,33,0.00,0.00
KXNBA1HSPREAD-26APR05WASBKN-WAS5,KXNBA1HSPREAD-26APR05WASBKN,KXNBA1HSPREAD,spread,Will Washington win the 1H by over 5.5 points?,Washington wins the 1H by over 5.5 points,Washington wins the 1H by over 5.5 points,no,0,finalized,2026-04-05T06:35:00Z,2026-04-05T20:40:13Z,2026-04-05T22:30:00Z,,1775419200,expected_expiration-150m,1775418240,0.0,0.74,0.37,,23,0.00,0.00
KXNBA1HSPREAD-26APR05WASBKN-WAS2,KXNBA1HSPREAD-26APR05WASBKN,KXNBA1HSPREAD,spread,Will Washington win the 1H by over 2.5 points?,Washington wins the 1H by over 2.5 points,Washington wins the 1H by over 2.5 points,no,0,finalized,2026-04-05T06:35:00Z,2026-04-05T20:40:12Z,2026-04-05T22:30:00Z,,1775419200,expected_expiration-150m,1775418600,0.0,0.72,0.36,,19,365.00,365.00
KXNBA1HSPREAD-26APR05WASBKN-WAS17,KXNBA1HSPREAD-26APR05WASBKN,KXNBA1HSPREAD,spread,Will Washington win the 1H by over 17.5 points?,Washington wins the 1H by over 17.5 points,Washington wins the 1H by over 17.5 points,no,0,finalized,2026-04-05T06:35:00Z,2026-04-05T20:40:14Z,2026-04-05T22:30:00Z,,1775419200,expected_expiration-150m,1775419200,0.0,0.98,0.49,,31,0.00,0.00
KXNBA1HSPREAD-26APR05WASBKN-WAS14,KXNBA1HSPREAD-26APR05WASBKN,KXNBA1HSPREAD,spread,Will Washington win the 1H by over 14.5 points?,Washington wins the 1H by over 14.5 points,Washington wins the 1H by over 14.5 points,no,0,finalized,2026-04-05T06:35:00Z,2026-04-05T20:40:14Z,2026-04-05T22:30:00Z,,1775419200,expected_expiration-150m,1775419200,0.0,0.98,0.49,,32,0.00,0.00
KXNBA1HSPREAD-26APR05WASBKN-WAS11,KXNBA1HSPREAD-26APR05WASBKN,KXNBA1HSPREAD,spread,Will Washington win the 1H by over 11.5 points?,Washington wins the 1H by over 11.5 points,Washington wins the 1H by over 11.5 points,no,0,finalized,2026-04-05T06:35:00Z,2026-04-05T20:40:13Z,2026-04-05T22:30:00Z,,1775419200,expected_expiration-150m,1775419200,0.0,0.98,0.49,,33,0.00,0.00
KXNBA1HSPREAD-26APR05WASBKN-BKN7,KXNBA1HSPREAD-26APR05WASBKN,KXNBA1HSPREAD,spread,Will Brooklyn win the 1H by over 7.5 points?,Brooklyn wins the 1H by over 7.5 points,Brooklyn wins the 1H by over 7.5 points,no,0,finalized,2026-04-05T06:35:00Z,2026-04-05T20:40:11Z,2026-04-05T22:30:00Z,,1775419200,expected_expiration-150m,1775419140,0.0,0.79,0.395,,52,398.00,316.00
KXNBA1HSPREAD-26APR05WASBKN-BKN4,KXNBA1HSPREAD-26APR05WASBKN,KXNBA1HSPREAD,spread,Will Brooklyn win the 1H by over 4.5 points?,Brooklyn wins the 1H by over 4.5 points,Brooklyn wins the 1H by over 4.5 points,yes,1,finalized,2026-04-05T06:35:00Z,2026-04-05T20:40:11Z,2026-04-05T22:30:00Z,,1775419200,expected_expiration-150m,1775419200,0.01,0.97,0.49,0.98,65,4085.00,2941.00
KXNBA1HSPREAD-26APR05WASBKN-BKN13,KXNBA1HSPREAD-26APR05WASBKN,KXNBA1HSPREAD,spread,Will Brooklyn win the 1H by over 13.5 points?,Brooklyn wins the 1H by over 13.5 points,Brooklyn wins the 1H by over 13.5 points,no,0,finalized,2026-04-05T06:35:00Z,2026-04-05T20:40:10Z,2026-04-05T22:30:00Z,,1775419200,expected_expiration-150m,1775419200,0.35,0.57,0.45999999999999996,,31,297.00,297.00
KXNBA1HSPREAD-26APR05WASBKN-BKN10,KXNBA1HSPREAD-26APR05WASBKN,KXNBA1HSPREAD,spread,Will Brooklyn win the 1H by over 10.5 points?,Brooklyn wins the 1H by over 10.5 points,Brooklyn wins the 1H by over 10.5 points,no,0,finalized,2026-04-05T06:35:00Z,2026-04-05T20:40:10Z,2026-04-05T22:30:00Z,,1775419200,expected_expiration-150m,1775419200,0.42,0.7,0.5599999999999999,0.58,36,728.00,639.00
KXNBA1HSPREAD-26APR05WASBKN-BKN1,KXNBA1HSPREAD-26APR05WASBKN,KXNBA1HSPREAD,spread,Will Brooklyn win the 1H by over 1.5 points?,Brooklyn wins the 1H by over 1.5 points,Brooklyn wins the 1H by over 1.5 points,yes,1,finalized,2026-04-05T06:35:00Z,2026-04-05T20:40:12Z,2026-04-05T22:30:00Z,,1775419200,expected_expiration-150m,1775419140,0.22,0.79,0.505,0.79,59,3588.00,2601.00
KXNBA1HSPREAD-26APR05UTAOKC-UTA7,KXNBA1HSPREAD-26APR05UTAOKC,KXNBA1HSPREAD,spread,Will Utah win the 1H by over 7.5 points?,Utah wins the 1H by over 7.5 points,Utah wins the 1H by over 7.5 points,no,0,finalized,2026-04-05T06:35:00Z,2026-04-06T00:03:36Z,2026-04-06T02:00:00Z,,1775431800,expected_expiration-150m,1775431680,0.0,0.11,0.055,,25,90.00,90.00
KXNBA1HSPREAD-26APR05UTAOKC-UTA4,KXNBA1HSPREAD-26APR05UTAOKC,KXNBA1HSPREAD,spread,Will Utah win the 1H by over 4.5 points?,Utah wins the 1H by over 4.5 points,Utah wins the 1H by over 4.5 points,no,0,finalized,2026-04-05T06:35:00Z,2026-04-06T00:03:36Z,2026-04-06T02:00:00Z,,1775431800,expected_expiration-150m,1775431740,0.0,0.11,0.055,0.11,45,70.00,70.00
KXNBA1HSPREAD-26APR05UTAOKC-UTA28,KXNBA1HSPREAD-26APR05UTAOKC,KXNBA1HSPREAD,spread,Will Utah win the 1H by over 28.5 points?,Utah wins the 1H by over 28.5 points,Utah wins the 1H by over 28.5 points,no,0,finalized,2026-04-05T06:35:00Z,2026-04-06T00:03:37Z,2026-04-06T02:00:00Z,,1775431800,expected_expiration-150m,1775431680,0.0,0.01,0.005,,22,66.00,66.00
KXNBA1HSPREAD-26APR05UTAOKC-UTA25,KXNBA1HSPREAD-26APR05UTAOKC,KXNBA1HSPREAD,spread,Will Utah win the 1H by over 25.5 points?,Utah wins the 1H by over 25.5 points,Utah wins the 1H by over 25.5 points,no,0,finalized,2026-04-05T06:35:00Z,2026-04-06T00:03:37Z,2026-04-06T02:00:00Z,,1775431800,expected_expiration-150m,1775431680,0.0,0.01,0.005,,25,1.00,1.00
KXNBA1HSPREAD-26APR05UTAOKC-UTA22,KXNBA1HSPREAD-26APR05UTAOKC,KXNBA1HSPREAD,spread,Will Utah win the 1H by over 22.5 points?,Utah wins the 1H by over 22.5 points,Utah wins the 1H by over 22.5 points,no,0,finalized,2026-04-05T06:35:00Z,2026-04-06T00:03:37Z,2026-04-06T02:00:00Z,,1775431800,expected_expiration-150m,1775431680,0.0,0.01,0.005,,22,14.00,14.00
KXNBA1HSPREAD-26APR05UTAOKC-UTA19,KXNBA1HSPREAD-26APR05UTAOKC,KXNBA1HSPREAD,spread,Will Utah win the 1H by over 19.5 points?,Utah wins the 1H by over 19.5 points,Utah wins the 1H by over 19.5 points,no,0,finalized,2026-04-05T06:35:00Z,2026-04-06T00:03:36Z,2026-04-06T02:00:00Z,,1775431800,expected_expiration-150m,1775431680,0.0,0.07,0.035,,26,1148.00,1148.00
KXNBA1HSPREAD-26APR05UTAOKC-UTA16,KXNBA1HSPREAD-26APR05UTAOKC,KXNBA1HSPREAD,spread,Will Utah win the 1H by over 16.5 points?,Utah wins the 1H by over 16.5 points,Utah wins the 1H by over 16.5 points,no,0,finalized,2026-04-05T06:35:00Z,2026-04-06T00:03:36Z,2026-04-06T02:00:00Z,,1775431800,expected_expiration-150m,1775431680,0.0,0.06,0.03,,25,4.00,4.00
KXNBA1HSPREAD-26APR05UTAOKC-UTA13,KXNBA1HSPREAD-26APR05UTAOKC,KXNBA1HSPREAD,spread,Will Utah win the 1H by over 13.5 points?,Utah wins the 1H by over 13.5 points,Utah wins the 1H by over 13.5 points,no,0,finalized,2026-04-05T06:35:00Z,2026-04-06T00:03:36Z,2026-04-06T02:00:00Z,,1775431800,expected_expiration-150m,1775431680,0.0,0.06,0.03,,26,438.00,438.00
KXNBA1HSPREAD-26APR05UTAOKC-UTA10,KXNBA1HSPREAD-26APR05UTAOKC,KXNBA1HSPREAD,spread,Will Utah win the 1H by over 10.5 points?,Utah wins the 1H by over 10.5 points,Utah wins the 1H by over 10.5 points,no,0,finalized,2026-04-05T06:35:00Z,2026-04-06T00:03:36Z,2026-04-06T02:00:00Z,,1775431800,expected_expiration-150m,1775431680,0.0,0.13,0.065,,26,560.00,560.00
KXNBA1HSPREAD-26APR05UTAOKC-UTA1,KXNBA1HSPREAD-26APR05UTAOKC,KXNBA1HSPREAD,spread,Will Utah win the 1H by over 1.5 points?,Utah wins the 1H by over 1.5 points,Utah wins the 1H by over 1.5 points,no,0,finalized,2026-04-05T06:35:00Z,2026-04-06T00:03:35Z,2026-04-06T02:00:00Z,,1775431800,expected_expiration-150m,1775431680,0.0,0.13,0.065,,45,1155.00,1155.00
KXNBA1HSPREAD-26APR05UTAOKC-OKC2,KXNBA1HSPREAD-26APR05UTAOKC,KXNBA1HSPREAD,spread,Will Oklahoma City win the 1H by over 2.5 points?,Oklahoma City wins the 1H by over 2.5 points,Oklahoma City wins the 1H by over 2.5 points,yes,1,finalized,2026-04-05T06:35:00Z,2026-04-06T00:03:35Z,2026-04-06T02:00:00Z,,1775431800,expected_expiration-150m,1775431800,0.79,0.98,0.885,0.98,64,5763.00,5196.00
KXNBA1HSPREAD-26APR05PHXCHI-PHX8,KXNBA1HSPREAD-26APR05PHXCHI,KXNBA1HSPREAD,spread,Will Phoenix win the 1H by over 8.5 points?,Phoenix wins the 1H by over 8.5 points,Phoenix wins the 1H by over 8.5 points,no,0,finalized,2026-04-05T06:35:00Z,2026-04-05T20:37:42Z,2026-04-05T22:30:00Z,,1775419200,expected_expiration-150m,1775419200,0.02,0.58,0.3,0.58,76,1034.00,817.00
KXNBA1HSPREAD-26APR05PHXCHI-PHX5,KXNBA1HSPREAD-26APR05PHXCHI,KXNBA1HSPREAD,spread,Will Phoenix win the 1H by over 5.5 points?,Phoenix wins the 1H by over 5.5 points,Phoenix wins the 1H by over 5.5 points,yes,1,finalized,2026-04-05T06:35:00Z,2026-04-05T20:37:42Z,2026-04-05T22:30:00Z,,1775419200,expected_expiration-150m,1775419200,0.39,0.42,0.405,,89,16162.00,13192.00
KXNBA1HSPREAD-26APR05PHXCHI-PHX2,KXNBA1HSPREAD-26APR05PHXCHI,KXNBA1HSPREAD,spread,Will Phoenix win the 1H by over 2.5 points?,Phoenix wins the 1H by over 2.5 points,Phoenix wins the 1H by over 2.5 points,yes,1,finalized,2026-04-05T06:35:00Z,2026-04-05T20:37:43Z,2026-04-05T22:30:00Z,,1775419200,expected_expiration-150m,1775419200,0.46,0.54,0.5,0.59,62,6981.00,6163.00
KXNBA1HSPREAD-26APR05PHXCHI-CHI7,KXNBA1HSPREAD-26APR05PHXCHI,KXNBA1HSPREAD,spread,Will Chicago win the 1H by over 7.5 points?,Chicago wins the 1H by over 7.5 points,Chicago wins the 1H by over 7.5 points,no,0,finalized,2026-04-05T06:35:00Z,2026-04-05T20:37:43Z,2026-04-05T22:30:00Z,,1775419200,expected_expiration-150m,1775419200,0.0,0.64,0.32,,34,0.00,0.00
KXNBA1HSPREAD-26APR05PHXCHI-CHI4,KXNBA1HSPREAD-26APR05PHXCHI,KXNBA1HSPREAD,spread,Will Chicago win the 1H by over 4.5 points?,Chicago wins the 1H by over 4.5 points,Chicago wins the 1H by over 4.5 points,no,0,finalized,2026-04-05T06:35:00Z,2026-04-05T20:37:43Z,2026-04-05T22:30:00Z,,1775419200,expected_expiration-150m,1775419200,0.04,0.44,0.24,,34,0.00,0.00
KXNBA1HSPREAD-26APR05PHXCHI-CHI22,KXNBA1HSPREAD-26APR05PHXCHI,KXNBA1HSPREAD,spread,Will Chicago win the 1H by over 22.5 points?,Chicago wins the 1H by over 22.5 points,Chicago wins the 1H by over 22.5 points,no,0,finalized,2026-04-05T06:35:00Z,2026-04-05T20:37:44Z,2026-04-05T22:30:00Z,,1775419200,expected_expiration-150m,1775419140,0.0,0.13,0.065,,30,0.00,0.00
KXNBA1HSPREAD-26APR05PHXCHI-CHI19,KXNBA1HSPREAD-26APR05PHXCHI,KXNBA1HSPREAD,spread,Will Chicago win the 1H by over 19.5 points?,Chicago wins the 1H by over 19.5 points,Chicago wins the 1H by over 19.5 points,no,0,finalized,2026-04-05T06:35:00Z,2026-04-05T20:37:44Z,2026-04-05T22:30:00Z,,1775419200,expected_expiration-150m,1775419200,0.0,0.19,0.095,,34,0.00,0.00
KXNBA1HSPREAD-26APR05PHXCHI-CHI16,KXNBA1HSPREAD-26APR05PHXCHI,KXNBA1HSPREAD,spread,Will Chicago win the 1H by over 16.5 points?,Chicago wins the 1H by over 16.5 points,Chicago wins the 1H by over 16.5 points,no,0,finalized,2026-04-05T06:35:00Z,2026-04-05T20:37:44Z,2026-04-05T22:30:00Z,,1775419200,expected_expiration-150m,1775419200,0.0,0.29,0.145,,33,0.00,0.00
KXNBA1HSPREAD-26APR05PHXCHI-CHI13,KXNBA1HSPREAD-26APR05PHXCHI,KXNBA1HSPREAD,spread,Will Chicago win the 1H by over 13.5 points?,Chicago wins the 1H by over 13.5 points,Chicago wins the 1H by over 13.5 points,no,0,finalized,2026-04-05T06:35:00Z,2026-04-05T20:37:44Z,2026-04-05T22:30:00Z,,1775419200,expected_expiration-150m,1775419200,0.0,0.4,0.2,,34,0.00,0.00
KXNBA1HSPREAD-26APR05PHXCHI-CHI10,KXNBA1HSPREAD-26APR05PHXCHI,KXNBA1HSPREAD,spread,Will Chicago win the 1H by over 10.5 points?,Chicago wins the 1H by over 10.5 points,Chicago wins the 1H by over 10.5 points,no,0,finalized,2026-04-05T06:35:00Z,2026-04-05T20:37:44Z,2026-04-05T22:30:00Z,,1775419200,expected_expiration-150m,1775419200,0.0,0.49,0.245,,34,0.00,0.00
KXNBA1HSPREAD-26APR05PHXCHI-CHI1,KXNBA1HSPREAD-26APR05PHXCHI,KXNBA1HSPREAD,spread,Will Chicago win the 1H by over 1.5 points?,Chicago wins the 1H by over 1.5 points,Chicago wins the 1H by over 1.5 points,no,0,finalized,2026-04-05T06:35:00Z,2026-04-05T20:37:43Z,2026-04-05T22:30:00Z,,1775419200,expected_expiration-150m,1775419200,0.09,0.44,0.265,,40,62.00,62.00
KXNBA1HSPREAD-26APR05LALDAL-LAL9,KXNBA1HSPREAD-26APR05LALDAL,KXNBA1HSPREAD,spread,Will Los Angeles L win the 1H by over 9.5 points?,Los Angeles L wins the 1H by over 9.5 points,Los Angeles L wins the 1H by over 9.5 points,no,0,finalized,2026-04-05T05:35:00Z,2026-04-06T00:41:34Z,2026-04-06T02:30:00Z,,1775433600,expected_expiration-150m,1775433600,0.0,0.48,0.24,,39,25.00,25.00
KXNBA1HSPREAD-26APR05LALDAL-LAL6,KXNBA1HSPREAD-26APR05LALDAL,KXNBA1HSPREAD,spread,Will Los Angeles L win the 1H by over 6.5 points?,Los Angeles L wins the 1H by over 6.5 points,Los Angeles L wins the 1H by over 6.5 points,no,0,finalized,2026-04-05T05:35:00Z,2026-04-06T00:41:33Z,2026-04-06T02:30:00Z,,1775433600,expected_expiration-150m,1775433600,0.0,0.51,0.255,,79,1518.00,1406.00
KXNBA1HSPREAD-26APR05LALDAL-LAL3,KXNBA1HSPREAD-26APR05LALDAL,KXNBA1HSPREAD,spread,Will Los Angeles L win the 1H by over 3.5 points?,Los Angeles L wins the 1H by over 3.5 points,Los Angeles L wins the 1H by over 3.5 points,no,0,finalized,2026-04-05T05:35:00Z,2026-04-06T00:41:33Z,2026-04-06T02:30:00Z,,1775433600,expected_expiration-150m,1775433600,0.05,0.49,0.27,,86,11988.00,11682.00
KXNBA1HSPREAD-26APR05LALDAL-LAL15,KXNBA1HSPREAD-26APR05LALDAL,KXNBA1HSPREAD,spread,Will Los Angeles L win the 1H by over 15.5 points?,Los Angeles L wins the 1H by over 15.5 points,Los Angeles L wins the 1H by over 15.5 points,no,0,finalized,2026-04-05T05:35:00Z,2026-04-06T00:41:34Z,2026-04-06T02:30:00Z,,1775433600,expected_expiration-150m,1775433600,0.0,0.28,0.14,,38,2.00,2.00
KXNBA1HSPREAD-26APR05LALDAL-LAL12,KXNBA1HSPREAD-26APR05LALDAL,KXNBA1HSPREAD,spread,Will Los Angeles L win the 1H by over 12.5 points?,Los Angeles L wins the 1H by over 12.5 points,Los Angeles L wins the 1H by over 12.5 points,no,0,finalized,2026-04-05T05:35:00Z,2026-04-06T00:41:34Z,2026-04-06T02:30:00Z,,1775433600,expected_expiration-150m,1775433600,0.0,0.38,0.19,,38,1.00,1.00
KXNBA1HSPREAD-26APR05LALDAL-DAL9,KXNBA1HSPREAD-26APR05LALDAL,KXNBA1HSPREAD,spread,Will Dallas win the 1H by over 9.5 points?,Dallas wins the 1H by over 9.5 points,Dallas wins the 1H by over 9.5 points,no,0,finalized,2026-04-05T05:35:00Z,2026-04-06T00:41:33Z,2026-04-06T02:30:00Z,,1775433600,expected_expiration-150m,1775433600,0.0,0.65,0.325,,41,5713.00,3143.00
KXNBA1HSPREAD-26APR05LALDAL-DAL6,KXNBA1HSPREAD-26APR05LALDAL,KXNBA1HSPREAD,spread,Will Dallas win the 1H by over 6.5 points?,Dallas wins the 1H by over 6.5 points,Dallas wins the 1H by over 6.5 points,no,0,finalized,2026-04-05T05:35:00Z,2026-04-06T00:41:33Z,2026-04-06T02:30:00Z,,1775433600,expected_expiration-150m,1775433600,0.36,0.54,0.45,0.42,38,4277.00,3711.00
KXNBA1HSPREAD-26APR05LALDAL-DAL3,KXNBA1HSPREAD-26APR05LALDAL,KXNBA1HSPREAD,spread,Will Dallas win the 1H by over 3.5 points?,Dallas wins the 1H by over 3.5 points,Dallas wins the 1H by over 3.5 points,yes,1,finalized,2026-04-05T05:35:00Z,2026-04-06T00:41:33Z,2026-04-06T02:30:00Z,,1775433600,expected_expiration-150m,1775433600,0.53,0.65,0.5900000000000001,0.52,66,10881.00,6517.00
KXNBA1HSPREAD-26APR05LALDAL-DAL15,KXNBA1HSPREAD-26APR05LALDAL,KXNBA1HSPREAD,spread,Will Dallas win the 1H by over 15.5 points?,Dallas wins the 1H by over 15.5 points,Dallas wins the 1H by over 15.5 points,no,0,finalized,2026-04-05T05:35:00Z,2026-04-06T00:41:32Z,2026-04-06T02:30:00Z,,1775433600,expected_expiration-150m,1775433600,0.0,0.4,0.2,,36,15130.00,9283.00
KXNBA1HSPREAD-26APR05LALDAL-DAL12,KXNBA1HSPREAD-26APR05LALDAL,KXNBA1HSPREAD,spread,Will Dallas win the 1H by over 12.5 points?,Dallas wins the 1H by over 12.5 points,Dallas wins the 1H by over 12.5 points,no,0,finalized,2026-04-05T05:35:00Z,2026-04-06T00:41:32Z,2026-04-06T02:30:00Z,,1775433600,expected_expiration-150m,1775433600,0.0,0.5,0.25,,41,3033.00,1941.00
KXNBA1HSPREAD-26APR05ORLNOP-ORL9,KXNBA1HSPREAD-26APR05ORLNOP,KXNBA1HSPREAD,spread,Will Orlando win the 1H by over 9.5 points?,Orlando wins the 1H by over 9.5 points,Orlando wins the 1H by over 9.5 points,no,0,finalized,2026-04-05T05:35:00Z,2026-04-06T00:11:33Z,2026-04-06T02:00:00Z,,1775431800,expected_expiration-150m,1775431800,0.0,0.35,0.175,,60,0.00,0.00
KXNBA1HSPREAD-26APR05ORLNOP-ORL6,KXNBA1HSPREAD-26APR05ORLNOP,KXNBA1HSPREAD,spread,Will Orlando win the 1H by over 6.5 points?,Orlando wins the 1H by over 6.5 points,Orlando wins the 1H by over 6.5 points,no,0,finalized,2026-04-05T05:35:00Z,2026-04-06T00:11:33Z,2026-04-06T02:00:00Z,,1775431800,expected_expiration-150m,1775431800,0.03,0.43,0.22999999999999998,,60,3065.00,2921.00
KXNBA1HSPREAD-26APR05ORLNOP-ORL3,KXNBA1HSPREAD-26APR05ORLNOP,KXNBA1HSPREAD,spread,Will Orlando win the 1H by over 3.5 points?,Orlando wins the 1H by over 3.5 points,Orlando wins the 1H by over 3.5 points,no,0,finalized,2026-04-05T05:35:00Z,2026-04-06T00:11:34Z,2026-04-06T02:00:00Z,,1775431800,expected_expiration-150m,1775431800,0.15,0.19,0.16999999999999998,,78,17942.00,13503.00
KXNBA1HSPREAD-26APR05ORLNOP-ORL12,KXNBA1HSPREAD-26APR05ORLNOP,KXNBA1HSPREAD,spread,Will Orlando win the 1H by over 12.5 points?,Orlando wins the 1H by over 12.5 points,Orlando wins the 1H by over 12.5 points,no,0,finalized,2026-04-05T05:35:00Z,2026-04-06T00:11:33Z,2026-04-06T02:00:00Z,,1775431800,expected_expiration-150m,1775431800,0.0,0.21,0.105,,33,0.00,0.00
KXNBA1HSPREAD-26APR05ORLNOP-NOP9,KXNBA1HSPREAD-26APR05ORLNOP,KXNBA1HSPREAD,spread,Will New Orleans win the 1H by over 9.5 points?,New Orleans wins the 1H by over 9.5 points,New Orleans wins the 1H by over 9.5 points,no,0,finalized,2026-04-05T05:35:00Z,2026-04-06T00:11:34Z,2026-04-06T02:00:00Z,,1775431800,expected_expiration-150m,1775431800,0.02,0.64,0.33,,33,0.00,0.00
KXNBA1HSPREAD-26APR05ORLNOP-NOP6,KXNBA1HSPREAD-26APR05ORLNOP,KXNBA1HSPREAD,spread,Will New Orleans win the 1H by over 6.5 points?,New Orleans wins the 1H by over 6.5 points,New Orleans wins the 1H by over 6.5 points,yes,1,finalized,2026-04-05T05:35:00Z,2026-04-06T00:11:34Z,2026-04-06T02:00:00Z,,1775431800,expected_expiration-150m,1775431800,0.07,0.65,0.36,,34,200.00,200.00
KXNBA1HSPREAD-26APR05ORLNOP-NOP3,KXNBA1HSPREAD-26APR05ORLNOP,KXNBA1HSPREAD,spread,Will New Orleans win the 1H by over 3.5 points?,New Orleans wins the 1H by over 3.5 points,New Orleans wins the 1H by over 3.5 points,yes,1,finalized,2026-04-05T05:35:00Z,2026-04-06T00:11:34Z,2026-04-06T02:00:00Z,,1775431800,expected_expiration-150m,1775431800,0.46,0.55,0.505,0.6,63,5503.00,5092.00
KXNBA1HSPREAD-26APR05ORLNOP-NOP18,KXNBA1HSPREAD-26APR05ORLNOP,KXNBA1HSPREAD,spread,Will New Orleans win the 1H by over 18.5 points?,New Orleans wins the 1H by over 18.5 points,New Orleans wins the 1H by over 18.5 points,no,0,finalized,2026-04-05T05:35:00Z,2026-04-06T00:11:35Z,2026-04-06T02:00:00Z,,1775431800,expected_expiration-150m,1775431800,0.0,0.31,0.155,,31,0.00,0.00
KXNBA1HSPREAD-26APR05ORLNOP-NOP15,KXNBA1HSPREAD-26APR05ORLNOP,KXNBA1HSPREAD,spread,Will New Orleans win the 1H by over 15.5 points?,New Orleans wins the 1H by over 15.5 points,New Orleans wins the 1H by over 15.5 points,no,0,finalized,2026-04-05T05:35:00Z,2026-04-06T00:11:35Z,2026-04-06T02:00:00Z,,1775431800,expected_expiration-150m,1775431800,0.0,0.43,0.215,,30,0.00,0.00
KXNBA1HSPREAD-26APR05ORLNOP-NOP12,KXNBA1HSPREAD-26APR05ORLNOP,KXNBA1HSPREAD,spread,Will New Orleans win the 1H by over 12.5 points?,New Orleans wins the 1H by over 12.5 points,New Orleans wins the 1H by over 12.5 points,no,0,finalized,2026-04-05T05:35:00Z,2026-04-06T00:11:34Z,2026-04-06T02:00:00Z,,1775431800,expected_expiration-150m,1775431800,0.0,0.52,0.26,,39,0.00,0.00
KXNBA1HSPREAD-26APR05MEMMIL-MIL9,KXNBA1HSPREAD-26APR05MEMMIL,KXNBA1HSPREAD,spread,Will Milwaukee win the 1H by over 9.5 points?,Milwaukee wins the 1H by over 9.5 points,Milwaukee wins the 1H by over 9.5 points,no,0,finalized,2026-04-05T05:35:00Z,2026-04-05T20:37:44Z,2026-04-05T22:30:00Z,,1775419200,expected_expiration-150m,1775419080,0.0,0.74,0.37,,46,61.00,47.00
KXNBA1HSPREAD-26APR05MEMMIL-MIL6,KXNBA1HSPREAD-26APR05MEMMIL,KXNBA1HSPREAD,spread,Will Milwaukee win the 1H by over 6.5 points?,Milwaukee wins the 1H by over 6.5 points,Milwaukee wins the 1H by over 6.5 points,no,0,finalized,2026-04-05T05:35:00Z,2026-04-05T20:37:44Z,2026-04-05T22:30:00Z,,1775419200,expected_expiration-150m,1775419200,0.41,0.53,0.47,,53,225.00,225.00
KXNBA1HSPREAD-26APR05MEMMIL-MIL3,KXNBA1HSPREAD-26APR05MEMMIL,KXNBA1HSPREAD,spread,Will Milwaukee win the 1H by over 3.5 points?,Milwaukee wins the 1H by over 3.5 points,Milwaukee wins the 1H by over 3.5 points,yes,1,finalized,2026-04-05T05:35:00Z,2026-04-05T20:37:43Z,2026-04-05T22:30:00Z,,1775419200,expected_expiration-150m,1775419200,0.56,0.61,0.585,,49,3968.00,3565.00
KXNBA1HSPREAD-26APR05MEMMIL-MIL12,KXNBA1HSPREAD-26APR05MEMMIL,KXNBA1HSPREAD,spread,Will Milwaukee win the 1H by over 12.5 points?,Milwaukee wins the 1H by over 12.5 points,Milwaukee wins the 1H by over 12.5 points,no,0,finalized,2026-04-05T05:35:00Z,2026-04-05T20:37:44Z,2026-04-05T22:30:00Z,,1775419200,expected_expiration-150m,1775419200,0.0,0.98,0.49,,21,37.00,29.00
KXNBA1HSPREAD-26APR05MEMMIL-MEM9,KXNBA1HSPREAD-26APR05MEMMIL,KXNBA1HSPREAD,spread,Will Memphis win the 1H by over 9.5 points?,Memphis wins the 1H by over 9.5 points,Memphis wins the 1H by over 9.5 points,no,0,finalized,2026-04-05T05:35:00Z,2026-04-05T20:37:42Z,2026-04-05T22:30:00Z,,1775419200,expected_expiration-150m,1775419200,0.0,0.98,0.49,,14,2.00,2.00
KXNBA1HSPREAD-26APR05MEMMIL-MEM6,KXNBA1HSPREAD-26APR05MEMMIL,KXNBA1HSPREAD,spread,Will Memphis win the 1H by over 6.5 points?,Memphis wins the 1H by over 6.5 points,Memphis wins the 1H by over 6.5 points,no,0,finalized,2026-04-05T05:35:00Z,2026-04-05T20:37:43Z,2026-04-05T22:30:00Z,,1775419200,expected_expiration-150m,1775419200,0.0,0.98,0.49,,13,0.00,0.00
KXNBA1HSPREAD-26APR05MEMMIL-MEM3,KXNBA1HSPREAD-26APR05MEMMIL,KXNBA1HSPREAD,spread,Will Memphis win the 1H by over 3.5 points?,Memphis wins the 1H by over 3.5 points,Memphis wins the 1H by over 3.5 points,no,0,finalized,2026-04-05T05:35:00Z,2026-04-05T20:37:43Z,2026-04-05T22:30:00Z,,1775419200,expected_expiration-150m,1775418720,0.0,0.74,0.37,,34,0.00,0.00
KXNBA1HSPREAD-26APR05MEMMIL-MEM18,KXNBA1HSPREAD-26APR05MEMMIL,KXNBA1HSPREAD,spread,Will Memphis win the 1H by over 18.5 points?,Memphis wins the 1H by over 18.5 points,Memphis wins the 1H by over 18.5 points,no,0,finalized,2026-04-05T05:35:00Z,2026-04-05T20:37:42Z,2026-04-05T22:30:00Z,,1775419200,expected_expiration-150m,1775419200,0.02,0.94,0.48,,37,1.00,1.00
KXNBA1HSPREAD-26APR05MEMMIL-MEM15,KXNBA1HSPREAD-26APR05MEMMIL,KXNBA1HSPREAD,spread,Will Memphis win the 1H by over 15.5 points?,Memphis wins the 1H by over 15.5 points,Memphis wins the 1H by over 15.5 points,no,0,finalized,2026-04-05T05:35:00Z,2026-04-05T20:37:42Z,2026-04-05T22:30:00Z,,1775419200,expected_expiration-150m,1775419200,0.0,0.98,0.49,,15,0.00,0.00
KXNBA1HSPREAD-26APR05MEMMIL-MEM12,KXNBA1HSPREAD-26APR05MEMMIL,KXNBA1HSPREAD,spread,Will Memphis win the 1H by over 12.5 points?,Memphis wins the 1H by over 12.5 points,Memphis wins the 1H by over 12.5 points,no,0,finalized,2026-04-05T05:35:00Z,2026-04-05T20:37:42Z,2026-04-05T22:30:00Z,,1775419200,expected_expiration-150m,1775419200,0.0,0.98,0.49,,14,243.00,243.00
KXNBA1HSPREAD-26APR05INDCLE-IND7,KXNBA1HSPREAD-26APR05INDCLE,KXNBA1HSPREAD,spread,Will Indiana win the 1H by over 7.5 points?,Indiana wins the 1H by over 7.5 points,Indiana wins the 1H by over 7.5 points,no,0,finalized,2026-04-05T03:35:00Z,2026-04-05T23:07:47Z,2026-04-06T01:00:00Z,,1775428200,expected_expiration-150m,1775428200,0.0,0.48,0.24,,39,2872.00,1944.00
KXNBA1HSPREAD-26APR05INDCLE-IND4,KXNBA1HSPREAD-26APR05INDCLE,KXNBA1HSPREAD,spread,Will Indiana win the 1H by over 4.5 points?,Indiana wins the 1H by over 4.5 points,Indiana wins the 1H by over 4.5 points,no,0,finalized,2026-04-05T03:35:00Z,2026-04-05T23:07:47Z,2026-04-06T01:00:00Z,,1775428200,expected_expiration-150m,1775428200,0.12,0.43,0.275,,42,9837.00,5058.00
KXNBA1HSPREAD-26APR05INDCLE-IND25,KXNBA1HSPREAD-26APR05INDCLE,KXNBA1HSPREAD,spread,Will Indiana win the 1H by over 25.5 points?,Indiana wins the 1H by over 25.5 points,Indiana wins the 1H by over 25.5 points,no,0,finalized,2026-04-05T03:35:00Z,2026-04-05T23:07:46Z,2026-04-06T01:00:00Z,,1775428200,expected_expiration-150m,1775428200,0.0,0.12,0.06,,29,2.00,2.00
KXNBA1HSPREAD-26APR05INDCLE-IND22,KXNBA1HSPREAD-26APR05INDCLE,KXNBA1HSPREAD,spread,Will Indiana win the 1H by over 22.5 points?,Indiana wins the 1H by over 22.5 points,Indiana wins the 1H by over 22.5 points,no,0,finalized,2026-04-05T03:35:00Z,2026-04-05T23:07:46Z,2026-04-06T01:00:00Z,,1775428200,expected_expiration-150m,1775428200,0.0,0.08,0.04,,39,0.00,0.00
KXNBA1HSPREAD-26APR05INDCLE-IND19,KXNBA1HSPREAD-26APR05INDCLE,KXNBA1HSPREAD,spread,Will Indiana win the 1H by over 19.5 points?,Indiana wins the 1H by over 19.5 points,Indiana wins the 1H by over 19.5 points,no,0,finalized,2026-04-05T03:35:00Z,2026-04-05T23:07:46Z,2026-04-06T01:00:00Z,,1775428200,expected_expiration-150m,1775428200,0.0,0.12,0.06,,41,0.00,0.00
KXNBA1HSPREAD-26APR05INDCLE-IND16,KXNBA1HSPREAD-26APR05INDCLE,KXNBA1HSPREAD,spread,Will Indiana win the 1H by over 16.5 points?,Indiana wins the 1H by over 16.5 points,Indiana wins the 1H by over 16.5 points,no,0,finalized,2026-04-05T03:35:00Z,2026-04-05T23:07:46Z,2026-04-06T01:00:00Z,,1775428200,expected_expiration-150m,1775428200,0.0,0.2,0.1,,41,0.00,0.00
KXNBA1HSPREAD-26APR05INDCLE-IND13,KXNBA1HSPREAD-26APR05INDCLE,KXNBA1HSPREAD,spread,Will Indiana win the 1H by over 13.5 points?,Indiana wins the 1H by over 13.5 points,Indiana wins the 1H by over 13.5 points,no,0,finalized,2026-04-05T03:35:00Z,2026-04-05T23:07:47Z,2026-04-06T01:00:00Z,,1775428200,expected_expiration-150m,1775428200,0.0,0.32,0.16,,40,0.00,0.00
KXNBA1HSPREAD-26APR05INDCLE-IND10,KXNBA1HSPREAD-26APR05INDCLE,KXNBA1HSPREAD,spread,Will Indiana win the 1H by over 10.5 points?,Indiana wins the 1H by over 10.5 points,Indiana wins the 1H by over 10.5 points,no,0,finalized,2026-04-05T03:35:00Z,2026-04-05T23:07:47Z,2026-04-06T01:00:00Z,,1775428200,expected_expiration-150m,1775428200,0.0,0.42,0.21,,40,0.00,0.00
KXNBA1HSPREAD-26APR05INDCLE-IND1,KXNBA1HSPREAD-26APR05INDCLE,KXNBA1HSPREAD,spread,Will Indiana win the 1H by over 1.5 points?,Indiana wins the 1H by over 1.5 points,Indiana wins the 1H by over 1.5 points,yes,1,finalized,2026-04-05T03:35:00Z,2026-04-05T23:07:48Z,2026-04-06T01:00:00Z,,1775428200,expected_expiration-150m,1775428200,0.34,0.5,0.42000000000000004,0.58,43,14339.00,5472.00
KXNBA1HSPREAD-26APR05INDCLE-CLE5,KXNBA1HSPREAD-26APR05INDCLE,KXNBA1HSPREAD,spread,Will Cleveland win the 1H by over 5.5 points?,Cleveland wins the 1H by over 5.5 points,Cleveland wins the 1H by over 5.5 points,no,0,finalized,2026-04-05T03:35:00Z,2026-04-05T23:07:48Z,2026-04-06T01:00:00Z,,1775428200,expected_expiration-150m,1775428200,0.34,0.52,0.43000000000000005,0.53,68,31938.00,23134.00
KXNBA1HSPREAD-26APR05INDCLE-CLE2,KXNBA1HSPREAD-26APR05INDCLE,KXNBA1HSPREAD,spread,Will Cleveland win the 1H by over 2.5 points?,Cleveland wins the 1H by over 2.5 points,Cleveland wins the 1H by over 2.5 points,no,0,finalized,2026-04-05T03:35:00Z,2026-04-05T23:07:48Z,2026-04-06T01:00:00Z,,1775428200,expected_expiration-150m,1775428200,0.54,0.6,0.5700000000000001,0.52,49,23382.00,18877.00
KXNBA1HSPREAD-26APR05HOUGSW-HOU7,KXNBA1HSPREAD-26APR05HOUGSW,KXNBA1HSPREAD,spread,Will Houston win the 1H by over 7.5 points?,Houston wins the 1H by over 7.5 points,Houston wins the 1H by over 7.5 points,no,0,finalized,2026-04-05T02:35:00Z,2026-04-06T03:13:32Z,2026-04-06T05:00:00Z,,1775442600,expected_expiration-150m,1775442600,0.0,0.46,0.23,,96,2270.00,1652.00
KXNBA1HSPREAD-26APR05HOUGSW-HOU4,KXNBA1HSPREAD-26APR05HOUGSW,KXNBA1HSPREAD,spread,Will Houston win the 1H by over 4.5 points?,Houston wins the 1H by over 4.5 points,Houston wins the 1H by over 4.5 points,no,0,finalized,2026-04-05T02:35:00Z,2026-04-06T03:13:32Z,2026-04-06T05:00:00Z,,1775442600,expected_expiration-150m,1775442600,0.34,0.47,0.405,,69,21987.00,14425.00
KXNBA1HSPREAD-26APR05HOUGSW-HOU13,KXNBA1HSPREAD-26APR05HOUGSW,KXNBA1HSPREAD,spread,Will Houston win the 1H by over 13.5 points?,Houston wins the 1H by over 13.5 points,Houston wins the 1H by over 13.5 points,no,0,finalized,2026-04-05T02:35:00Z,2026-04-06T03:13:32Z,2026-04-06T05:00:00Z,,1775442600,expected_expiration-150m,1775442600,0.0,0.3,0.15,,109,5.00,5.00
KXNBA1HSPREAD-26APR05HOUGSW-HOU10,KXNBA1HSPREAD-26APR05HOUGSW,KXNBA1HSPREAD,spread,Will Houston win the 1H by over 10.5 points?,Houston wins the 1H by over 10.5 points,Houston wins the 1H by over 10.5 points,no,0,finalized,2026-04-05T02:35:00Z,2026-04-06T03:13:32Z,2026-04-06T05:00:00Z,,1775442600,expected_expiration-150m,1775442600,0.0,0.53,0.265,,111,0.00,0.00
KXNBA1HSPREAD-26APR05HOUGSW-HOU1,KXNBA1HSPREAD-26APR05HOUGSW,KXNBA1HSPREAD,spread,Will Houston win the 1H by over 1.5 points?,Houston wins the 1H by over 1.5 points,Houston wins the 1H by over 1.5 points,yes,1,finalized,2026-04-05T02:35:00Z,2026-04-06T03:13:31Z,2026-04-06T05:00:00Z,,1775442600,expected_expiration-150m,1775442600,0.49,0.53,0.51,0.59,104,112004.00,69510.00
KXNBA1HSPREAD-26APR05HOUGSW-GSW8,KXNBA1HSPREAD-26APR05HOUGSW,KXNBA1HSPREAD,spread,Will Golden State win the 1H by over 8.5 points?,Golden State wins the 1H by over 8.5 points,Golden State wins the 1H by over 8.5 points,no,0,finalized,2026-04-05T02:35:00Z,2026-04-06T03:13:31Z,2026-04-06T05:00:00Z,,1775442600,expected_expiration-150m,1775442600,0.0,0.61,0.305,,109,519.00,519.00
KXNBA1HSPREAD-26APR05HOUGSW-GSW5,KXNBA1HSPREAD-26APR05HOUGSW,KXNBA1HSPREAD,spread,Will Golden State win the 1H by over 5.5 points?,Golden State wins the 1H by over 5.5 points,Golden State wins the 1H by over 5.5 points,no,0,finalized,2026-04-05T02:35:00Z,2026-04-06T03:13:31Z,2026-04-06T05:00:00Z,,1775442600,expected_expiration-150m,1775442600,0.04,0.57,0.305,,57,6826.00,6768.00
KXNBA1HSPREAD-26APR05HOUGSW-GSW2,KXNBA1HSPREAD-26APR05HOUGSW,KXNBA1HSPREAD,spread,Will Golden State win the 1H by over 2.5 points?,Golden State wins the 1H by over 2.5 points,Golden State wins the 1H by over 2.5 points,no,0,finalized,2026-04-05T02:35:00Z,2026-04-06T03:13:31Z,2026-04-06T05:00:00Z,,1775442600,expected_expiration-150m,1775442600,0.42,0.45,0.435,0.46,96,22560.00,12174.00
KXNBA1HSPREAD-26APR05HOUGSW-GSW17,KXNBA1HSPREAD-26APR05HOUGSW,KXNBA1HSPREAD,spread,Will Golden State win the 1H by over 17.5 points?,Golden State wins the 1H by over 17.5 points,Golden State wins the 1H by over 17.5 points,no,0,finalized,2026-04-05T02:35:00Z,2026-04-06T03:13:30Z,2026-04-06T05:00:00Z,,1775442600,expected_expiration-150m,1775442600,0.0,0.26,0.13,,103,0.00,0.00
KXNBA1HSPREAD-26APR05HOUGSW-GSW14,KXNBA1HSPREAD-26APR05HOUGSW,KXNBA1HSPREAD,spread,Will Golden State win the 1H by over 14.5 points?,Golden State wins the 1H by over 14.5 points,Golden State wins the 1H by over 14.5 points,no,0,finalized,2026-04-05T02:35:00Z,2026-04-06T03:13:31Z,2026-04-06T05:00:00Z,,1775442600,expected_expiration-150m,1775442600,0.0,0.38,0.19,,107,0.00,0.00
KXNBA1HSPREAD-26APR05HOUGSW-GSW11,KXNBA1HSPREAD-26APR05HOUGSW,KXNBA1HSPREAD,spread,Will Golden State win the 1H by over 11.5 points?,Golden State wins the 1H by over 11.5 points,Golden State wins the 1H by over 11.5 points,no,0,finalized,2026-04-05T02:35:00Z,2026-04-06T03:13:31Z,2026-04-06T05:00:00Z,,1775442600,expected_expiration-150m,1775442600,0.0,0.5,0.25,,106,0.00,0.00
KXNBA1HSPREAD-26APR04WASMIA-WAS7,KXNBA1HSPREAD-26APR04WASMIA,KXNBA1HSPREAD,spread,Will Washington win the 1H by over 7.5 points?,Washington wins the 1H by over 7.5 points,Washington wins the 1H by over 7.5 points,no,0,finalized,2026-04-04T05:35:00Z,2026-04-04T20:10:24Z,2026-04-04T22:00:00Z,,1775331000,expected_expiration-150m,1775331000,0.0,0.29,0.145,,18,253.00,160.00
KXNBA1HSPREAD-26APR04WASMIA-WAS4,KXNBA1HSPREAD-26APR04WASMIA,KXNBA1HSPREAD,spread,Will Washington win the 1H by over 4.5 points?,Washington wins the 1H by over 4.5 points,Washington wins the 1H by over 4.5 points,no,0,finalized,2026-04-04T05:35:00Z,2026-04-04T20:10:24Z,2026-04-04T22:00:00Z,,1775331000,expected_expiration-150m,1775331000,0.0,0.39,0.195,,19,225.00,224.00
KXNBA1HSPREAD-26APR04WASMIA-WAS25,KXNBA1HSPREAD-26APR04WASMIA,KXNBA1HSPREAD,spread,Will Washington win the 1H by over 25.5 points?,Washington wins the 1H by over 25.5 points,Washington wins the 1H by over 25.5 points,no,0,finalized,2026-04-04T05:35:00Z,2026-04-04T20:10:21Z,2026-04-04T22:00:00Z,,1775331000,expected_expiration-150m,1775331000,0.0,0.06,0.03,,10,0.00,0.00
KXNBA1HSPREAD-26APR04WASMIA-WAS22,KXNBA1HSPREAD-26APR04WASMIA,KXNBA1HSPREAD,spread,Will Washington win the 1H by over 22.5 points?,Washington wins the 1H by over 22.5 points,Washington wins the 1H by over 22.5 points,no,0,finalized,2026-04-04T05:35:00Z,2026-04-04T20:10:22Z,2026-04-04T22:00:00Z,,1775331000,expected_expiration-150m,1775331000,0.0,0.08,0.04,,9,0.00,0.00
KXNBA1HSPREAD-26APR04WASMIA-WAS19,KXNBA1HSPREAD-26APR04WASMIA,KXNBA1HSPREAD,spread,Will Washington win the 1H by over 19.5 points?,Washington wins the 1H by over 19.5 points,Washington wins the 1H by over 19.5 points,no,0,finalized,2026-04-04T05:35:00Z,2026-04-04T20:10:22Z,2026-04-04T22:00:00Z,,1775331000,expected_expiration-150m,1775331000,0.0,0.1,0.05,,10,0.00,0.00
KXNBA1HSPREAD-26APR04WASMIA-WAS16,KXNBA1HSPREAD-26APR04WASMIA,KXNBA1HSPREAD,spread,Will Washington win the 1H by over 16.5 points?,Washington wins the 1H by over 16.5 points,Washington wins the 1H by over 16.5 points,no,0,finalized,2026-04-04T05:35:00Z,2026-04-04T20:10:22Z,2026-04-04T22:00:00Z,,1775331000,expected_expiration-150m,1775331000,0.0,0.1,0.05,,10,95.00,95.00
KXNBA1HSPREAD-26APR04WASMIA-WAS13,KXNBA1HSPREAD-26APR04WASMIA,KXNBA1HSPREAD,spread,Will Washington win the 1H by over 13.5 points?,Washington wins the 1H by over 13.5 points,Washington wins the 1H by over 13.5 points,no,0,finalized,2026-04-04T05:35:00Z,2026-04-04T20:10:23Z,2026-04-04T22:00:00Z,,1775331000,expected_expiration-150m,1775331000,0.0,0.13,0.065,,15,5.00,5.00
KXNBA1HSPREAD-26APR04WASMIA-WAS10,KXNBA1HSPREAD-26APR04WASMIA,KXNBA1HSPREAD,spread,Will Washington win the 1H by over 10.5 points?,Washington wins the 1H by over 10.5 points,Washington wins the 1H by over 10.5 points,no,0,finalized,2026-04-04T05:35:00Z,2026-04-04T20:10:23Z,2026-04-04T22:00:00Z,,1775331000,expected_expiration-150m,1775331000,0.0,0.22,0.11,,14,5.00,5.00
KXNBA1HSPREAD-26APR04WASMIA-WAS1,KXNBA1HSPREAD-26APR04WASMIA,KXNBA1HSPREAD,spread,Will Washington win the 1H by over 1.5 points?,Washington wins the 1H by over 1.5 points,Washington wins the 1H by over 1.5 points,no,0,finalized,2026-04-04T05:35:00Z,2026-04-04T20:10:24Z,2026-04-04T22:00:00Z,,1775331000,expected_expiration-150m,1775331000,0.02,0.49,0.255,,63,35.00,35.00
KXNBA1HSPREAD-26APR04WASMIA-MIA5,KXNBA1HSPREAD-26APR04WASMIA,KXNBA1HSPREAD,spread,Will Miami win the 1H by over 5.5 points?,Miami wins the 1H by over 5.5 points,Miami wins the 1H by over 5.5 points,yes,1,finalized,2026-04-04T05:35:00Z,2026-04-04T20:10:25Z,2026-04-04T22:00:00Z,,1775331000,expected_expiration-150m,1775331000,0.48,0.72,0.6,0.48,81,6719.00,5984.00
KXNBA1HSPREAD-26APR04WASMIA-MIA2,KXNBA1HSPREAD-26APR04WASMIA,KXNBA1HSPREAD,spread,Will Miami win the 1H by over 2.5 points?,Miami wins the 1H by over 2.5 points,Miami wins the 1H by over 2.5 points,yes,1,finalized,2026-04-04T05:35:00Z,2026-04-04T20:10:25Z,2026-04-04T22:00:00Z,,1775331000,expected_expiration-150m,1775331000,0.28,0.87,0.575,,43,949.00,949.00
KXNBA1HSPREAD-26APR04SASDEN-SAS8,KXNBA1HSPREAD-26APR04SASDEN,KXNBA1HSPREAD,spread,Will San Antonio win the 1H by over 8.5 points?,San Antonio wins the 1H by over 8.5 points,San Antonio wins the 1H by over 8.5 points,no,0,finalized,2026-04-04T03:35:00Z,2026-04-04T20:25:35Z,2026-04-04T22:00:00Z,,1775331000,expected_expiration-150m,1775331000,0.02,0.6,0.31,,27,9413.00,4531.00
KXNBA1HSPREAD-26APR04SASDEN-SAS5,KXNBA1HSPREAD-26APR04SASDEN,KXNBA1HSPREAD,spread,Will San Antonio win the 1H by over 5.5 points?,San Antonio wins the 1H by over 5.5 points,San Antonio wins the 1H by over 5.5 points,yes,1,finalized,2026-04-04T03:35:00Z,2026-04-04T20:25:35Z,2026-04-04T22:00:00Z,,1775331000,expected_expiration-150m,1775331000,0.3,0.42,0.36,,57,19728.00,10029.00
KXNBA1HSPREAD-26APR04SASDEN-SAS2,KXNBA1HSPREAD-26APR04SASDEN,KXNBA1HSPREAD,spread,Will San Antonio win the 1H by over 2.5 points?,San Antonio wins the 1H by over 2.5 points,San Antonio wins the 1H by over 2.5 points,yes,1,finalized,2026-04-04T03:35:00Z,2026-04-04T20:25:36Z,2026-04-04T22:00:00Z,,1775331000,expected_expiration-150m,1775331000,0.49,0.81,0.65,0.82,78,43365.00,32579.00
KXNBA1HSPREAD-26APR04SASDEN-SAS14,KXNBA1HSPREAD-26APR04SASDEN,KXNBA1HSPREAD,spread,Will San Antonio win the 1H by over 14.5 points?,San Antonio wins the 1H by over 14.5 points,San Antonio wins the 1H by over 14.5 points,no,0,finalized,2026-04-04T03:35:00Z,2026-04-04T20:25:35Z,2026-04-04T22:00:00Z,,1775331000,expected_expiration-150m,1775331000,0.0,0.44,0.22,,23,989.00,982.00
KXNBA1HSPREAD-26APR04SASDEN-SAS11,KXNBA1HSPREAD-26APR04SASDEN,KXNBA1HSPREAD,spread,Will San Antonio win the 1H by over 11.5 points?,San Antonio wins the 1H by over 11.5 points,San Antonio wins the 1H by over 11.5 points,no,0,finalized,2026-04-04T03:35:00Z,2026-04-04T20:25:35Z,2026-04-04T22:00:00Z,,1775331000,expected_expiration-150m,1775331000,0.02,0.52,0.27,,21,830.00,805.00
KXNBA1HSPREAD-26APR04SASDEN-DEN7,KXNBA1HSPREAD-26APR04SASDEN,KXNBA1HSPREAD,spread,Will Denver win the 1H by over 7.5 points?,Denver wins the 1H by over 7.5 points,Denver wins the 1H by over 7.5 points,no,0,finalized,2026-04-04T03:35:00Z,2026-04-04T20:25:36Z,2026-04-04T22:00:00Z,,1775331000,expected_expiration-150m,1775331000,0.0,0.42,0.21,,28,0.00,0.00
KXNBA1HSPREAD-26APR04SASDEN-DEN4,KXNBA1HSPREAD-26APR04SASDEN,KXNBA1HSPREAD,spread,Will Denver win the 1H by over 4.5 points?,Denver wins the 1H by over 4.5 points,Denver wins the 1H by over 4.5 points,no,0,finalized,2026-04-04T03:35:00Z,2026-04-04T20:25:36Z,2026-04-04T22:00:00Z,,1775331000,expected_expiration-150m,1775331000,0.02,0.45,0.23500000000000001,,58,50.00,50.00
KXNBA1HSPREAD-26APR04SASDEN-DEN16,KXNBA1HSPREAD-26APR04SASDEN,KXNBA1HSPREAD,spread,Will Denver win the 1H by over 16.5 points?,Denver wins the 1H by over 16.5 points,Denver wins the 1H by over 16.5 points,no,0,finalized,2026-04-04T03:35:00Z,2026-04-04T20:25:37Z,2026-04-04T22:00:00Z,,1775331000,expected_expiration-150m,1775331000,0.0,0.24,0.12,,17,0.00,0.00
KXNBA1HSPREAD-26APR04SASDEN-DEN13,KXNBA1HSPREAD-26APR04SASDEN,KXNBA1HSPREAD,spread,Will Denver win the 1H by over 13.5 points?,Denver wins the 1H by over 13.5 points,Denver wins the 1H by over 13.5 points,no,0,finalized,2026-04-04T03:35:00Z,2026-04-04T20:25:37Z,2026-04-04T22:00:00Z,,1775331000,expected_expiration-150m,1775331000,0.0,0.33,0.165,,18,0.00,0.00
KXNBA1HSPREAD-26APR04SASDEN-DEN10,KXNBA1HSPREAD-26APR04SASDEN,KXNBA1HSPREAD,spread,Will Denver win the 1H by over 10.5 points?,Denver wins the 1H by over 10.5 points,Denver wins the 1H by over 10.5 points,no,0,finalized,2026-04-04T03:35:00Z,2026-04-04T20:25:36Z,2026-04-04T22:00:00Z,,1775331000,expected_expiration-150m,1775331000,0.0,0.34,0.17,,22,0.00,0.00
KXNBA1HSPREAD-26APR04SASDEN-DEN1,KXNBA1HSPREAD-26APR04SASDEN,KXNBA1HSPREAD,spread,Will Denver win the 1H by over 1.5 points?,Denver wins the 1H by over 1.5 points,Denver wins the 1H by over 1.5 points,no,0,finalized,2026-04-04T03:35:00Z,2026-04-04T20:25:36Z,2026-04-04T22:00:00Z,,1775331000,expected_expiration-150m,1775331000,0.09,0.44,0.265,,61,4111.00,3626.00
KXNBA1HSPREAD-26APR04DETPHI-PHI9,KXNBA1HSPREAD-26APR04DETPHI,KXNBA1HSPREAD,spread,Will Philadelphia win the 1H by over 9.5 points?,Philadelphia wins the 1H by over 9.5 points,Philadelphia wins the 1H by over 9.5 points,no,0,finalized,2026-04-04T03:35:00Z,2026-04-05T00:07:29Z,2026-04-05T02:00:00Z,,1775345400,expected_expiration-150m,1775345400,0.02,0.35,0.185,,47,10.00,10.00
KXNBA1HSPREAD-26APR04DETPHI-PHI6,KXNBA1HSPREAD-26APR04DETPHI,KXNBA1HSPREAD,spread,Will Philadelphia win the 1H by over 6.5 points?,Philadelphia wins the 1H by over 6.5 points,Philadelphia wins the 1H by over 6.5 points,no,0,finalized,2026-04-04T03:35:00Z,2026-04-05T00:07:29Z,2026-04-05T02:00:00Z,,1775345400,expected_expiration-150m,1775345400,0.02,0.39,0.20500000000000002,,52,43.00,43.00
KXNBA1HSPREAD-26APR04DETPHI-PHI3,KXNBA1HSPREAD-26APR04DETPHI,KXNBA1HSPREAD,spread,Will Philadelphia win the 1H by over 3.5 points?,Philadelphia wins the 1H by over 3.5 points,Philadelphia wins the 1H by over 3.5 points,no,0,finalized,2026-04-04T03:35:00Z,2026-04-05T00:07:29Z,2026-04-05T02:00:00Z,,1775345400,expected_expiration-150m,1775345400,0.02,0.37,0.195,,73,266.00,216.00
KXNBA1HSPREAD-26APR04DETPHI-PHI15,KXNBA1HSPREAD-26APR04DETPHI,KXNBA1HSPREAD,spread,Will Philadelphia win the 1H by over 15.5 points?,Philadelphia wins the 1H by over 15.5 points,Philadelphia wins the 1H by over 15.5 points,no,0,finalized,2026-04-04T03:35:00Z,2026-04-05T00:07:29Z,2026-04-05T02:00:00Z,,1775345400,expected_expiration-150m,1775345400,0.02,0.13,0.075,,38,12.00,10.00
KXNBA1HSPREAD-26APR04DETPHI-PHI12,KXNBA1HSPREAD-26APR04DETPHI,KXNBA1HSPREAD,spread,Will Philadelphia win the 1H by over 12.5 points?,Philadelphia wins the 1H by over 12.5 points,Philadelphia wins the 1H by over 12.5 points,no,0,finalized,2026-04-04T03:35:00Z,2026-04-05T00:07:29Z,2026-04-05T02:00:00Z,,1775345400,expected_expiration-150m,1775345400,0.02,0.27,0.14500000000000002,,42,10.00,10.00
KXNBA1HSPREAD-26APR04DETPHI-DET9,KXNBA1HSPREAD-26APR04DETPHI,KXNBA1HSPREAD,spread,Will Detroit win the 1H by over 9.5 points?,Detroit wins the 1H by over 9.5 points,Detroit wins the 1H by over 9.5 points,yes,1,finalized,2026-04-04T03:35:00Z,2026-04-05T00:07:30Z,2026-04-05T02:00:00Z,,1775345400,expected_expiration-150m,1775345400,0.04,0.73,0.385,,55,2052.00,1432.00
KXNBA1HSPREAD-26APR04DETPHI-DET6,KXNBA1HSPREAD-26APR04DETPHI,KXNBA1HSPREAD,spread,Will Detroit win the 1H by over 6.5 points?,Detroit wins the 1H by over 6.5 points,Detroit wins the 1H by over 6.5 points,yes,1,finalized,2026-04-04T03:35:00Z,2026-04-05T00:07:30Z,2026-04-05T02:00:00Z,,1775345400,expected_expiration-150m,1775345400,0.4,0.5,0.45,0.4,65,16786.00,9619.00
KXNBA1HSPREAD-26APR04DETPHI-DET3,KXNBA1HSPREAD-26APR04DETPHI,KXNBA1HSPREAD,spread,Will Detroit win the 1H by over 3.5 points?,Detroit wins the 1H by over 3.5 points,Detroit wins the 1H by over 3.5 points,yes,1,finalized,2026-04-04T03:35:00Z,2026-04-05T00:07:29Z,2026-04-05T02:00:00Z,,1775345400,expected_expiration-150m,1775345400,0.52,0.54,0.53,0.54,89,45361.00,32100.00
KXNBA1HSPREAD-26APR04DETPHI-DET15,KXNBA1HSPREAD-26APR04DETPHI,KXNBA1HSPREAD,spread,Will Detroit win the 1H by over 15.5 points?,Detroit wins the 1H by over 15.5 points,Detroit wins the 1H by over 15.5 points,no,0,finalized,2026-04-04T03:35:00Z,2026-04-05T00:07:30Z,2026-04-05T02:00:00Z,,1775345400,expected_expiration-150m,1775345400,0.02,0.49,0.255,,48,10.00,10.00
KXNBA1HSPREAD-26APR04DETPHI-DET12,KXNBA1HSPREAD-26APR04DETPHI,KXNBA1HSPREAD,spread,Will Detroit win the 1H by over 12.5 points?,Detroit wins the 1H by over 12.5 points,Detroit wins the 1H by over 12.5 points,no,0,finalized,2026-04-04T03:35:00Z,2026-04-05T00:07:30Z,2026-04-05T02:00:00Z,,1775345400,expected_expiration-150m,1775345400,0.02,0.66,0.34,,43,10.00,10.00
KXNBA1HSPREAD-26APR03NOPSAC-SAC7,KXNBA1HSPREAD-26APR03NOPSAC,KXNBA1HSPREAD,spread,Will Sacramento win the 1H by over 7.5 points?,Sacramento wins the 1H by over 7.5 points,Sacramento wins the 1H by over 7.5 points,no,0,finalized,2026-04-03T13:35:00Z,2026-04-04T03:10:04Z,2026-04-04T05:00:00Z,,1775269800,expected_expiration-150m,1775269800,0.02,0.21,0.11499999999999999,,49,1.00,1.00
KXNBA1HSPREAD-26APR03NOPSAC-SAC4,KXNBA1HSPREAD-26APR03NOPSAC,KXNBA1HSPREAD,spread,Will Sacramento win the 1H by over 4.5 points?,Sacramento wins the 1H by over 4.5 points,Sacramento wins the 1H by over 4.5 points,no,0,finalized,2026-04-03T13:35:00Z,2026-04-04T03:10:03Z,2026-04-04T05:00:00Z,,1775269800,expected_expiration-150m,1775269800,0.0,0.34,0.17,,44,0.00,0.00
KXNBA1HSPREAD-26APR03NOPSAC-SAC19,KXNBA1HSPREAD-26APR03NOPSAC,KXNBA1HSPREAD,spread,Will Sacramento win the 1H by over 19.5 points?,Sacramento wins the 1H by over 19.5 points,Sacramento wins the 1H by over 19.5 points,no,0,finalized,2026-04-03T13:35:00Z,2026-04-04T03:10:05Z,2026-04-04T05:00:00Z,,1775269800,expected_expiration-150m,1775269800,0.0,0.13,0.065,,23,0.00,0.00
KXNBA1HSPREAD-26APR03NOPSAC-SAC16,KXNBA1HSPREAD-26APR03NOPSAC,KXNBA1HSPREAD,spread,Will Sacramento win the 1H by over 16.5 points?,Sacramento wins the 1H by over 16.5 points,Sacramento wins the 1H by over 16.5 points,no,0,finalized,2026-04-03T13:35:00Z,2026-04-04T03:10:05Z,2026-04-04T05:00:00Z,,1775269800,expected_expiration-150m,1775269800,0.0,0.13,0.065,,23,75.00,75.00
KXNBA1HSPREAD-26APR03NOPSAC-SAC13,KXNBA1HSPREAD-26APR03NOPSAC,KXNBA1HSPREAD,spread,Will Sacramento win the 1H by over 13.5 points?,Sacramento wins the 1H by over 13.5 points,Sacramento wins the 1H by over 13.5 points,no,0,finalized,2026-04-03T13:35:00Z,2026-04-04T03:10:04Z,2026-04-04T05:00:00Z,,1775269800,expected_expiration-150m,1775269800,0.0,0.13,0.065,,67,894.00,894.00
KXNBA1HSPREAD-26APR03NOPSAC-SAC10,KXNBA1HSPREAD-26APR03NOPSAC,KXNBA1HSPREAD,spread,Will Sacramento win the 1H by over 10.5 points?,Sacramento wins the 1H by over 10.5 points,Sacramento wins the 1H by over 10.5 points,no,0,finalized,2026-04-03T13:35:00Z,2026-04-04T03:10:04Z,2026-04-04T05:00:00Z,,1775269800,expected_expiration-150m,1775269800,0.0,0.09,0.045,,94,0.00,0.00
KXNBA1HSPREAD-26APR03NOPSAC-SAC1,KXNBA1HSPREAD-26APR03NOPSAC,KXNBA1HSPREAD,spread,Will Sacramento win the 1H by over 1.5 points?,Sacramento wins the 1H by over 1.5 points,Sacramento wins the 1H by over 1.5 points,no,0,finalized,2026-04-03T13:35:00Z,2026-04-04T03:10:03Z,2026-04-04T05:00:00Z,,1775269800,expected_expiration-150m,1775269800,0.0,0.43,0.215,,63,1529.00,1525.00
KXNBA1HSPREAD-26APR03NOPSAC-NOP8,KXNBA1HSPREAD-26APR03NOPSAC,KXNBA1HSPREAD,spread,Will New Orleans win the 1H by over 8.5 points?,New Orleans wins the 1H by over 8.5 points,New Orleans wins the 1H by over 8.5 points,yes,1,finalized,2026-04-03T13:35:00Z,2026-04-04T03:10:01Z,2026-04-04T05:00:00Z,,1775269800,expected_expiration-150m,1775269800,0.44,0.61,0.525,,60,1461.00,1457.00
KXNBA1HSPREAD-26APR03NOPSAC-NOP5,KXNBA1HSPREAD-26APR03NOPSAC,KXNBA1HSPREAD,spread,Will New Orleans win the 1H by over 5.5 points?,New Orleans wins the 1H by over 5.5 points,New Orleans wins the 1H by over 5.5 points,yes,1,finalized,2026-04-03T13:35:00Z,2026-04-04T03:10:02Z,2026-04-04T05:00:00Z,,1775269800,expected_expiration-150m,1775269800,0.32,0.93,0.625,,68,3645.00,2799.00
KXNBA1HSPREAD-26APR03NOPSAC-NOP2,KXNBA1HSPREAD-26APR03NOPSAC,KXNBA1HSPREAD,spread,Will New Orleans win the 1H by over 2.5 points?,New Orleans wins the 1H by over 2.5 points,New Orleans wins the 1H by over 2.5 points,yes,1,finalized,2026-04-03T13:35:00Z,2026-04-04T03:10:02Z,2026-04-04T05:00:00Z,,1775269800,expected_expiration-150m,1775269800,0.58,0.94,0.76,0.88,91,22546.00,19328.00
KXNBA1HSPREAD-26APR03NOPSAC-NOP11,KXNBA1HSPREAD-26APR03NOPSAC,KXNBA1HSPREAD,spread,Will New Orleans win the 1H by over 11.5 points?,New Orleans wins the 1H by over 11.5 points,New Orleans wins the 1H by over 11.5 points,no,0,finalized,2026-04-03T13:35:00Z,2026-04-04T03:10:01Z,2026-04-04T05:00:00Z,,1775269800,expected_expiration-150m,1775269800,0.34,0.53,0.43500000000000005,,45,3196.00,1868.00
KXNBA1HSPREAD-26APR03ORLDAL-ORL9,KXNBA1HSPREAD-26APR03ORLDAL,KXNBA1HSPREAD,spread,Will Orlando win the 1H by over 9.5 points?,Orlando wins the 1H by over 9.5 points,Orlando wins the 1H by over 9.5 points,yes,1,finalized,2026-04-03T07:35:00Z,2026-04-04T01:47:31Z,2026-04-04T03:30:00Z,,1775264400,expected_expiration-150m,1775264400,0.0,0.5,0.25,,74,2712.00,2039.00
KXNBA1HSPREAD-26APR03ORLDAL-ORL6,KXNBA1HSPREAD-26APR03ORLDAL,KXNBA1HSPREAD,spread,Will Orlando win the 1H by over 6.5 points?,Orlando wins the 1H by over 6.5 points,Orlando wins the 1H by over 6.5 points,yes,1,finalized,2026-04-03T07:35:00Z,2026-04-04T01:47:30Z,2026-04-04T03:30:00Z,,1775264400,expected_expiration-150m,1775264400,0.41,0.62,0.515,,68,3869.00,2204.00
KXNBA1HSPREAD-26APR03ORLDAL-ORL3,KXNBA1HSPREAD-26APR03ORLDAL,KXNBA1HSPREAD,spread,Will Orlando win the 1H by over 3.5 points?,Orlando wins the 1H by over 3.5 points,Orlando wins the 1H by over 3.5 points,yes,1,finalized,2026-04-03T07:35:00Z,2026-04-04T01:47:30Z,2026-04-04T03:30:00Z,,1775264400,expected_expiration-150m,1775264400,0.31,0.78,0.545,0.71,82,26080.00,19402.00
KXNBA1HSPREAD-26APR03ORLDAL-ORL12,KXNBA1HSPREAD-26APR03ORLDAL,KXNBA1HSPREAD,spread,Will Orlando win the 1H by over 12.5 points?,Orlando wins the 1H by over 12.5 points,Orlando wins the 1H by over 12.5 points,yes,1,finalized,2026-04-03T07:35:00Z,2026-04-04T01:47:31Z,2026-04-04T03:30:00Z,,1775264400,expected_expiration-150m,1775264400,0.0,0.72,0.36,,42,1496.00,1282.00
KXNBA1HSPREAD-26APR03ORLDAL-DAL9,KXNBA1HSPREAD-26APR03ORLDAL,KXNBA1HSPREAD,spread,Will Dallas win the 1H by over 9.5 points?,Dallas wins the 1H by over 9.5 points,Dallas wins the 1H by over 9.5 points,no,0,finalized,2026-04-03T07:35:00Z,2026-04-04T01:47:30Z,2026-04-04T03:30:00Z,,1775264400,expected_expiration-150m,1775263800,0.0,0.79,0.395,,62,0.00,0.00
KXNBA1HSPREAD-26APR03ORLDAL-DAL6,KXNBA1HSPREAD-26APR03ORLDAL,KXNBA1HSPREAD,spread,Will Dallas win the 1H by over 6.5 points?,Dallas wins the 1H by over 6.5 points,Dallas wins the 1H by over 6.5 points,no,0,finalized,2026-04-03T07:35:00Z,2026-04-04T01:47:30Z,2026-04-04T03:30:00Z,,1775264400,expected_expiration-150m,1775264400,0.0,0.6,0.3,,43,7.00,7.00
KXNBA1HSPREAD-26APR03ORLDAL-DAL3,KXNBA1HSPREAD-26APR03ORLDAL,KXNBA1HSPREAD,spread,Will Dallas win the 1H by over 3.5 points?,Dallas wins the 1H by over 3.5 points,Dallas wins the 1H by over 3.5 points,no,0,finalized,2026-04-03T07:35:00Z,2026-04-04T01:47:30Z,2026-04-04T03:30:00Z,,1775264400,expected_expiration-150m,1775264400,0.0,0.72,0.36,,71,0.00,0.00
KXNBA1HSPREAD-26APR03ORLDAL-DAL18,KXNBA1HSPREAD-26APR03ORLDAL,KXNBA1HSPREAD,spread,Will Dallas win the 1H by over 18.5 points?,Dallas wins the 1H by over 18.5 points,Dallas wins the 1H by over 18.5 points,no,0,finalized,2026-04-03T07:35:00Z,2026-04-04T01:47:29Z,2026-04-04T03:30:00Z,,1775264400,expected_expiration-150m,1775264400,0.0,0.62,0.31,,40,0.00,0.00
KXNBA1HSPREAD-26APR03ORLDAL-DAL15,KXNBA1HSPREAD-26APR03ORLDAL,KXNBA1HSPREAD,spread,Will Dallas win the 1H by over 15.5 points?,Dallas wins the 1H by over 15.5 points,Dallas wins the 1H by over 15.5 points,no,0,finalized,2026-04-03T07:35:00Z,2026-04-04T01:47:29Z,2026-04-04T03:30:00Z,,1775264400,expected_expiration-150m,1775264400,0.0,0.62,0.31,,40,0.00,0.00
KXNBA1HSPREAD-26APR03ORLDAL-DAL12,KXNBA1HSPREAD-26APR03ORLDAL,KXNBA1HSPREAD,spread,Will Dallas win the 1H by over 12.5 points?,Dallas wins the 1H by over 12.5 points,Dallas wins the 1H by over 12.5 points,no,0,finalized,2026-04-03T07:35:00Z,2026-04-04T01:47:30Z,2026-04-04T03:30:00Z,,1775264400,expected_expiration-150m,1775264400,0.0,0.72,0.36,,70,0.00,0.00
KXNBA1HSPREAD-26APR03TORMEM-TOR7,KXNBA1HSPREAD-26APR03TORMEM,KXNBA1HSPREAD,spread,Will Toronto win the 1H by over 7.5 points?,Toronto wins the 1H by over 7.5 points,Toronto wins the 1H by over 7.5 points,yes,1,finalized,2026-04-03T07:35:00Z,2026-04-04T01:20:02Z,2026-04-04T03:00:00Z,,1775262600,expected_expiration-150m,1775262600,0.61,0.63,0.62,,63,6143.00,5038.00
KXNBA1HSPREAD-26APR03TORMEM-TOR4,KXNBA1HSPREAD-26APR03TORMEM,KXNBA1HSPREAD,spread,Will Toronto win the 1H by over 4.5 points?,Toronto wins the 1H by over 4.5 points,Toronto wins the 1H by over 4.5 points,yes,1,finalized,2026-04-03T07:35:00Z,2026-04-04T01:20:03Z,2026-04-04T03:00:00Z,,1775262600,expected_expiration-150m,1775262600,0.21,0.97,0.59,,83,851.00,850.00
KXNBA1HSPREAD-26APR03TORMEM-TOR1,KXNBA1HSPREAD-26APR03TORMEM,KXNBA1HSPREAD,spread,Will Toronto win the 1H by over 1.5 points?,Toronto wins the 1H by over 1.5 points,Toronto wins the 1H by over 1.5 points,yes,1,finalized,2026-04-03T07:35:00Z,2026-04-04T01:20:03Z,2026-04-04T03:00:00Z,,1775262600,expected_expiration-150m,1775262600,0.27,0.9,0.585,,70,720.00,647.00
KXNBA1HSPREAD-26APR03TORMEM-MEM8,KXNBA1HSPREAD-26APR03TORMEM,KXNBA1HSPREAD,spread,Will Memphis win the 1H by over 8.5 points?,Memphis wins the 1H by over 8.5 points,Memphis wins the 1H by over 8.5 points,no,0,finalized,2026-04-03T07:35:00Z,2026-04-04T01:20:04Z,2026-04-04T03:00:00Z,,1775262600,expected_expiration-150m,1775262600,0.0,0.98,0.49,,42,0.00,0.00
KXNBA1HSPREAD-26APR03TORMEM-MEM5,KXNBA1HSPREAD-26APR03TORMEM,KXNBA1HSPREAD,spread,Will Memphis win the 1H by over 5.5 points?,Memphis wins the 1H by over 5.5 points,Memphis wins the 1H by over 5.5 points,no,0,finalized,2026-04-03T07:35:00Z,2026-04-04T01:20:04Z,2026-04-04T03:00:00Z,,1775262600,expected_expiration-150m,1775262600,0.0,0.98,0.49,,42,0.00,0.00
KXNBA1HSPREAD-26APR03TORMEM-MEM23,KXNBA1HSPREAD-26APR03TORMEM,KXNBA1HSPREAD,spread,Will Memphis win the 1H by over 23.5 points?,Memphis wins the 1H by over 23.5 points,Memphis wins the 1H by over 23.5 points,no,0,finalized,2026-04-03T07:35:00Z,2026-04-04T01:20:06Z,2026-04-04T03:00:00Z,,1775262600,expected_expiration-150m,1775262600,0.0,0.98,0.49,,31,0.00,0.00
KXNBA1HSPREAD-26APR03TORMEM-MEM20,KXNBA1HSPREAD-26APR03TORMEM,KXNBA1HSPREAD,spread,Will Memphis win the 1H by over 20.5 points?,Memphis wins the 1H by over 20.5 points,Memphis wins the 1H by over 20.5 points,no,0,finalized,2026-04-03T07:35:00Z,2026-04-04T01:20:06Z,2026-04-04T03:00:00Z,,1775262600,expected_expiration-150m,1775262600,0.0,0.98,0.49,,31,0.00,0.00
KXNBA1HSPREAD-26APR03TORMEM-MEM2,KXNBA1HSPREAD-26APR03TORMEM,KXNBA1HSPREAD,spread,Will Memphis win the 1H by over 2.5 points?,Memphis wins the 1H by over 2.5 points,Memphis wins the 1H by over 2.5 points,no,0,finalized,2026-04-03T07:35:00Z,2026-04-04T01:20:03Z,2026-04-04T03:00:00Z,,1775262600,expected_expiration-150m,1775262600,0.0,0.73,0.365,,51,20.00,10.00
KXNBA1HSPREAD-26APR03TORMEM-MEM17,KXNBA1HSPREAD-26APR03TORMEM,KXNBA1HSPREAD,spread,Will Memphis win the 1H by over 17.5 points?,Memphis wins the 1H by over 17.5 points,Memphis wins the 1H by over 17.5 points,no,0,finalized,2026-04-03T07:35:00Z,2026-04-04T01:20:05Z,2026-04-04T03:00:00Z,,1775262600,expected_expiration-150m,1775262600,0.0,0.98,0.49,,31,0.00,0.00
KXNBA1HSPREAD-26APR03TORMEM-MEM14,KXNBA1HSPREAD-26APR03TORMEM,KXNBA1HSPREAD,spread,Will Memphis win the 1H by over 14.5 points?,Memphis wins the 1H by over 14.5 points,Memphis wins the 1H by over 14.5 points,no,0,finalized,2026-04-03T07:35:00Z,2026-04-04T01:20:05Z,2026-04-04T03:00:00Z,,1775262600,expected_expiration-150m,1775262600,0.0,0.98,0.49,,31,0.00,0.00
KXNBA1HSPREAD-26APR03TORMEM-MEM11,KXNBA1HSPREAD-26APR03TORMEM,KXNBA1HSPREAD,spread,Will Memphis win the 1H by over 11.5 points?,Memphis wins the 1H by over 11.5 points,Memphis wins the 1H by over 11.5 points,no,0,finalized,2026-04-03T07:35:00Z,2026-04-04T01:20:04Z,2026-04-04T03:00:00Z,,1775262600,expected_expiration-150m,1775262600,0.0,0.01,0.005,,19,150.00,150.00
KXNBA1HSPREAD-26APR03UTAHOU-UTA8,KXNBA1HSPREAD-26APR03UTAHOU,KXNBA1HSPREAD,spread,Will Utah win the 1H by over 8.5 points?,Utah wins the 1H by over 8.5 points,Utah wins the 1H by over 8.5 points,no,0,finalized,2026-04-03T07:35:00Z,2026-04-04T01:05:55Z,2026-04-04T03:00:00Z,,1775262600,expected_expiration-150m,1775262600,0.0,0.6,0.3,,40,111.00,111.00
KXNBA1HSPREAD-26APR03UTAHOU-UTA5,KXNBA1HSPREAD-26APR03UTAHOU,KXNBA1HSPREAD,spread,Will Utah win the 1H by over 5.5 points?,Utah wins the 1H by over 5.5 points,Utah wins the 1H by over 5.5 points,no,0,finalized,2026-04-03T07:35:00Z,2026-04-04T01:05:55Z,2026-04-04T03:00:00Z,,1775262600,expected_expiration-150m,1775262600,0.0,0.98,0.49,,46,0.00,0.00
KXNBA1HSPREAD-26APR03UTAHOU-UTA26,KXNBA1HSPREAD-26APR03UTAHOU,KXNBA1HSPREAD,spread,Will Utah win the 1H by over 26.5 points?,Utah wins the 1H by over 26.5 points,Utah wins the 1H by over 26.5 points,no,0,finalized,2026-04-03T07:35:00Z,2026-04-04T01:05:56Z,2026-04-04T03:00:00Z,,1775262600,expected_expiration-150m,1775262600,0.0,0.48,0.24,,39,0.00,0.00
KXNBA1HSPREAD-26APR03UTAHOU-UTA23,KXNBA1HSPREAD-26APR03UTAHOU,KXNBA1HSPREAD,spread,Will Utah win the 1H by over 23.5 points?,Utah wins the 1H by over 23.5 points,Utah wins the 1H by over 23.5 points,no,0,finalized,2026-04-03T07:35:00Z,2026-04-04T01:05:56Z,2026-04-04T03:00:00Z,,1775262600,expected_expiration-150m,1775262600,0.0,0.98,0.49,,36,0.00,0.00
KXNBA1HSPREAD-26APR03UTAHOU-UTA20,KXNBA1HSPREAD-26APR03UTAHOU,KXNBA1HSPREAD,spread,Will Utah win the 1H by over 20.5 points?,Utah wins the 1H by over 20.5 points,Utah wins the 1H by over 20.5 points,no,0,finalized,2026-04-03T07:35:00Z,2026-04-04T01:05:56Z,2026-04-04T03:00:00Z,,1775262600,expected_expiration-150m,1775262600,0.0,0.98,0.49,,36,0.00,0.00
KXNBA1HSPREAD-26APR03UTAHOU-UTA2,KXNBA1HSPREAD-26APR03UTAHOU,KXNBA1HSPREAD,spread,Will Utah win the 1H by over 2.5 points?,Utah wins the 1H by over 2.5 points,Utah wins the 1H by over 2.5 points,no,0,finalized,2026-04-03T07:35:00Z,2026-04-04T01:05:55Z,2026-04-04T03:00:00Z,,1775262600,expected_expiration-150m,1775262600,0.02,0.68,0.35000000000000003,,69,49.00,49.00
KXNBA1HSPREAD-26APR03UTAHOU-UTA17,KXNBA1HSPREAD-26APR03UTAHOU,KXNBA1HSPREAD,spread,Will Utah win the 1H by over 17.5 points?,Utah wins the 1H by over 17.5 points,Utah wins the 1H by over 17.5 points,no,0,finalized,2026-04-03T07:35:00Z,2026-04-04T01:05:56Z,2026-04-04T03:00:00Z,,1775262600,expected_expiration-150m,1775262600,0.0,0.98,0.49,,36,0.00,0.00
KXNBA1HSPREAD-26APR03UTAHOU-UTA14,KXNBA1HSPREAD-26APR03UTAHOU,KXNBA1HSPREAD,spread,Will Utah win the 1H by over 14.5 points?,Utah wins the 1H by over 14.5 points,Utah wins the 1H by over 14.5 points,no,0,finalized,2026-04-03T07:35:00Z,2026-04-04T01:05:56Z,2026-04-04T03:00:00Z,,1775262600,expected_expiration-150m,1775262600,0.0,0.98,0.49,,36,0.00,0.00
KXNBA1HSPREAD-26APR03UTAHOU-UTA11,KXNBA1HSPREAD-26APR03UTAHOU,KXNBA1HSPREAD,spread,Will Utah win the 1H by over 11.5 points?,Utah wins the 1H by over 11.5 points,Utah wins the 1H by over 11.5 points,no,0,finalized,2026-04-03T07:35:00Z,2026-04-04T01:05:56Z,2026-04-04T03:00:00Z,,1775262600,expected_expiration-150m,1775262600,0.0,0.98,0.49,,33,0.00,0.00
KXNBA1HSPREAD-26APR03UTAHOU-HOU4,KXNBA1HSPREAD-26APR03UTAHOU,KXNBA1HSPREAD,spread,Will Houston win the 1H by over 4.5 points?,Houston wins the 1H by over 4.5 points,Houston wins the 1H by over 4.5 points,yes,1,finalized,2026-04-03T07:35:00Z,2026-04-04T01:05:55Z,2026-04-04T03:00:00Z,,1775262600,expected_expiration-150m,1775262600,0.33,0.98,0.655,,60,1855.00,1599.00
KXNBA1HSPREAD-26APR03UTAHOU-HOU1,KXNBA1HSPREAD-26APR03UTAHOU,KXNBA1HSPREAD,spread,Will Houston win the 1H by over 1.5 points?,Houston wins the 1H by over 1.5 points,Houston wins the 1H by over 1.5 points,yes,1,finalized,2026-04-03T07:35:00Z,2026-04-04T01:05:55Z,2026-04-04T03:00:00Z,,1775262600,expected_expiration-150m,1775262600,0.27,0.95,0.61,,44,500.00,500.00
KXNBA1HSPREAD-26APR03BOSMIL-MIL7,KXNBA1HSPREAD-26APR03BOSMIL,KXNBA1HSPREAD,spread,Will Milwaukee win the 1H by over 7.5 points?,Milwaukee wins the 1H by over 7.5 points,Milwaukee wins the 1H by over 7.5 points,no,0,finalized,2026-04-03T07:35:00Z,2026-04-04T01:10:18Z,2026-04-04T03:00:00Z,,1775262600,expected_expiration-150m,1775262600,0.0,0.01,0.005,,40,0.00,0.00
KXNBA1HSPREAD-26APR03BOSMIL-MIL4,KXNBA1HSPREAD-26APR03BOSMIL,KXNBA1HSPREAD,spread,Will Milwaukee win the 1H by over 4.5 points?,Milwaukee wins the 1H by over 4.5 points,Milwaukee wins the 1H by over 4.5 points,no,0,finalized,2026-04-03T07:35:00Z,2026-04-04T01:10:18Z,2026-04-04T03:00:00Z,,1775262600,expected_expiration-150m,1775262600,0.0,0.01,0.005,,47,63.00,63.00
KXNBA1HSPREAD-26APR03BOSMIL-MIL25,KXNBA1HSPREAD-26APR03BOSMIL,KXNBA1HSPREAD,spread,Will Milwaukee win the 1H by over 25.5 points?,Milwaukee wins the 1H by over 25.5 points,Milwaukee wins the 1H by over 25.5 points,no,0,finalized,2026-04-03T07:35:00Z,2026-04-04T01:10:22Z,2026-04-04T03:00:00Z,,1775262600,expected_expiration-150m,1775262600,0.0,0.01,0.005,,31,0.00,0.00
KXNBA1HSPREAD-26APR03BOSMIL-MIL22,KXNBA1HSPREAD-26APR03BOSMIL,KXNBA1HSPREAD,spread,Will Milwaukee win the 1H by over 22.5 points?,Milwaukee wins the 1H by over 22.5 points,Milwaukee wins the 1H by over 22.5 points,no,0,finalized,2026-04-03T07:35:00Z,2026-04-04T01:10:21Z,2026-04-04T03:00:00Z,,1775262600,expected_expiration-150m,1775262600,0.0,0.01,0.005,,31,0.00,0.00
KXNBA1HSPREAD-26APR03BOSMIL-MIL19,KXNBA1HSPREAD-26APR03BOSMIL,KXNBA1HSPREAD,spread,Will Milwaukee win the 1H by over 19.5 points?,Milwaukee wins the 1H by over 19.5 points,Milwaukee wins the 1H by over 19.5 points,no,0,finalized,2026-04-03T07:35:00Z,2026-04-04T01:10:21Z,2026-04-04T03:00:00Z,,1775262600,expected_expiration-150m,1775262600,0.0,0.01,0.005,,30,0.00,0.00
KXNBA1HSPREAD-26APR03BOSMIL-MIL16,KXNBA1HSPREAD-26APR03BOSMIL,KXNBA1HSPREAD,spread,Will Milwaukee win the 1H by over 16.5 points?,Milwaukee wins the 1H by over 16.5 points,Milwaukee wins the 1H by over 16.5 points,no,0,finalized,2026-04-03T07:35:00Z,2026-04-04T01:10:20Z,2026-04-04T03:00:00Z,,1775262600,expected_expiration-150m,1775262600,0.0,0.01,0.005,,31,0.00,0.00
KXNBA1HSPREAD-26APR03BOSMIL-MIL13,KXNBA1HSPREAD-26APR03BOSMIL,KXNBA1HSPREAD,spread,Will Milwaukee win the 1H by over 13.5 points?,Milwaukee wins the 1H by over 13.5 points,Milwaukee wins the 1H by over 13.5 points,no,0,finalized,2026-04-03T07:35:00Z,2026-04-04T01:10:20Z,2026-04-04T03:00:00Z,,1775262600,expected_expiration-150m,1775262600,0.0,0.01,0.005,,31,27.00,27.00
KXNBA1HSPREAD-26APR03BOSMIL-MIL10,KXNBA1HSPREAD-26APR03BOSMIL,KXNBA1HSPREAD,spread,Will Milwaukee win the 1H by over 10.5 points?,Milwaukee wins the 1H by over 10.5 points,Milwaukee wins the 1H by over 10.5 points,no,0,finalized,2026-04-03T07:35:00Z,2026-04-04T01:10:19Z,2026-04-04T03:00:00Z,,1775262600,expected_expiration-150m,1775262600,0.0,0.01,0.005,,35,75.00,75.00
KXNBA1HSPREAD-26APR03BOSMIL-MIL1,KXNBA1HSPREAD-26APR03BOSMIL,KXNBA1HSPREAD,spread,Will Milwaukee win the 1H by over 1.5 points?,Milwaukee wins the 1H by over 1.5 points,Milwaukee wins the 1H by over 1.5 points,no,0,finalized,2026-04-03T07:35:00Z,2026-04-04T01:10:17Z,2026-04-04T03:00:00Z,,1775262600,expected_expiration-150m,1775262600,0.0,0.01,0.005,,58,328.00,328.00
KXNBA1HSPREAD-26APR03BOSMIL-BOS5,KXNBA1HSPREAD-26APR03BOSMIL,KXNBA1HSPREAD,spread,Will Boston win the 1H by over 5.5 points?,Boston wins the 1H by over 5.5 points,Boston wins the 1H by over 5.5 points,yes,1,finalized,2026-04-03T07:35:00Z,2026-04-04T01:10:16Z,2026-04-04T03:00:00Z,,1775262600,expected_expiration-150m,1775262600,0.94,0.95,0.945,,80,7291.00,6154.00
KXNBA1HSPREAD-26APR03BOSMIL-BOS2,KXNBA1HSPREAD-26APR03BOSMIL,KXNBA1HSPREAD,spread,Will Boston win the 1H by over 2.5 points?,Boston wins the 1H by over 2.5 points,Boston wins the 1H by over 2.5 points,yes,1,finalized,2026-04-03T07:35:00Z,2026-04-04T01:10:17Z,2026-04-04T03:00:00Z,,1775262600,expected_expiration-150m,1775262600,0.69,0.98,0.835,0.69,42,802.00,652.00
KXNBA1HSPREAD-26APR03INDCHA-IND7,KXNBA1HSPREAD-26APR03INDCHA,KXNBA1HSPREAD,spread,Will Indiana win the 1H by over 7.5 points?,Indiana wins the 1H by over 7.5 points,Indiana wins the 1H by over 7.5 points,no,0,finalized,2026-04-03T07:35:00Z,2026-04-04T00:05:46Z,2026-04-04T02:00:00Z,,1775259000,expected_expiration-150m,1775259000,0.0,0.01,0.005,,34,41.00,41.00
KXNBA1HSPREAD-26APR03INDCHA-IND4,KXNBA1HSPREAD-26APR03INDCHA,KXNBA1HSPREAD,spread,Will Indiana win the 1H by over 4.5 points?,Indiana wins the 1H by over 4.5 points,Indiana wins the 1H by over 4.5 points,no,0,finalized,2026-04-03T07:35:00Z,2026-04-04T00:05:46Z,2026-04-04T02:00:00Z,,1775259000,expected_expiration-150m,1775259000,0.0,0.01,0.005,0.01,29,19.00,17.00
KXNBA1HSPREAD-26APR03INDCHA-IND25,KXNBA1HSPREAD-26APR03INDCHA,KXNBA1HSPREAD,spread,Will Indiana win the 1H by over 25.5 points?,Indiana wins the 1H by over 25.5 points,Indiana wins the 1H by over 25.5 points,no,0,finalized,2026-04-03T07:35:00Z,2026-04-04T00:05:47Z,2026-04-04T02:00:00Z,,1775259000,expected_expiration-150m,1775259000,0.0,0.01,0.005,,31,0.00,0.00
KXNBA1HSPREAD-26APR03INDCHA-IND22,KXNBA1HSPREAD-26APR03INDCHA,KXNBA1HSPREAD,spread,Will Indiana win the 1H by over 22.5 points?,Indiana wins the 1H by over 22.5 points,Indiana wins the 1H by over 22.5 points,no,0,finalized,2026-04-03T07:35:00Z,2026-04-04T00:05:47Z,2026-04-04T02:00:00Z,,1775259000,expected_expiration-150m,1775259000,0.0,0.01,0.005,,31,3.00,3.00
KXNBA1HSPREAD-26APR03INDCHA-IND19,KXNBA1HSPREAD-26APR03INDCHA,KXNBA1HSPREAD,spread,Will Indiana win the 1H by over 19.5 points?,Indiana wins the 1H by over 19.5 points,Indiana wins the 1H by over 19.5 points,no,0,finalized,2026-04-03T07:35:00Z,2026-04-04T00:05:47Z,2026-04-04T02:00:00Z,,1775259000,expected_expiration-150m,1775259000,0.0,0.01,0.005,,32,3.00,3.00
KXNBA1HSPREAD-26APR03INDCHA-IND16,KXNBA1HSPREAD-26APR03INDCHA,KXNBA1HSPREAD,spread,Will Indiana win the 1H by over 16.5 points?,Indiana wins the 1H by over 16.5 points,Indiana wins the 1H by over 16.5 points,no,0,finalized,2026-04-03T07:35:00Z,2026-04-04T00:05:47Z,2026-04-04T02:00:00Z,,1775259000,expected_expiration-150m,1775259000,0.0,0.01,0.005,0.01,33,6.00,6.00
KXNBA1HSPREAD-26APR03INDCHA-IND13,KXNBA1HSPREAD-26APR03INDCHA,KXNBA1HSPREAD,spread,Will Indiana win the 1H by over 13.5 points?,Indiana wins the 1H by over 13.5 points,Indiana wins the 1H by over 13.5 points,no,0,finalized,2026-04-03T07:35:00Z,2026-04-04T00:05:47Z,2026-04-04T02:00:00Z,,1775259000,expected_expiration-150m,1775259000,0.0,0.01,0.005,,32,6.00,6.00
KXNBA1HSPREAD-26APR03INDCHA-IND10,KXNBA1HSPREAD-26APR03INDCHA,KXNBA1HSPREAD,spread,Will Indiana win the 1H by over 10.5 points?,Indiana wins the 1H by over 10.5 points,Indiana wins the 1H by over 10.5 points,no,0,finalized,2026-04-03T07:35:00Z,2026-04-04T00:05:47Z,2026-04-04T02:00:00Z,,1775259000,expected_expiration-150m,1775259000,0.0,0.01,0.005,,31,97.00,97.00
KXNBA1HSPREAD-26APR03INDCHA-IND1,KXNBA1HSPREAD-26APR03INDCHA,KXNBA1HSPREAD,spread,Will Indiana win the 1H by over 1.5 points?,Indiana wins the 1H by over 1.5 points,Indiana wins the 1H by over 1.5 points,no,0,finalized,2026-04-03T07:35:00Z,2026-04-04T00:05:46Z,2026-04-04T02:00:00Z,,1775259000,expected_expiration-150m,1775259000,0.0,0.24,0.12,,81,856.00,854.00
KXNBA1HSPREAD-26APR03INDCHA-CHA5,KXNBA1HSPREAD-26APR03INDCHA,KXNBA1HSPREAD,spread,Will Charlotte win the 1H by over 5.5 points?,Charlotte wins the 1H by over 5.5 points,Charlotte wins the 1H by over 5.5 points,yes,1,finalized,2026-04-03T07:35:00Z,2026-04-04T00:05:46Z,2026-04-04T02:00:00Z,,1775259000,expected_expiration-150m,1775259000,0.79,0.96,0.875,0.96,83,19728.00,13044.00
KXNBA1HSPREAD-26APR03INDCHA-CHA2,KXNBA1HSPREAD-26APR03INDCHA,KXNBA1HSPREAD,spread,Will Charlotte win the 1H by over 2.5 points?,Charlotte wins the 1H by over 2.5 points,Charlotte wins the 1H by over 2.5 points,yes,1,finalized,2026-04-03T07:35:00Z,2026-04-04T00:05:46Z,2026-04-04T02:00:00Z,,1775259000,expected_expiration-150m,1775259000,0.78,0.99,0.885,,44,1651.00,1651.00
KXNBA1HSPREAD-26APR03MINPHI-PHI8,KXNBA1HSPREAD-26APR03MINPHI,KXNBA1HSPREAD,spread,Will Philadelphia win the 1H by over 8.5 points?,Philadelphia wins the 1H by over 8.5 points,Philadelphia wins the 1H by over 8.5 points,no,0,finalized,2026-04-03T07:35:00Z,2026-04-04T00:07:47Z,2026-04-04T02:00:00Z,,1775259000,expected_expiration-150m,1775259000,0.02,0.7,0.36,,77,1993.00,1993.00
KXNBA1HSPREAD-26APR03MINPHI-PHI5,KXNBA1HSPREAD-26APR03MINPHI,KXNBA1HSPREAD,spread,Will Philadelphia win the 1H by over 5.5 points?,Philadelphia wins the 1H by over 5.5 points,Philadelphia wins the 1H by over 5.5 points,no,0,finalized,2026-04-03T07:35:00Z,2026-04-04T00:07:47Z,2026-04-04T02:00:00Z,,1775259000,expected_expiration-150m,1775259000,0.42,0.43,0.425,0.43,61,6498.00,4869.00
KXNBA1HSPREAD-26APR03MINPHI-PHI2,KXNBA1HSPREAD-26APR03MINPHI,KXNBA1HSPREAD,spread,Will Philadelphia win the 1H by over 2.5 points?,Philadelphia wins the 1H by over 2.5 points,Philadelphia wins the 1H by over 2.5 points,no,0,finalized,2026-04-03T07:35:00Z,2026-04-04T00:07:47Z,2026-04-04T02:00:00Z,,1775259000,expected_expiration-150m,1775259000,0.56,0.62,0.5900000000000001,0.63,86,42929.00,31022.00
KXNBA1HSPREAD-26APR03MINPHI-PHI14,KXNBA1HSPREAD-26APR03MINPHI,KXNBA1HSPREAD,spread,Will Philadelphia win the 1H by over 14.5 points?,Philadelphia wins the 1H by over 14.5 points,Philadelphia wins the 1H by over 14.5 points,no,0,finalized,2026-04-03T07:35:00Z,2026-04-04T00:07:47Z,2026-04-04T02:00:00Z,,1775259000,expected_expiration-150m,1775258940,0.0,0.46,0.23,,37,75.00,75.00
KXNBA1HSPREAD-26APR03MINPHI-PHI11,KXNBA1HSPREAD-26APR03MINPHI,KXNBA1HSPREAD,spread,Will Philadelphia win the 1H by over 11.5 points?,Philadelphia wins the 1H by over 11.5 points,Philadelphia wins the 1H by over 11.5 points,no,0,finalized,2026-04-03T07:35:00Z,2026-04-04T00:07:47Z,2026-04-04T02:00:00Z,,1775259000,expected_expiration-150m,1775258940,0.0,0.59,0.295,,37,0.00,0.00
KXNBA1HSPREAD-26APR03MINPHI-MIN7,KXNBA1HSPREAD-26APR03MINPHI,KXNBA1HSPREAD,spread,Will Minnesota win the 1H by over 7.5 points?,Minnesota wins the 1H by over 7.5 points,Minnesota wins the 1H by over 7.5 points,no,0,finalized,2026-04-03T07:35:00Z,2026-04-04T00:07:48Z,2026-04-04T02:00:00Z,,1775259000,expected_expiration-150m,1775258940,0.0,0.44,0.22,,36,196.00,172.00
KXNBA1HSPREAD-26APR03MINPHI-MIN4,KXNBA1HSPREAD-26APR03MINPHI,KXNBA1HSPREAD,spread,Will Minnesota win the 1H by over 4.5 points?,Minnesota wins the 1H by over 4.5 points,Minnesota wins the 1H by over 4.5 points,yes,1,finalized,2026-04-03T07:35:00Z,2026-04-04T00:07:48Z,2026-04-04T02:00:00Z,,1775259000,expected_expiration-150m,1775258940,0.0,0.52,0.26,,49,1477.00,1187.00
KXNBA1HSPREAD-26APR03MINPHI-MIN16,KXNBA1HSPREAD-26APR03MINPHI,KXNBA1HSPREAD,spread,Will Minnesota win the 1H by over 16.5 points?,Minnesota wins the 1H by over 16.5 points,Minnesota wins the 1H by over 16.5 points,no,0,finalized,2026-04-03T07:35:00Z,2026-04-04T00:07:48Z,2026-04-04T02:00:00Z,,1775259000,expected_expiration-150m,1775258940,0.0,0.13,0.065,,34,0.00,0.00
KXNBA1HSPREAD-26APR03MINPHI-MIN13,KXNBA1HSPREAD-26APR03MINPHI,KXNBA1HSPREAD,spread,Will Minnesota win the 1H by over 13.5 points?,Minnesota wins the 1H by over 13.5 points,Minnesota wins the 1H by over 13.5 points,no,0,finalized,2026-04-03T07:35:00Z,2026-04-04T00:07:48Z,2026-04-04T02:00:00Z,,1775259000,expected_expiration-150m,1775258940,0.0,0.17,0.085,,37,173.00,173.00
KXNBA1HSPREAD-26APR03MINPHI-MIN10,KXNBA1HSPREAD-26APR03MINPHI,KXNBA1HSPREAD,spread,Will Minnesota win the 1H by over 10.5 points?,Minnesota wins the 1H by over 10.5 points,Minnesota wins the 1H by over 10.5 points,no,0,finalized,2026-04-03T07:35:00Z,2026-04-04T00:07:48Z,2026-04-04T02:00:00Z,,1775259000,expected_expiration-150m,1775258940,0.0,0.31,0.155,,36,0.00,0.00
KXNBA1HSPREAD-26APR03MINPHI-MIN1,KXNBA1HSPREAD-26APR03MINPHI,KXNBA1HSPREAD,spread,Will Minnesota win the 1H by over 1.5 points?,Minnesota wins the 1H by over 1.5 points,Minnesota wins the 1H by over 1.5 points,yes,1,finalized,2026-04-03T07:35:00Z,2026-04-04T00:07:48Z,2026-04-04T02:00:00Z,,1775259000,expected_expiration-150m,1775259000,0.22,0.6,0.41,,73,12886.00,9284.00
KXNBA1HSPREAD-26APR03CHINYK-NYK5,KXNBA1HSPREAD-26APR03CHINYK,KXNBA1HSPREAD,spread,Will New York win the 1H by over 5.5 points?,New York wins the 1H by over 5.5 points,New York wins the 1H by over 5.5 points,yes,1,finalized,2026-04-03T07:35:00Z,2026-04-04T00:37:40Z,2026-04-04T02:30:00Z,,1775260800,expected_expiration-150m,1775260800,0.87,0.98,0.925,,69,5970.00,5588.00
KXNBA1HSPREAD-26APR03CHINYK-NYK2,KXNBA1HSPREAD-26APR03CHINYK,KXNBA1HSPREAD,spread,Will New York win the 1H by over 2.5 points?,New York wins the 1H by over 2.5 points,New York wins the 1H by over 2.5 points,yes,1,finalized,2026-04-03T07:35:00Z,2026-04-04T00:37:40Z,2026-04-04T02:30:00Z,,1775260800,expected_expiration-150m,1775260800,0.74,0.99,0.865,,44,707.00,707.00
KXNBA1HSPREAD-26APR03CHINYK-CHI7,KXNBA1HSPREAD-26APR03CHINYK,KXNBA1HSPREAD,spread,Will Chicago win the 1H by over 7.5 points?,Chicago wins the 1H by over 7.5 points,Chicago wins the 1H by over 7.5 points,no,0,finalized,2026-04-03T07:35:00Z,2026-04-04T00:37:41Z,2026-04-04T02:30:00Z,,1775260800,expected_expiration-150m,1775260800,0.0,0.01,0.005,,29,366.00,366.00
KXNBA1HSPREAD-26APR03CHINYK-CHI4,KXNBA1HSPREAD-26APR03CHINYK,KXNBA1HSPREAD,spread,Will Chicago win the 1H by over 4.5 points?,Chicago wins the 1H by over 4.5 points,Chicago wins the 1H by over 4.5 points,no,0,finalized,2026-04-03T07:35:00Z,2026-04-04T00:37:41Z,2026-04-04T02:30:00Z,,1775260800,expected_expiration-150m,1775260800,0.01,0.13,0.07,,66,57.00,47.00
KXNBA1HSPREAD-26APR03CHINYK-CHI25,KXNBA1HSPREAD-26APR03CHINYK,KXNBA1HSPREAD,spread,Will Chicago win the 1H by over 25.5 points?,Chicago wins the 1H by over 25.5 points,Chicago wins the 1H by over 25.5 points,no,0,finalized,2026-04-03T07:35:00Z,2026-04-04T00:37:42Z,2026-04-04T02:30:00Z,,1775260800,expected_expiration-150m,1775260800,0.0,0.12,0.06,,25,97.00,97.00
KXNBA1HSPREAD-26APR03CHINYK-CHI22,KXNBA1HSPREAD-26APR03CHINYK,KXNBA1HSPREAD,spread,Will Chicago win the 1H by over 22.5 points?,Chicago wins the 1H by over 22.5 points,Chicago wins the 1H by over 22.5 points,no,0,finalized,2026-04-03T07:35:00Z,2026-04-04T00:37:42Z,2026-04-04T02:30:00Z,,1775260800,expected_expiration-150m,1775260800,0.0,0.13,0.065,,28,5.00,5.00
KXNBA1HSPREAD-26APR03CHINYK-CHI19,KXNBA1HSPREAD-26APR03CHINYK,KXNBA1HSPREAD,spread,Will Chicago win the 1H by over 19.5 points?,Chicago wins the 1H by over 19.5 points,Chicago wins the 1H by over 19.5 points,no,0,finalized,2026-04-03T07:35:00Z,2026-04-04T00:37:42Z,2026-04-04T02:30:00Z,,1775260800,expected_expiration-150m,1775260800,0.0,0.01,0.005,,23,2.00,2.00
KXNBA1HSPREAD-26APR03CHINYK-CHI16,KXNBA1HSPREAD-26APR03CHINYK,KXNBA1HSPREAD,spread,Will Chicago win the 1H by over 16.5 points?,Chicago wins the 1H by over 16.5 points,Chicago wins the 1H by over 16.5 points,no,0,finalized,2026-04-03T07:35:00Z,2026-04-04T00:37:41Z,2026-04-04T02:30:00Z,,1775260800,expected_expiration-150m,1775260800,0.0,0.01,0.005,0.01,24,6.00,6.00
KXNBA1HSPREAD-26APR03CHINYK-CHI13,KXNBA1HSPREAD-26APR03CHINYK,KXNBA1HSPREAD,spread,Will Chicago win the 1H by over 13.5 points?,Chicago wins the 1H by over 13.5 points,Chicago wins the 1H by over 13.5 points,no,0,finalized,2026-04-03T07:35:00Z,2026-04-04T00:37:41Z,2026-04-04T02:30:00Z,,1775260800,expected_expiration-150m,1775260800,0.0,0.01,0.005,,26,5.00,5.00
KXNBA1HSPREAD-26APR03CHINYK-CHI10,KXNBA1HSPREAD-26APR03CHINYK,KXNBA1HSPREAD,spread,Will Chicago win the 1H by over 10.5 points?,Chicago wins the 1H by over 10.5 points,Chicago wins the 1H by over 10.5 points,no,0,finalized,2026-04-03T07:35:00Z,2026-04-04T00:37:41Z,2026-04-04T02:30:00Z,,1775260800,expected_expiration-150m,1775260800,0.0,0.01,0.005,,26,5.00,5.00
KXNBA1HSPREAD-26APR03CHINYK-CHI1,KXNBA1HSPREAD-26APR03CHINYK,KXNBA1HSPREAD,spread,Will Chicago win the 1H by over 1.5 points?,Chicago wins the 1H by over 1.5 points,Chicago wins the 1H by over 1.5 points,no,0,finalized,2026-04-03T07:35:00Z,2026-04-04T00:37:41Z,2026-04-04T02:30:00Z,,1775260800,expected_expiration-150m,1775260800,0.0,0.02,0.01,,65,132.00,132.00
KXNBA1HSPREAD-26APR03ATLBKN-BKN7,KXNBA1HSPREAD-26APR03ATLBKN,KXNBA1HSPREAD,spread,Will Brooklyn win the 1H by over 7.5 points?,Brooklyn wins the 1H by over 7.5 points,Brooklyn wins the 1H by over 7.5 points,no,0,finalized,2026-04-03T07:35:00Z,2026-04-04T00:40:38Z,2026-04-04T02:30:00Z,,1775260800,expected_expiration-150m,1775260800,0.0,0.13,0.065,,25,0.00,0.00
