market_ticker,event_ticker,series_ticker,market_type,title,yes_sub_title,no_sub_title,result,result_binary,status,open_time,close_time,expected_expiration_time,volume,open_interest,tipoff_ts_used,tipoff_source,candle_ts,price_at_start_yes_bid,price_at_start_yes_ask,price_at_start_mid,price_at_start_last,n_candles_in_window
KXNBAGAME-26MAY26SASOKC-SAS,KXNBAGAME-26MAY26SASOKC,KXNBAGAME,game_winner,Game 5: San Antonio at Oklahoma City Winner?,San Antonio,San Antonio,no,0,finalized,2026-05-21T03:26:00Z,2026-05-27T03:17:28Z,2026-05-27T03:30:00Z,35617439.95,22978916.42,1779843600,expected_expiration-150m,1779843600,0.43,0.44,0.435,0.44,111
KXNBAGAME-26MAY30SASOKC-OKC,KXNBAGAME-26MAY30SASOKC,KXNBAGAME,game_winner,Game 7: San Antonio at Oklahoma City Winner?,Oklahoma City,Oklahoma City,no,0,finalized,2026-05-29T16:00:00Z,2026-05-31T02:50:36Z,2026-05-31T03:00:00Z,108750.56,86273.41,1780187400,expected_expiration-150m,1780187400,0.36,0.39,0.375,0.36,69
KXNBAGAME-26JUN03NYKSAS-SAS,KXNBAGAME-26JUN03NYKSAS,KXNBAGAME,game_winner,Game 1: New York at San Antonio Winner?,San Antonio,San Antonio,no,0,finalized,2026-05-31T03:14:00Z,2026-06-04T03:16:00Z,2026-06-04T03:30:00Z,33578429.98,19357407.89,1780534800,expected_expiration-150m,1780534800,0.62,0.63,0.625,0.62,111
KXNBAGAME-26MAY24OKCSAS-SAS,KXNBAGAME-26MAY24OKCSAS,KXNBAGAME,game_winner,Game 4: Oklahoma City at San Antonio Winner?,San Antonio,San Antonio,yes,1,finalized,2026-05-16T13:57:00Z,2026-05-25T02:52:29Z,2026-05-25T03:00:00Z,17625730.12,10609630.97,1779669000,expected_expiration-150m,1779669000,0.74,0.75,0.745,0.75,111
KXNBAGAME-26MAY24OKCSAS-OKC,KXNBAGAME-26MAY24OKCSAS,KXNBAGAME,game_winner,Game 4: Oklahoma City at San Antonio Winner?,Oklahoma City,Oklahoma City,no,0,finalized,2026-05-16T13:57:00Z,2026-05-25T02:52:29Z,2026-05-25T03:00:00Z,34963480.74,25879378.45,1779669000,expected_expiration-150m,1779669000,0.25,0.26,0.255,0.26,111
KXNBAGAME-26MAY22OKCSAS-SAS,KXNBAGAME-26MAY22OKCSAS,KXNBAGAME,game_winner,Game 3: Oklahoma City at San Antonio Winner?,San Antonio,San Antonio,no,0,finalized,2026-05-16T13:57:00Z,2026-05-23T03:25:21Z,2026-05-23T03:30:00Z,31826279.34,19088750.30,1779498000,expected_expiration-150m,1779498000,0.63,0.65,0.64,0.65,111
KXNBAGAME-26MAY26SASOKC-OKC,KXNBAGAME-26MAY26SASOKC,KXNBAGAME,game_winner,Game 5: San Antonio at Oklahoma City Winner?,Oklahoma City,Oklahoma City,yes,1,finalized,2026-05-21T03:26:00Z,2026-05-27T03:17:28Z,2026-05-27T03:30:00Z,20095486.43,11831267.13,1779843600,expected_expiration-150m,1779843600,0.57,0.58,0.575,0.58,111
KXNBAGAME-26MAY22OKCSAS-OKC,KXNBAGAME-26MAY22OKCSAS,KXNBAGAME,game_winner,Game 3: Oklahoma City at San Antonio Winner?,Oklahoma City,Oklahoma City,yes,1,finalized,2026-05-16T13:57:00Z,2026-05-23T03:25:21Z,2026-05-23T03:30:00Z,24133763.13,12721376.34,1779498000,expected_expiration-150m,1779498000,0.35,0.36,0.355,0.36,111
KXNBAGAME-26MAY23NYKCLE-CLE,KXNBAGAME-26MAY23NYKCLE,KXNBAGAME,game_winner,Game 3: New York at Cleveland Winner?,Cleveland,Cleveland,no,0,finalized,2026-05-18T03:39:00Z,2026-05-24T02:47:09Z,2026-05-24T03:00:00Z,20739544.37,12544750.34,1779582600,expected_expiration-150m,1779582600,0.43,0.44,0.435,0.43,111
KXNBAGAME-26MAY20SASOKC-OKC,KXNBAGAME-26MAY20SASOKC,KXNBAGAME,game_winner,Game 2: San Antonio at Oklahoma City Winner?,Oklahoma City,Oklahoma City,yes,1,finalized,2026-05-16T13:57:00Z,2026-05-21T03:07:13Z,2026-05-21T03:30:00Z,14793058.55,8648098.95,1779325200,expected_expiration-150m,1779325200,0.63,0.64,0.635,0.64,111
KXNBAGAME-26MAY23NYKCLE-NYK,KXNBAGAME-26MAY23NYKCLE,KXNBAGAME,game_winner,Game 3: New York at Cleveland Winner?,New York,New York,yes,1,finalized,2026-05-18T03:39:00Z,2026-05-24T02:47:09Z,2026-05-24T03:00:00Z,24569916.81,14475866.87,1779582600,expected_expiration-150m,1779582600,0.56,0.57,0.565,0.57,111
KXNBAGAME-26MAY30SASOKC-SAS,KXNBAGAME-26MAY30SASOKC,KXNBAGAME,game_winner,Game 7: San Antonio at Oklahoma City Winner?,San Antonio,San Antonio,yes,1,finalized,2026-05-29T16:00:00Z,2026-05-31T02:50:36Z,2026-05-31T03:00:00Z,122799.21,92125.13,1780187400,expected_expiration-150m,1780187400,0.62,0.64,0.63,0.64,73
KXNBAGAME-26MAY21CLENYK-CLE,KXNBAGAME-26MAY21CLENYK,KXNBAGAME,game_winner,Game 2: Cleveland at New York Winner?,Cleveland,Cleveland,no,0,finalized,2026-05-18T03:39:00Z,2026-05-22T02:44:24Z,2026-05-22T03:00:00Z,23212275.75,14901924.71,1779409800,expected_expiration-150m,1779409800,0.38,0.39,0.385,0.39,111
KXNBAGAME-26JUN05NYKSAS-NYK,KXNBAGAME-26JUN05NYKSAS,KXNBAGAME,game_winner,Game 2: New York at San Antonio Winner?,New York,New York,yes,1,finalized,2026-05-31T03:14:00Z,2026-06-06T03:29:37Z,2026-06-06T03:30:00Z,62029076.01,26238837.92,1780707600,expected_expiration-150m,1780707600,0.25,0.26,0.255,0.26,111
KXNBAGAME-26MAY18SASOKC-SAS,KXNBAGAME-26MAY18SASOKC,KXNBAGAME,game_winner,Game 1: San Antonio at Oklahoma City Winner?,San Antonio,San Antonio,yes,1,finalized,2026-05-16T13:57:00Z,2026-05-19T03:45:08Z,2026-05-19T03:30:00Z,37585684.19,15868906.55,1779152400,expected_expiration-150m,1779152400,0.28,0.29,0.28500000000000003,0.29,111
KXNBAGAME-26MAY13CLEDET-DET,KXNBAGAME-26MAY13CLEDET,KXNBAGAME,game_winner,Game 5: Cleveland at Detroit Winner?,Detroit,Detroit,no,0,finalized,2026-05-10T01:06:00Z,2026-05-14T03:07:37Z,2026-05-13T20:00:00Z,21241841.01,8733196.04,1778693400,expected_expiration-150m,1778693400,0.61,0.62,0.615,0.62,111
KXNBAGAME-26MAY13CLEDET-CLE,KXNBAGAME-26MAY13CLEDET,KXNBAGAME,game_winner,Game 5: Cleveland at Detroit Winner?,Cleveland,Cleveland,yes,1,finalized,2026-05-10T01:06:00Z,2026-05-14T03:07:37Z,2026-05-13T20:00:00Z,21962009.55,8734939.56,1778693400,expected_expiration-150m,1778693400,0.38,0.39,0.385,0.39,111
KXNBAGAME-26MAY12MINSAS-SAS,KXNBAGAME-26MAY12MINSAS,KXNBAGAME,game_winner,Game 5: Minnesota at San Antonio Winner?,San Antonio,San Antonio,yes,1,finalized,2026-05-07T07:06:00Z,2026-05-13T02:42:52Z,2026-05-12T20:00:00Z,9717083.02,6344029.97,1778607000,expected_expiration-150m,1778607000,0.77,0.78,0.775,0.78,111
KXNBAGAME-26MAY20SASOKC-SAS,KXNBAGAME-26MAY20SASOKC,KXNBAGAME,game_winner,Game 2: San Antonio at Oklahoma City Winner?,San Antonio,San Antonio,no,0,finalized,2026-05-16T13:57:00Z,2026-05-21T03:07:13Z,2026-05-21T03:30:00Z,42095720.57,25602073.52,1779325200,expected_expiration-150m,1779325200,0.36,0.37,0.365,0.37,111
KXNBAGAME-26MAY11DETCLE-DET,KXNBAGAME-26MAY11DETCLE,KXNBAGAME,game_winner,Game 4: Detroit at Cleveland Winner?,Detroit,Detroit,no,0,finalized,2026-05-04T15:06:00Z,2026-05-12T02:42:19Z,2026-05-12T03:00:00Z,21617599.53,12498068.25,1778545800,expected_expiration-150m,1778545800,0.37,0.38,0.375,0.38,111
KXNBAGAME-26MAY11DETCLE-CLE,KXNBAGAME-26MAY11DETCLE,KXNBAGAME,game_winner,Game 4: Detroit at Cleveland Winner?,Cleveland,Cleveland,yes,1,finalized,2026-05-04T15:06:00Z,2026-05-12T02:42:19Z,2026-05-12T03:00:00Z,11215688.25,6156191.95,1778545800,expected_expiration-150m,1778545800,0.62,0.63,0.625,0.63,111
KXNBAGAME-26MAY05CLEDET-DET,KXNBAGAME-26MAY05CLEDET,KXNBAGAME,game_winner,Game 1: Cleveland at Detroit Winner?,Detroit,Detroit,yes,1,finalized,2026-05-04T15:05:00Z,2026-05-06T01:40:06Z,2026-05-06T02:00:00Z,8154592.45,4560806.60,1778023800,expected_expiration-150m,1778023800,0.84,0.85,0.845,0.85,111
KXNBAGAME-26MAY18SASOKC-OKC,KXNBAGAME-26MAY18SASOKC,KXNBAGAME,game_winner,Game 1: San Antonio at Oklahoma City Winner?,Oklahoma City,Oklahoma City,no,0,finalized,2026-05-16T13:57:00Z,2026-05-19T03:45:08Z,2026-05-19T03:30:00Z,29116362.89,10866214.52,1779152400,expected_expiration-150m,1779152400,0.71,0.72,0.715,0.72,111
KXNBAGAME-26MAY09DETCLE-DET,KXNBAGAME-26MAY09DETCLE,KXNBAGAME,game_winner,Game 3: Detroit at Cleveland Winner?,Detroit,Detroit,no,0,finalized,2026-05-04T15:05:00Z,2026-05-09T21:54:02Z,2026-05-09T22:00:00Z,19848036.53,8377251.50,1778355000,expected_expiration-150m,1778355000,0.38,0.39,0.385,0.38,111
KXNBAGAME-26MAY09DETCLE-CLE,KXNBAGAME-26MAY09DETCLE,KXNBAGAME,game_winner,Game 3: Detroit at Cleveland Winner?,Cleveland,Cleveland,yes,1,finalized,2026-05-04T15:05:00Z,2026-05-09T21:54:02Z,2026-05-09T22:00:00Z,12114749.47,6046218.67,1778355000,expected_expiration-150m,1778355000,0.62,0.63,0.625,0.63,111
KXNBAGAME-26MAY15SASMIN-SAS,KXNBAGAME-26MAY15SASMIN,KXNBAGAME,game_winner,Game 6: San Antonio at Minnesota Winner?,San Antonio,San Antonio,yes,1,finalized,2026-05-11T04:06:00Z,2026-05-16T04:25:14Z,2026-05-15T20:00:00Z,8673993.17,5716123.49,1778866200,expected_expiration-150m,1778866200,0.65,0.66,0.655,0.66,111
KXNBAGAME-26MAY07CLEDET-DET,KXNBAGAME-26MAY07CLEDET,KXNBAGAME,game_winner,Game 2: Cleveland at Detroit Winner?,Detroit,Detroit,yes,1,finalized,2026-05-04T15:05:00Z,2026-05-08T01:43:20Z,2026-05-08T02:00:00Z,11098212.51,6939891.78,1778196600,expected_expiration-150m,1778196600,0.68,0.69,0.685,0.69,111
KXNBAGAME-26MAY28OKCSAS-SAS,KXNBAGAME-26MAY28OKCSAS,KXNBAGAME,game_winner,Game 6: Oklahoma City at San Antonio Winner?,San Antonio,San Antonio,yes,1,finalized,2026-05-25T03:05:00Z,2026-05-29T02:59:18Z,2026-05-29T03:30:00Z,14995056.08,10039913.31,1780016400,expected_expiration-150m,1780016400,0.69,0.71,0.7,0.71,111
KXNBAGAME-26JUN05NYKSAS-SAS,KXNBAGAME-26JUN05NYKSAS,KXNBAGAME,game_winner,Game 2: New York at San Antonio Winner?,San Antonio,San Antonio,no,0,finalized,2026-05-31T03:14:00Z,2026-06-06T03:29:37Z,2026-06-06T03:30:00Z,46853856.63,23372797.43,1780707600,expected_expiration-150m,1780707600,0.74,0.75,0.745,0.75,111
KXNBAGAME-26MAY04PHINYK-PHI,KXNBAGAME-26MAY04PHINYK,KXNBAGAME,game_winner,Game 1: Philadelphia at New York Winner?,Philadelphia,Philadelphia,no,0,finalized,2026-05-03T02:55:00Z,2026-05-05T02:47:49Z,2026-05-05T03:00:00Z,15222984.43,10719123.82,1777941000,expected_expiration-150m,1777941000,0.29,0.3,0.295,0.3,111
KXNBAGAME-26MAY07CLEDET-CLE,KXNBAGAME-26MAY07CLEDET,KXNBAGAME,game_winner,Game 2: Cleveland at Detroit Winner?,Cleveland,Cleveland,no,0,finalized,2026-05-04T15:05:00Z,2026-05-08T01:43:20Z,2026-05-08T02:00:00Z,13294163.10,7288857.52,1778196600,expected_expiration-150m,1778196600,0.32,0.33,0.325,0.32,111
KXNBAGAME-26MAY05LALOKC-OKC,KXNBAGAME-26MAY05LALOKC,KXNBAGAME,game_winner,Game 1: Los Angeles L at Oklahoma City Winner?,Oklahoma City,Oklahoma City,yes,1,finalized,2026-05-03T02:55:00Z,2026-05-06T03:07:06Z,2026-05-06T03:30:00Z,10016017.26,7093144.12,1778029200,expected_expiration-150m,1778029200,0.82,0.83,0.825,0.83,111
KXNBAGAME-26MAY05LALOKC-LAL,KXNBAGAME-26MAY05LALOKC,KXNBAGAME,game_winner,Game 1: Los Angeles L at Oklahoma City Winner?,Los Angeles L,Los Angeles L,no,0,finalized,2026-05-03T02:55:00Z,2026-05-06T03:07:06Z,2026-05-06T03:30:00Z,28021409.71,20582997.49,1778029200,expected_expiration-150m,1778029200,0.17,0.18,0.175,0.17,111
KXNBAGAME-26MAY05CLEDET-CLE,KXNBAGAME-26MAY05CLEDET,KXNBAGAME,game_winner,Game 1: Cleveland at Detroit Winner?,Cleveland,Cleveland,no,0,finalized,2026-05-04T15:05:00Z,2026-05-06T01:40:06Z,2026-05-06T02:00:00Z,13209847.63,6931022.81,1778023800,expected_expiration-150m,1778023800,0.16,0.17,0.165,0.16,111
KXNBAGAME-26MAY04PHINYK-NYK,KXNBAGAME-26MAY04PHINYK,KXNBAGAME,game_winner,Game 1: Philadelphia at New York Winner?,New York,New York,yes,1,finalized,2026-05-03T02:55:00Z,2026-05-05T02:47:49Z,2026-05-05T03:00:00Z,6572869.04,4359435.49,1777941000,expected_expiration-150m,1777941000,0.7,0.71,0.705,0.71,111
KXNBAGAME-26MAY10NYKPHI-PHI,KXNBAGAME-26MAY10NYKPHI,KXNBAGAME,game_winner,Game 4: New York at Philadelphia Winner?,Philadelphia,Philadelphia,no,0,finalized,2026-05-03T02:55:00Z,2026-05-10T22:11:56Z,2026-05-10T22:30:00Z,8610178.53,5162543.76,1778443200,expected_expiration-150m,1778443200,0.17,0.18,0.175,0.18,111
KXNBAGAME-26MAY15DETCLE-DET,KXNBAGAME-26MAY15DETCLE,KXNBAGAME,game_winner,Game 6: Detroit at Cleveland Winner?,Detroit,Detroit,yes,1,finalized,2026-05-12T04:05:00Z,2026-05-16T01:49:31Z,2026-05-15T20:00:00Z,14214379.19,7454195.18,1778866200,expected_expiration-150m,1778866200,0.39,0.4,0.395,0.4,111
KXNBAGAME-26MAY11OKCLAL-OKC,KXNBAGAME-26MAY11OKCLAL,KXNBAGAME,game_winner,Game 4: Oklahoma City at Los Angeles L Winner?,Oklahoma City,Oklahoma City,yes,1,finalized,2026-05-03T02:55:00Z,2026-05-12T05:31:20Z,2026-05-12T05:30:00Z,18927585.85,9681055.52,1778554800,expected_expiration-150m,1778554800,0.85,0.86,0.855,0.86,111
KXNBAGAME-26MAY15DETCLE-CLE,KXNBAGAME-26MAY15DETCLE,KXNBAGAME,game_winner,Game 6: Detroit at Cleveland Winner?,Cleveland,Cleveland,no,0,finalized,2026-05-12T04:05:00Z,2026-05-16T01:49:31Z,2026-05-15T20:00:00Z,14866263.02,7602099.03,1778866200,expected_expiration-150m,1778866200,0.61,0.62,0.615,0.62,111
KXNBAGAME-26MAY07LALOKC-OKC,KXNBAGAME-26MAY07LALOKC,KXNBAGAME,game_winner,Game 2: Los Angeles L at Oklahoma City Winner?,Oklahoma City,Oklahoma City,yes,1,finalized,2026-05-03T02:55:00Z,2026-05-08T04:20:34Z,2026-05-08T04:30:00Z,17584176.47,10087769.36,1778205600,expected_expiration-150m,1778205600,0.89,0.9,0.895,0.89,111
KXNBAGAME-26MAY08NYKPHI-PHI,KXNBAGAME-26MAY08NYKPHI,KXNBAGAME,game_winner,Game 3: New York at Philadelphia Winner?,Philadelphia,Philadelphia,no,0,finalized,2026-05-03T02:55:00Z,2026-05-09T01:51:23Z,2026-05-09T02:00:00Z,14063175.44,7569045.57,1778283000,expected_expiration-150m,1778283000,0.69,0.7,0.695,0.69,111
KXNBAGAME-26MAY09OKCLAL-OKC,KXNBAGAME-26MAY09OKCLAL,KXNBAGAME,game_winner,Game 3: Oklahoma City at Los Angeles L Winner?,Oklahoma City,Oklahoma City,yes,1,finalized,2026-05-03T02:55:00Z,2026-05-10T02:59:11Z,2026-05-10T03:30:00Z,12807695.63,8694987.10,1778374800,expected_expiration-150m,1778374800,0.82,0.83,0.825,0.83,111
KXNBAGAME-26MAY06PHINYK-NYK,KXNBAGAME-26MAY06PHINYK,KXNBAGAME,game_winner,Game 2: Philadelphia at New York Winner?,New York,New York,yes,1,finalized,2026-05-03T02:55:00Z,2026-05-07T01:54:06Z,2026-05-07T02:00:00Z,11888451.15,6758580.90,1778110200,expected_expiration-150m,1778110200,0.75,0.76,0.755,0.76,111
KXNBAGAME-26MAY04MINSAS-SAS,KXNBAGAME-26MAY04MINSAS,KXNBAGAME,game_winner,Game 1: Minnesota at San Antonio Winner?,San Antonio,San Antonio,no,0,finalized,2026-05-01T17:00:00Z,2026-05-05T04:15:21Z,2026-05-04T20:00:00Z,15373138.96,7330251.59,1777915800,expected_expiration-150m,1777915800,0.79,0.8,0.795,0.8,111
KXNBAGAME-26MAY08NYKPHI-NYK,KXNBAGAME-26MAY08NYKPHI,KXNBAGAME,game_winner,Game 3: New York at Philadelphia Winner?,New York,New York,yes,1,finalized,2026-05-03T02:55:00Z,2026-05-09T01:51:23Z,2026-05-09T02:00:00Z,15962667.53,8470598.58,1778283000,expected_expiration-150m,1778283000,0.31,0.32,0.315,0.32,111
KXNBAGAME-26MAY11OKCLAL-LAL,KXNBAGAME-26MAY11OKCLAL,KXNBAGAME,game_winner,Game 4: Oklahoma City at Los Angeles L Winner?,Los Angeles L,Los Angeles L,no,0,finalized,2026-05-03T02:55:00Z,2026-05-12T05:31:20Z,2026-05-12T05:30:00Z,42027212.76,22182272.26,1778554800,expected_expiration-150m,1778554800,0.15,0.16,0.155,0.16,111
KXNBAGAME-26MAY10SASMIN-MIN,KXNBAGAME-26MAY10SASMIN,KXNBAGAME,game_winner,Game 4: San Antonio at Minnesota Winner?,Minnesota,Minnesota,yes,1,finalized,2026-05-01T17:00:00Z,2026-05-11T02:21:15Z,2026-05-10T20:00:00Z,26471634.74,12500985.20,1778434200,expected_expiration-150m,1778434200,0.35,0.36,0.355,0.36,111
KXNBAGAME-26MAY07LALOKC-LAL,KXNBAGAME-26MAY07LALOKC,KXNBAGAME,game_winner,Game 2: Los Angeles L at Oklahoma City Winner?,Los Angeles L,Los Angeles L,no,0,finalized,2026-05-03T02:55:00Z,2026-05-08T04:20:34Z,2026-05-08T04:30:00Z,37664344.34,23522925.16,1778205600,expected_expiration-150m,1778205600,0.1,0.11,0.10500000000000001,0.11,111
KXNBAGAME-26MAY08SASMIN-MIN,KXNBAGAME-26MAY08SASMIN,KXNBAGAME,game_winner,Game 3: San Antonio at Minnesota Winner?,Minnesota,Minnesota,no,0,finalized,2026-05-01T17:00:00Z,2026-05-09T04:30:58Z,2026-05-08T20:00:00Z,22231895.51,13660578.72,1778261400,expected_expiration-150m,1778261400,0.35,0.36,0.355,0.36,111
KXNBAGAME-26MAY06MINSAS-SAS,KXNBAGAME-26MAY06MINSAS,KXNBAGAME,game_winner,Game 2: Minnesota at San Antonio Winner?,San Antonio,San Antonio,yes,1,finalized,2026-05-01T17:00:00Z,2026-05-07T04:23:51Z,2026-05-06T20:00:00Z,6391874.45,4282026.29,1778088600,expected_expiration-150m,1778088600,0.77,0.78,0.775,0.78,111
KXNBAGAME-26MAY08SASMIN-SAS,KXNBAGAME-26MAY08SASMIN,KXNBAGAME,game_winner,Game 3: San Antonio at Minnesota Winner?,San Antonio,San Antonio,yes,1,finalized,2026-05-01T17:00:00Z,2026-05-09T04:30:58Z,2026-05-08T20:00:00Z,13510460.81,7348595.93,1778261400,expected_expiration-150m,1778261400,0.65,0.66,0.655,0.66,111
KXNBAGAME-26MAY01LALHOU-LAL,KXNBAGAME-26MAY01LALHOU,KXNBAGAME,game_winner,Game 6: Los Angeles L at Houston Winner?,Los Angeles L,Los Angeles L,yes,1,finalized,2026-04-30T05:24:00Z,2026-05-02T04:18:30Z,2026-05-02T04:30:00Z,19087987.25,11357206.20,1777687200,expected_expiration-150m,1777687200,0.37,0.38,0.375,0.38,111
KXNBAGAME-26MAY06PHINYK-PHI,KXNBAGAME-26MAY06PHINYK,KXNBAGAME,game_winner,Game 2: Philadelphia at New York Winner?,Philadelphia,Philadelphia,no,0,finalized,2026-05-03T02:55:00Z,2026-05-07T01:54:06Z,2026-05-07T02:00:00Z,17647858.26,10719887.12,1778110200,expected_expiration-150m,1778110200,0.24,0.25,0.245,0.25,111
KXNBAGAME-26MAY01LALHOU-HOU,KXNBAGAME-26MAY01LALHOU,KXNBAGAME,game_winner,Game 6: Los Angeles L at Houston Winner?,Houston,Houston,no,0,finalized,2026-04-30T05:24:00Z,2026-05-02T04:18:30Z,2026-05-02T04:30:00Z,13692087.89,8706777.04,1777687200,expected_expiration-150m,1777687200,0.62,0.63,0.625,0.63,111
KXNBAGAME-26MAY04MINSAS-MIN,KXNBAGAME-26MAY04MINSAS,KXNBAGAME,game_winner,Game 1: Minnesota at San Antonio Winner?,Minnesota,Minnesota,yes,1,finalized,2026-05-01T17:00:00Z,2026-05-05T04:15:21Z,2026-05-04T20:00:00Z,26016819.90,10892038.00,1777915800,expected_expiration-150m,1777915800,0.2,0.21,0.20500000000000002,0.21,110
KXNBAGAME-26MAY28OKCSAS-OKC,KXNBAGAME-26MAY28OKCSAS,KXNBAGAME,game_winner,Game 6: Oklahoma City at San Antonio Winner?,Oklahoma City,Oklahoma City,no,0,finalized,2026-05-25T03:05:00Z,2026-05-29T02:59:18Z,2026-05-29T03:30:00Z,25364979.23,20089354.70,1780016400,expected_expiration-150m,1780016400,0.3,0.31,0.305,0.31,111
KXNBAGAME-26JUN03NYKSAS-NYK,KXNBAGAME-26JUN03NYKSAS,KXNBAGAME,game_winner,Game 1: New York at San Antonio Winner?,New York,New York,yes,1,finalized,2026-05-31T03:14:00Z,2026-06-04T03:16:00Z,2026-06-04T03:30:00Z,44690394.85,21751090.36,1780534800,expected_expiration-150m,1780534800,0.38,0.39,0.385,0.39,111
KXNBAGAME-26APR30BOSPHI-PHI,KXNBAGAME-26APR30BOSPHI,KXNBAGAME,game_winner,Game 6: Boston at Philadelphia Winner?,Philadelphia,Philadelphia,yes,1,finalized,2026-04-29T02:54:00Z,2026-05-01T02:32:56Z,2026-04-30T20:00:00Z,12931759.35,6579481.78,1777570200,expected_expiration-150m,1777570200,0.32,0.33,0.325,0.33,111
KXNBAGAME-26APR30DENMIN-DEN,KXNBAGAME-26APR30DENMIN,KXNBAGAME,game_winner,Game 6: Denver at Minnesota Winner?,Denver,Denver,no,0,finalized,2026-04-28T07:06:00Z,2026-05-01T04:23:43Z,2026-04-30T20:00:00Z,15746234.51,8471895.41,1777570200,expected_expiration-150m,1777570200,0.67,0.68,0.675,0.68,111
KXNBAGAME-26MAY06MINSAS-MIN,KXNBAGAME-26MAY06MINSAS,KXNBAGAME,game_winner,Game 2: Minnesota at San Antonio Winner?,Minnesota,Minnesota,no,0,finalized,2026-05-01T17:00:00Z,2026-05-07T04:23:51Z,2026-05-06T20:00:00Z,19516781.16,14242949.08,1778088600,expected_expiration-150m,1778088600,0.22,0.23,0.225,0.23,111
KXNBAGAME-26APR30BOSPHI-BOS,KXNBAGAME-26APR30BOSPHI,KXNBAGAME,game_winner,Game 6: Boston at Philadelphia Winner?,Boston,Boston,no,0,finalized,2026-04-29T02:54:00Z,2026-05-01T02:32:56Z,2026-04-30T20:00:00Z,11377209.94,7324623.88,1777570200,expected_expiration-150m,1777570200,0.68,0.69,0.685,0.69,109
KXNBAGAME-26APR30DENMIN-MIN,KXNBAGAME-26APR30DENMIN,KXNBAGAME,game_winner,Game 6: Denver at Minnesota Winner?,Minnesota,Minnesota,yes,1,finalized,2026-04-28T07:06:00Z,2026-05-01T04:23:43Z,2026-04-30T20:00:00Z,18826183.34,9884733.82,1777570200,expected_expiration-150m,1777570200,0.32,0.33,0.325,0.33,111
KXNBAGAME-26APR30NYKATL-ATL,KXNBAGAME-26APR30NYKATL,KXNBAGAME,game_winner,Game 6: New York at Atlanta Winner?,Atlanta,Atlanta,no,0,finalized,2026-04-27T07:06:00Z,2026-05-01T01:44:43Z,2026-04-30T20:00:00Z,7387556.48,6350081.79,1777570200,expected_expiration-150m,1777570200,0.43,0.44,0.435,0.44,108
KXNBAGAME-26MAY09OKCLAL-LAL,KXNBAGAME-26MAY09OKCLAL,KXNBAGAME,game_winner,Game 3: Oklahoma City at Los Angeles L Winner?,Los Angeles L,Los Angeles L,no,0,finalized,2026-05-03T02:55:00Z,2026-05-10T02:59:11Z,2026-05-10T03:30:00Z,23825966.92,15756019.79,1778374800,expected_expiration-150m,1778374800,0.17,0.18,0.175,0.18,111
KXNBAGAME-26APR29HOULAL-HOU,KXNBAGAME-26APR29HOULAL,KXNBAGAME,game_winner,Game 5: Houston at Los Angeles L Winner?,Houston,Houston,yes,1,finalized,2026-04-27T05:16:00Z,2026-04-30T04:48:46Z,2026-04-30T05:00:00Z,14079077.59,7586614.50,1777516200,expected_expiration-150m,1777516200,0.35,0.36,0.355,0.36,111
KXNBAGAME-26MAY01DETORL-ORL,KXNBAGAME-26MAY01DETORL,KXNBAGAME,game_winner,Game 6: Detroit at Orlando Winner?,Orlando,Orlando,no,0,finalized,2026-04-30T02:27:00Z,2026-05-02T01:43:12Z,2026-05-01T20:00:00Z,17278702.65,7381160.85,1777656600,expected_expiration-150m,1777656600,0.39,0.4,0.395,0.4,111
KXNBAGAME-26MAY01CLETOR-TOR,KXNBAGAME-26MAY01CLETOR,KXNBAGAME,game_winner,Game 6: Cleveland at Toronto Winner?,Toronto,Toronto,yes,1,finalized,2026-04-27T07:06:00Z,2026-05-02T02:34:27Z,2026-05-01T20:00:00Z,12109948.17,4436596.93,1777656600,expected_expiration-150m,1777656600,0.37,0.38,0.375,0.38,109
KXNBAGAME-26MAY15SASMIN-MIN,KXNBAGAME-26MAY15SASMIN,KXNBAGAME,game_winner,Game 6: San Antonio at Minnesota Winner?,Minnesota,Minnesota,no,0,finalized,2026-05-11T04:06:00Z,2026-05-16T04:25:14Z,2026-05-15T20:00:00Z,22243360.86,17286782.13,1778866200,expected_expiration-150m,1778866200,0.34,0.35,0.345,0.35,111
KXNBAGAME-26APR29TORCLE-TOR,KXNBAGAME-26APR29TORCLE,KXNBAGAME,game_winner,Game 5: Toronto at Cleveland Winner?,Toronto,Toronto,no,0,finalized,2026-04-27T05:16:00Z,2026-04-30T02:18:59Z,2026-04-30T02:30:00Z,14475650.07,7774856.70,1777507200,expected_expiration-150m,1777507200,0.39,0.4,0.395,0.4,111
KXNBAGAME-26APR29ORLDET-DET,KXNBAGAME-26APR29ORLDET,KXNBAGAME,game_winner,Game 5: Orlando at Detroit Winner?,Detroit,Detroit,yes,1,finalized,2026-04-27T05:16:00Z,2026-04-30T01:43:51Z,2026-04-30T02:00:00Z,6176388.36,4349148.57,1777505400,expected_expiration-150m,1777505400,0.85,0.86,0.855,0.86,111
KXNBAGAME-26APR30NYKATL-NYK,KXNBAGAME-26APR30NYKATL,KXNBAGAME,game_winner,Game 6: New York at Atlanta Winner?,New York,New York,yes,1,finalized,2026-04-27T07:06:00Z,2026-05-01T01:44:43Z,2026-04-30T20:00:00Z,7237909.69,4667851.10,1777570200,expected_expiration-150m,1777570200,0.57,0.58,0.575,0.58,111
KXNBAGAME-26MAY10SASMIN-SAS,KXNBAGAME-26MAY10SASMIN,KXNBAGAME,game_winner,Game 4: San Antonio at Minnesota Winner?,San Antonio,San Antonio,no,0,finalized,2026-05-01T17:00:00Z,2026-05-11T02:21:15Z,2026-05-10T20:00:00Z,25946274.28,11635423.80,1778434200,expected_expiration-150m,1778434200,0.64,0.65,0.645,0.65,111
KXNBAGAME-26MAY12MINSAS-MIN,KXNBAGAME-26MAY12MINSAS,KXNBAGAME,game_winner,Game 5: Minnesota at San Antonio Winner?,Minnesota,Minnesota,no,0,finalized,2026-05-07T07:06:00Z,2026-05-13T02:42:52Z,2026-05-12T20:00:00Z,26132172.64,16901625.55,1778607000,expected_expiration-150m,1778607000,0.22,0.23,0.225,0.22,111
KXNBAGAME-26APR28PHIBOS-PHI,KXNBAGAME-26APR28PHIBOS,KXNBAGAME,game_winner,Game 5: Philadelphia at Boston Winner?,Philadelphia,Philadelphia,yes,1,finalized,2026-04-25T23:48:00Z,2026-04-29T01:34:45Z,2026-04-29T02:00:00Z,12966909.68,5313520.22,1777419000,expected_expiration-150m,1777419000,0.2,0.21,0.20500000000000002,0.21,111
KXNBAGAME-26APR28PORSAS-SAS,KXNBAGAME-26APR28PORSAS,KXNBAGAME,game_winner,Game 5: Portland at San Antonio Winner?,San Antonio,San Antonio,yes,1,finalized,2026-04-25T23:48:00Z,2026-04-29T04:27:31Z,2026-04-29T04:30:00Z,9137418.53,5057486.33,1777428000,expected_expiration-150m,1777428000,0.86,0.87,0.865,0.87,111
KXNBAGAME-26APR27OKCPHX-PHX,KXNBAGAME-26APR27OKCPHX,KXNBAGAME,game_winner,Game 4: Oklahoma City at Phoenix Winner?,Phoenix,Phoenix,no,0,finalized,2026-04-21T07:06:00Z,2026-04-28T04:18:21Z,2026-04-28T04:30:00Z,11182108.89,8201743.75,1777341600,expected_expiration-150m,1777341600,0.17,0.18,0.175,0.18,111
KXNBAGAME-26APR27OKCPHX-OKC,KXNBAGAME-26APR27OKCPHX,KXNBAGAME,game_winner,Game 4: Oklahoma City at Phoenix Winner?,Oklahoma City,Oklahoma City,yes,1,finalized,2026-04-21T07:06:00Z,2026-04-28T04:18:21Z,2026-04-28T04:30:00Z,8108257.83,4616589.16,1777341600,expected_expiration-150m,1777341600,0.82,0.83,0.825,0.83,111
KXNBAGAME-26APR29TORCLE-CLE,KXNBAGAME-26APR29TORCLE,KXNBAGAME,game_winner,Game 5: Toronto at Cleveland Winner?,Cleveland,Cleveland,yes,1,finalized,2026-04-27T05:16:00Z,2026-04-30T02:18:59Z,2026-04-30T02:30:00Z,7759602.22,4223192.63,1777507200,expected_expiration-150m,1777507200,0.61,0.62,0.615,0.61,111
KXNBAGAME-26APR27MINDEN-DEN,KXNBAGAME-26APR27MINDEN,KXNBAGAME,game_winner,Game 5: Minnesota at Denver Winner?,Denver,Denver,yes,1,finalized,2026-04-21T07:06:00Z,2026-04-28T05:22:43Z,2026-04-28T05:30:00Z,6543880.78,4866189.15,1777345200,expected_expiration-150m,1777345200,0.83,0.84,0.835,0.84,111
KXNBAGAME-26APR27DETORL-ORL,KXNBAGAME-26APR27DETORL,KXNBAGAME,game_winner,Game 4: Detroit at Orlando Winner?,Orlando,Orlando,yes,1,finalized,2026-04-21T07:06:00Z,2026-04-28T02:58:12Z,2026-04-28T03:00:00Z,16645499.29,6187206.85,1777336200,expected_expiration-150m,1777336200,0.51,0.52,0.515,0.52,111
KXNBAGAME-26APR28PORSAS-POR,KXNBAGAME-26APR28PORSAS,KXNBAGAME,game_winner,Game 5: Portland at San Antonio Winner?,Portland,Portland,no,0,finalized,2026-04-25T23:48:00Z,2026-04-29T04:27:31Z,2026-04-29T04:30:00Z,15150916.39,10282311.47,1777428000,expected_expiration-150m,1777428000,0.13,0.14,0.135,0.14,111
KXNBAGAME-26APR28ATLNYK-ATL,KXNBAGAME-26APR28ATLNYK,KXNBAGAME,game_winner,Game 5: Atlanta at New York Winner?,Atlanta,Atlanta,no,0,finalized,2026-04-25T23:48:00Z,2026-04-29T02:48:10Z,2026-04-29T03:00:00Z,16714007.44,6008029.02,1777422600,expected_expiration-150m,1777422600,0.27,0.28,0.275,0.27,111
KXNBAGAME-26APR28ATLNYK-NYK,KXNBAGAME-26APR28ATLNYK,KXNBAGAME,game_winner,Game 5: Atlanta at New York Winner?,New York,New York,yes,1,finalized,2026-04-25T23:48:00Z,2026-04-29T02:48:10Z,2026-04-29T03:00:00Z,6696081.11,3858415.26,1777422600,expected_expiration-150m,1777422600,0.71,0.72,0.715,0.72,111
KXNBAGAME-26APR27MINDEN-MIN,KXNBAGAME-26APR27MINDEN,KXNBAGAME,game_winner,Game 5: Minnesota at Denver Winner?,Minnesota,Minnesota,no,0,finalized,2026-04-21T07:06:00Z,2026-04-28T05:22:43Z,2026-04-28T05:30:00Z,20545661.15,13224741.56,1777345200,expected_expiration-150m,1777345200,0.16,0.17,0.165,0.17,111
KXNBAGAME-26APR25OKCPHX-PHX,KXNBAGAME-26APR25OKCPHX,KXNBAGAME,game_winner,Game 3: Oklahoma City at Phoenix Winner?,Phoenix,Phoenix,no,0,finalized,2026-04-18T20:57:00Z,2026-04-25T22:08:58Z,2026-04-25T22:30:00Z,13604978.35,9454010.80,1777147200,expected_expiration-150m,1777147200,0.3,0.31,0.305,0.3,111
KXNBAGAME-26APR25DETORL-ORL,KXNBAGAME-26APR25DETORL,KXNBAGAME,game_winner,Game 3: Detroit at Orlando Winner?,Orlando,Orlando,yes,1,finalized,2026-04-18T20:57:00Z,2026-04-25T19:54:29Z,2026-04-25T20:00:00Z,10717312.12,4978482.66,1777138200,expected_expiration-150m,1777138200,0.48,0.49,0.485,0.49,111
KXNBAGAME-26MAY10NYKPHI-NYK,KXNBAGAME-26MAY10NYKPHI,KXNBAGAME,game_winner,Game 4: New York at Philadelphia Winner?,New York,New York,yes,1,finalized,2026-05-03T02:55:00Z,2026-05-10T22:11:56Z,2026-05-10T22:30:00Z,12020941.70,7832683.08,1778443200,expected_expiration-150m,1778443200,0.82,0.83,0.825,0.83,111
KXNBAGAME-26APR25OKCPHX-OKC,KXNBAGAME-26APR25OKCPHX,KXNBAGAME,game_winner,Game 3: Oklahoma City at Phoenix Winner?,Oklahoma City,Oklahoma City,yes,1,finalized,2026-04-18T20:57:00Z,2026-04-25T22:08:58Z,2026-04-25T22:30:00Z,8971471.62,6393321.77,1777147200,expected_expiration-150m,1777147200,0.69,0.7,0.695,0.7,111
KXNBAGAME-26APR22ORLDET-ORL,KXNBAGAME-26APR22ORLDET,KXNBAGAME,game_winner,Game 2: Orlando at Detroit Winner?,Orlando,Orlando,no,0,finalized,2026-04-18T20:57:00Z,2026-04-23T01:51:33Z,2026-04-23T02:00:00Z,15381498.61,12137497.15,1776900600,expected_expiration-150m,1776900600,0.18,0.19,0.185,0.19,111
KXNBAGAME-26APR25DETORL-DET,KXNBAGAME-26APR25DETORL,KXNBAGAME,game_winner,Game 3: Detroit at Orlando Winner?,Detroit,Detroit,no,0,finalized,2026-04-18T20:57:00Z,2026-04-25T19:54:29Z,2026-04-25T20:00:00Z,18217366.45,9259042.63,1777138200,expected_expiration-150m,1777138200,0.52,0.53,0.525,0.53,111
KXNBAGAME-26MAY01CLETOR-CLE,KXNBAGAME-26MAY01CLETOR,KXNBAGAME,game_winner,Game 6: Cleveland at Toronto Winner?,Cleveland,Cleveland,no,0,finalized,2026-04-27T07:06:00Z,2026-05-02T02:34:27Z,2026-05-01T20:00:00Z,14078739.61,5179045.72,1777656600,expected_expiration-150m,1777656600,0.62,0.63,0.625,0.63,110
KXNBAGAME-26APR19PHXOKC-OKC,KXNBAGAME-26APR19PHXOKC,KXNBAGAME,game_winner,Game 1: Phoenix at Oklahoma City Winner?,Oklahoma City,Oklahoma City,yes,1,finalized,2026-04-18T20:57:00Z,2026-04-19T22:08:38Z,2026-04-19T22:30:00Z,5031095.28,3789963.49,1776628800,expected_expiration-150m,1776628800,0.94,0.95,0.945,0.95,111
KXNBAGAME-26APR19PHXOKC-PHX,KXNBAGAME-26APR19PHXOKC,KXNBAGAME,game_winner,Game 1: Phoenix at Oklahoma City Winner?,Phoenix,Phoenix,no,0,finalized,2026-04-18T20:57:00Z,2026-04-19T22:08:38Z,2026-04-19T22:30:00Z,6318947.67,5227900.67,1776628800,expected_expiration-150m,1776628800,0.05,0.06,0.055,0.06,111
KXNBAGAME-26APR19ORLDET-DET,KXNBAGAME-26APR19ORLDET,KXNBAGAME,game_winner,Game 1: Orlando at Detroit Winner?,Detroit,Detroit,no,0,finalized,2026-04-18T20:57:00Z,2026-04-20T01:08:10Z,2026-04-20T01:30:00Z,17013070.83,8852213.05,1776639600,expected_expiration-150m,1776639600,0.63,0.64,0.635,0.64,111
KXNBAGAME-26APR22PHXOKC-OKC,KXNBAGAME-26APR22PHXOKC,KXNBAGAME,game_winner,Game 2: Phoenix at Oklahoma City Winner?,Oklahoma City,Oklahoma City,yes,1,finalized,2026-04-18T20:57:00Z,2026-04-23T04:23:18Z,2026-04-23T04:30:00Z,6201717.52,4412158.57,1776909600,expected_expiration-150m,1776909600,0.9,0.91,0.905,0.91,110
KXNBAGAME-26APR19ORLDET-ORL,KXNBAGAME-26APR19ORLDET,KXNBAGAME,game_winner,Game 1: Orlando at Detroit Winner?,Orlando,Orlando,yes,1,finalized,2026-04-18T20:57:00Z,2026-04-20T01:08:10Z,2026-04-20T01:30:00Z,14162196.00,6851745.79,1776639600,expected_expiration-150m,1776639600,0.36,0.37,0.365,0.37,111
KXNBAGAME-26APR19PHIBOS-PHI,KXNBAGAME-26APR19PHIBOS,KXNBAGAME,game_winner,Game 1: Philadelphia at Boston Winner?,Philadelphia,Philadelphia,no,0,finalized,2026-04-16T22:32:00Z,2026-04-19T19:36:36Z,2026-04-19T20:00:00Z,5432246.71,4394856.09,1776619800,expected_expiration-150m,1776619800,0.04,0.05,0.045,0.04,111
KXNBAGAME-26APR26BOSPHI-PHI,KXNBAGAME-26APR26BOSPHI,KXNBAGAME,game_winner,Game 4: Boston at Philadelphia Winner?,Philadelphia,Philadelphia,no,0,finalized,2026-04-16T22:32:00Z,2026-04-27T01:37:43Z,2026-04-27T02:00:00Z,17945086.90,13395646.11,1777246200,expected_expiration-150m,1777246200,0.23,0.24,0.235,0.23,111
KXNBAGAME-26APR19PHIBOS-BOS,KXNBAGAME-26APR19PHIBOS,KXNBAGAME,game_winner,Game 1: Philadelphia at Boston Winner?,Boston,Boston,yes,1,finalized,2026-04-16T22:32:00Z,2026-04-19T19:36:36Z,2026-04-19T20:00:00Z,5062185.09,3716745.33,1776619800,expected_expiration-150m,1776619800,0.95,0.96,0.955,0.96,111
KXNBAGAME-26APR24BOSPHI-PHI,KXNBAGAME-26APR24BOSPHI,KXNBAGAME,game_winner,Game 3: Boston at Philadelphia Winner?,Philadelphia,Philadelphia,no,0,finalized,2026-04-16T22:32:00Z,2026-04-25T01:46:26Z,2026-04-25T02:00:00Z,14170525.78,8170201.57,1777073400,expected_expiration-150m,1777073400,0.24,0.25,0.245,0.25,111
KXNBAGAME-26APR22PHXOKC-PHX,KXNBAGAME-26APR22PHXOKC,KXNBAGAME,game_winner,Game 2: Phoenix at Oklahoma City Winner?,Phoenix,Phoenix,no,0,finalized,2026-04-18T20:57:00Z,2026-04-23T04:23:18Z,2026-04-23T04:30:00Z,23344801.15,18094653.09,1776909600,expected_expiration-150m,1776909600,0.09,0.1,0.095,0.1,111
KXNBAGAME-26APR17GSWPHX-PHX,KXNBAGAME-26APR17GSWPHX,KXNBAGAME,game_winner,Golden State at Phoenix Winner?,Phoenix,Phoenix,yes,1,finalized,2026-04-16T07:10:00Z,2026-04-18T04:53:15Z,2026-04-18T05:00:00Z,9489000.55,6426469.43,1776479400,expected_expiration-150m,1776479400,0.67,0.68,0.675,0.68,111
KXNBAGAME-26APR24BOSPHI-BOS,KXNBAGAME-26APR24BOSPHI,KXNBAGAME,game_winner,Game 3: Boston at Philadelphia Winner?,Boston,Boston,yes,1,finalized,2026-04-16T22:32:00Z,2026-04-25T01:46:26Z,2026-04-25T02:00:00Z,6524439.55,3794799.23,1777073400,expected_expiration-150m,1777073400,0.75,0.76,0.755,0.76,111
KXNBAGAME-26APR21PHIBOS-BOS,KXNBAGAME-26APR21PHIBOS,KXNBAGAME,game_winner,Game 2: Philadelphia at Boston Winner?,Boston,Boston,no,0,finalized,2026-04-16T22:32:00Z,2026-04-22T01:30:03Z,2026-04-22T02:00:00Z,13661655.62,7516523.58,1776814200,expected_expiration-150m,1776814200,0.94,0.95,0.945,0.95,111
KXNBAGAME-26APR21PHIBOS-PHI,KXNBAGAME-26APR21PHIBOS,KXNBAGAME,game_winner,Game 2: Philadelphia at Boston Winner?,Philadelphia,Philadelphia,yes,1,finalized,2026-04-16T22:32:00Z,2026-04-22T01:30:03Z,2026-04-22T02:00:00Z,15240536.35,6777171.74,1776814200,expected_expiration-150m,1776814200,0.05,0.06,0.055,0.06,111
KXNBAGAME-26APR17CHAORL-CHA,KXNBAGAME-26APR17CHAORL,KXNBAGAME,game_winner,Charlotte at Orlando Winner?,Charlotte,Charlotte,no,0,finalized,2026-04-16T04:06:00Z,2026-04-18T02:24:20Z,2026-04-18T02:30:00Z,17311666.21,11788333.63,1776470400,expected_expiration-150m,1776470400,0.28,0.29,0.28500000000000003,0.29,111
KXNBAGAME-26MAY01DETORL-DET,KXNBAGAME-26MAY01DETORL,KXNBAGAME,game_winner,Game 6: Detroit at Orlando Winner?,Detroit,Detroit,yes,1,finalized,2026-04-30T02:27:00Z,2026-05-02T01:43:12Z,2026-05-01T20:00:00Z,17398865.97,7304897.85,1777656600,expected_expiration-150m,1777656600,0.6,0.61,0.605,0.6,110
KXNBAGAME-26APR17CHAORL-ORL,KXNBAGAME-26APR17CHAORL,KXNBAGAME,game_winner,Charlotte at Orlando Winner?,Orlando,Orlando,yes,1,finalized,2026-04-16T04:06:00Z,2026-04-18T02:24:20Z,2026-04-18T02:30:00Z,9084346.19,5324399.62,1776470400,expected_expiration-150m,1776470400,0.71,0.72,0.715,0.72,111
KXNBAGAME-26APR24SASPOR-SAS,KXNBAGAME-26APR24SASPOR,KXNBAGAME,game_winner,Game 3: San Antonio at Portland Winner?,San Antonio,San Antonio,yes,1,finalized,2026-04-15T21:38:00Z,2026-04-25T05:32:03Z,2026-04-25T05:30:00Z,19314479.01,9444336.31,1777086000,expected_expiration-150m,1777086000,0.5,0.51,0.505,0.51,111
KXNBAGAME-26APR24SASPOR-POR,KXNBAGAME-26APR24SASPOR,KXNBAGAME,game_winner,Game 3: San Antonio at Portland Winner?,Portland,Portland,no,0,finalized,2026-04-15T21:38:00Z,2026-04-25T05:32:03Z,2026-04-25T05:30:00Z,15774619.00,9945757.90,1777086000,expected_expiration-150m,1777086000,0.49,0.5,0.495,0.5,111
KXNBAGAME-26APR26SASPOR-POR,KXNBAGAME-26APR26SASPOR,KXNBAGAME,game_winner,Game 4: San Antonio at Portland Winner?,Portland,Portland,no,0,finalized,2026-04-15T21:38:00Z,2026-04-26T22:23:03Z,2026-04-26T22:30:00Z,14970947.13,6790555.08,1777233600,expected_expiration-150m,1777233600,0.26,0.27,0.265,0.27,111
KXNBAGAME-26APR17GSWPHX-GSW,KXNBAGAME-26APR17GSWPHX,KXNBAGAME,game_winner,Golden State at Phoenix Winner?,Golden State,Golden State,no,0,finalized,2026-04-16T07:10:00Z,2026-04-18T04:53:15Z,2026-04-18T05:00:00Z,23552296.58,16014490.63,1776479400,expected_expiration-150m,1776479400,0.32,0.33,0.325,0.33,111
KXNBAGAME-26APR21PORSAS-SAS,KXNBAGAME-26APR21PORSAS,KXNBAGAME,game_winner,Game 2: Portland at San Antonio Winner?,San Antonio,San Antonio,no,0,finalized,2026-04-15T21:38:00Z,2026-04-22T02:42:45Z,2026-04-22T03:00:00Z,14381314.42,5485197.01,1776817800,expected_expiration-150m,1776817800,0.74,0.75,0.745,0.75,111
KXNBAGAME-26APR21PORSAS-POR,KXNBAGAME-26APR21PORSAS,KXNBAGAME,game_winner,Game 2: Portland at San Antonio Winner?,Portland,Portland,yes,1,finalized,2026-04-15T21:38:00Z,2026-04-22T02:42:45Z,2026-04-22T03:00:00Z,19349845.94,7976443.40,1776817800,expected_expiration-150m,1776817800,0.25,0.26,0.255,0.26,111
KXNBAGAME-26APR19PORSAS-POR,KXNBAGAME-26APR19PORSAS,KXNBAGAME,game_winner,Game 1: Portland at San Antonio Winner?,Portland,Portland,no,0,finalized,2026-04-15T21:38:00Z,2026-04-20T03:46:29Z,2026-04-20T04:00:00Z,10479768.59,7864056.80,1776648600,expected_expiration-150m,1776648600,0.13,0.14,0.135,0.14,111
KXNBAGAME-26APR26LALHOU-LAL,KXNBAGAME-26APR26LALHOU,KXNBAGAME,game_winner,Game 4: Los Angeles L at Houston Winner?,Los Angeles L,Los Angeles L,no,0,finalized,2026-04-15T21:29:00Z,2026-04-27T04:17:21Z,2026-04-27T04:30:00Z,37701880.27,27767063.19,1777255200,expected_expiration-150m,1777255200,0.45,0.46,0.455,0.46,111
KXNBAGAME-26APR29HOULAL-LAL,KXNBAGAME-26APR29HOULAL,KXNBAGAME,game_winner,Game 5: Houston at Los Angeles L Winner?,Los Angeles L,Los Angeles L,no,0,finalized,2026-04-27T05:16:00Z,2026-04-30T04:48:46Z,2026-04-30T05:00:00Z,24510711.12,13979726.99,1777516200,expected_expiration-150m,1777516200,0.65,0.66,0.655,0.66,111
KXNBAGAME-26APR26LALHOU-HOU,KXNBAGAME-26APR26LALHOU,KXNBAGAME,game_winner,Game 4: Los Angeles L at Houston Winner?,Houston,Houston,yes,1,finalized,2026-04-15T21:29:00Z,2026-04-27T04:17:21Z,2026-04-27T04:30:00Z,8664542.42,5107287.67,1777255200,expected_expiration-150m,1777255200,0.54,0.55,0.545,0.55,111
KXNBAGAME-26MAY25NYKCLE-NYK,KXNBAGAME-26MAY25NYKCLE,KXNBAGAME,game_winner,Game 4: New York at Cleveland Winner?,New York,New York,yes,1,finalized,2026-05-18T03:39:00Z,2026-05-26T02:31:36Z,2026-05-26T03:00:00Z,20171076.75,12057518.92,1779755400,expected_expiration-150m,,,,,,0
KXNBAGAME-26APR26BOSPHI-BOS,KXNBAGAME-26APR26BOSPHI,KXNBAGAME,game_winner,Game 4: Boston at Philadelphia Winner?,Boston,Boston,yes,1,finalized,2026-04-16T22:32:00Z,2026-04-27T01:37:43Z,2026-04-27T02:00:00Z,8586393.25,6147023.46,1777246200,expected_expiration-150m,1777246200,0.76,0.77,0.765,0.77,111
KXNBAGAME-26APR26CLETOR-TOR,KXNBAGAME-26APR26CLETOR,KXNBAGAME,game_winner,Game 4: Cleveland at Toronto Winner?,Toronto,Toronto,yes,1,finalized,2026-04-15T21:29:00Z,2026-04-26T19:55:45Z,2026-04-26T20:00:00Z,14687453.38,5862874.42,1777224600,expected_expiration-150m,1777224600,0.33,0.34,0.335,0.34,111
KXNBAGAME-26APR26CLETOR-CLE,KXNBAGAME-26APR26CLETOR,KXNBAGAME,game_winner,Game 4: Cleveland at Toronto Winner?,Cleveland,Cleveland,no,0,finalized,2026-04-15T21:29:00Z,2026-04-26T19:55:45Z,2026-04-26T20:00:00Z,13465352.14,6240417.58,1777224600,expected_expiration-150m,1777224600,0.66,0.67,0.665,0.66,111
KXNBAGAME-26APR24LALHOU-LAL,KXNBAGAME-26APR24LALHOU,KXNBAGAME,game_winner,Game 3: Los Angeles L at Houston Winner?,Los Angeles L,Los Angeles L,yes,1,finalized,2026-04-15T21:29:00Z,2026-04-25T03:10:38Z,2026-04-25T03:00:00Z,39972126.65,15372640.20,1777077000,expected_expiration-150m,1777077000,0.55,0.56,0.555,0.56,111
KXNBAGAME-26APR25DENMIN-MIN,KXNBAGAME-26APR25DENMIN,KXNBAGAME,game_winner,Game 4: Denver at Minnesota Winner?,Minnesota,Minnesota,yes,1,finalized,2026-04-15T21:29:00Z,2026-04-26T03:24:33Z,2026-04-26T03:30:00Z,24285462.85,12269966.55,1777165200,expected_expiration-150m,1777165200,0.45,0.46,0.455,0.46,111
KXNBAGAME-26APR25DENMIN-DEN,KXNBAGAME-26APR25DENMIN,KXNBAGAME,game_winner,Game 4: Denver at Minnesota Winner?,Denver,Denver,no,0,finalized,2026-04-15T21:29:00Z,2026-04-26T03:24:33Z,2026-04-26T03:30:00Z,20442580.49,10914492.92,1777165200,expected_expiration-150m,1777165200,0.55,0.57,0.56,0.57,111
KXNBAGAME-26MAY25NYKCLE-CLE,KXNBAGAME-26MAY25NYKCLE,KXNBAGAME,game_winner,Game 4: New York at Cleveland Winner?,Cleveland,Cleveland,no,0,finalized,2026-05-18T03:39:00Z,2026-05-26T02:31:36Z,2026-05-26T03:00:00Z,17906992.52,12489860.88,1779755400,expected_expiration-150m,,,,,,0
KXNBAGAME-26MAY19CLENYK-CLE,KXNBAGAME-26MAY19CLENYK,KXNBAGAME,game_winner,Game 1: Cleveland at New York Winner?,Cleveland,Cleveland,no,0,finalized,2026-05-18T03:39:00Z,2026-05-20T03:01:36Z,2026-05-20T03:00:00Z,33282544.50,11930495.59,1779237000,expected_expiration-150m,,,,,,0
KXNBAGAME-26APR23DENMIN-MIN,KXNBAGAME-26APR23DENMIN,KXNBAGAME,game_winner,Game 3: Denver at Minnesota Winner?,Minnesota,Minnesota,yes,1,finalized,2026-04-15T21:29:00Z,2026-04-24T04:14:22Z,2026-04-24T04:30:00Z,10508555.65,6377321.79,1776996000,expected_expiration-150m,1776996000,0.6,0.61,0.605,0.61,111
KXNBAGAME-26APR28PHIBOS-BOS,KXNBAGAME-26APR28PHIBOS,KXNBAGAME,game_winner,Game 5: Philadelphia at Boston Winner?,Boston,Boston,no,0,finalized,2026-04-25T23:48:00Z,2026-04-29T01:34:45Z,2026-04-29T02:00:00Z,11041054.74,6993125.20,1777419000,expected_expiration-150m,1777419000,0.79,0.8,0.795,0.8,111
KXNBAGAME-26APR23NYKATL-ATL,KXNBAGAME-26APR23NYKATL,KXNBAGAME,game_winner,Game 3: New York at Atlanta Winner?,Atlanta,Atlanta,yes,1,finalized,2026-04-15T21:29:00Z,2026-04-24T01:46:52Z,2026-04-24T02:00:00Z,10931838.10,5564340.16,1776987000,expected_expiration-150m,1776987000,0.55,0.56,0.555,0.56,111
KXNBAGAME-26APR23CLETOR-TOR,KXNBAGAME-26APR23CLETOR,KXNBAGAME,game_winner,Game 3: Cleveland at Toronto Winner?,Toronto,Toronto,yes,1,finalized,2026-04-15T21:29:00Z,2026-04-24T02:35:48Z,2026-04-24T03:00:00Z,6031301.36,3269441.24,1776990600,expected_expiration-150m,1776990600,0.53,0.54,0.535,0.54,111
KXNBAGAME-26APR23NYKATL-NYK,KXNBAGAME-26APR23NYKATL,KXNBAGAME,game_winner,Game 3: New York at Atlanta Winner?,New York,New York,no,0,finalized,2026-04-15T21:29:00Z,2026-04-24T01:46:52Z,2026-04-24T02:00:00Z,24777174.59,12554959.65,1776987000,expected_expiration-150m,1776987000,0.43,0.44,0.435,0.44,111
KXNBAGAME-26APR23CLETOR-CLE,KXNBAGAME-26APR23CLETOR,KXNBAGAME,game_winner,Game 3: Cleveland at Toronto Winner?,Cleveland,Cleveland,no,0,finalized,2026-04-15T21:29:00Z,2026-04-24T02:35:48Z,2026-04-24T03:00:00Z,8563589.25,5918966.65,1776990600,expected_expiration-150m,1776990600,0.47,0.48,0.475,0.48,111
KXNBAGAME-26APR27DETORL-DET,KXNBAGAME-26APR27DETORL,KXNBAGAME,game_winner,Game 4: Detroit at Orlando Winner?,Detroit,Detroit,no,0,finalized,2026-04-21T07:06:00Z,2026-04-28T02:58:12Z,2026-04-28T03:00:00Z,17435745.96,9973599.32,1777336200,expected_expiration-150m,1777336200,0.48,0.49,0.485,0.49,111
KXNBAGAME-26APR20ATLNYK-ATL,KXNBAGAME-26APR20ATLNYK,KXNBAGAME,game_winner,Game 2: Atlanta at New York Winner?,Atlanta,Atlanta,yes,1,finalized,2026-04-15T07:06:00Z,2026-04-21T02:47:51Z,2026-04-21T03:00:00Z,11397344.67,4888461.46,1776731400,expected_expiration-150m,1776731400,0.21,0.22,0.215,0.22,111
KXNBAGAME-26APR21HOULAL-HOU,KXNBAGAME-26APR21HOULAL,KXNBAGAME,game_winner,Game 2: Houston at Los Angeles L Winner?,Houston,Houston,no,0,finalized,2026-04-15T21:29:00Z,2026-04-22T05:19:29Z,2026-04-22T05:30:00Z,14930263.47,8227029.84,1776826800,expected_expiration-150m,1776826800,0.69,0.7,0.695,0.7,111
KXNBAGAME-26APR20MINDEN-MIN,KXNBAGAME-26APR20MINDEN,KXNBAGAME,game_winner,Game 2: Minnesota at Denver Winner?,Minnesota,Minnesota,yes,1,finalized,2026-04-15T07:06:00Z,2026-04-21T05:28:34Z,2026-04-21T05:30:00Z,19640001.68,8959779.88,1776740400,expected_expiration-150m,1776740400,0.19,0.2,0.195,0.2,111
KXNBAGAME-26APR19PORSAS-SAS,KXNBAGAME-26APR19PORSAS,KXNBAGAME,game_winner,Game 1: Portland at San Antonio Winner?,San Antonio,San Antonio,yes,1,finalized,2026-04-15T21:38:00Z,2026-04-20T03:46:29Z,2026-04-20T04:00:00Z,11241170.50,9112626.99,1776648600,expected_expiration-150m,1776648600,0.86,0.87,0.865,0.87,111
KXNBAGAME-26APR18TORCLE-TOR,KXNBAGAME-26APR18TORCLE,KXNBAGAME,game_winner,Toronto at Cleveland Winner?,Toronto,Toronto,no,0,finalized,2026-04-14T01:11:00Z,2026-04-18T19:50:47Z,2026-04-18T20:00:00Z,5923620.09,4034058.09,1776533400,expected_expiration-150m,1776533400,0.27,0.28,0.275,0.28,111
KXNBAGAME-26APR18TORCLE-CLE,KXNBAGAME-26APR18TORCLE,KXNBAGAME,game_winner,Toronto at Cleveland Winner?,Cleveland,Cleveland,yes,1,finalized,2026-04-14T01:11:00Z,2026-04-18T19:50:47Z,2026-04-18T20:00:00Z,4664302.22,2949284.25,1776533400,expected_expiration-150m,1776533400,0.71,0.72,0.715,0.72,111
KXNBAGAME-26APR20ATLNYK-NYK,KXNBAGAME-26APR20ATLNYK,KXNBAGAME,game_winner,Game 2: Atlanta at New York Winner?,New York,New York,no,0,finalized,2026-04-15T07:06:00Z,2026-04-21T02:47:51Z,2026-04-21T03:00:00Z,14731235.34,6404760.20,1776731400,expected_expiration-150m,1776731400,0.78,0.79,0.785,0.79,111
KXNBAGAME-26APR20MINDEN-DEN,KXNBAGAME-26APR20MINDEN,KXNBAGAME,game_winner,Game 2: Minnesota at Denver Winner?,Denver,Denver,no,0,finalized,2026-04-15T07:06:00Z,2026-04-21T05:28:34Z,2026-04-21T05:30:00Z,15512434.60,6820745.16,1776740400,expected_expiration-150m,1776740400,0.8,0.81,0.805,0.81,111
KXNBAGAME-26APR18MINDEN-DEN,KXNBAGAME-26APR18MINDEN,KXNBAGAME,game_winner,Minnesota at Denver Winner?,Denver,Denver,yes,1,finalized,2026-04-14T01:11:00Z,2026-04-18T22:16:57Z,2026-04-18T22:30:00Z,9978264.99,5445074.50,1776542400,expected_expiration-150m,1776542400,0.59,0.6,0.595,0.6,111
KXNBAGAME-26APR20TORCLE-TOR,KXNBAGAME-26APR20TORCLE,KXNBAGAME,game_winner,Game 2: Toronto at Cleveland Winner?,Toronto,Toronto,no,0,finalized,2026-04-15T07:06:00Z,2026-04-21T01:38:25Z,2026-04-21T02:00:00Z,5813896.07,3546036.27,1776727800,expected_expiration-150m,1776727800,0.13,0.14,0.135,0.14,111
KXNBAGAME-26APR18ATLNYK-NYK,KXNBAGAME-26APR18ATLNYK,KXNBAGAME,game_winner,Atlanta at New York Winner?,New York,New York,yes,1,finalized,2026-04-14T01:11:00Z,2026-04-19T00:51:25Z,2026-04-19T01:00:00Z,9778389.75,5926233.51,1776551400,expected_expiration-150m,1776551400,0.78,0.79,0.785,0.79,111
KXNBAGAME-26APR15GSWLAC-LAC,KXNBAGAME-26APR15GSWLAC,KXNBAGAME,game_winner,Golden State at Los Angeles C Winner?,Los Angeles C,Los Angeles C,no,0,finalized,2026-04-13T16:05:00Z,2026-04-16T04:47:53Z,2026-04-16T05:00:00Z,12431149.00,5838109.00,1776306600,expected_expiration-150m,1776306600,0.67,0.68,0.675,0.68,111
KXNBAGAME-26APR15GSWLAC-GSW,KXNBAGAME-26APR15GSWLAC,KXNBAGAME,game_winner,Golden State at Los Angeles C Winner?,Golden State,Golden State,yes,1,finalized,2026-04-13T16:05:00Z,2026-04-16T04:47:53Z,2026-04-16T05:00:00Z,23436580.00,9083421.00,1776306600,expected_expiration-150m,1776306600,0.31,0.32,0.315,0.32,111
KXNBAGAME-26APR21HOULAL-LAL,KXNBAGAME-26APR21HOULAL,KXNBAGAME,game_winner,Game 2: Houston at Los Angeles L Winner?,Los Angeles L,Los Angeles L,yes,1,finalized,2026-04-15T21:29:00Z,2026-04-22T05:19:29Z,2026-04-22T05:30:00Z,20515634.95,10365664.44,1776826800,expected_expiration-150m,1776826800,0.31,0.32,0.315,0.32,111
KXNBAGAME-26APR15ORLPHI-ORL,KXNBAGAME-26APR15ORLPHI,KXNBAGAME,game_winner,Orlando at Philadelphia Winner?,Orlando,Orlando,no,0,finalized,2026-04-13T16:05:00Z,2026-04-16T02:16:14Z,2026-04-16T02:30:00Z,11075833.00,5958907.00,1776297600,expected_expiration-150m,1776297600,0.47,0.48,0.475,0.49,111
KXNBAGAME-26APR15ORLPHI-PHI,KXNBAGAME-26APR15ORLPHI,KXNBAGAME,game_winner,Orlando at Philadelphia Winner?,Philadelphia,Philadelphia,yes,1,finalized,2026-04-13T16:05:00Z,2026-04-16T02:16:14Z,2026-04-16T02:30:00Z,10030644.00,5654380.00,1776297600,expected_expiration-150m,1776297600,0.52,0.53,0.525,0.53,111
KXNBAGAME-26APR24LALHOU-HOU,KXNBAGAME-26APR24LALHOU,KXNBAGAME,game_winner,Game 3: Los Angeles L at Houston Winner?,Houston,Houston,no,0,finalized,2026-04-15T21:29:00Z,2026-04-25T03:10:38Z,2026-04-25T03:00:00Z,18022820.63,7262499.39,1777077000,expected_expiration-150m,1777077000,0.45,0.46,0.455,0.46,111
KXNBAGAME-26APR18MINDEN-MIN,KXNBAGAME-26APR18MINDEN,KXNBAGAME,game_winner,Minnesota at Denver Winner?,Minnesota,Minnesota,no,0,finalized,2026-04-14T01:11:00Z,2026-04-18T22:16:57Z,2026-04-18T22:30:00Z,10065061.42,5732633.99,1776542400,expected_expiration-150m,1776542400,0.4,0.41,0.405,0.41,111
KXNBAGAME-26APR14MIACHA-MIA,KXNBAGAME-26APR14MIACHA,KXNBAGAME,game_winner,Miami at Charlotte Winner?,Miami,Miami,no,0,finalized,2026-04-13T04:21:00Z,2026-04-15T02:23:28Z,2026-04-15T02:30:00Z,17461049.00,5377611.00,1776211200,expected_expiration-150m,1776211200,0.26,0.27,0.265,0.27,111
KXNBAGAME-26APR18HOULAL-LAL,KXNBAGAME-26APR18HOULAL,KXNBAGAME,game_winner,Houston at Los Angeles L Winner?,Los Angeles L,Los Angeles L,yes,1,finalized,2026-04-14T01:11:00Z,2026-04-19T03:22:19Z,2026-04-19T03:30:00Z,15486859.11,8346907.97,1776560400,expected_expiration-150m,1776560400,0.48,0.49,0.485,0.49,111
KXNBAGAME-26APR18HOULAL-HOU,KXNBAGAME-26APR18HOULAL,KXNBAGAME,game_winner,Houston at Los Angeles L Winner?,Houston,Houston,no,0,finalized,2026-04-14T01:11:00Z,2026-04-19T03:22:19Z,2026-04-19T03:30:00Z,13721049.79,8195523.37,1776560400,expected_expiration-150m,1776560400,0.51,0.52,0.515,0.52,111
KXNBAGAME-26APR20TORCLE-CLE,KXNBAGAME-26APR20TORCLE,KXNBAGAME,game_winner,Game 2: Toronto at Cleveland Winner?,Cleveland,Cleveland,yes,1,finalized,2026-04-15T07:06:00Z,2026-04-21T01:38:25Z,2026-04-21T02:00:00Z,6052237.18,4235358.55,1776727800,expected_expiration-150m,1776727800,0.86,0.87,0.865,0.87,111
KXNBAGAME-26APR18ATLNYK-ATL,KXNBAGAME-26APR18ATLNYK,KXNBAGAME,game_winner,Atlanta at New York Winner?,Atlanta,Atlanta,no,0,finalized,2026-04-14T01:11:00Z,2026-04-19T00:51:25Z,2026-04-19T01:00:00Z,8635512.29,5646328.13,1776551400,expected_expiration-150m,1776551400,0.22,0.23,0.225,0.23,111
KXNBAGAME-26APR23DENMIN-DEN,KXNBAGAME-26APR23DENMIN,KXNBAGAME,game_winner,Game 3: Denver at Minnesota Winner?,Denver,Denver,no,0,finalized,2026-04-15T21:29:00Z,2026-04-24T04:14:22Z,2026-04-24T04:30:00Z,20160280.57,13883596.66,1776996000,expected_expiration-150m,1776996000,0.39,0.4,0.395,0.4,111
KXNBAGAME-26APR14PORPHX-POR,KXNBAGAME-26APR14PORPHX,KXNBAGAME,game_winner,Portland at Phoenix Winner?,Portland,Portland,yes,1,finalized,2026-04-13T04:21:00Z,2026-04-15T04:48:51Z,2026-04-15T05:00:00Z,12393023.00,4045198.00,1776220200,expected_expiration-150m,1776220200,0.38,0.39,0.385,0.39,111
KXNBAGAME-26APR14PORPHX-PHX,KXNBAGAME-26APR14PORPHX,KXNBAGAME,game_winner,Portland at Phoenix Winner?,Phoenix,Phoenix,no,0,finalized,2026-04-13T04:21:00Z,2026-04-15T04:48:51Z,2026-04-15T05:00:00Z,18522836.00,7900624.00,1776220200,expected_expiration-150m,1776220200,0.61,0.62,0.615,0.62,111
KXNBAGAME-26APR12MEMHOU-MEM,KXNBAGAME-26APR12MEMHOU,KXNBAGAME,game_winner,Memphis at Houston Winner?,Memphis,Memphis,no,0,finalized,2026-04-11T04:06:00Z,2026-04-13T03:00:30Z,2026-04-13T03:30:00Z,921508.00,585033.00,1776042000,expected_expiration-150m,1776042000,0.18,0.2,0.19,0.19,111
KXNBAGAME-26APR12NOPMIN-MIN,KXNBAGAME-26APR12NOPMIN,KXNBAGAME,game_winner,New Orleans at Minnesota Winner?,Minnesota,Minnesota,yes,1,finalized,2026-04-11T04:06:00Z,2026-04-13T03:19:59Z,2026-04-13T03:30:00Z,2567107.00,1517993.00,1776042000,expected_expiration-150m,1776042000,0.61,0.63,0.62,0.62,111
KXNBAGAME-26APR14MIACHA-CHA,KXNBAGAME-26APR14MIACHA,KXNBAGAME,game_winner,Miami at Charlotte Winner?,Charlotte,Charlotte,yes,1,finalized,2026-04-13T04:21:00Z,2026-04-15T02:23:28Z,2026-04-15T02:30:00Z,15287487.00,4930284.00,1776211200,expected_expiration-150m,1776211200,0.73,0.74,0.735,0.74,111
KXNBAGAME-26APR12MEMHOU-HOU,KXNBAGAME-26APR12MEMHOU,KXNBAGAME,game_winner,Memphis at Houston Winner?,Houston,Houston,yes,1,finalized,2026-04-11T04:06:00Z,2026-04-13T03:00:30Z,2026-04-13T03:30:00Z,553453.00,397887.00,1776042000,expected_expiration-150m,1776042000,0.8,0.81,0.805,0.81,107
KXNBAGAME-26APR12PHXOKC-PHX,KXNBAGAME-26APR12PHXOKC,KXNBAGAME,game_winner,Phoenix at Oklahoma City Winner?,Phoenix,Phoenix,yes,1,finalized,2026-04-11T04:06:00Z,2026-04-13T02:45:45Z,2026-04-13T03:30:00Z,3254005.00,2052371.00,1776042000,expected_expiration-150m,1776042000,0.68,0.69,0.685,0.69,111
KXNBAGAME-26APR12PHXOKC-OKC,KXNBAGAME-26APR12PHXOKC,KXNBAGAME,game_winner,Phoenix at Oklahoma City Winner?,Oklahoma City,Oklahoma City,no,0,finalized,2026-04-11T04:06:00Z,2026-04-13T02:45:45Z,2026-04-13T03:30:00Z,2771969.00,1820624.00,1776042000,expected_expiration-150m,1776042000,0.31,0.32,0.315,0.31,111
KXNBAGAME-26MAY21CLENYK-NYK,KXNBAGAME-26MAY21CLENYK,KXNBAGAME,game_winner,Game 2: Cleveland at New York Winner?,New York,New York,yes,1,finalized,2026-05-18T03:39:00Z,2026-05-22T02:44:24Z,2026-05-22T03:00:00Z,13093679.08,7339282.99,1779409800,expected_expiration-150m,,,,,,0
KXNBAGAME-26APR25NYKATL-NYK,KXNBAGAME-26APR25NYKATL,KXNBAGAME,game_winner,Game 4: New York at Atlanta Winner?,New York,New York,yes,1,finalized,2026-04-15T21:29:00Z,2026-04-26T00:52:32Z,2026-04-26T01:00:00Z,14960171.92,8302359.09,1777156200,expected_expiration-150m,1777156200,0.62,0.63,0.625,0.63,111
KXNBAGAME-26APR12SACPOR-SAC,KXNBAGAME-26APR12SACPOR,KXNBAGAME,game_winner,Sacramento at Portland Winner?,Sacramento,Sacramento,no,0,finalized,2026-04-11T04:06:00Z,2026-04-13T03:07:33Z,2026-04-13T03:30:00Z,3181022.00,2163359.00,1776042000,expected_expiration-150m,1776042000,0.09,0.1,0.095,0.1,111
KXNBAGAME-26APR12MILPHI-PHI,KXNBAGAME-26APR12MILPHI,KXNBAGAME,game_winner,Milwaukee at Philadelphia Winner?,Philadelphia,Philadelphia,yes,1,finalized,2026-04-10T13:06:00Z,2026-04-13T00:23:57Z,2026-04-13T01:00:00Z,1169407.00,774913.00,1776033000,expected_expiration-150m,1776033000,0.89,0.9,0.895,0.89,110
KXNBAGAME-26APR12GSWLAC-GSW,KXNBAGAME-26APR12GSWLAC,KXNBAGAME,game_winner,Golden State at Los Angeles C Winner?,Golden State,Golden State,no,0,finalized,2026-04-11T04:06:00Z,2026-04-13T03:07:33Z,2026-04-13T03:30:00Z,6090117.00,3466231.00,1776042000,expected_expiration-150m,1776042000,0.53,0.54,0.535,0.54,111
KXNBAGAME-26APR12CHANYK-NYK,KXNBAGAME-26APR12CHANYK,KXNBAGAME,game_winner,Charlotte at New York Winner?,New York,New York,no,0,finalized,2026-04-10T13:06:00Z,2026-04-13T00:33:49Z,2026-04-13T01:00:00Z,4444277.00,2897464.00,1776033000,expected_expiration-150m,1776033000,0.16,0.17,0.165,0.17,111
KXNBAGAME-26APR12CHANYK-CHA,KXNBAGAME-26APR12CHANYK,KXNBAGAME,game_winner,Charlotte at New York Winner?,Charlotte,Charlotte,yes,1,finalized,2026-04-10T13:06:00Z,2026-04-13T00:33:49Z,2026-04-13T01:00:00Z,1828431.00,1345673.00,1776033000,expected_expiration-150m,1776033000,0.83,0.84,0.835,0.84,111
KXNBAGAME-26APR12ATLMIA-MIA,KXNBAGAME-26APR12ATLMIA,KXNBAGAME,game_winner,Atlanta at Miami Winner?,Miami,Miami,yes,1,finalized,2026-04-10T13:06:00Z,2026-04-13T00:27:50Z,2026-04-13T01:00:00Z,2608939.00,1738004.00,1776033000,expected_expiration-150m,1776033000,0.92,0.94,0.9299999999999999,0.93,111
KXNBAGAME-26APR12GSWLAC-LAC,KXNBAGAME-26APR12GSWLAC,KXNBAGAME,game_winner,Golden State at Los Angeles C Winner?,Los Angeles C,Los Angeles C,yes,1,finalized,2026-04-11T04:06:00Z,2026-04-13T03:07:33Z,2026-04-13T03:30:00Z,4071896.00,2361867.00,1776042000,expected_expiration-150m,1776042000,0.46,0.47,0.46499999999999997,0.47,111
KXNBAGAME-26APR12MILPHI-MIL,KXNBAGAME-26APR12MILPHI,KXNBAGAME,game_winner,Milwaukee at Philadelphia Winner?,Milwaukee,Milwaukee,no,0,finalized,2026-04-10T13:06:00Z,2026-04-13T00:23:57Z,2026-04-13T01:00:00Z,2094545.00,1497913.00,1776033000,expected_expiration-150m,1776033000,0.1,0.11,0.10500000000000001,0.11,108
KXNBAGAME-26APR12CHIDAL-CHI,KXNBAGAME-26APR12CHIDAL,KXNBAGAME,game_winner,Chicago at Dallas Winner?,Chicago,Chicago,no,0,finalized,2026-04-11T04:06:00Z,2026-04-13T03:01:40Z,2026-04-13T03:30:00Z,768259.00,511357.00,1776042000,expected_expiration-150m,1776042000,0.1,0.11,0.10500000000000001,0.12,107
KXNBAGAME-26APR12UTALAL-UTA,KXNBAGAME-26APR12UTALAL,KXNBAGAME,game_winner,Utah at Los Angeles L Winner?,Utah,Utah,no,0,finalized,2026-04-11T04:06:00Z,2026-04-13T02:55:43Z,2026-04-13T03:30:00Z,1129465.00,888920.00,1776042000,expected_expiration-150m,1776042000,0.04,0.05,0.045,0.05,111
KXNBAGAME-26APR12UTALAL-LAL,KXNBAGAME-26APR12UTALAL,KXNBAGAME,game_winner,Utah at Los Angeles L Winner?,Los Angeles L,Los Angeles L,yes,1,finalized,2026-04-11T04:06:00Z,2026-04-13T02:55:43Z,2026-04-13T03:30:00Z,1368308.00,1033882.00,1776042000,expected_expiration-150m,1776042000,0.95,0.96,0.955,0.96,111
KXNBAGAME-26APR12WASCLE-CLE,KXNBAGAME-26APR12WASCLE,KXNBAGAME,game_winner,Washington at Cleveland Winner?,Cleveland,Cleveland,yes,1,finalized,2026-04-10T13:06:00Z,2026-04-13T00:25:56Z,2026-04-13T01:00:00Z,2706854.00,1282343.00,1776033000,expected_expiration-150m,1776033000,0.97,0.98,0.975,0.98,109
KXNBAGAME-26APR29ORLDET-ORL,KXNBAGAME-26APR29ORLDET,KXNBAGAME,game_winner,Game 5: Orlando at Detroit Winner?,Orlando,Orlando,no,0,finalized,2026-04-27T05:16:00Z,2026-04-30T01:43:51Z,2026-04-30T02:00:00Z,18080398.60,10555719.28,1777505400,expected_expiration-150m,,,,,,0
KXNBAGAME-26APR12WASCLE-WAS,KXNBAGAME-26APR12WASCLE,KXNBAGAME,game_winner,Washington at Cleveland Winner?,Washington,Washington,no,0,finalized,2026-04-10T13:06:00Z,2026-04-13T00:25:56Z,2026-04-13T01:00:00Z,1637106.00,977136.00,1776033000,expected_expiration-150m,1776033000,0.02,0.03,0.025,0.02,110
KXNBAGAME-26APR12BKNTOR-TOR,KXNBAGAME-26APR12BKNTOR,KXNBAGAME,game_winner,Brooklyn at Toronto Winner?,Toronto,Toronto,yes,1,finalized,2026-04-10T13:06:00Z,2026-04-13T00:40:34Z,2026-04-13T01:00:00Z,629963.00,474251.00,1776033000,expected_expiration-150m,1776033000,0.96,0.97,0.965,0.96,92
KXNBAGAME-26APR12CHIDAL-DAL,KXNBAGAME-26APR12CHIDAL,KXNBAGAME,game_winner,Chicago at Dallas Winner?,Dallas,Dallas,yes,1,finalized,2026-04-11T04:06:00Z,2026-04-13T03:01:40Z,2026-04-13T03:30:00Z,1191750.00,838207.00,1776042000,expected_expiration-150m,1776042000,0.88,0.89,0.885,0.89,110
KXNBAGAME-26APR12NOPMIN-NOP,KXNBAGAME-26APR12NOPMIN,KXNBAGAME,game_winner,New Orleans at Minnesota Winner?,New Orleans,New Orleans,no,0,finalized,2026-04-11T04:06:00Z,2026-04-13T03:19:59Z,2026-04-13T03:30:00Z,1810214.00,892037.00,1776042000,expected_expiration-150m,1776042000,0.37,0.39,0.38,0.39,110
KXNBAGAME-26APR12DENSAS-SAS,KXNBAGAME-26APR12DENSAS,KXNBAGAME,game_winner,Denver at San Antonio Winner?,San Antonio,San Antonio,no,0,finalized,2026-04-11T04:06:00Z,2026-04-13T03:05:36Z,2026-04-13T03:30:00Z,5822515.00,2926339.00,1776042000,expected_expiration-150m,1776042000,0.62,0.63,0.625,0.63,111
KXNBAGAME-26APR12BKNTOR-BKN,KXNBAGAME-26APR12BKNTOR,KXNBAGAME,game_winner,Brooklyn at Toronto Winner?,Brooklyn,Brooklyn,no,0,finalized,2026-04-10T13:06:00Z,2026-04-13T00:40:34Z,2026-04-13T01:00:00Z,1962313.00,1356040.00,1776033000,expected_expiration-150m,1776033000,0.03,0.04,0.035,0.04,110
KXNBAGAME-26APR12DENSAS-DEN,KXNBAGAME-26APR12DENSAS,KXNBAGAME,game_winner,Denver at San Antonio Winner?,Denver,Denver,yes,1,finalized,2026-04-11T04:06:00Z,2026-04-13T03:05:36Z,2026-04-13T03:30:00Z,11133663.00,5726795.00,1776042000,expected_expiration-150m,1776042000,0.37,0.38,0.375,0.38,111
KXNBAGAME-26APR12ORLBOS-ORL,KXNBAGAME-26APR12ORLBOS,KXNBAGAME,game_winner,Orlando at Boston Winner?,Orlando,Orlando,no,0,finalized,2026-04-10T13:06:00Z,2026-04-13T00:53:49Z,2026-04-13T01:00:00Z,7433289.00,3309374.00,1776033000,expected_expiration-150m,1776033000,0.87,0.89,0.88,0.88,110
KXNBAGAME-26APR12ORLBOS-BOS,KXNBAGAME-26APR12ORLBOS,KXNBAGAME,game_winner,Orlando at Boston Winner?,Boston,Boston,yes,1,finalized,2026-04-10T13:06:00Z,2026-04-13T00:53:49Z,2026-04-13T01:00:00Z,12450798.00,5037751.00,1776033000,expected_expiration-150m,1776033000,0.12,0.13,0.125,0.13,111
KXNBAGAME-26APR12DETIND-IND,KXNBAGAME-26APR12DETIND,KXNBAGAME,game_winner,Detroit at Indiana Winner?,Indiana,Indiana,no,0,finalized,2026-04-10T13:06:00Z,2026-04-13T00:35:50Z,2026-04-13T01:00:00Z,647257.00,414597.00,1776033000,expected_expiration-150m,1776033000,0.03,0.05,0.04,0.05,110
KXNBAGAME-26APR12DETIND-DET,KXNBAGAME-26APR12DETIND,KXNBAGAME,game_winner,Detroit at Indiana Winner?,Detroit,Detroit,yes,1,finalized,2026-04-10T13:06:00Z,2026-04-13T00:35:50Z,2026-04-13T01:00:00Z,984507.00,746711.00,1776033000,expected_expiration-150m,1776033000,0.96,0.97,0.965,0.96,107
KXNBAGAME-26APR10LACPOR-LAC,KXNBAGAME-26APR10LACPOR,KXNBAGAME,game_winner,Los Angeles C at Portland Winner?,Los Angeles C,Los Angeles C,no,0,finalized,2026-04-09T04:06:00Z,2026-04-11T04:40:49Z,2026-04-11T05:00:00Z,4128427.00,2525584.00,1775874600,expected_expiration-150m,1775874600,0.52,0.53,0.525,0.53,111
KXNBAGAME-26APR10LACPOR-POR,KXNBAGAME-26APR10LACPOR,KXNBAGAME,game_winner,Los Angeles C at Portland Winner?,Portland,Portland,yes,1,finalized,2026-04-09T04:06:00Z,2026-04-11T04:40:49Z,2026-04-11T05:00:00Z,3314483.00,1961868.00,1775874600,expected_expiration-150m,1775874600,0.47,0.48,0.475,0.48,111
KXNBAGAME-26APR10GSWSAC-SAC,KXNBAGAME-26APR10GSWSAC,KXNBAGAME,game_winner,Golden State at Sacramento Winner?,Sacramento,Sacramento,yes,1,finalized,2026-04-09T04:06:00Z,2026-04-11T05:01:28Z,2026-04-11T05:00:00Z,6858095.00,3012025.00,1775874600,expected_expiration-150m,1775874600,0.18,0.19,0.185,0.19,110
KXNBAGAME-26APR10DALSAS-SAS,KXNBAGAME-26APR10DALSAS,KXNBAGAME,game_winner,Dallas at San Antonio Winner?,San Antonio,San Antonio,yes,1,finalized,2026-04-09T04:06:00Z,2026-04-11T02:34:24Z,2026-04-11T03:00:00Z,1471311.00,1093982.00,1775867400,expected_expiration-150m,1775867400,0.95,0.96,0.955,0.96,109
KXNBAGAME-26APR12SACPOR-POR,KXNBAGAME-26APR12SACPOR,KXNBAGAME,game_winner,Sacramento at Portland Winner?,Portland,Portland,yes,1,finalized,2026-04-11T04:06:00Z,2026-04-13T03:07:33Z,2026-04-13T03:30:00Z,1244385.00,1041401.00,1776042000,expected_expiration-150m,1776042000,0.9,0.91,0.905,0.91,100
KXNBAGAME-26APR10GSWSAC-GSW,KXNBAGAME-26APR10GSWSAC,KXNBAGAME,game_winner,Golden State at Sacramento Winner?,Golden State,Golden State,no,0,finalized,2026-04-09T04:06:00Z,2026-04-11T05:01:28Z,2026-04-11T05:00:00Z,7629977.00,3372959.00,1775874600,expected_expiration-150m,1775874600,0.8,0.81,0.805,0.81,111
KXNBAGAME-26APR10PHXLAL-LAL,KXNBAGAME-26APR10PHXLAL,KXNBAGAME,game_winner,Phoenix at Los Angeles L Winner?,Los Angeles L,Los Angeles L,yes,1,finalized,2026-04-09T04:06:00Z,2026-04-11T05:22:10Z,2026-04-11T05:30:00Z,6313790.00,3879106.00,1775876400,expected_expiration-150m,1775876400,0.66,0.67,0.665,0.67,111
KXNBAGAME-26APR10BKNMIL-MIL,KXNBAGAME-26APR10BKNMIL,KXNBAGAME,game_winner,Brooklyn at Milwaukee Winner?,Milwaukee,Milwaukee,yes,1,finalized,2026-04-09T04:06:00Z,2026-04-11T02:34:25Z,2026-04-11T03:00:00Z,407182.00,249388.00,1775867400,expected_expiration-150m,1775867400,0.97,0.98,0.975,0.97,104
KXNBAGAME-26APR10BKNMIL-BKN,KXNBAGAME-26APR10BKNMIL,KXNBAGAME,game_winner,Brooklyn at Milwaukee Winner?,Brooklyn,Brooklyn,no,0,finalized,2026-04-09T04:06:00Z,2026-04-11T02:34:25Z,2026-04-11T03:00:00Z,416050.00,272804.00,1775867400,expected_expiration-150m,1775867400,0.02,0.03,0.025,0.03,110
KXNBAGAME-26APR10TORNYK-TOR,KXNBAGAME-26APR10TORNYK,KXNBAGAME,game_winner,Toronto at New York Winner?,Toronto,Toronto,no,0,finalized,2026-04-08T16:07:00Z,2026-04-11T02:02:30Z,2026-04-11T02:30:00Z,985166.00,642375.00,1775865600,expected_expiration-150m,1775865600,0.22,0.23,0.225,0.22,109
KXNBAGAME-26APR10OKCDEN-DEN,KXNBAGAME-26APR10OKCDEN,KXNBAGAME,game_winner,Oklahoma City at Denver Winner?,Denver,Denver,yes,1,finalized,2026-04-09T04:06:00Z,2026-04-11T03:25:27Z,2026-04-11T04:00:00Z,5640541.00,2696947.00,1775871000,expected_expiration-150m,1775871000,0.75,0.76,0.755,0.76,111
KXNBAGAME-26APR10NOPBOS-NOP,KXNBAGAME-26APR10NOPBOS,KXNBAGAME,game_winner,New Orleans at Boston Winner?,New Orleans,New Orleans,no,0,finalized,2026-04-08T16:07:00Z,2026-04-11T02:01:48Z,2026-04-11T02:30:00Z,515731.00,433058.00,1775865600,expected_expiration-150m,1775865600,0.01,0.02,0.015,0.01,111
KXNBAGAME-26APR10NOPBOS-BOS,KXNBAGAME-26APR10NOPBOS,KXNBAGAME,game_winner,New Orleans at Boston Winner?,Boston,Boston,yes,1,finalized,2026-04-08T16:07:00Z,2026-04-11T02:01:48Z,2026-04-11T02:30:00Z,808622.00,690938.00,1775865600,expected_expiration-150m,1775865600,0.98,0.99,0.985,0.98,110
KXNBAGAME-26APR10PHIIND-PHI,KXNBAGAME-26APR10PHIIND,KXNBAGAME,game_winner,Philadelphia at Indiana Winner?,Philadelphia,Philadelphia,yes,1,finalized,2026-04-08T16:07:00Z,2026-04-11T01:58:09Z,2026-04-11T02:30:00Z,1529796.00,1091360.00,1775865600,expected_expiration-150m,1775865600,0.9,0.91,0.905,0.91,105
KXNBAGAME-26APR10MINHOU-MIN,KXNBAGAME-26APR10MINHOU,KXNBAGAME,game_winner,Minnesota at Houston Winner?,Minnesota,Minnesota,yes,1,finalized,2026-04-09T04:06:00Z,2026-04-11T04:18:11Z,2026-04-11T04:30:00Z,5785187.00,2430234.00,1775872800,expected_expiration-150m,1775872800,0.16,0.17,0.165,0.17,111
KXNBAGAME-26APR10DETCHA-DET,KXNBAGAME-26APR10DETCHA,KXNBAGAME,game_winner,Detroit at Charlotte Winner?,Detroit,Detroit,yes,1,finalized,2026-04-08T13:06:00Z,2026-04-11T01:46:38Z,2026-04-11T02:00:00Z,7786786.00,3860294.00,1775863800,expected_expiration-150m,1775863800,0.4,0.41,0.405,0.41,111
KXNBAGAME-26APR10OKCDEN-OKC,KXNBAGAME-26APR10OKCDEN,KXNBAGAME,game_winner,Oklahoma City at Denver Winner?,Oklahoma City,Oklahoma City,no,0,finalized,2026-04-09T04:06:00Z,2026-04-11T03:25:27Z,2026-04-11T04:00:00Z,5988014.00,3319015.00,1775871000,expected_expiration-150m,1775871000,0.25,0.26,0.255,0.26,111
KXNBAGAME-26APR10MIAWAS-WAS,KXNBAGAME-26APR10MIAWAS,KXNBAGAME,game_winner,Miami at Washington Winner?,Washington,Washington,no,0,finalized,2026-04-08T13:06:00Z,2026-04-11T01:38:19Z,2026-04-11T02:00:00Z,1604249.00,1153157.00,1775863800,expected_expiration-150m,1775863800,0.07,0.08,0.07500000000000001,0.08,111
KXNBAGAME-26APR10MIAWAS-MIA,KXNBAGAME-26APR10MIAWAS,KXNBAGAME,game_winner,Miami at Washington Winner?,Miami,Miami,yes,1,finalized,2026-04-08T13:06:00Z,2026-04-11T01:38:19Z,2026-04-11T02:00:00Z,1075291.00,807108.00,1775863800,expected_expiration-150m,1775863800,0.92,0.93,0.925,0.92,110
KXNBAGAME-26APR10CLEATL-CLE,KXNBAGAME-26APR10CLEATL,KXNBAGAME,game_winner,Cleveland at Atlanta Winner?,Cleveland,Cleveland,no,0,finalized,2026-04-08T13:06:00Z,2026-04-11T01:38:20Z,2026-04-11T02:00:00Z,2501774.00,1703286.00,1775863800,expected_expiration-150m,1775863800,0.16,0.17,0.165,0.17,111
KXNBAGAME-26APR10TORNYK-NYK,KXNBAGAME-26APR10TORNYK,KXNBAGAME,game_winner,Toronto at New York Winner?,New York,New York,yes,1,finalized,2026-04-08T16:07:00Z,2026-04-11T02:02:30Z,2026-04-11T02:30:00Z,2334457.00,1712817.00,1775865600,expected_expiration-150m,1775865600,0.77,0.78,0.775,0.77,111
KXNBAGAME-26APR26SASPOR-SAS,KXNBAGAME-26APR26SASPOR,KXNBAGAME,game_winner,Game 4: San Antonio at Portland Winner?,San Antonio,San Antonio,yes,1,finalized,2026-04-15T21:38:00Z,2026-04-26T22:23:03Z,2026-04-26T22:30:00Z,27511035.14,11884572.42,1777233600,expected_expiration-150m,,,,,,0
KXNBAGAME-26APR09PHIHOU-PHI,KXNBAGAME-26APR09PHIHOU,KXNBAGAME,game_winner,Philadelphia at Houston Winner?,Philadelphia,Philadelphia,no,0,finalized,2026-04-08T04:06:00Z,2026-04-10T02:50:36Z,2026-04-10T03:00:00Z,2616906.00,1774012.00,1775781000,expected_expiration-150m,1775781000,0.23,0.24,0.235,0.24,111
KXNBAGAME-26APR10CLEATL-ATL,KXNBAGAME-26APR10CLEATL,KXNBAGAME,game_winner,Cleveland at Atlanta Winner?,Atlanta,Atlanta,yes,1,finalized,2026-04-08T13:06:00Z,2026-04-11T01:38:20Z,2026-04-11T02:00:00Z,2532198.00,1652756.00,1775863800,expected_expiration-150m,1775863800,0.84,0.85,0.845,0.84,110
KXNBAGAME-26APR09LALGSW-GSW,KXNBAGAME-26APR09LALGSW,KXNBAGAME,game_winner,Los Angeles L at Golden State Winner?,Golden State,Golden State,no,0,finalized,2026-04-08T04:06:00Z,2026-04-10T04:38:04Z,2026-04-10T05:00:00Z,7748499.00,4957282.00,1775788200,expected_expiration-150m,1775788200,0.4,0.41,0.405,0.41,111
KXNBAGAME-26APR09INDBKN-IND,KXNBAGAME-26APR09INDBKN,KXNBAGAME,game_winner,Indiana at Brooklyn Winner?,Indiana,Indiana,yes,1,finalized,2026-04-07T16:06:00Z,2026-04-10T01:58:09Z,2026-04-10T02:30:00Z,1258680.00,779939.00,1775779200,expected_expiration-150m,1775779200,0.76,0.77,0.765,0.77,111
KXNBAGAME-26MAY19CLENYK-NYK,KXNBAGAME-26MAY19CLENYK,KXNBAGAME,game_winner,Game 1: Cleveland at New York Winner?,New York,New York,yes,1,finalized,2026-05-18T03:39:00Z,2026-05-20T03:01:36Z,2026-05-20T03:00:00Z,36032050.45,12674815.97,1779237000,expected_expiration-150m,,,,,,0
KXNBAGAME-26APR10DETCHA-CHA,KXNBAGAME-26APR10DETCHA,KXNBAGAME,game_winner,Detroit at Charlotte Winner?,Charlotte,Charlotte,no,0,finalized,2026-04-08T13:06:00Z,2026-04-11T01:46:38Z,2026-04-11T02:00:00Z,5106413.00,2814544.00,1775863800,expected_expiration-150m,1775863800,0.59,0.6,0.595,0.6,111
KXNBAGAME-26APR09PHIHOU-HOU,KXNBAGAME-26APR09PHIHOU,KXNBAGAME,game_winner,Philadelphia at Houston Winner?,Houston,Houston,yes,1,finalized,2026-04-08T04:06:00Z,2026-04-10T02:50:36Z,2026-04-10T03:00:00Z,3144309.00,2123018.00,1775781000,expected_expiration-150m,1775781000,0.75,0.76,0.755,0.76,111
KXNBAGAME-26APR10ORLCHI-ORL,KXNBAGAME-26APR10ORLCHI,KXNBAGAME,game_winner,Orlando at Chicago Winner?,Orlando,Orlando,yes,1,finalized,2026-04-09T04:06:00Z,2026-04-11T02:36:52Z,2026-04-11T03:00:00Z,409740.00,237696.00,1775867400,expected_expiration-150m,1775867400,0.89,0.9,0.895,0.9,110
KXNBAGAME-26APR09INDBKN-BKN,KXNBAGAME-26APR09INDBKN,KXNBAGAME,game_winner,Indiana at Brooklyn Winner?,Brooklyn,Brooklyn,no,0,finalized,2026-04-07T16:06:00Z,2026-04-10T01:58:09Z,2026-04-10T02:30:00Z,762249.00,499100.00,1775779200,expected_expiration-150m,1775779200,0.23,0.24,0.235,0.24,110
KXNBAGAME-26APR09CHIWAS-WAS,KXNBAGAME-26APR09CHIWAS,KXNBAGAME,game_winner,Chicago at Washington Winner?,Washington,Washington,no,0,finalized,2026-04-07T13:06:00Z,2026-04-10T01:36:17Z,2026-04-10T02:00:00Z,1635476.00,1027136.00,1775777400,expected_expiration-150m,1775777400,0.15,0.16,0.155,0.16,111
KXNBAGAME-26APR09CHIWAS-CHI,KXNBAGAME-26APR09CHIWAS,KXNBAGAME,game_winner,Chicago at Washington Winner?,Chicago,Chicago,yes,1,finalized,2026-04-07T13:06:00Z,2026-04-10T01:36:17Z,2026-04-10T02:00:00Z,4231639.00,2493001.00,1775777400,expected_expiration-150m,1775777400,0.84,0.85,0.845,0.85,111
KXNBAGAME-26APR09MIATOR-TOR,KXNBAGAME-26APR09MIATOR,KXNBAGAME,game_winner,Miami at Toronto Winner?,Toronto,Toronto,yes,1,finalized,2026-04-07T13:06:00Z,2026-04-10T01:46:11Z,2026-04-10T02:00:00Z,4080944.00,2447849.00,1775777400,expected_expiration-150m,1775777400,0.58,0.59,0.585,0.6,111
KXNBAGAME-26APR08DALPHX-DAL,KXNBAGAME-26APR08DALPHX,KXNBAGAME,game_winner,Dallas at Phoenix Winner?,Dallas,Dallas,no,0,finalized,2026-04-07T04:06:00Z,2026-04-09T04:40:47Z,2026-04-09T05:00:00Z,5524843.00,2866571.00,1775701800,expected_expiration-150m,1775701800,0.14,0.15,0.14500000000000002,0.16,111
KXNBAGAME-26APR09LALGSW-LAL,KXNBAGAME-26APR09LALGSW,KXNBAGAME,game_winner,Los Angeles L at Golden State Winner?,Los Angeles L,Los Angeles L,yes,1,finalized,2026-04-08T04:06:00Z,2026-04-10T04:38:04Z,2026-04-10T05:00:00Z,10888652.00,6537314.00,1775788200,expected_expiration-150m,1775788200,0.59,0.6,0.595,0.6,111
KXNBAGAME-26APR08PORSAS-POR,KXNBAGAME-26APR08PORSAS,KXNBAGAME,game_winner,Portland at San Antonio Winner?,Portland,Portland,no,0,finalized,2026-04-07T04:06:00Z,2026-04-09T04:14:26Z,2026-04-09T04:30:00Z,4818626.00,2498951.00,1775700000,expected_expiration-150m,1775700000,0.43,0.44,0.435,0.44,111
KXNBAGAME-26APR08DALPHX-PHX,KXNBAGAME-26APR08DALPHX,KXNBAGAME,game_winner,Dallas at Phoenix Winner?,Phoenix,Phoenix,yes,1,finalized,2026-04-07T04:06:00Z,2026-04-09T04:40:47Z,2026-04-09T05:00:00Z,3051104.00,1770658.00,1775701800,expected_expiration-150m,1775701800,0.85,0.86,0.855,0.86,108
KXNBAGAME-26APR08MEMDEN-DEN,KXNBAGAME-26APR08MEMDEN,KXNBAGAME,game_winner,Memphis at Denver Winner?,Denver,Denver,yes,1,finalized,2026-04-07T04:06:00Z,2026-04-09T03:33:59Z,2026-04-09T04:00:00Z,2461932.00,1807906.00,1775698200,expected_expiration-150m,1775698200,0.96,0.97,0.965,0.96,109
KXNBAGAME-26APR08PORSAS-SAS,KXNBAGAME-26APR08PORSAS,KXNBAGAME,game_winner,Portland at San Antonio Winner?,San Antonio,San Antonio,yes,1,finalized,2026-04-07T04:06:00Z,2026-04-09T04:14:26Z,2026-04-09T04:30:00Z,11222216.00,6603929.00,1775700000,expected_expiration-150m,1775700000,0.56,0.57,0.565,0.57,111
KXNBAGAME-26APR08OKCLAC-LAC,KXNBAGAME-26APR08OKCLAC,KXNBAGAME,game_winner,Oklahoma City at Los Angeles C Winner?,Los Angeles C,Los Angeles C,no,0,finalized,2026-04-07T04:06:00Z,2026-04-09T04:34:17Z,2026-04-09T05:00:00Z,1971569.00,1512608.00,1775701800,expected_expiration-150m,1775701800,0.12,0.13,0.125,0.13,111
KXNBAGAME-26APR08MILDET-MIL,KXNBAGAME-26APR08MILDET,KXNBAGAME,game_winner,Milwaukee at Detroit Winner?,Milwaukee,Milwaukee,no,0,finalized,2026-04-06T13:06:00Z,2026-04-09T01:48:07Z,2026-04-09T02:00:00Z,2198595.00,1675219.00,1775691000,expected_expiration-150m,1775691000,0.05,0.06,0.055,0.06,111
KXNBAGAME-26APR08OKCLAC-OKC,KXNBAGAME-26APR08OKCLAC,KXNBAGAME,game_winner,Oklahoma City at Los Angeles C Winner?,Oklahoma City,Oklahoma City,yes,1,finalized,2026-04-07T04:06:00Z,2026-04-09T04:34:17Z,2026-04-09T05:00:00Z,4812427.00,3211963.00,1775701800,expected_expiration-150m,1775701800,0.87,0.88,0.875,0.88,111
KXNBAGAME-26APR08MINORL-ORL,KXNBAGAME-26APR08MINORL,KXNBAGAME,game_winner,Minnesota at Orlando Winner?,Orlando,Orlando,yes,1,finalized,2026-04-06T13:06:00Z,2026-04-09T01:36:08Z,2026-04-09T02:00:00Z,2342977.00,1518995.00,1775691000,expected_expiration-150m,1775691000,0.81,0.82,0.815,0.82,111
KXNBAGAME-26APR08MINORL-MIN,KXNBAGAME-26APR08MINORL,KXNBAGAME,game_winner,Minnesota at Orlando Winner?,Minnesota,Minnesota,no,0,finalized,2026-04-06T13:06:00Z,2026-04-09T01:36:08Z,2026-04-09T02:00:00Z,2703962.00,1906207.00,1775691000,expected_expiration-150m,1775691000,0.18,0.19,0.185,0.19,111
KXNBAGAME-26APR08MILDET-DET,KXNBAGAME-26APR08MILDET,KXNBAGAME,game_winner,Milwaukee at Detroit Winner?,Detroit,Detroit,yes,1,finalized,2026-04-06T13:06:00Z,2026-04-09T01:48:07Z,2026-04-09T02:00:00Z,1384151.00,1067155.00,1775691000,expected_expiration-150m,1775691000,0.94,0.95,0.945,0.95,108
KXNBAGAME-26APR12ATLMIA-ATL,KXNBAGAME-26APR12ATLMIA,KXNBAGAME,game_winner,Atlanta at Miami Winner?,Atlanta,Atlanta,no,0,finalized,2026-04-10T13:06:00Z,2026-04-13T00:27:50Z,2026-04-13T01:00:00Z,1637810.00,1012724.00,1776033000,expected_expiration-150m,1776033000,0.06,0.07,0.065,0.07,111
KXNBAGAME-26APR08ATLCLE-CLE,KXNBAGAME-26APR08ATLCLE,KXNBAGAME,game_winner,Atlanta at Cleveland Winner?,Cleveland,Cleveland,yes,1,finalized,2026-04-06T13:06:00Z,2026-04-09T01:44:08Z,2026-04-09T02:00:00Z,8651923.00,3880605.00,1775691000,expected_expiration-150m,1775691000,0.69,0.7,0.695,0.7,111
KXNBAGAME-26APR08ATLCLE-ATL,KXNBAGAME-26APR08ATLCLE,KXNBAGAME,game_winner,Atlanta at Cleveland Winner?,Atlanta,Atlanta,no,0,finalized,2026-04-06T13:06:00Z,2026-04-09T01:44:08Z,2026-04-09T02:00:00Z,6867080.00,3294128.00,1775691000,expected_expiration-150m,1775691000,0.3,0.31,0.305,0.31,111
KXNBAGAME-26APR08MEMDEN-MEM,KXNBAGAME-26APR08MEMDEN,KXNBAGAME,game_winner,Memphis at Denver Winner?,Memphis,Memphis,no,0,finalized,2026-04-07T04:06:00Z,2026-04-09T03:33:59Z,2026-04-09T04:00:00Z,5897326.00,3827407.00,1775698200,expected_expiration-150m,1775698200,0.03,0.04,0.035,0.04,111
KXNBAGAME-26APR07SACGSW-SAC,KXNBAGAME-26APR07SACGSW,KXNBAGAME,game_winner,Sacramento at Golden State Winner?,Sacramento,Sacramento,no,0,finalized,2026-04-06T04:06:00Z,2026-04-08T04:40:57Z,2026-04-08T05:00:00Z,4007589.00,2092872.00,1775615400,expected_expiration-150m,1775615400,0.09,0.1,0.095,0.09,111
KXNBAGAME-26APR07SACGSW-GSW,KXNBAGAME-26APR07SACGSW,KXNBAGAME,game_winner,Sacramento at Golden State Winner?,Golden State,Golden State,yes,1,finalized,2026-04-06T04:06:00Z,2026-04-08T04:40:57Z,2026-04-08T05:00:00Z,2813485.00,1743232.00,1775615400,expected_expiration-150m,1775615400,0.9,0.91,0.905,0.91,111
KXNBAGAME-26APR07DALLAC-LAC,KXNBAGAME-26APR07DALLAC,KXNBAGAME,game_winner,Dallas at Los Angeles C Winner?,Los Angeles C,Los Angeles C,yes,1,finalized,2026-04-06T04:06:00Z,2026-04-08T05:14:02Z,2026-04-08T05:30:00Z,1761228.00,1136337.00,1775617200,expected_expiration-150m,1775617200,0.96,0.97,0.965,0.97,110
KXNBAGAME-26APR07HOUPHX-PHX,KXNBAGAME-26APR07HOUPHX,KXNBAGAME,game_winner,Houston at Phoenix Winner?,Phoenix,Phoenix,no,0,finalized,2026-04-06T04:06:00Z,2026-04-08T05:54:26Z,2026-04-08T06:00:00Z,6775923.00,3813922.00,1775619000,expected_expiration-150m,1775619000,0.77,0.78,0.775,0.78,111
KXNBAGAME-26APR07UTANOP-UTA,KXNBAGAME-26APR07UTANOP,KXNBAGAME,game_winner,Utah at New Orleans Winner?,Utah,Utah,no,0,finalized,2026-04-06T04:06:00Z,2026-04-08T02:37:59Z,2026-04-08T03:00:00Z,1063847.00,578551.00,1775608200,expected_expiration-150m,1775608200,0.37,0.38,0.375,0.38,111
KXNBAGAME-26APR07OKCLAL-OKC,KXNBAGAME-26APR07OKCLAL,KXNBAGAME,game_winner,Oklahoma City at Los Angeles L Winner?,Oklahoma City,Oklahoma City,yes,1,finalized,2026-04-06T04:06:00Z,2026-04-08T04:57:59Z,2026-04-08T05:30:00Z,3476614.00,2621054.00,1775617200,expected_expiration-150m,1775617200,0.94,0.95,0.945,0.95,110
KXNBAGAME-26APR07OKCLAL-LAL,KXNBAGAME-26APR07OKCLAL,KXNBAGAME,game_winner,Oklahoma City at Los Angeles L Winner?,Los Angeles L,Los Angeles L,no,0,finalized,2026-04-06T04:06:00Z,2026-04-08T04:57:59Z,2026-04-08T05:30:00Z,5620624.00,3840823.00,1775617200,expected_expiration-150m,1775617200,0.05,0.06,0.055,0.06,111
KXNBAGAME-26APR07HOUPHX-HOU,KXNBAGAME-26APR07HOUPHX,KXNBAGAME,game_winner,Houston at Phoenix Winner?,Houston,Houston,yes,1,finalized,2026-04-06T04:06:00Z,2026-04-08T05:54:26Z,2026-04-08T06:00:00Z,11328474.00,4805284.00,1775619000,expected_expiration-150m,1775619000,0.22,0.23,0.225,0.23,111
KXNBAGAME-26APR10MINHOU-HOU,KXNBAGAME-26APR10MINHOU,KXNBAGAME,game_winner,Minnesota at Houston Winner?,Houston,Houston,no,0,finalized,2026-04-09T04:06:00Z,2026-04-11T04:18:11Z,2026-04-11T04:30:00Z,4928732.00,2580318.00,1775872800,expected_expiration-150m,1775872800,0.83,0.84,0.835,0.84,111
KXNBAGAME-26APR10DALSAS-DAL,KXNBAGAME-26APR10DALSAS,KXNBAGAME,game_winner,Dallas at San Antonio Winner?,Dallas,Dallas,no,0,finalized,2026-04-09T04:06:00Z,2026-04-11T02:34:24Z,2026-04-11T03:00:00Z,2677119.00,1985720.00,1775867400,expected_expiration-150m,1775867400,0.04,0.05,0.045,0.05,111
KXNBAGAME-26APR07DALLAC-DAL,KXNBAGAME-26APR07DALLAC,KXNBAGAME,game_winner,Dallas at Los Angeles C Winner?,Dallas,Dallas,no,0,finalized,2026-04-06T04:06:00Z,2026-04-08T05:14:02Z,2026-04-08T05:30:00Z,3276995.00,2025897.00,1775617200,expected_expiration-150m,1775617200,0.03,0.04,0.035,0.04,111
KXNBAGAME-26APR07CHABOS-CHA,KXNBAGAME-26APR07CHABOS,KXNBAGAME,game_winner,Charlotte at Boston Winner?,Charlotte,Charlotte,no,0,finalized,2026-04-06T04:06:00Z,2026-04-08T02:31:31Z,2026-04-08T03:00:00Z,5410426.00,3760842.00,1775608200,expected_expiration-150m,1775608200,0.47,0.49,0.48,0.49,111
KXNBAGAME-26APR07MIATOR-MIA,KXNBAGAME-26APR07MIATOR,KXNBAGAME,game_winner,Miami at Toronto Winner?,Miami,Miami,no,0,finalized,2026-04-05T16:06:00Z,2026-04-08T02:02:29Z,2026-04-08T02:30:00Z,1667563.00,1046674.00,1775606400,expected_expiration-150m,1775606400,0.44,0.45,0.445,0.45,109
KXNBAGAME-26APR07MIATOR-TOR,KXNBAGAME-26APR07MIATOR,KXNBAGAME,game_winner,Miami at Toronto Winner?,Toronto,Toronto,yes,1,finalized,2026-04-05T16:06:00Z,2026-04-08T02:02:29Z,2026-04-08T02:30:00Z,2193123.00,1282565.00,1775606400,expected_expiration-150m,1775606400,0.55,0.56,0.555,0.56,111
KXNBAGAME-26APR07UTANOP-NOP,KXNBAGAME-26APR07UTANOP,KXNBAGAME,game_winner,Utah at New Orleans Winner?,New Orleans,New Orleans,yes,1,finalized,2026-04-06T04:06:00Z,2026-04-08T02:37:59Z,2026-04-08T03:00:00Z,1002149.00,522563.00,1775608200,expected_expiration-150m,1775608200,0.62,0.63,0.625,0.63,111
KXNBAGAME-26APR10PHIIND-IND,KXNBAGAME-26APR10PHIIND,KXNBAGAME,game_winner,Philadelphia at Indiana Winner?,Indiana,Indiana,no,0,finalized,2026-04-08T16:07:00Z,2026-04-11T01:58:09Z,2026-04-11T02:30:00Z,1350546.00,947416.00,1775865600,expected_expiration-150m,1775865600,0.09,0.1,0.095,0.1,106
KXNBAGAME-26APR07MILBKN-MIL,KXNBAGAME-26APR07MILBKN,KXNBAGAME,game_winner,Milwaukee at Brooklyn Winner?,Milwaukee,Milwaukee,no,0,finalized,2026-04-05T16:06:00Z,2026-04-08T02:10:54Z,2026-04-08T02:30:00Z,3842934.00,1761865.00,1775606400,expected_expiration-150m,1775606400,0.69,0.7,0.695,0.7,109
KXNBAGAME-26APR07MILBKN-BKN,KXNBAGAME-26APR07MILBKN,KXNBAGAME,game_winner,Milwaukee at Brooklyn Winner?,Brooklyn,Brooklyn,yes,1,finalized,2026-04-05T16:06:00Z,2026-04-08T02:10:54Z,2026-04-08T02:30:00Z,2338353.00,1339997.00,1775606400,expected_expiration-150m,1775606400,0.3,0.31,0.305,0.31,105
KXNBAGAME-26APR07MININD-IND,KXNBAGAME-26APR07MININD,KXNBAGAME,game_winner,Minnesota at Indiana Winner?,Indiana,Indiana,no,0,finalized,2026-04-05T13:06:00Z,2026-04-08T01:41:29Z,2026-04-08T02:00:00Z,1339141.00,992267.00,1775604600,expected_expiration-150m,1775604600,0.04,0.05,0.045,0.05,111
KXNBAGAME-26APR06PORDEN-POR,KXNBAGAME-26APR06PORDEN,KXNBAGAME,game_winner,Portland at Denver Winner?,Portland,Portland,no,0,finalized,2026-04-05T04:06:00Z,2026-04-07T04:03:53Z,2026-04-07T04:00:00Z,6908442.00,3180274.00,1775525400,expected_expiration-150m,1775525400,0.35,0.36,0.355,0.36,110
KXNBAGAME-26APR07MININD-MIN,KXNBAGAME-26APR07MININD,KXNBAGAME,game_winner,Minnesota at Indiana Winner?,Minnesota,Minnesota,yes,1,finalized,2026-04-05T13:06:00Z,2026-04-08T01:41:29Z,2026-04-08T02:00:00Z,1294975.00,1007906.00,1775604600,expected_expiration-150m,1775604600,0.95,0.96,0.955,0.96,110
KXNBAGAME-26APR06CLEMEM-CLE,KXNBAGAME-26APR06CLEMEM,KXNBAGAME,game_winner,Cleveland at Memphis Winner?,Cleveland,Cleveland,yes,1,finalized,2026-04-05T04:06:00Z,2026-04-07T02:41:17Z,2026-04-07T03:00:00Z,1388106.00,788244.00,1775521800,expected_expiration-150m,1775521800,0.77,0.78,0.775,0.78,109
KXNBAGAME-26APR06PHISAS-PHI,KXNBAGAME-26APR06PHISAS,KXNBAGAME,game_winner,Philadelphia at San Antonio Winner?,Philadelphia,Philadelphia,no,0,finalized,2026-04-05T04:06:00Z,2026-04-07T02:53:58Z,2026-04-07T03:00:00Z,2302635.00,1334451.00,1775521800,expected_expiration-150m,1775521800,0.31,0.32,0.315,0.31,109
KXNBAGAME-26APR06PORDEN-DEN,KXNBAGAME-26APR06PORDEN,KXNBAGAME,game_winner,Portland at Denver Winner?,Denver,Denver,yes,1,finalized,2026-04-05T04:06:00Z,2026-04-07T04:03:53Z,2026-04-07T04:00:00Z,12708970.00,5156826.00,1775525400,expected_expiration-150m,1775525400,0.64,0.65,0.645,0.65,111
KXNBAGAME-26APR25NYKATL-ATL,KXNBAGAME-26APR25NYKATL,KXNBAGAME,game_winner,Game 4: New York at Atlanta Winner?,Atlanta,Atlanta,no,0,finalized,2026-04-15T21:29:00Z,2026-04-26T00:52:32Z,2026-04-26T01:00:00Z,11725486.03,7255713.31,1777156200,expected_expiration-150m,,,,,,0
KXNBAGAME-26APR09BOSNYK-NYK,KXNBAGAME-26APR09BOSNYK,KXNBAGAME,game_winner,Boston at New York Winner?,New York,New York,yes,1,finalized,2026-04-07T16:06:00Z,2026-04-10T02:02:06Z,2026-04-10T02:30:00Z,8048205.00,4118336.00,1775779200,expected_expiration-150m,1775779200,0.51,0.52,0.515,0.52,111
KXNBAGAME-26APR09BOSNYK-BOS,KXNBAGAME-26APR09BOSNYK,KXNBAGAME,game_winner,Boston at New York Winner?,Boston,Boston,no,0,finalized,2026-04-07T16:06:00Z,2026-04-10T02:02:06Z,2026-04-10T02:30:00Z,7897134.00,4361112.00,1775779200,expected_expiration-150m,1775779200,0.49,0.5,0.495,0.5,111
KXNBAGAME-26APR06NYKATL-NYK,KXNBAGAME-26APR06NYKATL,KXNBAGAME,game_winner,New York at Atlanta Winner?,New York,New York,yes,1,finalized,2026-04-04T13:06:00Z,2026-04-07T02:01:11Z,2026-04-07T02:00:00Z,4821117.00,2259116.00,1775518200,expected_expiration-150m,1775518200,0.53,0.55,0.54,0.54,111
KXNBAGAME-26APR09MIATOR-MIA,KXNBAGAME-26APR09MIATOR,KXNBAGAME,game_winner,Miami at Toronto Winner?,Miami,Miami,no,0,finalized,2026-04-07T13:06:00Z,2026-04-10T01:46:11Z,2026-04-10T02:00:00Z,2606181.00,1579565.00,1775777400,expected_expiration-150m,1775777400,0.4,0.42,0.41000000000000003,0.42,111
KXNBAGAME-26APR06DETORL-ORL,KXNBAGAME-26APR06DETORL,KXNBAGAME,game_winner,Detroit at Orlando Winner?,Orlando,Orlando,yes,1,finalized,2026-04-04T13:06:00Z,2026-04-07T02:06:08Z,2026-04-07T02:00:00Z,3862807.00,2594851.00,1775518200,expected_expiration-150m,1775518200,0.63,0.66,0.645,0.66,111
KXNBAGAME-26APR07CHIWAS-CHI,KXNBAGAME-26APR07CHIWAS,KXNBAGAME,game_winner,Chicago at Washington Winner?,Chicago,Chicago,yes,1,finalized,2026-04-05T13:06:00Z,2026-04-08T01:46:19Z,2026-04-08T02:00:00Z,1376025.00,869884.00,1775604600,expected_expiration-150m,1775604600,0.85,0.86,0.855,0.86,111
KXNBAGAME-26APR07CHIWAS-WAS,KXNBAGAME-26APR07CHIWAS,KXNBAGAME,game_winner,Chicago at Washington Winner?,Washington,Washington,no,0,finalized,2026-04-05T13:06:00Z,2026-04-08T01:46:19Z,2026-04-08T02:00:00Z,578324.00,411800.00,1775604600,expected_expiration-150m,1775604600,0.14,0.15,0.14500000000000002,0.15,111
KXNBAGAME-26APR06CLEMEM-MEM,KXNBAGAME-26APR06CLEMEM,KXNBAGAME,game_winner,Cleveland at Memphis Winner?,Memphis,Memphis,no,0,finalized,2026-04-05T04:06:00Z,2026-04-07T02:41:17Z,2026-04-07T03:00:00Z,2525522.00,1370747.00,1775521800,expected_expiration-150m,1775521800,0.22,0.23,0.225,0.23,110
KXNBAGAME-26APR05HOUGSW-HOU,KXNBAGAME-26APR05HOUGSW,KXNBAGAME,game_winner,Houston at Golden State Winner?,Houston,Houston,yes,1,finalized,2026-04-04T04:06:00Z,2026-04-06T04:51:00Z,2026-04-06T05:00:00Z,9778623.00,4638588.00,1775442600,expected_expiration-150m,1775442600,0.57,0.58,0.575,0.58,111
KXNBAGAME-26APR06NYKATL-ATL,KXNBAGAME-26APR06NYKATL,KXNBAGAME,game_winner,New York at Atlanta Winner?,Atlanta,Atlanta,no,0,finalized,2026-04-04T13:06:00Z,2026-04-07T02:01:11Z,2026-04-07T02:00:00Z,3937249.00,2008023.00,1775518200,expected_expiration-150m,1775518200,0.46,0.47,0.46499999999999997,0.47,111
KXNBAGAME-26APR06PHISAS-SAS,KXNBAGAME-26APR06PHISAS,KXNBAGAME,game_winner,Philadelphia at San Antonio Winner?,San Antonio,San Antonio,yes,1,finalized,2026-04-05T04:06:00Z,2026-04-07T02:53:58Z,2026-04-07T03:00:00Z,4225525.00,2640893.00,1775521800,expected_expiration-150m,1775521800,0.68,0.69,0.685,0.69,111
KXNBAGAME-26APR05HOUGSW-GSW,KXNBAGAME-26APR05HOUGSW,KXNBAGAME,game_winner,Houston at Golden State Winner?,Golden State,Golden State,no,0,finalized,2026-04-04T04:06:00Z,2026-04-06T04:51:00Z,2026-04-06T05:00:00Z,9175623.00,4563808.00,1775442600,expected_expiration-150m,1775442600,0.42,0.43,0.425,0.43,111
KXNBAGAME-26APR05LACSAC-SAC,KXNBAGAME-26APR05LACSAC,KXNBAGAME,game_winner,Los Angeles C at Sacramento Winner?,Sacramento,Sacramento,no,0,finalized,2026-04-04T04:06:00Z,2026-04-06T03:41:50Z,2026-04-06T04:00:00Z,1818091.00,1362612.00,1775439000,expected_expiration-150m,1775439000,0.06,0.07,0.065,0.06,111
KXNBAGAME-26APR05LACSAC-LAC,KXNBAGAME-26APR05LACSAC,KXNBAGAME,game_winner,Los Angeles C at Sacramento Winner?,Los Angeles C,Los Angeles C,yes,1,finalized,2026-04-04T04:06:00Z,2026-04-06T03:41:50Z,2026-04-06T04:00:00Z,1149865.00,942326.00,1775439000,expected_expiration-150m,1775439000,0.93,0.94,0.935,0.94,109
KXNBAGAME-26APR05LALDAL-DAL,KXNBAGAME-26APR05LALDAL,KXNBAGAME,game_winner,Los Angeles L at Dallas Winner?,Dallas,Dallas,yes,1,finalized,2026-04-03T16:07:00Z,2026-04-06T03:33:04Z,2026-04-06T02:30:00Z,5650552.00,3262585.00,1775433600,expected_expiration-150m,1775433600,0.63,0.64,0.635,0.64,111
KXNBAGAME-26APR05CHAMIN-MIN,KXNBAGAME-26APR05CHAMIN,KXNBAGAME,game_winner,Charlotte at Minnesota Winner?,Minnesota,Minnesota,no,0,finalized,2026-04-03T13:06:00Z,2026-04-06T01:40:28Z,2026-04-06T02:00:00Z,4194830.00,2407937.00,1775431800,expected_expiration-150m,1775431800,0.28,0.29,0.28500000000000003,0.29,111
KXNBAGAME-26APR05CHAMIN-CHA,KXNBAGAME-26APR05CHAMIN,KXNBAGAME,game_winner,Charlotte at Minnesota Winner?,Charlotte,Charlotte,yes,1,finalized,2026-04-03T13:06:00Z,2026-04-06T01:40:28Z,2026-04-06T02:00:00Z,3113006.00,1700706.00,1775431800,expected_expiration-150m,1775431800,0.71,0.72,0.715,0.72,111
KXNBAGAME-26APR05ORLNOP-ORL,KXNBAGAME-26APR05ORLNOP,KXNBAGAME,game_winner,Orlando at New Orleans Winner?,Orlando,Orlando,yes,1,finalized,2026-04-03T13:06:00Z,2026-04-06T01:44:16Z,2026-04-06T02:00:00Z,4453973.00,2229110.00,1775431800,expected_expiration-150m,1775431800,0.54,0.55,0.545,0.55,111
KXNBAGAME-26APR22ORLDET-DET,KXNBAGAME-26APR22ORLDET,KXNBAGAME,game_winner,Game 2: Orlando at Detroit Winner?,Detroit,Detroit,yes,1,finalized,2026-04-18T20:57:00Z,2026-04-23T01:51:33Z,2026-04-23T02:00:00Z,5169195.24,3884192.26,1776900600,expected_expiration-150m,,,,,,0
KXNBAGAME-26APR06DETORL-DET,KXNBAGAME-26APR06DETORL,KXNBAGAME,game_winner,Detroit at Orlando Winner?,Detroit,Detroit,no,0,finalized,2026-04-04T13:06:00Z,2026-04-07T02:06:08Z,2026-04-07T02:00:00Z,5208541.00,3062122.00,1775518200,expected_expiration-150m,1775518200,0.34,0.35,0.345,0.35,111
KXNBAGAME-26APR07CHABOS-BOS,KXNBAGAME-26APR07CHABOS,KXNBAGAME,game_winner,Charlotte at Boston Winner?,Boston,Boston,yes,1,finalized,2026-04-06T04:06:00Z,2026-04-08T02:31:31Z,2026-04-08T03:00:00Z,8670333.00,4799314.00,1775608200,expected_expiration-150m,1775608200,0.52,0.53,0.525,0.53,111
KXNBAGAME-26APR05LALDAL-LAL,KXNBAGAME-26APR05LALDAL,KXNBAGAME,game_winner,Los Angeles L at Dallas Winner?,Los Angeles L,Los Angeles L,no,0,finalized,2026-04-03T16:07:00Z,2026-04-06T03:33:04Z,2026-04-06T02:30:00Z,7740478.00,4625395.00,1775433600,expected_expiration-150m,1775433600,0.36,0.37,0.365,0.37,111
KXNBAGAME-26APR05UTAOKC-UTA,KXNBAGAME-26APR05UTAOKC,KXNBAGAME,game_winner,Utah at Oklahoma City Winner?,Utah,Utah,no,0,finalized,2026-04-03T13:06:00Z,2026-04-06T01:31:12Z,2026-04-06T02:00:00Z,2198907.00,2017232.00,1775431800,expected_expiration-150m,1775431800,0.0,0.01,0.005,0.01,111
KXNBAGAME-26APR05UTAOKC-OKC,KXNBAGAME-26APR05UTAOKC,KXNBAGAME,game_winner,Utah at Oklahoma City Winner?,Oklahoma City,Oklahoma City,yes,1,finalized,2026-04-03T13:06:00Z,2026-04-06T01:31:12Z,2026-04-06T02:00:00Z,821265.00,770306.00,1775431800,expected_expiration-150m,1775431800,0.99,1.0,0.995,,105
KXNBAGAME-26APR05INDCLE-IND,KXNBAGAME-26APR05INDCLE,KXNBAGAME,game_winner,Indiana at Cleveland Winner?,Indiana,Indiana,no,0,finalized,2026-04-03T13:06:00Z,2026-04-06T00:31:32Z,2026-04-06T01:00:00Z,5013205.00,3080117.00,1775428200,expected_expiration-150m,1775428200,0.13,0.14,0.135,0.14,111
KXNBAGAME-26APR05INDCLE-CLE,KXNBAGAME-26APR05INDCLE,KXNBAGAME,game_winner,Indiana at Cleveland Winner?,Cleveland,Cleveland,yes,1,finalized,2026-04-03T13:06:00Z,2026-04-06T00:31:32Z,2026-04-06T01:00:00Z,3104156.00,2193060.00,1775428200,expected_expiration-150m,1775428200,0.85,0.87,0.86,0.86,105
KXNBAGAME-26APR05ORLNOP-NOP,KXNBAGAME-26APR05ORLNOP,KXNBAGAME,game_winner,Orlando at New Orleans Winner?,New Orleans,New Orleans,no,0,finalized,2026-04-03T13:06:00Z,2026-04-06T01:44:16Z,2026-04-06T02:00:00Z,2644097.00,1357724.00,1775431800,expected_expiration-150m,1775431800,0.45,0.46,0.455,0.46,110
KXNBAGAME-26APR05MEMMIL-MEM,KXNBAGAME-26APR05MEMMIL,KXNBAGAME,game_winner,Memphis at Milwaukee Winner?,Memphis,Memphis,no,0,finalized,2026-04-03T10:06:00Z,2026-04-05T22:18:13Z,2026-04-05T22:30:00Z,963316.00,401464.00,1775419200,expected_expiration-150m,1775419200,0.24,0.25,0.245,0.24,110
KXNBAGAME-26APR05MEMMIL-MIL,KXNBAGAME-26APR05MEMMIL,KXNBAGAME,game_winner,Memphis at Milwaukee Winner?,Milwaukee,Milwaukee,yes,1,finalized,2026-04-03T10:06:00Z,2026-04-05T22:18:13Z,2026-04-05T22:30:00Z,1070511.00,521631.00,1775419200,expected_expiration-150m,1775419200,0.75,0.76,0.755,0.76,109
KXNBAGAME-26APR05PHXCHI-PHX,KXNBAGAME-26APR05PHXCHI,KXNBAGAME,game_winner,Phoenix at Chicago Winner?,Phoenix,Phoenix,yes,1,finalized,2026-04-03T10:06:00Z,2026-04-05T22:22:27Z,2026-04-05T22:30:00Z,1482966.00,944189.00,1775419200,expected_expiration-150m,1775419200,0.77,0.78,0.775,0.78,110
KXNBAGAME-26APR05TORBOS-TOR,KXNBAGAME-26APR05TORBOS,KXNBAGAME,game_winner,Toronto at Boston Winner?,Toronto,Toronto,no,0,finalized,2026-04-03T10:06:00Z,2026-04-05T21:56:20Z,2026-04-05T22:30:00Z,2207963.00,1431439.00,1775419200,expected_expiration-150m,1775419200,0.2,0.21,0.20500000000000002,0.21,111
KXNBAGAME-26APR05WASBKN-BKN,KXNBAGAME-26APR05WASBKN,KXNBAGAME,game_winner,Washington at Brooklyn Winner?,Brooklyn,Brooklyn,yes,1,finalized,2026-04-03T10:06:00Z,2026-04-05T22:24:03Z,2026-04-05T22:30:00Z,2129205.00,1130432.00,1775419200,expected_expiration-150m,1775419200,0.82,0.83,0.825,0.83,111
KXNBAGAME-26APR05WASBKN-WAS,KXNBAGAME-26APR05WASBKN,KXNBAGAME,game_winner,Washington at Brooklyn Winner?,Washington,Washington,no,0,finalized,2026-04-03T10:06:00Z,2026-04-05T22:24:03Z,2026-04-05T22:30:00Z,1613353.00,838891.00,1775419200,expected_expiration-150m,1775419200,0.17,0.18,0.175,0.18,106
KXNBAGAME-26APR04DETPHI-PHI,KXNBAGAME-26APR04DETPHI,KXNBAGAME,game_winner,Detroit at Philadelphia Winner?,Philadelphia,Philadelphia,no,0,finalized,2026-04-02T13:06:00Z,2026-04-05T01:25:58Z,2026-04-05T02:00:00Z,3147995.00,2147698.00,1775345400,expected_expiration-150m,1775345400,0.31,0.32,0.315,0.32,111
KXNBAGAME-26APR10MEMUTA-UTA,KXNBAGAME-26APR10MEMUTA,KXNBAGAME,game_winner,Memphis at Utah Winner?,Utah,Utah,yes,1,finalized,2026-04-09T04:06:00Z,2026-04-11T04:00:43Z,2026-04-11T04:30:00Z,1038074.00,704595.00,1775872800,expected_expiration-150m,,,,,,0
KXNBAGAME-26APR10MEMUTA-MEM,KXNBAGAME-26APR10MEMUTA,KXNBAGAME,game_winner,Memphis at Utah Winner?,Memphis,Memphis,no,0,finalized,2026-04-09T04:06:00Z,2026-04-11T04:00:43Z,2026-04-11T04:30:00Z,758474.00,449020.00,1775872800,expected_expiration-150m,,,,,,0
KXNBAGAME-26APR04DETPHI-DET,KXNBAGAME-26APR04DETPHI,KXNBAGAME,game_winner,Detroit at Philadelphia Winner?,Detroit,Detroit,yes,1,finalized,2026-04-02T13:06:00Z,2026-04-05T01:25:58Z,2026-04-05T02:00:00Z,4067169.00,2576174.00,1775345400,expected_expiration-150m,1775345400,0.68,0.69,0.685,0.68,111
KXNBAGAME-26APR04SASDEN-SAS,KXNBAGAME-26APR04SASDEN,KXNBAGAME,game_winner,San Antonio at Denver Winner?,San Antonio,San Antonio,no,0,finalized,2026-04-02T10:06:00Z,2026-04-04T22:18:00Z,2026-04-04T22:00:00Z,10602966.00,5250813.00,1775331000,expected_expiration-150m,1775331000,0.58,0.59,0.585,0.59,111
KXNBAGAME-26APR05PHXCHI-CHI,KXNBAGAME-26APR05PHXCHI,KXNBAGAME,game_winner,Phoenix at Chicago Winner?,Chicago,Chicago,no,0,finalized,2026-04-03T10:06:00Z,2026-04-05T22:22:27Z,2026-04-05T22:30:00Z,1746911.00,980027.00,1775419200,expected_expiration-150m,1775419200,0.22,0.23,0.225,0.23,111
KXNBAGAME-26APR05TORBOS-BOS,KXNBAGAME-26APR05TORBOS,KXNBAGAME,game_winner,Toronto at Boston Winner?,Boston,Boston,yes,1,finalized,2026-04-03T10:06:00Z,2026-04-05T21:56:20Z,2026-04-05T22:30:00Z,3491209.00,2116188.00,1775419200,expected_expiration-150m,1775419200,0.79,0.8,0.795,0.8,111
KXNBAGAME-26APR03NOPSAC-NOP,KXNBAGAME-26APR03NOPSAC,KXNBAGAME,game_winner,New Orleans at Sacramento Winner?,New Orleans,New Orleans,no,0,finalized,2026-04-02T04:06:00Z,2026-04-04T05:02:04Z,2026-04-04T05:00:00Z,6131542.00,2816932.00,1775269800,expected_expiration-150m,1775269800,0.82,0.83,0.825,0.83,111
KXNBAGAME-26APR10PHXLAL-PHX,KXNBAGAME-26APR10PHXLAL,KXNBAGAME,game_winner,Phoenix at Los Angeles L Winner?,Phoenix,Phoenix,no,0,finalized,2026-04-09T04:06:00Z,2026-04-11T05:22:10Z,2026-04-11T05:30:00Z,3589314.00,2318425.00,1775876400,expected_expiration-150m,,,,,,0
KXNBAGAME-26APR10ORLCHI-CHI,KXNBAGAME-26APR10ORLCHI,KXNBAGAME,game_winner,Orlando at Chicago Winner?,Chicago,Chicago,no,0,finalized,2026-04-09T04:06:00Z,2026-04-11T02:36:52Z,2026-04-11T03:00:00Z,715026.00,488906.00,1775867400,expected_expiration-150m,,,,,,0
KXNBAGAME-26APR04SASDEN-DEN,KXNBAGAME-26APR04SASDEN,KXNBAGAME,game_winner,San Antonio at Denver Winner?,Denver,Denver,yes,1,finalized,2026-04-02T10:06:00Z,2026-04-04T22:18:00Z,2026-04-04T22:00:00Z,7937806.00,3449528.00,1775331000,expected_expiration-150m,1775331000,0.41,0.42,0.415,0.42,111
KXNBAGAME-26APR03UTAHOU-HOU,KXNBAGAME-26APR03UTAHOU,KXNBAGAME,game_winner,Utah at Houston Winner?,Houston,Houston,yes,1,finalized,2026-04-02T04:06:00Z,2026-04-04T02:34:02Z,2026-04-04T03:00:00Z,521861.00,446196.00,1775262600,expected_expiration-150m,1775262600,0.94,0.95,0.945,0.95,106
KXNBAGAME-26APR03NOPSAC-SAC,KXNBAGAME-26APR03NOPSAC,KXNBAGAME,game_winner,New Orleans at Sacramento Winner?,Sacramento,Sacramento,yes,1,finalized,2026-04-02T04:06:00Z,2026-04-04T05:02:04Z,2026-04-04T05:00:00Z,6929301.00,2687152.00,1775269800,expected_expiration-150m,1775269800,0.17,0.18,0.175,0.18,111
KXNBAGAME-26APR03MINPHI-MIN,KXNBAGAME-26APR03MINPHI,KXNBAGAME,game_winner,Minnesota at Philadelphia Winner?,Minnesota,Minnesota,no,0,finalized,2026-04-01T13:06:00Z,2026-04-04T01:44:10Z,2026-04-04T02:00:00Z,5188768.00,2912018.00,1775259000,expected_expiration-150m,1775259000,0.36,0.37,0.365,0.36,111
KXNBAGAME-26APR03INDCHA-IND,KXNBAGAME-26APR03INDCHA,KXNBAGAME,game_winner,Indiana at Charlotte Winner?,Indiana,Indiana,no,0,finalized,2026-04-01T13:06:00Z,2026-04-04T01:26:26Z,2026-04-04T02:00:00Z,1529857.00,1185540.00,1775259000,expected_expiration-150m,1775259000,0.01,0.02,0.015,0.02,111
KXNBAGAME-26APR03CHINYK-CHI,KXNBAGAME-26APR03CHINYK,KXNBAGAME,game_winner,Chicago at New York Winner?,Chicago,Chicago,no,0,finalized,2026-04-01T16:07:00Z,2026-04-04T02:16:14Z,2026-04-04T02:30:00Z,596988.00,530356.00,1775260800,expected_expiration-150m,1775260800,0.02,0.03,0.025,0.03,111
KXNBAGAME-26APR03ATLBKN-ATL,KXNBAGAME-26APR03ATLBKN,KXNBAGAME,game_winner,Atlanta at Brooklyn Winner?,Atlanta,Atlanta,yes,1,finalized,2026-04-01T16:07:00Z,2026-04-04T02:12:18Z,2026-04-04T02:30:00Z,1002624.00,777496.00,1775260800,expected_expiration-150m,1775260800,0.97,0.98,0.975,0.97,107
KXNBAGAME-26APR03MINPHI-PHI,KXNBAGAME-26APR03MINPHI,KXNBAGAME,game_winner,Minnesota at Philadelphia Winner?,Philadelphia,Philadelphia,yes,1,finalized,2026-04-01T13:06:00Z,2026-04-04T01:44:10Z,2026-04-04T02:00:00Z,5507014.00,2711858.00,1775259000,expected_expiration-150m,1775259000,0.63,0.64,0.635,0.64,111
KXNBAGAME-26APR04WASMIA-MIA,KXNBAGAME-26APR04WASMIA,KXNBAGAME,game_winner,Washington at Miami Winner?,Miami,Miami,yes,1,finalized,2026-04-02T10:06:00Z,2026-04-04T21:46:07Z,2026-04-04T22:00:00Z,936398.00,798669.00,1775331000,expected_expiration-150m,1775331000,0.93,0.94,0.935,0.94,110
KXNBAGAME-26APR02LALOKC-OKC,KXNBAGAME-26APR02LALOKC,KXNBAGAME,game_winner,Los Angeles L at Oklahoma City Winner?,Oklahoma City,Oklahoma City,yes,1,finalized,2026-04-01T04:06:00Z,2026-04-03T04:01:05Z,2026-04-03T04:30:00Z,3185375.00,1838980.00,1775181600,expected_expiration-150m,1775181600,0.9,0.91,0.905,0.91,111
KXNBAGAME-26APR02LALOKC-LAL,KXNBAGAME-26APR02LALOKC,KXNBAGAME,game_winner,Los Angeles L at Oklahoma City Winner?,Los Angeles L,Los Angeles L,no,0,finalized,2026-04-01T04:06:00Z,2026-04-03T04:01:05Z,2026-04-03T04:30:00Z,11086796.00,9569056.00,1775181600,expected_expiration-150m,1775181600,0.09,0.1,0.095,0.1,111
KXNBAGAME-26APR02SASLAC-SAS,KXNBAGAME-26APR02SASLAC,KXNBAGAME,game_winner,San Antonio at Los Angeles C Winner?,San Antonio,San Antonio,yes,1,finalized,2026-04-01T04:06:00Z,2026-04-03T05:15:51Z,2026-04-03T05:30:00Z,7244408.00,3969611.00,1775185200,expected_expiration-150m,1775185200,0.48,0.5,0.49,0.5,111
KXNBAGAME-26APR03CHINYK-NYK,KXNBAGAME-26APR03CHINYK,KXNBAGAME,game_winner,Chicago at New York Winner?,New York,New York,yes,1,finalized,2026-04-01T16:07:00Z,2026-04-04T02:16:14Z,2026-04-04T02:30:00Z,490499.00,397048.00,1775260800,expected_expiration-150m,1775260800,0.97,0.98,0.975,0.98,111
KXNBAGAME-26APR03ATLBKN-BKN,KXNBAGAME-26APR03ATLBKN,KXNBAGAME,game_winner,Atlanta at Brooklyn Winner?,Brooklyn,Brooklyn,no,0,finalized,2026-04-01T16:07:00Z,2026-04-04T02:12:18Z,2026-04-04T02:30:00Z,1231520.00,921311.00,1775260800,expected_expiration-150m,1775260800,0.01,0.02,0.015,0.02,111
KXNBAGAME-26APR03BOSMIL-BOS,KXNBAGAME-26APR03BOSMIL,KXNBAGAME,game_winner,Boston at Milwaukee Winner?,Boston,Boston,yes,1,finalized,2026-04-02T04:06:00Z,2026-04-04T02:30:56Z,2026-04-04T03:00:00Z,594112.00,520925.00,1775262600,expected_expiration-150m,1775262600,0.98,0.99,0.985,,106
KXNBAGAME-26APR03TORMEM-TOR,KXNBAGAME-26APR03TORMEM,KXNBAGAME,game_winner,Toronto at Memphis Winner?,Toronto,Toronto,yes,1,finalized,2026-04-02T04:06:00Z,2026-04-04T02:46:00Z,2026-04-04T03:00:00Z,541155.00,457574.00,1775262600,expected_expiration-150m,1775262600,0.94,0.95,0.945,0.94,105
KXNBAGAME-26APR03INDCHA-CHA,KXNBAGAME-26APR03INDCHA,KXNBAGAME,game_winner,Indiana at Charlotte Winner?,Charlotte,Charlotte,yes,1,finalized,2026-04-01T13:06:00Z,2026-04-04T01:26:26Z,2026-04-04T02:00:00Z,978318.00,758767.00,1775259000,expected_expiration-150m,1775259000,0.98,1.0,0.99,0.98,107
KXNBAGAME-26APR02NOPPOR-NOP,KXNBAGAME-26APR02NOPPOR,KXNBAGAME,game_winner,New Orleans at Portland Winner?,New Orleans,New Orleans,no,0,finalized,2026-04-01T04:06:00Z,2026-04-03T04:51:56Z,2026-04-03T05:00:00Z,2491620.00,1274399.00,1775183400,expected_expiration-150m,1775183400,0.28,0.29,0.28500000000000003,0.3,111
KXNBAGAME-26APR02CLEGSW-GSW,KXNBAGAME-26APR02CLEGSW,KXNBAGAME,game_winner,Cleveland at Golden State Winner?,Golden State,Golden State,no,0,finalized,2026-04-01T04:06:00Z,2026-04-03T04:47:57Z,2026-04-03T05:00:00Z,4377532.00,2318856.00,1775183400,expected_expiration-150m,1775183400,0.19,0.2,0.195,0.2,111
KXNBAGAME-26APR02CLEGSW-CLE,KXNBAGAME-26APR02CLEGSW,KXNBAGAME,game_winner,Cleveland at Golden State Winner?,Cleveland,Cleveland,yes,1,finalized,2026-04-01T04:06:00Z,2026-04-03T04:47:57Z,2026-04-03T05:00:00Z,3959828.00,2420606.00,1775183400,expected_expiration-150m,1775183400,0.8,0.81,0.805,0.81,111
KXNBAGAME-26APR02MINDET-MIN,KXNBAGAME-26APR02MINDET,KXNBAGAME,game_winner,Minnesota at Detroit Winner?,Minnesota,Minnesota,no,0,finalized,2026-03-31T13:06:00Z,2026-04-03T01:54:00Z,2026-04-03T02:00:00Z,4779421.00,2403328.00,1775172600,expected_expiration-150m,1775172600,0.3,0.31,0.305,0.31,111
KXNBAGAME-26APR01BOSMIA-MIA,KXNBAGAME-26APR01BOSMIA,KXNBAGAME,game_winner,Boston at Miami Winner?,Miami,Miami,no,0,finalized,2026-03-30T16:06:00Z,2026-04-02T02:11:09Z,2026-04-02T02:30:00Z,3128284.00,0.00,1775088000,expected_expiration-150m,1775088000,0.35,0.36,0.355,0.35,111
KXNBAGAME-26APR02MINDET-DET,KXNBAGAME-26APR02MINDET,KXNBAGAME,game_winner,Minnesota at Detroit Winner?,Detroit,Detroit,yes,1,finalized,2026-03-31T13:06:00Z,2026-04-03T01:54:00Z,2026-04-03T02:00:00Z,6749508.00,3657284.00,1775172600,expected_expiration-150m,1775172600,0.69,0.7,0.695,0.7,111
KXNBAGAME-26APR01SASGSW-GSW,KXNBAGAME-26APR01SASGSW,KXNBAGAME,game_winner,San Antonio at Golden State Winner?,Golden State,Golden State,no,0,finalized,2026-03-30T16:06:00Z,2026-04-02T04:54:00Z,2026-04-02T05:00:00Z,3901424.00,0.00,1775097000,expected_expiration-150m,1775097000,0.03,0.04,0.035,0.04,111
KXNBAGAME-26APR01SACTOR-SAC,KXNBAGAME-26APR01SACTOR,KXNBAGAME,game_winner,Sacramento at Toronto Winner?,Sacramento,Sacramento,yes,1,finalized,2026-03-30T16:06:00Z,2026-04-02T02:57:56Z,2026-04-02T03:00:00Z,4915462.00,0.00,1775089800,expected_expiration-150m,1775089800,0.14,0.15,0.14500000000000002,0.14,111
KXNBAGAME-26APR02SASLAC-LAC,KXNBAGAME-26APR02SASLAC,KXNBAGAME,game_winner,San Antonio at Los Angeles C Winner?,Los Angeles C,Los Angeles C,no,0,finalized,2026-04-01T04:06:00Z,2026-04-03T05:15:51Z,2026-04-03T05:30:00Z,4421336.00,2988270.00,1775185200,expected_expiration-150m,1775185200,0.51,0.52,0.515,0.52,111
KXNBAGAME-26APR01MILHOU-HOU,KXNBAGAME-26APR01MILHOU,KXNBAGAME,game_winner,Milwaukee at Houston Winner?,Houston,Houston,yes,1,finalized,2026-03-30T16:06:00Z,2026-04-02T02:40:40Z,2026-04-02T03:00:00Z,1281370.00,0.00,1775089800,expected_expiration-150m,1775089800,0.96,0.97,0.965,0.97,108
KXNBAGAME-26APR01SACTOR-TOR,KXNBAGAME-26APR01SACTOR,KXNBAGAME,game_winner,Sacramento at Toronto Winner?,Toronto,Toronto,no,0,finalized,2026-03-30T16:06:00Z,2026-04-02T02:57:56Z,2026-04-02T03:00:00Z,4649386.00,0.00,1775089800,expected_expiration-150m,1775089800,0.85,0.86,0.855,0.86,108
KXNBAGAME-26APR01INDCHI-CHI,KXNBAGAME-26APR01INDCHI,KXNBAGAME,game_winner,Indiana at Chicago Winner?,Chicago,Chicago,no,0,finalized,2026-03-30T16:06:00Z,2026-04-02T02:28:03Z,2026-04-02T03:00:00Z,2337748.00,0.00,1775089800,expected_expiration-150m,1775089800,0.52,0.53,0.525,0.53,111
KXNBAGAME-26APR01NYKMEM-NYK,KXNBAGAME-26APR01NYKMEM,KXNBAGAME,game_winner,New York at Memphis Winner?,New York,New York,yes,1,finalized,2026-03-30T16:06:00Z,2026-04-02T02:32:02Z,2026-04-02T03:00:00Z,504983.00,0.00,1775089800,expected_expiration-150m,1775089800,0.92,0.93,0.925,0.93,104
KXNBAGAME-26APR02PHXCHA-PHX,KXNBAGAME-26APR02PHXCHA,KXNBAGAME,game_winner,Phoenix at Charlotte Winner?,Phoenix,Phoenix,no,0,finalized,2026-03-31T13:06:00Z,2026-04-03T01:34:05Z,2026-04-03T02:00:00Z,3679288.00,2231123.00,1775172600,expected_expiration-150m,1775172600,0.49,0.5,0.495,0.49,111
KXNBAGAME-26APR01DENUTA-UTA,KXNBAGAME-26APR01DENUTA,KXNBAGAME,game_winner,Denver at Utah Winner?,Utah,Utah,no,0,finalized,2026-03-30T16:06:00Z,2026-04-02T03:37:49Z,2026-04-02T04:00:00Z,2816979.00,0.00,1775093400,expected_expiration-150m,1775093400,0.04,0.05,0.045,0.05,111
KXNBAGAME-26APR01BOSMIA-BOS,KXNBAGAME-26APR01BOSMIA,KXNBAGAME,game_winner,Boston at Miami Winner?,Boston,Boston,yes,1,finalized,2026-03-30T16:06:00Z,2026-04-02T02:11:09Z,2026-04-02T02:30:00Z,4405689.00,0.00,1775088000,expected_expiration-150m,1775088000,0.65,0.66,0.655,0.66,111
KXNBAGAME-26APR01MILHOU-MIL,KXNBAGAME-26APR01MILHOU,KXNBAGAME,game_winner,Milwaukee at Houston Winner?,Milwaukee,Milwaukee,no,0,finalized,2026-03-30T16:06:00Z,2026-04-02T02:40:40Z,2026-04-02T03:00:00Z,2165885.00,0.00,1775089800,expected_expiration-150m,1775089800,0.03,0.04,0.035,0.04,111
KXNBAGAME-26APR01PHIWAS-PHI,KXNBAGAME-26APR01PHIWAS,KXNBAGAME,game_winner,Philadelphia at Washington Winner?,Philadelphia,Philadelphia,yes,1,finalized,2026-03-30T13:06:00Z,2026-04-02T01:28:09Z,2026-04-02T02:00:00Z,1911595.00,0.00,1775086200,expected_expiration-150m,1775086200,0.89,0.9,0.895,0.9,110
KXNBAGAME-26MAR31DALMIL-MIL,KXNBAGAME-26MAR31DALMIL,KXNBAGAME,game_winner,Dallas at Milwaukee Winner?,Milwaukee,Milwaukee,yes,1,finalized,2026-03-30T13:06:00Z,2026-04-01T02:55:55Z,2026-04-01T03:00:00Z,849139.00,0.00,1775003400,expected_expiration-150m,1775003400,0.49,0.5,0.495,0.5,109
KXNBAGAME-26APR01PHIWAS-WAS,KXNBAGAME-26APR01PHIWAS,KXNBAGAME,game_winner,Philadelphia at Washington Winner?,Washington,Washington,no,0,finalized,2026-03-30T13:06:00Z,2026-04-02T01:28:09Z,2026-04-02T02:00:00Z,2307499.00,0.00,1775086200,expected_expiration-150m,1775086200,0.1,0.11,0.10500000000000001,0.11,111
KXNBAGAME-26APR01INDCHI-IND,KXNBAGAME-26APR01INDCHI,KXNBAGAME,game_winner,Indiana at Chicago Winner?,Indiana,Indiana,yes,1,finalized,2026-03-30T16:06:00Z,2026-04-02T02:28:03Z,2026-04-02T03:00:00Z,1780829.00,0.00,1775089800,expected_expiration-150m,1775089800,0.47,0.48,0.475,0.48,108
KXNBAGAME-26MAR31CLELAL-LAL,KXNBAGAME-26MAR31CLELAL,KXNBAGAME,game_winner,Cleveland at Los Angeles L Winner?,Los Angeles L,Los Angeles L,yes,1,finalized,2026-03-29T19:07:00Z,2026-04-01T05:00:47Z,2026-04-01T05:30:00Z,6718246.00,0.00,1775012400,expected_expiration-150m,1775012400,0.48,0.49,0.485,0.49,111
KXNBAGAME-26MAR31CLELAL-CLE,KXNBAGAME-26MAR31CLELAL,KXNBAGAME,game_winner,Cleveland at Los Angeles L Winner?,Cleveland,Cleveland,no,0,finalized,2026-03-29T19:07:00Z,2026-04-01T05:00:47Z,2026-04-01T05:30:00Z,3774725.00,0.00,1775012400,expected_expiration-150m,1775012400,0.51,0.52,0.515,0.52,111
KXNBAGAME-26APR01NYKMEM-MEM,KXNBAGAME-26APR01NYKMEM,KXNBAGAME,game_winner,New York at Memphis Winner?,Memphis,Memphis,no,0,finalized,2026-03-30T16:06:00Z,2026-04-02T02:32:02Z,2026-04-02T03:00:00Z,1082848.00,0.00,1775089800,expected_expiration-150m,1775089800,0.07,0.08,0.07500000000000001,0.07,105
KXNBAGAME-26MAR31NYKHOU-NYK,KXNBAGAME-26MAR31NYKHOU,KXNBAGAME,game_winner,New York at Houston Winner?,New York,New York,no,0,finalized,2026-03-29T16:07:00Z,2026-04-01T02:30:53Z,2026-04-01T03:00:00Z,3822064.00,0.00,1775003400,expected_expiration-150m,1775003400,0.24,0.25,0.245,0.25,111
KXNBAGAME-26APR01ATLORL-ORL,KXNBAGAME-26APR01ATLORL,KXNBAGAME,game_winner,Atlanta at Orlando Winner?,Orlando,Orlando,no,0,finalized,2026-03-30T13:06:00Z,2026-04-02T01:46:15Z,2026-04-02T02:00:00Z,2454734.00,0.00,1775086200,expected_expiration-150m,1775086200,0.46,0.48,0.47,0.48,111
KXNBAGAME-26MAR31PORLAC-POR,KXNBAGAME-26MAR31PORLAC,KXNBAGAME,game_winner,Portland at Los Angeles C Winner?,Portland,Portland,yes,1,finalized,2026-03-29T19:07:00Z,2026-04-01T05:40:29Z,2026-04-01T06:00:00Z,3674452.00,0.00,1775014200,expected_expiration-150m,1775014200,0.33,0.34,0.335,0.34,111
KXNBAGAME-26MAR31TORDET-DET,KXNBAGAME-26MAR31TORDET,KXNBAGAME,game_winner,Toronto at Detroit Winner?,Detroit,Detroit,yes,1,finalized,2026-03-29T16:07:00Z,2026-04-01T02:51:54Z,2026-04-01T03:00:00Z,1595209.00,0.00,1775003400,expected_expiration-150m,1775003400,0.7,0.71,0.705,0.72,111
KXNBAGAME-26MAR31CHABKN-CHA,KXNBAGAME-26MAR31CHABKN,KXNBAGAME,game_winner,Charlotte at Brooklyn Winner?,Charlotte,Charlotte,yes,1,finalized,2026-03-29T16:07:00Z,2026-04-01T02:08:04Z,2026-04-01T02:30:00Z,1675713.00,0.00,1775001600,expected_expiration-150m,1775001600,0.97,0.98,0.975,0.98,111
KXNBAGAME-26MAR31NYKHOU-HOU,KXNBAGAME-26MAR31NYKHOU,KXNBAGAME,game_winner,New York at Houston Winner?,Houston,Houston,yes,1,finalized,2026-03-29T16:07:00Z,2026-04-01T02:30:53Z,2026-04-01T03:00:00Z,2078090.00,0.00,1775003400,expected_expiration-150m,1775003400,0.74,0.76,0.75,0.74,111
KXNBAGAME-26MAR31DALMIL-DAL,KXNBAGAME-26MAR31DALMIL,KXNBAGAME,game_winner,Dallas at Milwaukee Winner?,Dallas,Dallas,no,0,finalized,2026-03-30T13:06:00Z,2026-04-01T02:55:55Z,2026-04-01T03:00:00Z,832156.00,0.00,1775003400,expected_expiration-150m,1775003400,0.5,0.51,0.505,0.51,111
KXNBAGAME-26MAR31PHXORL-ORL,KXNBAGAME-26MAR31PHXORL,KXNBAGAME,game_winner,Phoenix at Orlando Winner?,Orlando,Orlando,yes,1,finalized,2026-03-29T13:06:00Z,2026-04-01T01:56:17Z,2026-04-01T02:00:00Z,3900721.00,0.00,1774999800,expected_expiration-150m,1774999800,0.73,0.74,0.735,0.74,111
KXNBAGAME-26MAR31CHABKN-BKN,KXNBAGAME-26MAR31CHABKN,KXNBAGAME,game_winner,Charlotte at Brooklyn Winner?,Brooklyn,Brooklyn,no,0,finalized,2026-03-29T16:07:00Z,2026-04-01T02:08:04Z,2026-04-01T02:30:00Z,2251423.00,0.00,1775001600,expected_expiration-150m,1775001600,0.02,0.03,0.025,0.03,111
KXNBAGAME-26MAR30CLEUTA-CLE,KXNBAGAME-26MAR30CLEUTA,KXNBAGAME,game_winner,Cleveland at Utah Winner?,Cleveland,Cleveland,yes,1,finalized,2026-03-28T16:06:00Z,2026-03-31T03:28:05Z,2026-03-31T04:00:00Z,2201247.00,0.00,1774920600,expected_expiration-150m,1774920600,0.88,0.89,0.885,0.89,97
KXNBAGAME-26MAR31PORLAC-LAC,KXNBAGAME-26MAR31PORLAC,KXNBAGAME,game_winner,Portland at Los Angeles C Winner?,Los Angeles C,Los Angeles C,no,0,finalized,2026-03-29T19:07:00Z,2026-04-01T05:40:29Z,2026-04-01T06:00:00Z,6810273.00,0.00,1775014200,expected_expiration-150m,1775014200,0.66,0.67,0.665,0.67,111
KXNBAGAME-26MAR30DETOKC-DET,KXNBAGAME-26MAR30DETOKC,KXNBAGAME,game_winner,Detroit at Oklahoma City Winner?,Detroit,Detroit,no,0,finalized,2026-03-28T16:06:00Z,2026-03-31T04:44:05Z,2026-03-31T04:30:00Z,9981152.00,0.00,1774922400,expected_expiration-150m,1774922400,0.14,0.15,0.14500000000000002,0.15,111
KXNBAGAME-26MAR30WASLAL-WAS,KXNBAGAME-26MAR30WASLAL,KXNBAGAME,game_winner,Washington at Los Angeles L Winner?,Washington,Washington,no,0,finalized,2026-03-28T16:06:00Z,2026-03-31T04:36:04Z,2026-03-31T05:00:00Z,2025708.00,0.00,1774924200,expected_expiration-150m,1774924200,0.08,0.09,0.08499999999999999,0.09,111
KXNBAGAME-26MAR30WASLAL-LAL,KXNBAGAME-26MAR30WASLAL,KXNBAGAME,game_winner,Washington at Los Angeles L Winner?,Los Angeles L,Los Angeles L,yes,1,finalized,2026-03-28T16:06:00Z,2026-03-31T04:36:04Z,2026-03-31T05:00:00Z,1714275.00,0.00,1774924200,expected_expiration-150m,1774924200,0.91,0.92,0.915,0.92,108
KXNBAGAME-26MAR30BOSATL-BOS,KXNBAGAME-26MAR30BOSATL,KXNBAGAME,game_winner,Boston at Atlanta Winner?,Boston,Boston,no,0,finalized,2026-03-28T16:06:00Z,2026-03-31T02:08:16Z,2026-03-31T02:30:00Z,5450330.00,0.00,1774915200,expected_expiration-150m,1774915200,0.52,0.54,0.53,0.54,111
KXNBAGAME-26APR01ATLORL-ATL,KXNBAGAME-26APR01ATLORL,KXNBAGAME,game_winner,Atlanta at Orlando Winner?,Atlanta,Atlanta,yes,1,finalized,2026-03-30T13:06:00Z,2026-04-02T01:46:15Z,2026-04-02T02:00:00Z,4131746.00,0.00,1775086200,expected_expiration-150m,1775086200,0.52,0.54,0.53,0.54,111
KXNBAGAME-26MAR30PHXMEM-PHX,KXNBAGAME-26MAR30PHXMEM,KXNBAGAME,game_winner,Phoenix at Memphis Winner?,Phoenix,Phoenix,yes,1,finalized,2026-03-28T16:06:00Z,2026-03-31T02:46:16Z,2026-03-31T03:00:00Z,1909932.00,0.00,1774917000,expected_expiration-150m,1774917000,0.92,0.93,0.925,0.93,108
KXNBAGAME-26MAR31PHXORL-PHX,KXNBAGAME-26MAR31PHXORL,KXNBAGAME,game_winner,Phoenix at Orlando Winner?,Phoenix,Phoenix,no,0,finalized,2026-03-29T13:06:00Z,2026-04-01T01:56:17Z,2026-04-01T02:00:00Z,6986233.00,0.00,1774999800,expected_expiration-150m,1774999800,0.26,0.27,0.265,0.27,111
KXNBAGAME-26MAR30PHXMEM-MEM,KXNBAGAME-26MAR30PHXMEM,KXNBAGAME,game_winner,Phoenix at Memphis Winner?,Memphis,Memphis,no,0,finalized,2026-03-28T16:06:00Z,2026-03-31T02:46:16Z,2026-03-31T03:00:00Z,1617117.00,0.00,1774917000,expected_expiration-150m,1774917000,0.07,0.08,0.07500000000000001,0.08,106
KXNBAGAME-26MAR30MINDAL-MIN,KXNBAGAME-26MAR30MINDAL,KXNBAGAME,game_winner,Minnesota at Dallas Winner?,Minnesota,Minnesota,yes,1,finalized,2026-03-28T16:06:00Z,2026-03-31T03:10:56Z,2026-03-31T03:30:00Z,942268.00,0.00,1774918800,expected_expiration-150m,1774918800,0.86,0.88,0.87,0.87,111
KXNBAGAME-26MAR30CLEUTA-UTA,KXNBAGAME-26MAR30CLEUTA,KXNBAGAME,game_winner,Cleveland at Utah Winner?,Utah,Utah,no,0,finalized,2026-03-28T16:06:00Z,2026-03-31T03:28:05Z,2026-03-31T04:00:00Z,3220032.00,0.00,1774920600,expected_expiration-150m,1774920600,0.11,0.12,0.11499999999999999,0.11,110
KXNBAGAME-26MAR30DETOKC-OKC,KXNBAGAME-26MAR30DETOKC,KXNBAGAME,game_winner,Detroit at Oklahoma City Winner?,Oklahoma City,Oklahoma City,yes,1,finalized,2026-03-28T16:06:00Z,2026-03-31T04:44:05Z,2026-03-31T04:30:00Z,8605962.00,0.00,1774922400,expected_expiration-150m,1774922400,0.85,0.86,0.855,0.86,111
KXNBAGAME-26MAR30PHIMIA-PHI,KXNBAGAME-26MAR30PHIMIA,KXNBAGAME,game_winner,Philadelphia at Miami Winner?,Philadelphia,Philadelphia,no,0,finalized,2026-03-28T13:06:00Z,2026-03-31T01:48:23Z,2026-03-31T02:00:00Z,8695417.00,0.00,1774913400,expected_expiration-150m,1774913400,0.38,0.39,0.385,0.39,111
KXNBAGAME-26MAR30MINDAL-DAL,KXNBAGAME-26MAR30MINDAL,KXNBAGAME,game_winner,Minnesota at Dallas Winner?,Dallas,Dallas,no,0,finalized,2026-03-28T16:06:00Z,2026-03-31T03:10:56Z,2026-03-31T03:30:00Z,706286.00,0.00,1774918800,expected_expiration-150m,1774918800,0.12,0.13,0.125,0.13,111
KXNBAGAME-26MAR29GSWDEN-GSW,KXNBAGAME-26MAR29GSWDEN,KXNBAGAME,game_winner,Golden State at Denver Winner?,Golden State,Golden State,no,0,finalized,2026-03-27T16:07:00Z,2026-03-30T04:51:56Z,2026-03-30T05:00:00Z,9531723.00,0.00,1774837800,expected_expiration-150m,1774837800,0.19,0.2,0.195,0.2,111
KXNBAGAME-26MAR30BOSATL-ATL,KXNBAGAME-26MAR30BOSATL,KXNBAGAME,game_winner,Boston at Atlanta Winner?,Atlanta,Atlanta,yes,1,finalized,2026-03-28T16:06:00Z,2026-03-31T02:08:16Z,2026-03-31T02:30:00Z,2625352.00,0.00,1774915200,expected_expiration-150m,1774915200,0.46,0.47,0.46499999999999997,0.45,111
KXNBAGAME-26APR02NOPPOR-POR,KXNBAGAME-26APR02NOPPOR,KXNBAGAME,game_winner,New Orleans at Portland Winner?,Portland,Portland,yes,1,finalized,2026-04-01T04:06:00Z,2026-04-03T04:51:56Z,2026-04-03T05:00:00Z,3388258.00,1911409.00,1775183400,expected_expiration-150m,1775183400,0.7,0.71,0.705,0.71,111
KXNBAGAME-26MAR29NYKOKC-OKC,KXNBAGAME-26MAR29NYKOKC,KXNBAGAME,game_winner,New York at Oklahoma City Winner?,Oklahoma City,Oklahoma City,yes,1,finalized,2026-03-27T16:07:00Z,2026-03-30T02:24:07Z,2026-03-30T02:30:00Z,6144135.00,0.00,1774828800,expected_expiration-150m,1774828800,0.73,0.74,0.735,0.74,111
KXNBAGAME-26MAR29WASPOR-WAS,KXNBAGAME-26MAR29WASPOR,KXNBAGAME,game_winner,Washington at Portland Winner?,Washington,Washington,no,0,finalized,2026-03-27T13:06:00Z,2026-03-30T00:41:12Z,2026-03-30T01:00:00Z,1214445.00,0.00,1774823400,expected_expiration-150m,1774823400,0.04,0.05,0.045,0.04,111
KXNBAGAME-26MAR29GSWDEN-DEN,KXNBAGAME-26MAR29GSWDEN,KXNBAGAME,game_winner,Golden State at Denver Winner?,Denver,Denver,yes,1,finalized,2026-03-27T16:07:00Z,2026-03-30T04:51:56Z,2026-03-30T05:00:00Z,8662610.00,0.00,1774837800,expected_expiration-150m,1774837800,0.81,0.82,0.815,0.82,111
KXNBAGAME-26MAR29HOUNOP-NOP,KXNBAGAME-26MAR29HOUNOP,KXNBAGAME,game_winner,Houston at New Orleans Winner?,New Orleans,New Orleans,no,0,finalized,2026-03-27T13:06:00Z,2026-03-30T01:34:02Z,2026-03-30T02:00:00Z,1330388.00,0.00,1774827000,expected_expiration-150m,1774827000,0.36,0.37,0.365,0.36,109
KXNBAGAME-26MAR29NYKOKC-NYK,KXNBAGAME-26MAR29NYKOKC,KXNBAGAME,game_winner,New York at Oklahoma City Winner?,New York,New York,no,0,finalized,2026-03-27T16:07:00Z,2026-03-30T02:24:07Z,2026-03-30T02:30:00Z,7295023.00,0.00,1774828800,expected_expiration-150m,1774828800,0.26,0.27,0.265,0.27,111
KXNBAGAME-26MAR30CHISAS-SAS,KXNBAGAME-26MAR30CHISAS,KXNBAGAME,game_winner,Chicago at San Antonio Winner?,San Antonio,San Antonio,yes,1,finalized,2026-03-28T16:06:00Z,2026-03-31T02:38:20Z,2026-03-31T03:00:00Z,1349883.00,0.00,1774917000,expected_expiration-150m,1774917000,0.92,0.94,0.9299999999999999,0.92,108
KXNBAGAME-26MAR29BOSCHA-BOS,KXNBAGAME-26MAR29BOSCHA,KXNBAGAME,game_winner,Boston at Charlotte Winner?,Boston,Boston,yes,1,finalized,2026-03-27T13:06:00Z,2026-03-30T00:20:34Z,2026-03-30T01:00:00Z,3813736.00,0.00,1774823400,expected_expiration-150m,1774823400,0.49,0.51,0.5,0.51,111
KXNBAGAME-26MAR29HOUNOP-HOU,KXNBAGAME-26MAR29HOUNOP,KXNBAGAME,game_winner,Houston at New Orleans Winner?,Houston,Houston,yes,1,finalized,2026-03-27T13:06:00Z,2026-03-30T01:34:02Z,2026-03-30T02:00:00Z,2745906.00,0.00,1774827000,expected_expiration-150m,1774827000,0.63,0.64,0.635,0.63,111
KXNBAGAME-26MAR30PHIMIA-MIA,KXNBAGAME-26MAR30PHIMIA,KXNBAGAME,game_winner,Philadelphia at Miami Winner?,Miami,Miami,yes,1,finalized,2026-03-28T13:06:00Z,2026-03-31T01:48:23Z,2026-03-31T02:00:00Z,4590552.00,0.00,1774913400,expected_expiration-150m,1774913400,0.61,0.62,0.615,0.62,111
KXNBAGAME-26MAR29BOSCHA-CHA,KXNBAGAME-26MAR29BOSCHA,KXNBAGAME,game_winner,Boston at Charlotte Winner?,Charlotte,Charlotte,no,0,finalized,2026-03-27T13:06:00Z,2026-03-30T00:20:34Z,2026-03-30T01:00:00Z,3262053.00,0.00,1774823400,expected_expiration-150m,1774823400,0.49,0.5,0.495,0.5,111
KXNBAGAME-26MAR29SACBKN-BKN,KXNBAGAME-26MAR29SACBKN,KXNBAGAME,game_winner,Sacramento at Brooklyn Winner?,Brooklyn,Brooklyn,yes,1,finalized,2026-03-27T13:06:00Z,2026-03-30T00:30:58Z,2026-03-30T01:00:00Z,936056.00,0.00,1774823400,expected_expiration-150m,1774823400,0.76,0.77,0.765,0.77,111
KXNBAGAME-26MAR29MIAIND-MIA,KXNBAGAME-26MAR29MIAIND,KXNBAGAME,game_winner,Miami at Indiana Winner?,Miami,Miami,no,0,finalized,2026-03-27T13:06:00Z,2026-03-29T23:28:12Z,2026-03-30T00:00:00Z,3343471.00,0.00,1774819800,expected_expiration-150m,1774819800,0.8,0.81,0.805,0.81,111
KXNBAGAME-26MAR29WASPOR-POR,KXNBAGAME-26MAR29WASPOR,KXNBAGAME,game_winner,Washington at Portland Winner?,Portland,Portland,yes,1,finalized,2026-03-27T13:06:00Z,2026-03-30T00:41:12Z,2026-03-30T01:00:00Z,523335.00,0.00,1774823400,expected_expiration-150m,1774823400,0.96,0.97,0.965,0.97,105
KXNBAGAME-26MAR29LACMIL-MIL,KXNBAGAME-26MAR29LACMIL,KXNBAGAME,game_winner,Los Angeles C at Milwaukee Winner?,Milwaukee,Milwaukee,no,0,finalized,2026-03-27T10:06:00Z,2026-03-29T22:06:18Z,2026-03-29T22:30:00Z,1737154.00,0.00,1774814400,expected_expiration-150m,1774814400,0.1,0.11,0.10500000000000001,0.11,111
KXNBAGAME-26MAR29ORLTOR-TOR,KXNBAGAME-26MAR29ORLTOR,KXNBAGAME,game_winner,Orlando at Toronto Winner?,Toronto,Toronto,yes,1,finalized,2026-03-27T13:06:00Z,2026-03-30T00:34:07Z,2026-03-30T01:00:00Z,969373.00,0.00,1774823400,expected_expiration-150m,1774823400,0.57,0.58,0.575,0.58,111
KXNBAGAME-26MAR29ORLTOR-ORL,KXNBAGAME-26MAR29ORLTOR,KXNBAGAME,game_winner,Orlando at Toronto Winner?,Orlando,Orlando,no,0,finalized,2026-03-27T13:06:00Z,2026-03-30T00:34:07Z,2026-03-30T01:00:00Z,998092.00,0.00,1774823400,expected_expiration-150m,1774823400,0.42,0.43,0.425,0.43,111
KXNBAGAME-26MAR29SACBKN-SAC,KXNBAGAME-26MAR29SACBKN,KXNBAGAME,game_winner,Sacramento at Brooklyn Winner?,Sacramento,Sacramento,no,0,finalized,2026-03-27T13:06:00Z,2026-03-30T00:30:58Z,2026-03-30T01:00:00Z,775012.00,0.00,1774823400,expected_expiration-150m,1774823400,0.23,0.24,0.235,0.24,111
KXNBAGAME-26MAR29LACMIL-LAC,KXNBAGAME-26MAR29LACMIL,KXNBAGAME,game_winner,Los Angeles C at Milwaukee Winner?,Los Angeles C,Los Angeles C,yes,1,finalized,2026-03-27T10:06:00Z,2026-03-29T22:06:18Z,2026-03-29T22:30:00Z,1612468.00,0.00,1774814400,expected_expiration-150m,1774814400,0.9,0.91,0.905,0.91,107
KXNBAGAME-26MAR28CHIMEM-MEM,KXNBAGAME-26MAR28CHIMEM,KXNBAGAME,game_winner,Chicago at Memphis Winner?,Memphis,Memphis,yes,1,finalized,2026-03-26T16:06:00Z,2026-03-29T02:50:40Z,2026-03-29T03:00:00Z,3489174.00,0.00,1774744200,expected_expiration-150m,1774744200,0.38,0.39,0.385,0.39,107
KXNBAGAME-26MAR30CHISAS-CHI,KXNBAGAME-26MAR30CHISAS,KXNBAGAME,game_winner,Chicago at San Antonio Winner?,Chicago,Chicago,no,0,finalized,2026-03-28T16:06:00Z,2026-03-31T02:38:20Z,2026-03-31T03:00:00Z,2073343.00,0.00,1774917000,expected_expiration-150m,1774917000,0.06,0.08,0.07,0.08,111
KXNBAGAME-26MAR28SACATL-ATL,KXNBAGAME-26MAR28SACATL,KXNBAGAME,game_winner,Sacramento at Atlanta Winner?,Atlanta,Atlanta,yes,1,finalized,2026-03-26T16:06:00Z,2026-03-29T01:58:12Z,2026-03-29T02:30:00Z,2039437.00,0.00,1774742400,expected_expiration-150m,1774742400,0.86,0.87,0.865,0.87,111
KXNBAGAME-26MAR28PHICHA-PHI,KXNBAGAME-26MAR28PHICHA,KXNBAGAME,game_winner,Philadelphia at Charlotte Winner?,Philadelphia,Philadelphia,yes,1,finalized,2026-03-26T13:06:00Z,2026-03-29T00:46:15Z,2026-03-29T01:00:00Z,7444695.00,0.00,1774737000,expected_expiration-150m,1774737000,0.24,0.25,0.245,0.25,111
KXNBAGAME-26MAR28PHICHA-CHA,KXNBAGAME-26MAR28PHICHA,KXNBAGAME,game_winner,Philadelphia at Charlotte Winner?,Charlotte,Charlotte,no,0,finalized,2026-03-26T13:06:00Z,2026-03-29T00:46:15Z,2026-03-29T01:00:00Z,3869438.00,0.00,1774737000,expected_expiration-150m,1774737000,0.75,0.76,0.755,0.76,111
KXNBAGAME-26MAR29MIAIND-IND,KXNBAGAME-26MAR29MIAIND,KXNBAGAME,game_winner,Miami at Indiana Winner?,Indiana,Indiana,yes,1,finalized,2026-03-27T13:06:00Z,2026-03-29T23:28:12Z,2026-03-30T00:00:00Z,2503003.00,0.00,1774819800,expected_expiration-150m,1774819800,0.19,0.2,0.195,0.2,108
KXNBAGAME-26MAR28CHIMEM-CHI,KXNBAGAME-26MAR28CHIMEM,KXNBAGAME,game_winner,Chicago at Memphis Winner?,Chicago,Chicago,no,0,finalized,2026-03-26T16:06:00Z,2026-03-29T02:50:40Z,2026-03-29T03:00:00Z,4051271.00,0.00,1774744200,expected_expiration-150m,1774744200,0.6,0.61,0.605,0.61,108
KXNBAGAME-26MAR28DETMIN-MIN,KXNBAGAME-26MAR28DETMIN,KXNBAGAME,game_winner,Detroit at Minnesota Winner?,Minnesota,Minnesota,no,0,finalized,2026-03-26T13:06:00Z,2026-03-29T00:01:05Z,2026-03-29T00:30:00Z,2768569.00,0.00,1774735200,expected_expiration-150m,1774735200,0.41,0.42,0.415,0.42,111
KXNBAGAME-26MAR28SASMIL-SAS,KXNBAGAME-26MAR28SASMIL,KXNBAGAME,game_winner,San Antonio at Milwaukee Winner?,San Antonio,San Antonio,yes,1,finalized,2026-03-26T10:06:00Z,2026-03-28T21:31:23Z,2026-03-28T22:00:00Z,1379236.00,0.00,1774726200,expected_expiration-150m,1774726200,0.95,0.96,0.955,0.96,110
KXNBAGAME-26MAR28DETMIN-DET,KXNBAGAME-26MAR28DETMIN,KXNBAGAME,game_winner,Detroit at Minnesota Winner?,Detroit,Detroit,yes,1,finalized,2026-03-26T13:06:00Z,2026-03-29T00:01:05Z,2026-03-29T00:30:00Z,3466138.00,0.00,1774735200,expected_expiration-150m,1774735200,0.57,0.58,0.575,0.59,111
KXNBAGAME-26MAR27BKNLAL-LAL,KXNBAGAME-26MAR27BKNLAL,KXNBAGAME,game_winner,Brooklyn at Los Angeles L Winner?,Los Angeles L,Los Angeles L,yes,1,finalized,2026-03-25T19:06:00Z,2026-03-28T05:10:34Z,2026-03-28T05:30:00Z,2849793.00,0.00,1774666800,expected_expiration-150m,1774666800,0.94,0.95,0.945,0.95,107
KXNBAGAME-26MAR27WASGSW-WAS,KXNBAGAME-26MAR27WASGSW,KXNBAGAME,game_winner,Washington at Golden State Winner?,Washington,Washington,no,0,finalized,2026-03-25T16:06:00Z,2026-03-28T04:46:05Z,2026-03-28T05:00:00Z,2000118.00,0.00,1774665000,expected_expiration-150m,1774665000,0.06,0.07,0.065,0.07,110
KXNBAGAME-26MAR31TORDET-TOR,KXNBAGAME-26MAR31TORDET,KXNBAGAME,game_winner,Toronto at Detroit Winner?,Toronto,Toronto,no,0,finalized,2026-03-29T16:07:00Z,2026-04-01T02:51:54Z,2026-04-01T03:00:00Z,1172208.00,0.00,1775003400,expected_expiration-150m,1775003400,0.28,0.3,0.29000000000000004,0.3,111
KXNBAGAME-26MAR27ATLBOS-BOS,KXNBAGAME-26MAR27ATLBOS,KXNBAGAME,game_winner,Atlanta at Boston Winner?,Boston,Boston,yes,1,finalized,2026-03-25T16:06:00Z,2026-03-28T02:02:40Z,2026-03-28T02:30:00Z,3222739.00,0.00,1774656000,expected_expiration-150m,1774656000,0.43,0.44,0.435,0.44,111
KXNBAGAME-26MAR27BKNLAL-BKN,KXNBAGAME-26MAR27BKNLAL,KXNBAGAME,game_winner,Brooklyn at Los Angeles L Winner?,Brooklyn,Brooklyn,no,0,finalized,2026-03-25T19:06:00Z,2026-03-28T05:10:34Z,2026-03-28T05:30:00Z,4455989.00,0.00,1774666800,expected_expiration-150m,1774666800,0.04,0.06,0.05,0.06,111
KXNBAGAME-26MAR28UTAPHX-UTA,KXNBAGAME-26MAR28UTAPHX,KXNBAGAME,game_winner,Utah at Phoenix Winner?,Utah,Utah,no,0,finalized,2026-03-26T16:06:00Z,2026-03-29T04:30:42Z,2026-03-29T05:00:00Z,2423380.00,0.00,1774751400,expected_expiration-150m,1774751400,0.03,0.04,0.035,0.03,111
KXNBAGAME-26MAR27CHIOKC-CHI,KXNBAGAME-26MAR27CHIOKC,KXNBAGAME,game_winner,Chicago at Oklahoma City Winner?,Chicago,Chicago,no,0,finalized,2026-03-25T16:06:00Z,2026-03-28T02:36:20Z,2026-03-28T03:00:00Z,3031699.00,0.00,1774657800,expected_expiration-150m,1774657800,0.06,0.07,0.065,0.06,111
KXNBAGAME-26MAR27HOUMEM-MEM,KXNBAGAME-26MAR27HOUMEM,KXNBAGAME,game_winner,Houston at Memphis Winner?,Memphis,Memphis,no,0,finalized,2026-03-25T16:06:00Z,2026-03-28T02:24:22Z,2026-03-28T03:00:00Z,1041079.00,0.00,1774657800,expected_expiration-150m,1774657800,0.09,0.1,0.095,0.1,108
KXNBAGAME-26MAR27HOUMEM-HOU,KXNBAGAME-26MAR27HOUMEM,KXNBAGAME,game_winner,Houston at Memphis Winner?,Houston,Houston,yes,1,finalized,2026-03-25T16:06:00Z,2026-03-28T02:24:22Z,2026-03-28T03:00:00Z,884668.00,0.00,1774657800,expected_expiration-150m,1774657800,0.89,0.91,0.9,0.91,97
KXNBAGAME-26MAR27DALPOR-POR,KXNBAGAME-26MAR27DALPOR,KXNBAGAME,game_winner,Dallas at Portland Winner?,Portland,Portland,no,0,finalized,2026-03-25T16:06:00Z,2026-03-28T04:36:06Z,2026-03-28T05:00:00Z,2920207.00,0.00,1774665000,expected_expiration-150m,1774665000,0.63,0.65,0.64,0.65,103
KXNBAGAME-26MAR28SASMIL-MIL,KXNBAGAME-26MAR28SASMIL,KXNBAGAME,game_winner,San Antonio at Milwaukee Winner?,Milwaukee,Milwaukee,no,0,finalized,2026-03-26T10:06:00Z,2026-03-28T21:31:23Z,2026-03-28T22:00:00Z,2362829.00,0.00,1774726200,expected_expiration-150m,1774726200,0.04,0.05,0.045,0.05,111
KXNBAGAME-26MAR27MIACLE-MIA,KXNBAGAME-26MAR27MIACLE,KXNBAGAME,game_winner,Miami at Cleveland Winner?,Miami,Miami,no,0,finalized,2026-03-25T16:06:00Z,2026-03-28T02:21:05Z,2026-03-28T02:30:00Z,854703.00,0.00,1774656000,expected_expiration-150m,1774656000,0.18,0.19,0.185,0.2,111
KXNBAGAME-26APR04WASMIA-WAS,KXNBAGAME-26APR04WASMIA,KXNBAGAME,game_winner,Washington at Miami Winner?,Washington,Washington,no,0,finalized,2026-04-02T10:06:00Z,2026-04-04T21:46:07Z,2026-04-04T22:00:00Z,1405921.00,1142236.00,1775331000,expected_expiration-150m,1775331000,0.06,0.07,0.065,0.07,111
KXNBAGAME-26MAR27MIACLE-CLE,KXNBAGAME-26MAR27MIACLE,KXNBAGAME,game_winner,Miami at Cleveland Winner?,Cleveland,Cleveland,yes,1,finalized,2026-03-25T16:06:00Z,2026-03-28T02:21:05Z,2026-03-28T02:30:00Z,1140164.00,0.00,1774656000,expected_expiration-150m,1774656000,0.81,0.82,0.815,0.81,111
KXNBAGAME-26MAR27WASGSW-GSW,KXNBAGAME-26MAR27WASGSW,KXNBAGAME,game_winner,Washington at Golden State Winner?,Golden State,Golden State,yes,1,finalized,2026-03-25T16:06:00Z,2026-03-28T04:46:05Z,2026-03-28T05:00:00Z,1438994.00,0.00,1774665000,expected_expiration-150m,1774665000,0.93,0.94,0.935,0.94,106
KXNBAGAME-26APR03ORLDAL-ORL,KXNBAGAME-26APR03ORLDAL,KXNBAGAME,game_winner,Orlando at Dallas Winner?,Orlando,Orlando,yes,1,finalized,2026-04-02T04:06:00Z,2026-04-04T03:20:35Z,2026-04-04T03:30:00Z,3591783.00,2654812.00,1775264400,expected_expiration-150m,1775264400,0.79,0.8,0.795,0.8,111
KXNBAGAME-26MAR27CHIOKC-OKC,KXNBAGAME-26MAR27CHIOKC,KXNBAGAME,game_winner,Chicago at Oklahoma City Winner?,Oklahoma City,Oklahoma City,yes,1,finalized,2026-03-25T16:06:00Z,2026-03-28T02:36:20Z,2026-03-28T03:00:00Z,2272737.00,0.00,1774657800,expected_expiration-150m,1774657800,0.93,0.94,0.935,0.94,109
KXNBAGAME-26APR03UTAHOU-UTA,KXNBAGAME-26APR03UTAHOU,KXNBAGAME,game_winner,Utah at Houston Winner?,Utah,Utah,no,0,finalized,2026-04-02T04:06:00Z,2026-04-04T02:34:02Z,2026-04-04T03:00:00Z,618211.00,473378.00,1775262600,expected_expiration-150m,1775262600,0.05,0.06,0.055,0.06,109
KXNBAGAME-26MAR27NOPTOR-NOP,KXNBAGAME-26MAR27NOPTOR,KXNBAGAME,game_winner,New Orleans at Toronto Winner?,New Orleans,New Orleans,no,0,finalized,2026-03-25T16:06:00Z,2026-03-28T03:12:16Z,2026-03-28T03:30:00Z,499337.00,0.00,1774659600,expected_expiration-150m,1774659600,0.14,0.15,0.14500000000000002,0.15,106
KXNBAGAME-26MAR27UTADEN-UTA,KXNBAGAME-26MAR27UTADEN,KXNBAGAME,game_winner,Utah at Denver Winner?,Utah,Utah,no,0,finalized,2026-03-25T16:06:00Z,2026-03-28T03:40:48Z,2026-03-28T04:00:00Z,4588175.00,0.00,1774661400,expected_expiration-150m,1774661400,0.03,0.04,0.035,0.05,111
KXNBAGAME-26MAR26NOPDET-DET,KXNBAGAME-26MAR26NOPDET,KXNBAGAME,game_winner,New Orleans at Detroit Winner?,Detroit,Detroit,yes,1,finalized,2026-03-24T13:06:00Z,2026-03-27T01:34:08Z,2026-03-27T02:00:00Z,2768283.00,0.00,1774567800,expected_expiration-150m,1774567800,0.63,0.65,0.64,0.64,111
KXNBAGAME-26MAR27DALPOR-DAL,KXNBAGAME-26MAR27DALPOR,KXNBAGAME,game_winner,Dallas at Portland Winner?,Dallas,Dallas,yes,1,finalized,2026-03-25T16:06:00Z,2026-03-28T04:36:06Z,2026-03-28T05:00:00Z,3434786.00,0.00,1774665000,expected_expiration-150m,1774665000,0.35,0.37,0.36,0.35,111
KXNBAGAME-26MAR26NYKCHA-CHA,KXNBAGAME-26MAR26NYKCHA,KXNBAGAME,game_winner,New York at Charlotte Winner?,Charlotte,Charlotte,yes,1,finalized,2026-03-24T13:06:00Z,2026-03-27T01:40:39Z,2026-03-27T02:00:00Z,2377462.00,0.00,1774567800,expected_expiration-150m,1774567800,0.64,0.65,0.645,0.65,111
KXNBAGAME-26MAR26SACORL-SAC,KXNBAGAME-26MAR26SACORL,KXNBAGAME,game_winner,Sacramento at Orlando Winner?,Sacramento,Sacramento,no,0,finalized,2026-03-24T13:06:00Z,2026-03-27T01:36:06Z,2026-03-27T02:00:00Z,3884673.00,0.00,1774567800,expected_expiration-150m,1774567800,0.09,0.1,0.095,0.1,111
KXNBAGAME-26MAR26SACORL-ORL,KXNBAGAME-26MAR26SACORL,KXNBAGAME,game_winner,Sacramento at Orlando Winner?,Orlando,Orlando,yes,1,finalized,2026-03-24T13:06:00Z,2026-03-27T01:36:06Z,2026-03-27T02:00:00Z,1579916.00,0.00,1774567800,expected_expiration-150m,1774567800,0.9,0.91,0.905,0.91,111
KXNBAGAME-26MAR27LACIND-LAC,KXNBAGAME-26MAR27LACIND,KXNBAGAME,game_winner,Los Angeles C at Indiana Winner?,Los Angeles C,Los Angeles C,yes,1,finalized,2026-03-25T13:06:00Z,2026-03-28T02:01:18Z,2026-03-28T02:00:00Z,6658374.00,0.00,1774654200,expected_expiration-150m,1774654200,0.52,0.53,0.525,0.53,111
KXNBAGAME-26APR03TORMEM-MEM,KXNBAGAME-26APR03TORMEM,KXNBAGAME,game_winner,Toronto at Memphis Winner?,Memphis,Memphis,no,0,finalized,2026-04-02T04:06:00Z,2026-04-04T02:46:00Z,2026-04-04T03:00:00Z,873467.00,669243.00,1775262600,expected_expiration-150m,1775262600,0.05,0.06,0.055,0.06,104
KXNBAGAME-26MAR27UTADEN-DEN,KXNBAGAME-26MAR27UTADEN,KXNBAGAME,game_winner,Utah at Denver Winner?,Denver,Denver,yes,1,finalized,2026-03-25T16:06:00Z,2026-03-28T03:40:48Z,2026-03-28T04:00:00Z,3255579.00,0.00,1774661400,expected_expiration-150m,1774661400,0.96,0.97,0.965,0.97,97
KXNBAGAME-26MAR25TORLAC-TOR,KXNBAGAME-26MAR25TORLAC,KXNBAGAME,game_winner,Toronto at Los Angeles C Winner?,Toronto,Toronto,no,0,finalized,2026-03-23T19:06:00Z,2026-03-26T05:03:52Z,2026-03-26T05:30:00Z,1525758.00,0.00,1774494000,expected_expiration-150m,1774494000,0.23,0.24,0.235,0.24,110
KXNBAGAME-26MAR25TORLAC-LAC,KXNBAGAME-26MAR25TORLAC,KXNBAGAME,game_winner,Toronto at Los Angeles C Winner?,Los Angeles C,Los Angeles C,yes,1,finalized,2026-03-23T19:06:00Z,2026-03-26T05:03:52Z,2026-03-26T05:30:00Z,1598937.00,0.00,1774494000,expected_expiration-150m,1774494000,0.76,0.77,0.765,0.77,111
KXNBAGAME-26MAR27ATLBOS-ATL,KXNBAGAME-26MAR27ATLBOS,KXNBAGAME,game_winner,Atlanta at Boston Winner?,Atlanta,Atlanta,no,0,finalized,2026-03-25T16:06:00Z,2026-03-28T02:02:40Z,2026-03-28T02:30:00Z,2580211.00,0.00,1774656000,expected_expiration-150m,1774656000,0.56,0.57,0.565,0.57,111
KXNBAGAME-26MAR25MIACLE-CLE,KXNBAGAME-26MAR25MIACLE,KXNBAGAME,game_winner,Miami at Cleveland Winner?,Cleveland,Cleveland,no,0,finalized,2026-03-23T16:06:00Z,2026-03-26T02:10:58Z,2026-03-26T02:30:00Z,3024224.00,0.00,1774483200,expected_expiration-150m,1774483200,0.49,0.5,0.495,0.5,111
KXNBAGAME-26MAR25SASMEM-MEM,KXNBAGAME-26MAR25SASMEM,KXNBAGAME,game_winner,San Antonio at Memphis Winner?,Memphis,Memphis,no,0,finalized,2026-03-23T16:06:00Z,2026-03-26T02:30:46Z,2026-03-26T03:00:00Z,1955590.00,0.00,1774485000,expected_expiration-150m,1774485000,0.01,0.02,0.015,0.02,111
KXNBAGAME-26MAR25MILPOR-POR,KXNBAGAME-26MAR25MILPOR,KXNBAGAME,game_winner,Milwaukee at Portland Winner?,Portland,Portland,yes,1,finalized,2026-03-23T16:06:00Z,2026-03-26T04:40:49Z,2026-03-26T05:00:00Z,497388.00,0.00,1774492200,expected_expiration-150m,1774492200,0.92,0.93,0.925,0.93,100
KXNBAGAME-26MAR25MILPOR-MIL,KXNBAGAME-26MAR25MILPOR,KXNBAGAME,game_winner,Milwaukee at Portland Winner?,Milwaukee,Milwaukee,no,0,finalized,2026-03-23T16:06:00Z,2026-03-26T04:40:49Z,2026-03-26T05:00:00Z,1004087.00,0.00,1774492200,expected_expiration-150m,1774492200,0.07,0.08,0.07500000000000001,0.07,110
KXNBAGAME-26MAR25HOUMIN-MIN,KXNBAGAME-26MAR25HOUMIN,KXNBAGAME,game_winner,Houston at Minnesota Winner?,Minnesota,Minnesota,yes,1,finalized,2026-03-23T16:06:00Z,2026-03-26T04:40:48Z,2026-03-26T04:30:00Z,8758028.00,0.00,1774490400,expected_expiration-150m,1774490400,0.51,0.54,0.525,0.55,111
KXNBAGAME-26MAR25HOUMIN-HOU,KXNBAGAME-26MAR25HOUMIN,KXNBAGAME,game_winner,Houston at Minnesota Winner?,Houston,Houston,no,0,finalized,2026-03-23T16:06:00Z,2026-03-26T04:40:48Z,2026-03-26T04:30:00Z,12153676.00,0.00,1774490400,expected_expiration-150m,1774490400,0.47,0.49,0.48,0.48,111
KXNBAGAME-26MAR25OKCBOS-OKC,KXNBAGAME-26MAR25OKCBOS,KXNBAGAME,game_winner,Oklahoma City at Boston Winner?,Oklahoma City,Oklahoma City,no,0,finalized,2026-03-23T16:06:00Z,2026-03-26T02:14:07Z,2026-03-26T02:30:00Z,6439347.00,0.00,1774483200,expected_expiration-150m,1774483200,0.69,0.7,0.695,0.7,111
KXNBAGAME-26MAR25MIACLE-MIA,KXNBAGAME-26MAR25MIACLE,KXNBAGAME,game_winner,Miami at Cleveland Winner?,Miami,Miami,yes,1,finalized,2026-03-23T16:06:00Z,2026-03-26T02:10:58Z,2026-03-26T02:30:00Z,1617642.00,0.00,1774483200,expected_expiration-150m,1774483200,0.5,0.51,0.505,0.5,111
KXNBAGAME-26MAR25DALDEN-DEN,KXNBAGAME-26MAR25DALDEN,KXNBAGAME,game_winner,Dallas at Denver Winner?,Denver,Denver,yes,1,finalized,2026-03-23T16:06:00Z,2026-03-26T04:47:57Z,2026-03-26T05:00:00Z,2216179.00,0.00,1774492200,expected_expiration-150m,1774492200,0.88,0.89,0.885,0.88,109
KXNBAGAME-26APR01DENUTA-DEN,KXNBAGAME-26APR01DENUTA,KXNBAGAME,game_winner,Denver at Utah Winner?,Denver,Denver,yes,1,finalized,2026-03-30T16:06:00Z,2026-04-02T03:37:49Z,2026-04-02T04:00:00Z,1018002.00,0.00,1775093400,expected_expiration-150m,,,,,,0
KXNBAGAME-26APR03ORLDAL-DAL,KXNBAGAME-26APR03ORLDAL,KXNBAGAME,game_winner,Orlando at Dallas Winner?,Dallas,Dallas,no,0,finalized,2026-04-02T04:06:00Z,2026-04-04T03:20:35Z,2026-04-04T03:30:00Z,1990088.00,1574252.00,1775264400,expected_expiration-150m,1775264400,0.21,0.22,0.215,0.22,111
KXNBAGAME-26MAR25BKNGSW-GSW,KXNBAGAME-26MAR25BKNGSW,KXNBAGAME,game_winner,Brooklyn at Golden State Winner?,Golden State,Golden State,yes,1,finalized,2026-03-23T16:06:00Z,2026-03-26T04:50:37Z,2026-03-26T05:00:00Z,4586827.00,0.00,1774492200,expected_expiration-150m,1774492200,0.87,0.88,0.875,0.88,104
KXNBAGAME-26MAR25WASUTA-UTA,KXNBAGAME-26MAR25WASUTA,KXNBAGAME,game_winner,Washington at Utah Winner?,Utah,Utah,no,0,finalized,2026-03-23T16:06:00Z,2026-03-26T03:30:45Z,2026-03-26T04:00:00Z,1667085.00,0.00,1774488600,expected_expiration-150m,1774488600,0.48,0.5,0.49,0.49,111
KXNBAGAME-26MAR25CHIPHI-PHI,KXNBAGAME-26MAR25CHIPHI,KXNBAGAME,game_winner,Chicago at Philadelphia Winner?,Philadelphia,Philadelphia,yes,1,finalized,2026-03-23T13:06:00Z,2026-03-26T01:41:21Z,2026-03-26T02:00:00Z,1011901.00,0.00,1774481400,expected_expiration-150m,1774481400,0.72,0.74,0.73,0.74,110
KXNBAGAME-26MAR25LALIND-LAL,KXNBAGAME-26MAR25LALIND,KXNBAGAME,game_winner,Los Angeles L at Indiana Winner?,Los Angeles L,Los Angeles L,yes,1,finalized,2026-03-23T13:06:00Z,2026-03-26T01:41:17Z,2026-03-26T02:00:00Z,3032947.00,0.00,1774481400,expected_expiration-150m,1774481400,0.88,0.89,0.885,0.89,111
KXNBAGAME-26APR01SASGSW-SAS,KXNBAGAME-26APR01SASGSW,KXNBAGAME,game_winner,San Antonio at Golden State Winner?,San Antonio,San Antonio,yes,1,finalized,2026-03-30T16:06:00Z,2026-04-02T04:54:00Z,2026-04-02T05:00:00Z,3058296.00,0.00,1775097000,expected_expiration-150m,,,,,,0
KXNBAGAME-26MAR26NYKCHA-NYK,KXNBAGAME-26MAR26NYKCHA,KXNBAGAME,game_winner,New York at Charlotte Winner?,New York,New York,no,0,finalized,2026-03-24T13:06:00Z,2026-03-27T01:40:39Z,2026-03-27T02:00:00Z,4892762.00,0.00,1774567800,expected_expiration-150m,1774567800,0.36,0.37,0.365,0.37,111
KXNBAGAME-26MAR25CHIPHI-CHI,KXNBAGAME-26MAR25CHIPHI,KXNBAGAME,game_winner,Chicago at Philadelphia Winner?,Chicago,Chicago,no,0,finalized,2026-03-23T13:06:00Z,2026-03-26T01:41:21Z,2026-03-26T02:00:00Z,775403.00,0.00,1774481400,expected_expiration-150m,1774481400,0.26,0.28,0.27,0.28,111
KXNBAGAME-26MAR24DENPHX-PHX,KXNBAGAME-26MAR24DENPHX,KXNBAGAME,game_winner,Denver at Phoenix Winner?,Phoenix,Phoenix,no,0,finalized,2026-03-22T19:07:00Z,2026-03-25T05:54:01Z,2026-03-25T06:00:00Z,6777068.00,0.00,1774409400,expected_expiration-150m,1774409400,0.45,0.46,0.455,0.46,111
KXNBAGAME-26MAR24DENPHX-DEN,KXNBAGAME-26MAR24DENPHX,KXNBAGAME,game_winner,Denver at Phoenix Winner?,Denver,Denver,yes,1,finalized,2026-03-22T19:07:00Z,2026-03-25T05:54:01Z,2026-03-25T06:00:00Z,7582123.00,0.00,1774409400,expected_expiration-150m,1774409400,0.54,0.55,0.545,0.55,111
KXNBAGAME-26MAR24ORLCLE-ORL,KXNBAGAME-26MAR24ORLCLE,KXNBAGAME,game_winner,Orlando at Cleveland Winner?,Orlando,Orlando,no,0,finalized,2026-03-22T16:06:00Z,2026-03-25T02:48:00Z,2026-03-25T03:00:00Z,4928575.00,0.00,1774398600,expected_expiration-150m,1774398600,0.25,0.26,0.255,0.26,111
KXNBAGAME-26MAR25WASUTA-WAS,KXNBAGAME-26MAR25WASUTA,KXNBAGAME,game_winner,Washington at Utah Winner?,Washington,Washington,yes,1,finalized,2026-03-23T16:06:00Z,2026-03-26T03:30:45Z,2026-03-26T04:00:00Z,1230553.00,0.00,1774488600,expected_expiration-150m,1774488600,0.5,0.52,0.51,0.52,101
KXNBAGAME-26MAR24NOPNYK-NYK,KXNBAGAME-26MAR24NOPNYK,KXNBAGAME,game_winner,New Orleans at New York Winner?,New York,New York,yes,1,finalized,2026-03-22T16:06:00Z,2026-03-25T02:08:56Z,2026-03-25T02:30:00Z,6065315.00,0.00,1774396800,expected_expiration-150m,1774396800,0.76,0.77,0.765,0.77,111
KXNBAGAME-26MAR24ORLCLE-CLE,KXNBAGAME-26MAR24ORLCLE,KXNBAGAME,game_winner,Orlando at Cleveland Winner?,Cleveland,Cleveland,yes,1,finalized,2026-03-22T16:06:00Z,2026-03-25T02:48:00Z,2026-03-25T03:00:00Z,2797324.00,0.00,1774398600,expected_expiration-150m,1774398600,0.75,0.76,0.755,0.76,111
KXNBAGAME-26MAR24SACCHA-SAC,KXNBAGAME-26MAR24SACCHA,KXNBAGAME,game_winner,Sacramento at Charlotte Winner?,Sacramento,Sacramento,no,0,finalized,2026-03-22T13:06:00Z,2026-03-25T01:28:08Z,2026-03-25T02:00:00Z,2933948.00,0.00,1774395000,expected_expiration-150m,1774395000,0.03,0.04,0.035,0.04,111
KXNBAGAME-26MAR25LALIND-IND,KXNBAGAME-26MAR25LALIND,KXNBAGAME,game_winner,Los Angeles L at Indiana Winner?,Indiana,Indiana,no,0,finalized,2026-03-23T13:06:00Z,2026-03-26T01:41:17Z,2026-03-26T02:00:00Z,1458968.00,0.00,1774481400,expected_expiration-150m,1774481400,0.11,0.12,0.11499999999999999,0.11,111
KXNBAGAME-26MAR24NOPNYK-NOP,KXNBAGAME-26MAR24NOPNYK,KXNBAGAME,game_winner,New Orleans at New York Winner?,New Orleans,New Orleans,no,0,finalized,2026-03-22T16:06:00Z,2026-03-25T02:08:56Z,2026-03-25T02:30:00Z,4455946.00,0.00,1774396800,expected_expiration-150m,1774396800,0.23,0.24,0.235,0.24,111
KXNBAGAME-26MAR25SASMEM-SAS,KXNBAGAME-26MAR25SASMEM,KXNBAGAME,game_winner,San Antonio at Memphis Winner?,San Antonio,San Antonio,yes,1,finalized,2026-03-23T16:06:00Z,2026-03-26T02:30:46Z,2026-03-26T03:00:00Z,1106562.00,0.00,1774485000,expected_expiration-150m,1774485000,0.98,0.99,0.985,0.99,111
KXNBAGAME-26MAR23GSWDAL-GSW,KXNBAGAME-26MAR23GSWDAL,KXNBAGAME,game_winner,Golden State at Dallas Winner?,Golden State,Golden State,yes,1,finalized,2026-03-21T16:08:00Z,2026-03-24T04:40:37Z,2026-03-24T04:30:00Z,10779148.00,0.00,1774317600,expected_expiration-150m,1774317600,0.59,0.61,0.6,0.61,111
KXNBAGAME-26MAR23GSWDAL-DAL,KXNBAGAME-26MAR23GSWDAL,KXNBAGAME,game_winner,Golden State at Dallas Winner?,Dallas,Dallas,no,0,finalized,2026-03-21T16:08:00Z,2026-03-24T04:40:37Z,2026-03-24T04:30:00Z,12182777.00,0.00,1774317600,expected_expiration-150m,1774317600,0.4,0.41,0.405,0.41,111
KXNBAGAME-26MAR23BKNPOR-POR,KXNBAGAME-26MAR23BKNPOR,KXNBAGAME,game_winner,Brooklyn at Portland Winner?,Portland,Portland,yes,1,finalized,2026-03-21T16:08:00Z,2026-03-24T04:50:44Z,2026-03-24T05:00:00Z,854918.00,0.00,1774319400,expected_expiration-150m,1774319400,0.9,0.91,0.905,0.91,101
KXNBAGAME-26MAR24SACCHA-CHA,KXNBAGAME-26MAR24SACCHA,KXNBAGAME,game_winner,Sacramento at Charlotte Winner?,Charlotte,Charlotte,yes,1,finalized,2026-03-22T13:06:00Z,2026-03-25T01:28:08Z,2026-03-25T02:00:00Z,1134480.00,0.00,1774395000,expected_expiration-150m,1774395000,0.96,0.97,0.965,0.97,109
KXNBAGAME-26MAR23MILLAC-MIL,KXNBAGAME-26MAR23MILLAC,KXNBAGAME,game_winner,Milwaukee at Los Angeles C Winner?,Milwaukee,Milwaukee,no,0,finalized,2026-03-21T19:06:00Z,2026-03-24T04:58:02Z,2026-03-24T05:30:00Z,2101137.00,0.00,1774321200,expected_expiration-150m,1774321200,0.13,0.14,0.135,0.14,111
KXNBAGAME-26MAR23HOUCHI-HOU,KXNBAGAME-26MAR23HOUCHI,KXNBAGAME,game_winner,Houston at Chicago Winner?,Houston,Houston,no,0,finalized,2026-03-21T16:08:00Z,2026-03-24T02:36:12Z,2026-03-24T03:00:00Z,7598858.00,0.00,1774312200,expected_expiration-150m,1774312200,0.56,0.57,0.565,0.57,111
KXNBAGAME-26MAR25OKCBOS-BOS,KXNBAGAME-26MAR25OKCBOS,KXNBAGAME,game_winner,Oklahoma City at Boston Winner?,Boston,Boston,yes,1,finalized,2026-03-23T16:06:00Z,2026-03-26T02:14:07Z,2026-03-26T02:30:00Z,3778234.00,0.00,1774483200,expected_expiration-150m,1774483200,0.29,0.3,0.295,0.3,111
KXNBAGAME-26MAR23BKNPOR-BKN,KXNBAGAME-26MAR23BKNPOR,KXNBAGAME,game_winner,Brooklyn at Portland Winner?,Brooklyn,Brooklyn,no,0,finalized,2026-03-21T16:08:00Z,2026-03-24T04:50:44Z,2026-03-24T05:00:00Z,2221771.00,0.00,1774319400,expected_expiration-150m,1774319400,0.09,0.1,0.095,0.1,111
KXNBAGAME-26MAR23TORUTA-UTA,KXNBAGAME-26MAR23TORUTA,KXNBAGAME,game_winner,Toronto at Utah Winner?,Utah,Utah,no,0,finalized,2026-03-21T16:08:00Z,2026-03-24T03:50:49Z,2026-03-24T04:00:00Z,1718809.00,0.00,1774315800,expected_expiration-150m,1774315800,0.17,0.18,0.175,0.18,110
KXNBAGAME-26MAR27NOPTOR-TOR,KXNBAGAME-26MAR27NOPTOR,KXNBAGAME,game_winner,New Orleans at Toronto Winner?,Toronto,Toronto,yes,1,finalized,2026-03-25T16:06:00Z,2026-03-28T03:12:16Z,2026-03-28T03:30:00Z,736709.00,0.00,1774659600,expected_expiration-150m,1774659600,0.84,0.86,0.85,0.85,106
KXNBAGAME-26APR03BOSMIL-MIL,KXNBAGAME-26APR03BOSMIL,KXNBAGAME,game_winner,Boston at Milwaukee Winner?,Milwaukee,Milwaukee,no,0,finalized,2026-04-02T04:06:00Z,2026-04-04T02:30:56Z,2026-04-04T03:00:00Z,732307.00,645418.00,1775262600,expected_expiration-150m,1775262600,0.01,0.02,0.015,0.02,111
KXNBAGAME-26MAR23INDORL-IND,KXNBAGAME-26MAR23INDORL,KXNBAGAME,game_winner,Indiana at Orlando Winner?,Indiana,Indiana,yes,1,finalized,2026-03-21T13:06:00Z,2026-03-24T01:44:24Z,2026-03-24T02:00:00Z,3518874.00,0.00,1774308600,expected_expiration-150m,1774308600,0.31,0.32,0.315,0.3,111
KXNBAGAME-26MAR23SASMIA-SAS,KXNBAGAME-26MAR23SASMIA,KXNBAGAME,game_winner,San Antonio at Miami Winner?,San Antonio,San Antonio,yes,1,finalized,2026-03-21T13:06:00Z,2026-03-24T01:51:09Z,2026-03-24T02:00:00Z,3894093.00,0.00,1774308600,expected_expiration-150m,1774308600,0.66,0.68,0.67,0.68,111
KXNBAGAME-26MAR23SASMIA-MIA,KXNBAGAME-26MAR23SASMIA,KXNBAGAME,game_winner,San Antonio at Miami Winner?,Miami,Miami,no,0,finalized,2026-03-21T13:06:00Z,2026-03-24T01:51:09Z,2026-03-24T02:00:00Z,1329632.00,0.00,1774308600,expected_expiration-150m,1774308600,0.32,0.34,0.33,0.33,111
KXNBAGAME-26MAR23TORUTA-TOR,KXNBAGAME-26MAR23TORUTA,KXNBAGAME,game_winner,Toronto at Utah Winner?,Toronto,Toronto,yes,1,finalized,2026-03-21T16:08:00Z,2026-03-24T03:50:49Z,2026-03-24T04:00:00Z,945622.00,0.00,1774315800,expected_expiration-150m,1774315800,0.82,0.83,0.825,0.82,106
KXNBAGAME-26MAR25ATLDET-DET,KXNBAGAME-26MAR25ATLDET,KXNBAGAME,game_winner,Atlanta at Detroit Winner?,Detroit,Detroit,no,0,finalized,2026-03-23T13:06:00Z,2026-03-26T02:08:15Z,2026-03-26T02:00:00Z,9036401.00,0.00,1774481400,expected_expiration-150m,1774481400,0.43,0.44,0.435,0.44,111
KXNBAGAME-26MAR23HOUCHI-CHI,KXNBAGAME-26MAR23HOUCHI,KXNBAGAME,game_winner,Houston at Chicago Winner?,Chicago,Chicago,yes,1,finalized,2026-03-21T16:08:00Z,2026-03-24T02:36:12Z,2026-03-24T03:00:00Z,5498257.00,0.00,1774312200,expected_expiration-150m,1774312200,0.42,0.44,0.43,0.44,111
KXNBAGAME-26MAR23LALDET-DET,KXNBAGAME-26MAR23LALDET,KXNBAGAME,game_winner,Los Angeles L at Detroit Winner?,Detroit,Detroit,yes,1,finalized,2026-03-21T13:06:00Z,2026-03-24T01:46:28Z,2026-03-24T02:00:00Z,5857406.00,0.00,1774308600,expected_expiration-150m,1774308600,0.47,0.48,0.475,0.48,111
KXNBAGAME-26MAR23OKCPHI-PHI,KXNBAGAME-26MAR23OKCPHI,KXNBAGAME,game_winner,Oklahoma City at Philadelphia Winner?,Philadelphia,Philadelphia,no,0,finalized,2026-03-21T13:06:00Z,2026-03-24T01:26:32Z,2026-03-24T02:00:00Z,1602389.00,0.00,1774308600,expected_expiration-150m,1774308600,0.05,0.06,0.055,0.06,111
KXNBAGAME-26MAR23OKCPHI-OKC,KXNBAGAME-26MAR23OKCPHI,KXNBAGAME,game_winner,Oklahoma City at Philadelphia Winner?,Oklahoma City,Oklahoma City,yes,1,finalized,2026-03-21T13:06:00Z,2026-03-24T01:26:32Z,2026-03-24T02:00:00Z,1155378.00,0.00,1774308600,expected_expiration-150m,1774308600,0.95,0.96,0.955,0.96,107
KXNBAGAME-26MAR23LALDET-LAL,KXNBAGAME-26MAR23LALDET,KXNBAGAME,game_winner,Los Angeles L at Detroit Winner?,Los Angeles L,Los Angeles L,no,0,finalized,2026-03-21T13:06:00Z,2026-03-24T01:46:28Z,2026-03-24T02:00:00Z,14488192.00,0.00,1774308600,expected_expiration-150m,1774308600,0.52,0.53,0.525,0.53,111
KXNBAGAME-26MAR22MINBOS-MIN,KXNBAGAME-26MAR22MINBOS,KXNBAGAME,game_winner,Minnesota at Boston Winner?,Minnesota,Minnesota,yes,1,finalized,2026-03-20T16:06:00Z,2026-03-23T02:40:52Z,2026-03-23T03:00:00Z,4033603.00,0.00,1774225800,expected_expiration-150m,1774225800,0.14,0.15,0.14500000000000002,0.14,111
KXNBAGAME-26MAR23MEMATL-ATL,KXNBAGAME-26MAR23MEMATL,KXNBAGAME,game_winner,Memphis at Atlanta Winner?,Atlanta,Atlanta,yes,1,finalized,2026-03-21T16:08:00Z,2026-03-24T02:02:20Z,2026-03-24T02:30:00Z,249542.00,0.00,1774310400,expected_expiration-150m,1774310400,0.94,0.95,0.945,0.95,111
KXNBAGAME-26MAR22WASNYK-WAS,KXNBAGAME-26MAR22WASNYK,KXNBAGAME,game_winner,Washington at New York Winner?,Washington,Washington,no,0,finalized,2026-03-20T16:06:00Z,2026-03-23T02:06:01Z,2026-03-23T02:30:00Z,2194510.00,0.00,1774224000,expected_expiration-150m,1774224000,0.02,0.03,0.025,0.03,111
KXNBAGAME-26MAR22WASNYK-NYK,KXNBAGAME-26MAR22WASNYK,KXNBAGAME,game_winner,Washington at New York Winner?,New York,New York,yes,1,finalized,2026-03-20T16:06:00Z,2026-03-23T02:06:01Z,2026-03-23T02:30:00Z,547651.00,0.00,1774224000,expected_expiration-150m,1774224000,0.97,0.98,0.975,0.98,106
KXNBAGAME-26MAR23MILLAC-LAC,KXNBAGAME-26MAR23MILLAC,KXNBAGAME,game_winner,Milwaukee at Los Angeles C Winner?,Los Angeles C,Los Angeles C,yes,1,finalized,2026-03-21T19:06:00Z,2026-03-24T04:58:02Z,2026-03-24T05:30:00Z,845963.00,0.00,1774321200,expected_expiration-150m,1774321200,0.86,0.87,0.865,0.86,111
KXNBAGAME-26MAR22MINBOS-BOS,KXNBAGAME-26MAR22MINBOS,KXNBAGAME,game_winner,Minnesota at Boston Winner?,Boston,Boston,no,0,finalized,2026-03-20T16:06:00Z,2026-03-23T02:40:52Z,2026-03-23T03:00:00Z,6694923.00,0.00,1774225800,expected_expiration-150m,1774225800,0.85,0.86,0.855,0.86,111
KXNBAGAME-26MAR22BKNSAC-SAC,KXNBAGAME-26MAR22BKNSAC,KXNBAGAME,game_winner,Brooklyn at Sacramento Winner?,Sacramento,Sacramento,yes,1,finalized,2026-03-20T13:06:00Z,2026-03-23T00:44:07Z,2026-03-23T01:00:00Z,2306922.00,0.00,1774218600,expected_expiration-150m,1774218600,0.66,0.67,0.665,0.67,109
KXNBAGAME-26MAR22BKNSAC-BKN,KXNBAGAME-26MAR22BKNSAC,KXNBAGAME,game_winner,Brooklyn at Sacramento Winner?,Brooklyn,Brooklyn,no,0,finalized,2026-03-20T13:06:00Z,2026-03-23T00:44:07Z,2026-03-23T01:00:00Z,2148637.00,0.00,1774218600,expected_expiration-150m,1774218600,0.33,0.34,0.335,0.34,108
KXNBAGAME-26MAR21LACDAL-DAL,KXNBAGAME-26MAR21LACDAL,KXNBAGAME,game_winner,Los Angeles C at Dallas Winner?,Dallas,Dallas,no,0,finalized,2026-03-19T16:07:00Z,2026-03-22T03:22:22Z,2026-03-22T03:30:00Z,2907691.00,0.00,1774141200,expected_expiration-150m,1774141200,0.37,0.38,0.375,0.4,106
KXNBAGAME-26MAR21MIAHOU-MIA,KXNBAGAME-26MAR21MIAHOU,KXNBAGAME,game_winner,Miami at Houston Winner?,Miami,Miami,no,0,finalized,2026-03-19T16:07:00Z,2026-03-22T02:44:06Z,2026-03-22T03:00:00Z,2151299.00,0.00,1774139400,expected_expiration-150m,1774139400,0.61,0.62,0.615,0.61,108
KXNBAGAME-26MAR21MIAHOU-HOU,KXNBAGAME-26MAR21MIAHOU,KXNBAGAME,game_winner,Miami at Houston Winner?,Houston,Houston,yes,1,finalized,2026-03-19T16:07:00Z,2026-03-22T02:44:06Z,2026-03-22T03:00:00Z,6195209.00,0.00,1774139400,expected_expiration-150m,1774139400,0.39,0.4,0.395,0.4,111
KXNBAGAME-26MAR22PORDEN-POR,KXNBAGAME-26MAR22PORDEN,KXNBAGAME,game_winner,Portland at Denver Winner?,Portland,Portland,no,0,finalized,2026-03-20T13:06:00Z,2026-03-22T23:28:07Z,2026-03-23T00:00:00Z,1599411.00,0.00,1774215000,expected_expiration-150m,1774215000,0.23,0.24,0.235,0.24,110
KXNBAGAME-26MAR21LACDAL-LAC,KXNBAGAME-26MAR21LACDAL,KXNBAGAME,game_winner,Los Angeles C at Dallas Winner?,Los Angeles C,Los Angeles C,yes,1,finalized,2026-03-19T16:07:00Z,2026-03-22T03:22:22Z,2026-03-22T03:30:00Z,3331473.00,0.00,1774141200,expected_expiration-150m,1774141200,0.62,0.63,0.625,0.62,108
KXNBAGAME-26MAR22TORPHX-TOR,KXNBAGAME-26MAR22TORPHX,KXNBAGAME,game_winner,Toronto at Phoenix Winner?,Toronto,Toronto,no,0,finalized,2026-03-20T16:06:00Z,2026-03-23T03:55:54Z,2026-03-23T04:00:00Z,2608541.00,0.00,1774229400,expected_expiration-150m,1774229400,0.47,0.49,0.48,0.49,111
KXNBAGAME-26MAR25DALDEN-DAL,KXNBAGAME-26MAR25DALDEN,KXNBAGAME,game_winner,Dallas at Denver Winner?,Dallas,Dallas,no,0,finalized,2026-03-23T16:06:00Z,2026-03-26T04:47:57Z,2026-03-26T05:00:00Z,2156387.00,0.00,1774492200,expected_expiration-150m,1774492200,0.11,0.12,0.11499999999999999,0.12,108
KXNBAGAME-26MAR21INDSAS-SAS,KXNBAGAME-26MAR21INDSAS,KXNBAGAME,game_winner,Indiana at San Antonio Winner?,San Antonio,San Antonio,yes,1,finalized,2026-03-19T16:07:00Z,2026-03-22T02:30:55Z,2026-03-22T03:00:00Z,1332985.00,0.00,1774139400,expected_expiration-150m,1774139400,0.95,0.96,0.955,0.96,109
KXNBAGAME-26MAR21INDSAS-IND,KXNBAGAME-26MAR21INDSAS,KXNBAGAME,game_winner,Indiana at San Antonio Winner?,Indiana,Indiana,no,0,finalized,2026-03-19T16:07:00Z,2026-03-22T02:30:55Z,2026-03-22T03:00:00Z,1442111.00,0.00,1774139400,expected_expiration-150m,1774139400,0.04,0.05,0.045,0.04,110
KXNBAGAME-26MAR21GSWATL-GSW,KXNBAGAME-26MAR21GSWATL,KXNBAGAME,game_winner,Golden State at Atlanta Winner?,Golden State,Golden State,no,0,finalized,2026-03-19T16:07:00Z,2026-03-22T02:42:12Z,2026-03-22T03:00:00Z,1042594.00,0.00,1774139400,expected_expiration-150m,1774139400,0.25,0.26,0.255,0.25,111
KXNBAGAME-26MAR21MILPHX-PHX,KXNBAGAME-26MAR21MILPHX,KXNBAGAME,game_winner,Milwaukee at Phoenix Winner?,Phoenix,Phoenix,no,0,finalized,2026-03-19T16:07:00Z,2026-03-22T04:42:02Z,2026-03-22T05:00:00Z,6695649.00,0.00,1774146600,expected_expiration-150m,1774146600,0.89,0.9,0.895,0.9,103
KXNBAGAME-26MAR21PHIUTA-PHI,KXNBAGAME-26MAR21PHIUTA,KXNBAGAME,game_winner,Philadelphia at Utah Winner?,Philadelphia,Philadelphia,yes,1,finalized,2026-03-19T16:07:00Z,2026-03-22T04:06:04Z,2026-03-22T04:30:00Z,3217915.00,0.00,1774144800,expected_expiration-150m,1774144800,0.66,0.67,0.665,0.67,111
KXNBAGAME-26MAR25ATLDET-ATL,KXNBAGAME-26MAR25ATLDET,KXNBAGAME,game_winner,Atlanta at Detroit Winner?,Atlanta,Atlanta,yes,1,finalized,2026-03-23T13:06:00Z,2026-03-26T02:08:15Z,2026-03-26T02:00:00Z,5388533.00,0.00,1774481400,expected_expiration-150m,1774481400,0.55,0.56,0.555,0.55,111
KXNBAGAME-26MAR21GSWATL-ATL,KXNBAGAME-26MAR21GSWATL,KXNBAGAME,game_winner,Golden State at Atlanta Winner?,Atlanta,Atlanta,yes,1,finalized,2026-03-19T16:07:00Z,2026-03-22T02:42:12Z,2026-03-22T03:00:00Z,1278459.00,0.00,1774139400,expected_expiration-150m,1774139400,0.74,0.75,0.745,0.77,111
KXNBAGAME-26MAR21CLENOP-NOP,KXNBAGAME-26MAR21CLENOP,KXNBAGAME,game_winner,Cleveland at New Orleans Winner?,New Orleans,New Orleans,no,0,finalized,2026-03-19T13:06:00Z,2026-03-22T01:31:02Z,2026-03-22T02:00:00Z,1741612.00,0.00,1774135800,expected_expiration-150m,1774135800,0.16,0.17,0.165,0.17,109
KXNBAGAME-26MAR21OKCWAS-WAS,KXNBAGAME-26MAR21OKCWAS,KXNBAGAME,game_winner,Oklahoma City at Washington Winner?,Washington,Washington,no,0,finalized,2026-03-19T13:06:00Z,2026-03-21T23:42:28Z,2026-03-22T00:00:00Z,3412288.00,0.00,1774128600,expected_expiration-150m,1774128600,0.06,0.07,0.065,0.07,111
KXNBAGAME-26MAR28UTAPHX-PHX,KXNBAGAME-26MAR28UTAPHX,KXNBAGAME,game_winner,Utah at Phoenix Winner?,Phoenix,Phoenix,yes,1,finalized,2026-03-26T16:06:00Z,2026-03-29T04:30:42Z,2026-03-29T05:00:00Z,897335.00,0.00,1774751400,expected_expiration-150m,,,,,,0
KXNBAGAME-26MAR21PHIUTA-UTA,KXNBAGAME-26MAR21PHIUTA,KXNBAGAME,game_winner,Philadelphia at Utah Winner?,Utah,Utah,no,0,finalized,2026-03-19T16:07:00Z,2026-03-22T04:06:04Z,2026-03-22T04:30:00Z,2240435.00,0.00,1774144800,expected_expiration-150m,1774144800,0.33,0.34,0.335,0.34,107
KXNBAGAME-26MAR21CLENOP-CLE,KXNBAGAME-26MAR21CLENOP,KXNBAGAME,game_winner,Cleveland at New Orleans Winner?,Cleveland,Cleveland,yes,1,finalized,2026-03-19T13:06:00Z,2026-03-22T01:31:02Z,2026-03-22T02:00:00Z,3536915.00,0.00,1774135800,expected_expiration-150m,1774135800,0.83,0.84,0.835,0.83,111
KXNBAGAME-26MAR20BOSMEM-MEM,KXNBAGAME-26MAR20BOSMEM,KXNBAGAME,game_winner,Boston at Memphis Winner?,Memphis,Memphis,no,0,finalized,2026-03-18T16:07:00Z,2026-03-21T02:44:13Z,2026-03-21T03:00:00Z,3069331.00,0.00,1774053000,expected_expiration-150m,1774053000,0.14,0.15,0.14500000000000002,0.14,111
KXNBAGAME-26MAR20BOSMEM-BOS,KXNBAGAME-26MAR20BOSMEM,KXNBAGAME,game_winner,Boston at Memphis Winner?,Boston,Boston,yes,1,finalized,2026-03-18T16:07:00Z,2026-03-21T02:44:13Z,2026-03-21T03:00:00Z,3073229.00,0.00,1774053000,expected_expiration-150m,1774053000,0.85,0.86,0.855,0.86,109
KXNBAGAME-26MAR20TORDEN-TOR,KXNBAGAME-26MAR20TORDEN,KXNBAGAME,game_winner,Toronto at Denver Winner?,Toronto,Toronto,no,0,finalized,2026-03-18T16:07:00Z,2026-03-21T03:44:32Z,2026-03-21T04:00:00Z,3600481.00,0.00,1774056600,expected_expiration-150m,1774056600,0.35,0.36,0.355,0.36,111
KXNBAGAME-26MAR28SACATL-SAC,KXNBAGAME-26MAR28SACATL,KXNBAGAME,game_winner,Sacramento at Atlanta Winner?,Sacramento,Sacramento,no,0,finalized,2026-03-26T16:06:00Z,2026-03-29T01:58:12Z,2026-03-29T02:30:00Z,2326971.00,0.00,1774742400,expected_expiration-150m,,,,,,0
KXNBAGAME-26MAR20ATLHOU-HOU,KXNBAGAME-26MAR20ATLHOU,KXNBAGAME,game_winner,Atlanta at Houston Winner?,Houston,Houston,yes,1,finalized,2026-03-18T16:07:00Z,2026-03-21T02:44:13Z,2026-03-21T03:00:00Z,2032745.00,0.00,1774053000,expected_expiration-150m,1774053000,0.6,0.61,0.605,0.61,111
KXNBAGAME-26MAR22PORDEN-DEN,KXNBAGAME-26MAR22PORDEN,KXNBAGAME,game_winner,Portland at Denver Winner?,Denver,Denver,yes,1,finalized,2026-03-20T13:06:00Z,2026-03-22T23:28:07Z,2026-03-23T00:00:00Z,3375959.00,0.00,1774215000,expected_expiration-150m,1774215000,0.76,0.77,0.765,0.77,111
KXNBAGAME-26MAR20TORDEN-DEN,KXNBAGAME-26MAR20TORDEN,KXNBAGAME,game_winner,Toronto at Denver Winner?,Denver,Denver,yes,1,finalized,2026-03-18T16:07:00Z,2026-03-21T03:44:32Z,2026-03-21T04:00:00Z,6032325.00,0.00,1774056600,expected_expiration-150m,1774056600,0.65,0.66,0.655,0.66,111
KXNBAGAME-26MAR20PORMIN-POR,KXNBAGAME-26MAR20PORMIN,KXNBAGAME,game_winner,Portland at Minnesota Winner?,Portland,Portland,yes,1,finalized,2026-03-18T16:07:00Z,2026-03-21T02:48:04Z,2026-03-21T03:00:00Z,2153732.00,0.00,1774053000,expected_expiration-150m,1774053000,0.58,0.59,0.585,0.6,110
KXNBAGAME-26MAR21OKCWAS-OKC,KXNBAGAME-26MAR21OKCWAS,KXNBAGAME,game_winner,Oklahoma City at Washington Winner?,Oklahoma City,Oklahoma City,yes,1,finalized,2026-03-19T13:06:00Z,2026-03-21T23:42:28Z,2026-03-22T00:00:00Z,1535474.00,0.00,1774128600,expected_expiration-150m,1774128600,0.94,0.95,0.945,0.95,103
KXNBAGAME-26MAR21LALORL-ORL,KXNBAGAME-26MAR21LALORL,KXNBAGAME,game_winner,Los Angeles L at Orlando Winner?,Orlando,Orlando,no,0,finalized,2026-03-19T13:06:00Z,2026-03-22T01:50:56Z,2026-03-22T02:00:00Z,2961333.00,0.00,1774135800,expected_expiration-150m,1774135800,0.29,0.3,0.295,0.29,111
KXNBAGAME-26MAR21LALORL-LAL,KXNBAGAME-26MAR21LALORL,KXNBAGAME,game_winner,Los Angeles L at Orlando Winner?,Los Angeles L,Los Angeles L,yes,1,finalized,2026-03-19T13:06:00Z,2026-03-22T01:50:56Z,2026-03-22T02:00:00Z,9228355.00,0.00,1774135800,expected_expiration-150m,1774135800,0.71,0.72,0.715,0.72,111
KXNBAGAME-26MAR20GSWDET-GSW,KXNBAGAME-26MAR20GSWDET,KXNBAGAME,game_winner,Golden State at Detroit Winner?,Golden State,Golden State,no,0,finalized,2026-03-18T16:07:00Z,2026-03-21T02:18:15Z,2026-03-21T02:30:00Z,1441660.00,0.00,1774051200,expected_expiration-150m,1774051200,0.25,0.26,0.255,0.26,111
KXNBAGAME-26MAR19PHISAC-SAC,KXNBAGAME-26MAR19PHISAC,KXNBAGAME,game_winner,Philadelphia at Sacramento Winner?,Sacramento,Sacramento,no,0,finalized,2026-03-17T16:06:00Z,2026-03-20T04:44:04Z,2026-03-20T05:00:00Z,2692430.00,0.00,1773973800,expected_expiration-150m,1773973800,0.27,0.28,0.275,0.28,111
KXNBAGAME-26MAR20GSWDET-DET,KXNBAGAME-26MAR20GSWDET,KXNBAGAME,game_winner,Golden State at Detroit Winner?,Detroit,Detroit,yes,1,finalized,2026-03-18T16:07:00Z,2026-03-21T02:18:15Z,2026-03-21T02:30:00Z,2485088.00,0.00,1774051200,expected_expiration-150m,1774051200,0.74,0.75,0.745,0.75,111
KXNBAGAME-26MAR20ATLHOU-ATL,KXNBAGAME-26MAR20ATLHOU,KXNBAGAME,game_winner,Atlanta at Houston Winner?,Atlanta,Atlanta,no,0,finalized,2026-03-18T16:07:00Z,2026-03-21T02:44:13Z,2026-03-21T03:00:00Z,1708224.00,0.00,1774053000,expected_expiration-150m,1774053000,0.4,0.41,0.405,0.41,111
KXNBAGAME-26MAR19PHISAC-PHI,KXNBAGAME-26MAR19PHISAC,KXNBAGAME,game_winner,Philadelphia at Sacramento Winner?,Philadelphia,Philadelphia,yes,1,finalized,2026-03-17T16:06:00Z,2026-03-20T04:44:04Z,2026-03-20T05:00:00Z,3469860.00,0.00,1773973800,expected_expiration-150m,1773973800,0.72,0.73,0.725,0.73,111
KXNBAGAME-26MAR19LALMIA-MIA,KXNBAGAME-26MAR19LALMIA,KXNBAGAME,game_winner,Los Angeles L at Miami Winner?,Miami,Miami,no,0,finalized,2026-03-17T16:06:00Z,2026-03-20T02:52:12Z,2026-03-20T03:00:00Z,3077846.00,0.00,1773966600,expected_expiration-150m,1773966600,0.66,0.67,0.665,0.67,111
KXNBAGAME-26MAR19LALMIA-LAL,KXNBAGAME-26MAR19LALMIA,KXNBAGAME,game_winner,Los Angeles L at Miami Winner?,Los Angeles L,Los Angeles L,yes,1,finalized,2026-03-17T16:06:00Z,2026-03-20T02:52:12Z,2026-03-20T03:00:00Z,9283432.00,0.00,1773966600,expected_expiration-150m,1773966600,0.33,0.34,0.335,0.34,111
KXNBAGAME-26MAR19MILUTA-UTA,KXNBAGAME-26MAR19MILUTA,KXNBAGAME,game_winner,Milwaukee at Utah Winner?,Utah,Utah,yes,1,finalized,2026-03-17T16:06:00Z,2026-03-20T03:42:08Z,2026-03-20T04:00:00Z,1567151.00,0.00,1773970200,expected_expiration-150m,1773970200,0.42,0.43,0.425,0.42,110
KXNBAGAME-26MAR20NYKBKN-NYK,KXNBAGAME-26MAR20NYKBKN,KXNBAGAME,game_winner,New York at Brooklyn Winner?,New York,New York,yes,1,finalized,2026-03-18T16:07:00Z,2026-03-21T02:21:02Z,2026-03-21T02:30:00Z,3299838.00,0.00,1774051200,expected_expiration-150m,1774051200,0.9,0.91,0.905,0.9,110
KXNBAGAME-26MAR20NYKBKN-BKN,KXNBAGAME-26MAR20NYKBKN,KXNBAGAME,game_winner,New York at Brooklyn Winner?,Brooklyn,Brooklyn,no,0,finalized,2026-03-18T16:07:00Z,2026-03-21T02:21:02Z,2026-03-21T02:30:00Z,4521681.00,0.00,1774051200,expected_expiration-150m,1774051200,0.1,0.11,0.10500000000000001,0.11,111
KXNBAGAME-26MAR27LACIND-IND,KXNBAGAME-26MAR27LACIND,KXNBAGAME,game_winner,Los Angeles C at Indiana Winner?,Indiana,Indiana,no,0,finalized,2026-03-25T13:06:00Z,2026-03-28T02:01:18Z,2026-03-28T02:00:00Z,3979479.00,0.00,1774654200,expected_expiration-150m,,,,,,0
KXNBAGAME-26MAR19MILUTA-MIL,KXNBAGAME-26MAR19MILUTA,KXNBAGAME,game_winner,Milwaukee at Utah Winner?,Milwaukee,Milwaukee,no,0,finalized,2026-03-17T16:06:00Z,2026-03-20T03:42:08Z,2026-03-20T04:00:00Z,1279469.00,0.00,1773970200,expected_expiration-150m,1773970200,0.57,0.58,0.575,0.58,109
KXNBAGAME-26MAR19CLECHI-CLE,KXNBAGAME-26MAR19CLECHI,KXNBAGAME,game_winner,Cleveland at Chicago Winner?,Cleveland,Cleveland,yes,1,finalized,2026-03-17T16:06:00Z,2026-03-20T03:02:08Z,2026-03-20T03:00:00Z,1253869.00,0.00,1773966600,expected_expiration-150m,1773966600,0.8,0.81,0.805,0.81,111
KXNBAGAME-26MAR19CLECHI-CHI,KXNBAGAME-26MAR19CLECHI,KXNBAGAME,game_winner,Cleveland at Chicago Winner?,Chicago,Chicago,no,0,finalized,2026-03-17T16:06:00Z,2026-03-20T03:02:08Z,2026-03-20T03:00:00Z,1373350.00,0.00,1773966600,expected_expiration-150m,1773966600,0.19,0.2,0.195,0.2,111
KXNBAGAME-26MAR19ORLCHA-ORL,KXNBAGAME-26MAR19ORLCHA,KXNBAGAME,game_winner,Orlando at Charlotte Winner?,Orlando,Orlando,no,0,finalized,2026-03-17T13:07:00Z,2026-03-20T01:54:21Z,2026-03-20T02:00:00Z,1583100.00,0.00,1773963000,expected_expiration-150m,1773963000,0.46,0.47,0.46499999999999997,0.47,111
KXNBAGAME-26MAR19DETWAS-WAS,KXNBAGAME-26MAR19DETWAS,KXNBAGAME,game_winner,Detroit at Washington Winner?,Washington,Washington,no,0,finalized,2026-03-17T13:07:00Z,2026-03-20T01:44:24Z,2026-03-20T02:00:00Z,1428086.00,0.00,1773963000,expected_expiration-150m,1773963000,0.03,0.04,0.035,0.04,111
KXNBAGAME-26MAR19ORLCHA-CHA,KXNBAGAME-26MAR19ORLCHA,KXNBAGAME,game_winner,Orlando at Charlotte Winner?,Charlotte,Charlotte,yes,1,finalized,2026-03-17T13:07:00Z,2026-03-20T01:54:21Z,2026-03-20T02:00:00Z,1607291.00,0.00,1773963000,expected_expiration-150m,1773963000,0.53,0.54,0.535,0.53,110
KXNBAGAME-26MAR19PHXSAS-SAS,KXNBAGAME-26MAR19PHXSAS,KXNBAGAME,game_winner,Phoenix at San Antonio Winner?,San Antonio,San Antonio,yes,1,finalized,2026-03-17T16:06:00Z,2026-03-20T02:48:22Z,2026-03-20T03:00:00Z,5152365.00,0.00,1773966600,expected_expiration-150m,1773966600,0.8,0.81,0.805,0.8,111
KXNBAGAME-26MAR19PHXSAS-PHX,KXNBAGAME-26MAR19PHXSAS,KXNBAGAME,game_winner,Phoenix at San Antonio Winner?,Phoenix,Phoenix,no,0,finalized,2026-03-17T16:06:00Z,2026-03-20T02:48:22Z,2026-03-20T03:00:00Z,2854697.00,0.00,1773966600,expected_expiration-150m,1773966600,0.19,0.2,0.195,0.2,111
KXNBAGAME-26MAR18LALHOU-LAL,KXNBAGAME-26MAR18LALHOU,KXNBAGAME,game_winner,Los Angeles L at Houston Winner?,Los Angeles L,Los Angeles L,yes,1,finalized,2026-03-16T16:07:00Z,2026-03-19T04:25:57Z,2026-03-19T04:30:00Z,10170140.00,0.00,1773885600,expected_expiration-150m,1773885600,0.56,0.57,0.565,0.57,111
KXNBAGAME-26MAR20PORMIN-MIN,KXNBAGAME-26MAR20PORMIN,KXNBAGAME,game_winner,Portland at Minnesota Winner?,Minnesota,Minnesota,no,0,finalized,2026-03-18T16:07:00Z,2026-03-21T02:48:04Z,2026-03-21T03:00:00Z,3681362.00,0.00,1774053000,expected_expiration-150m,1774053000,0.41,0.42,0.415,0.4,111
KXNBAGAME-26MAR26NOPDET-NOP,KXNBAGAME-26MAR26NOPDET,KXNBAGAME,game_winner,New Orleans at Detroit Winner?,New Orleans,New Orleans,no,0,finalized,2026-03-24T13:06:00Z,2026-03-27T01:34:08Z,2026-03-27T02:00:00Z,1109216.00,0.00,1774567800,expected_expiration-150m,,,,,,0
KXNBAGAME-26MAR19LACNOP-LAC,KXNBAGAME-26MAR19LACNOP,KXNBAGAME,game_winner,Los Angeles C at New Orleans Winner?,Los Angeles C,Los Angeles C,no,0,finalized,2026-03-17T16:06:00Z,2026-03-20T02:38:18Z,2026-03-20T03:00:00Z,1970302.00,0.00,1773966600,expected_expiration-150m,1773966600,0.43,0.45,0.44,0.43,110
KXNBAGAME-26MAR18DENMEM-DEN,KXNBAGAME-26MAR18DENMEM,KXNBAGAME,game_winner,Denver at Memphis Winner?,Denver,Denver,no,0,finalized,2026-03-16T16:07:00Z,2026-03-19T03:18:02Z,2026-03-19T03:30:00Z,5027377.00,0.00,1773882000,expected_expiration-150m,1773882000,0.85,0.86,0.855,0.86,108
KXNBAGAME-26MAR18ATLDAL-ATL,KXNBAGAME-26MAR18ATLDAL,KXNBAGAME,game_winner,Atlanta at Dallas Winner?,Atlanta,Atlanta,yes,1,finalized,2026-03-16T16:07:00Z,2026-03-19T03:16:06Z,2026-03-19T03:30:00Z,1272396.00,0.00,1773882000,expected_expiration-150m,1773882000,0.8,0.82,0.81,0.81,111
KXNBAGAME-26APR02PHXCHA-CHA,KXNBAGAME-26APR02PHXCHA,KXNBAGAME,game_winner,Phoenix at Charlotte Winner?,Charlotte,Charlotte,yes,1,finalized,2026-03-31T13:06:00Z,2026-04-03T01:34:05Z,2026-04-03T02:00:00Z,2721999.00,1609113.00,1775172600,expected_expiration-150m,,,,,,0
KXNBAGAME-26MAR18PORIND-IND,KXNBAGAME-26MAR18PORIND,KXNBAGAME,game_winner,Portland at Indiana Winner?,Indiana,Indiana,no,0,finalized,2026-03-16T16:07:00Z,2026-03-19T02:12:18Z,2026-03-19T02:30:00Z,1234001.00,0.00,1773878400,expected_expiration-150m,1773878400,0.07,0.09,0.08,0.07,111
KXNBAGAME-26MAR19DETWAS-DET,KXNBAGAME-26MAR19DETWAS,KXNBAGAME,game_winner,Detroit at Washington Winner?,Detroit,Detroit,yes,1,finalized,2026-03-17T13:07:00Z,2026-03-20T01:44:24Z,2026-03-20T02:00:00Z,1156415.00,0.00,1773963000,expected_expiration-150m,1773963000,0.96,0.97,0.965,0.97,111
KXNBAGAME-26MAR18ATLDAL-DAL,KXNBAGAME-26MAR18ATLDAL,KXNBAGAME,game_winner,Atlanta at Dallas Winner?,Dallas,Dallas,no,0,finalized,2026-03-16T16:07:00Z,2026-03-19T03:16:06Z,2026-03-19T03:30:00Z,996408.00,0.00,1773882000,expected_expiration-150m,1773882000,0.18,0.2,0.19,0.18,111
KXNBAGAME-26MAR18OKCBKN-OKC,KXNBAGAME-26MAR18OKCBKN,KXNBAGAME,game_winner,Oklahoma City at Brooklyn Winner?,Oklahoma City,Oklahoma City,yes,1,finalized,2026-03-16T16:07:00Z,2026-03-19T02:04:18Z,2026-03-19T02:30:00Z,524722.00,0.00,1773878400,expected_expiration-150m,1773878400,0.98,1.0,0.99,0.98,109
KXNBAGAME-26MAR18OKCBKN-BKN,KXNBAGAME-26MAR18OKCBKN,KXNBAGAME,game_winner,Oklahoma City at Brooklyn Winner?,Brooklyn,Brooklyn,no,0,finalized,2026-03-16T16:07:00Z,2026-03-19T02:04:18Z,2026-03-19T02:30:00Z,947522.00,0.00,1773878400,expected_expiration-150m,1773878400,0.01,0.02,0.015,0.01,111
KXNBAGAME-26MAR18UTAMIN-UTA,KXNBAGAME-26MAR18UTAMIN,KXNBAGAME,game_winner,Utah at Minnesota Winner?,Utah,Utah,no,0,finalized,2026-03-16T16:07:00Z,2026-03-19T02:34:07Z,2026-03-19T03:00:00Z,896465.00,0.00,1773880200,expected_expiration-150m,1773880200,0.17,0.18,0.175,0.18,111
KXNBAGAME-26MAR18LACNOP-LAC,KXNBAGAME-26MAR18LACNOP,KXNBAGAME,game_winner,Los Angeles C at New Orleans Winner?,Los Angeles C,Los Angeles C,no,0,finalized,2026-03-16T16:07:00Z,2026-03-19T02:26:11Z,2026-03-19T03:00:00Z,4351871.00,0.00,1773880200,expected_expiration-150m,1773880200,0.78,0.79,0.785,0.79,111
KXNBAGAME-26MAR21MILPHX-MIL,KXNBAGAME-26MAR21MILPHX,KXNBAGAME,game_winner,Milwaukee at Phoenix Winner?,Milwaukee,Milwaukee,yes,1,finalized,2026-03-19T16:07:00Z,2026-03-22T04:42:02Z,2026-03-22T05:00:00Z,4957447.00,0.00,1774146600,expected_expiration-150m,1774146600,0.1,0.11,0.10500000000000001,0.1,111
KXNBAGAME-26MAR18DENMEM-MEM,KXNBAGAME-26MAR18DENMEM,KXNBAGAME,game_winner,Denver at Memphis Winner?,Memphis,Memphis,yes,1,finalized,2026-03-16T16:07:00Z,2026-03-19T03:18:02Z,2026-03-19T03:30:00Z,4148125.00,0.00,1773882000,expected_expiration-150m,1773882000,0.15,0.16,0.155,0.15,109
KXNBAGAME-26MAR25BKNGSW-BKN,KXNBAGAME-26MAR25BKNGSW,KXNBAGAME,game_winner,Brooklyn at Golden State Winner?,Brooklyn,Brooklyn,no,0,finalized,2026-03-23T16:06:00Z,2026-03-26T04:50:37Z,2026-03-26T05:00:00Z,5281314.00,0.00,1774492200,expected_expiration-150m,,,,,,0
KXNBAGAME-26MAR18TORCHI-TOR,KXNBAGAME-26MAR18TORCHI,KXNBAGAME,game_winner,Toronto at Chicago Winner?,Toronto,Toronto,yes,1,finalized,2026-03-16T16:07:00Z,2026-03-19T02:32:13Z,2026-03-19T03:00:00Z,872518.00,0.00,1773880200,expected_expiration-150m,1773880200,0.88,0.89,0.885,0.89,111
KXNBAGAME-26MAR18GSWBOS-GSW,KXNBAGAME-26MAR18GSWBOS,KXNBAGAME,game_winner,Golden State at Boston Winner?,Golden State,Golden State,no,0,finalized,2026-03-16T13:06:00Z,2026-03-19T01:41:01Z,2026-03-19T02:00:00Z,2632407.00,0.00,1773876600,expected_expiration-150m,1773876600,0.08,0.09,0.08499999999999999,0.09,111
KXNBAGAME-26MAR18PORIND-POR,KXNBAGAME-26MAR18PORIND,KXNBAGAME,game_winner,Portland at Indiana Winner?,Portland,Portland,yes,1,finalized,2026-03-16T16:07:00Z,2026-03-19T02:12:18Z,2026-03-19T02:30:00Z,1243836.00,0.00,1773878400,expected_expiration-150m,1773878400,0.91,0.93,0.92,0.91,110
KXNBAGAME-26MAR18GSWBOS-BOS,KXNBAGAME-26MAR18GSWBOS,KXNBAGAME,game_winner,Golden State at Boston Winner?,Boston,Boston,yes,1,finalized,2026-03-16T13:06:00Z,2026-03-19T01:41:01Z,2026-03-19T02:00:00Z,3498037.00,0.00,1773876600,expected_expiration-150m,1773876600,0.91,0.92,0.915,0.92,111
KXNBAGAME-26MAR17SASSAC-SAC,KXNBAGAME-26MAR17SASSAC,KXNBAGAME,game_winner,San Antonio at Sacramento Winner?,Sacramento,Sacramento,no,0,finalized,2026-03-15T16:07:00Z,2026-03-18T04:28:10Z,2026-03-18T05:00:00Z,1128114.00,0.00,1773801000,expected_expiration-150m,1773801000,0.04,0.05,0.045,0.05,111
KXNBAGAME-26MAR17PHXMIN-PHX,KXNBAGAME-26MAR17PHXMIN,KXNBAGAME,game_winner,Phoenix at Minnesota Winner?,Phoenix,Phoenix,no,0,finalized,2026-03-15T16:07:00Z,2026-03-18T02:44:17Z,2026-03-18T03:00:00Z,3231534.00,0.00,1773793800,expected_expiration-150m,1773793800,0.56,0.57,0.565,0.57,111
KXNBAGAME-26MAR18TORCHI-CHI,KXNBAGAME-26MAR18TORCHI,KXNBAGAME,game_winner,Toronto at Chicago Winner?,Chicago,Chicago,no,0,finalized,2026-03-16T16:07:00Z,2026-03-19T02:32:13Z,2026-03-19T03:00:00Z,481784.00,0.00,1773880200,expected_expiration-150m,1773880200,0.11,0.12,0.11499999999999999,0.11,111
KXNBAGAME-26MAR17PHIDEN-PHI,KXNBAGAME-26MAR17PHIDEN,KXNBAGAME,game_winner,Philadelphia at Denver Winner?,Philadelphia,Philadelphia,no,0,finalized,2026-03-15T16:07:00Z,2026-03-18T04:50:36Z,2026-03-18T05:00:00Z,1800670.00,0.00,1773801000,expected_expiration-150m,1773801000,0.04,0.05,0.045,0.05,111
KXNBAGAME-26MAR17CLEMIL-CLE,KXNBAGAME-26MAR17CLEMIL,KXNBAGAME,game_winner,Cleveland at Milwaukee Winner?,Cleveland,Cleveland,yes,1,finalized,2026-03-15T16:07:00Z,2026-03-18T02:48:18Z,2026-03-18T03:00:00Z,2311626.00,0.00,1773793800,expected_expiration-150m,1773793800,0.88,0.89,0.885,0.88,107
KXNBAGAME-26MAR17OKCORL-ORL,KXNBAGAME-26MAR17OKCORL,KXNBAGAME,game_winner,Oklahoma City at Orlando Winner?,Orlando,Orlando,no,0,finalized,2026-03-15T13:07:00Z,2026-03-18T01:41:06Z,2026-03-18T02:00:00Z,2153403.00,0.00,1773790200,expected_expiration-150m,1773790200,0.19,0.2,0.195,0.2,111
KXNBAGAME-26MAR17INDNYK-NYK,KXNBAGAME-26MAR17INDNYK,KXNBAGAME,game_winner,Indiana at New York Winner?,New York,New York,yes,1,finalized,2026-03-15T16:07:00Z,2026-03-18T01:58:16Z,2026-03-18T02:30:00Z,931736.00,0.00,1773792000,expected_expiration-150m,1773792000,0.89,0.9,0.895,0.9,111
KXNBAGAME-26MAR17INDNYK-IND,KXNBAGAME-26MAR17INDNYK,KXNBAGAME,game_winner,Indiana at New York Winner?,Indiana,Indiana,no,0,finalized,2026-03-15T16:07:00Z,2026-03-18T01:58:16Z,2026-03-18T02:30:00Z,1199111.00,0.00,1773792000,expected_expiration-150m,1773792000,0.1,0.11,0.10500000000000001,0.11,111
KXNBAGAME-26MAR18LALHOU-HOU,KXNBAGAME-26MAR18LALHOU,KXNBAGAME,game_winner,Los Angeles L at Houston Winner?,Houston,Houston,no,0,finalized,2026-03-16T16:07:00Z,2026-03-19T04:25:57Z,2026-03-19T04:30:00Z,7148852.00,0.00,1773885600,expected_expiration-150m,1773885600,0.44,0.45,0.445,0.45,111
KXNBAGAME-26MAR17MIACHA-MIA,KXNBAGAME-26MAR17MIACHA,KXNBAGAME,game_winner,Miami at Charlotte Winner?,Miami,Miami,no,0,finalized,2026-03-15T13:07:00Z,2026-03-18T01:48:18Z,2026-03-18T02:00:00Z,2428141.00,0.00,1773790200,expected_expiration-150m,1773790200,0.32,0.33,0.325,0.33,111
KXNBAGAME-26MAR17SASSAC-SAS,KXNBAGAME-26MAR17SASSAC,KXNBAGAME,game_winner,San Antonio at Sacramento Winner?,San Antonio,San Antonio,yes,1,finalized,2026-03-15T16:07:00Z,2026-03-18T04:28:10Z,2026-03-18T05:00:00Z,1332682.00,0.00,1773801000,expected_expiration-150m,1773801000,0.95,0.96,0.955,0.96,111
KXNBAGAME-26MAR17PHIDEN-DEN,KXNBAGAME-26MAR17PHIDEN,KXNBAGAME,game_winner,Philadelphia at Denver Winner?,Denver,Denver,yes,1,finalized,2026-03-15T16:07:00Z,2026-03-18T04:50:36Z,2026-03-18T05:00:00Z,900070.00,0.00,1773801000,expected_expiration-150m,1773801000,0.95,0.96,0.955,0.96,110
KXNBAGAME-26MAR16LALHOU-HOU,KXNBAGAME-26MAR16LALHOU,KXNBAGAME,game_winner,Los Angeles L at Houston Winner?,Houston,Houston,no,0,finalized,2026-03-14T16:11:00Z,2026-03-17T04:10:40Z,2026-03-17T04:30:00Z,6300841.00,0.00,1773712800,expected_expiration-150m,1773712800,0.38,0.4,0.39,0.4,111
KXNBAGAME-26MAR16MEMCHI-MEM,KXNBAGAME-26MAR16MEMCHI,KXNBAGAME,game_winner,Memphis at Chicago Winner?,Memphis,Memphis,no,0,finalized,2026-03-14T16:11:00Z,2026-03-17T02:28:10Z,2026-03-17T03:00:00Z,957575.00,0.00,1773707400,expected_expiration-150m,1773707400,0.27,0.28,0.275,0.28,109
KXNBAGAME-26MAR18UTAMIN-MIN,KXNBAGAME-26MAR18UTAMIN,KXNBAGAME,game_winner,Utah at Minnesota Winner?,Minnesota,Minnesota,yes,1,finalized,2026-03-16T16:07:00Z,2026-03-19T02:34:07Z,2026-03-19T03:00:00Z,805839.00,0.00,1773880200,expected_expiration-150m,1773880200,0.82,0.83,0.825,0.83,107
KXNBAGAME-26MAR16LALHOU-LAL,KXNBAGAME-26MAR16LALHOU,KXNBAGAME,game_winner,Los Angeles L at Houston Winner?,Los Angeles L,Los Angeles L,yes,1,finalized,2026-03-14T16:11:00Z,2026-03-17T04:10:40Z,2026-03-17T04:30:00Z,10755129.00,0.00,1773712800,expected_expiration-150m,1773712800,0.6,0.62,0.61,0.62,111
KXNBAGAME-26MAR16SASLAC-SAS,KXNBAGAME-26MAR16SASLAC,KXNBAGAME,game_winner,San Antonio at Los Angeles C Winner?,San Antonio,San Antonio,yes,1,finalized,2026-03-14T16:11:00Z,2026-03-17T04:54:01Z,2026-03-17T05:00:00Z,8382738.00,0.00,1773714600,expected_expiration-150m,1773714600,0.66,0.67,0.665,0.67,111
KXNBAGAME-26MAR16MEMCHI-CHI,KXNBAGAME-26MAR16MEMCHI,KXNBAGAME,game_winner,Memphis at Chicago Winner?,Chicago,Chicago,yes,1,finalized,2026-03-14T16:11:00Z,2026-03-17T02:28:10Z,2026-03-17T03:00:00Z,837087.00,0.00,1773707400,expected_expiration-150m,1773707400,0.72,0.73,0.725,0.73,107
KXNBAGAME-26MAR16PORBKN-BKN,KXNBAGAME-26MAR16PORBKN,KXNBAGAME,game_winner,Portland at Brooklyn Winner?,Brooklyn,Brooklyn,no,0,finalized,2026-03-14T16:11:00Z,2026-03-17T02:14:18Z,2026-03-17T02:30:00Z,1114906.00,0.00,1773705600,expected_expiration-150m,1773705600,0.03,0.04,0.035,0.04,111
KXNBAGAME-26MAR16DALNOP-NOP,KXNBAGAME-26MAR16DALNOP,KXNBAGAME,game_winner,Dallas at New Orleans Winner?,New Orleans,New Orleans,yes,1,finalized,2026-03-14T16:11:00Z,2026-03-17T02:30:42Z,2026-03-17T03:00:00Z,851792.00,0.00,1773707400,expected_expiration-150m,1773707400,0.75,0.76,0.755,0.76,110
KXNBAGAME-26MAR16SASLAC-LAC,KXNBAGAME-26MAR16SASLAC,KXNBAGAME,game_winner,San Antonio at Los Angeles C Winner?,Los Angeles C,Los Angeles C,no,0,finalized,2026-03-14T16:11:00Z,2026-03-17T04:54:01Z,2026-03-17T05:00:00Z,7412993.00,0.00,1773714600,expected_expiration-150m,1773714600,0.33,0.34,0.335,0.34,111
KXNBAGAME-26MAR16PORBKN-POR,KXNBAGAME-26MAR16PORBKN,KXNBAGAME,game_winner,Portland at Brooklyn Winner?,Portland,Portland,yes,1,finalized,2026-03-14T16:11:00Z,2026-03-17T02:14:18Z,2026-03-17T02:30:00Z,965675.00,0.00,1773705600,expected_expiration-150m,1773705600,0.97,0.98,0.975,0.97,110
KXNBAGAME-26MAR16PHXBOS-BOS,KXNBAGAME-26MAR16PHXBOS,KXNBAGAME,game_winner,Phoenix at Boston Winner?,Boston,Boston,yes,1,finalized,2026-03-14T16:11:00Z,2026-03-17T02:18:13Z,2026-03-17T02:30:00Z,5237547.00,0.00,1773705600,expected_expiration-150m,1773705600,0.76,0.77,0.765,0.77,111
KXNBAGAME-26MAR23MEMATL-MEM,KXNBAGAME-26MAR23MEMATL,KXNBAGAME,game_winner,Memphis at Atlanta Winner?,Memphis,Memphis,no,0,finalized,2026-03-21T16:08:00Z,2026-03-24T02:02:20Z,2026-03-24T02:30:00Z,755920.00,0.00,1774310400,expected_expiration-150m,,,,,,0
KXNBAGAME-26MAR16PHXBOS-PHX,KXNBAGAME-26MAR16PHXBOS,KXNBAGAME,game_winner,Phoenix at Boston Winner?,Phoenix,Phoenix,no,0,finalized,2026-03-14T16:11:00Z,2026-03-17T02:18:13Z,2026-03-17T02:30:00Z,5075879.00,0.00,1773705600,expected_expiration-150m,1773705600,0.23,0.25,0.24,0.25,111
KXNBAGAME-26MAR17CLEMIL-MIL,KXNBAGAME-26MAR17CLEMIL,KXNBAGAME,game_winner,Cleveland at Milwaukee Winner?,Milwaukee,Milwaukee,no,0,finalized,2026-03-15T16:07:00Z,2026-03-18T02:48:18Z,2026-03-18T03:00:00Z,2416246.00,0.00,1773793800,expected_expiration-150m,1773793800,0.11,0.12,0.11499999999999999,0.12,111
KXNBAGAME-26MAR16ORLATL-ORL,KXNBAGAME-26MAR16ORLATL,KXNBAGAME,game_winner,Orlando at Atlanta Winner?,Orlando,Orlando,no,0,finalized,2026-03-14T13:08:00Z,2026-03-17T01:58:23Z,2026-03-17T02:00:00Z,4158257.00,0.00,1773703800,expected_expiration-150m,1773703800,0.38,0.39,0.385,0.39,111
KXNBAGAME-26MAR16GSWWAS-WAS,KXNBAGAME-26MAR16GSWWAS,KXNBAGAME,game_winner,Golden State at Washington Winner?,Washington,Washington,no,0,finalized,2026-03-14T13:08:00Z,2026-03-17T01:44:16Z,2026-03-17T02:00:00Z,2677125.00,0.00,1773703800,expected_expiration-150m,1773703800,0.26,0.27,0.265,0.27,111
KXNBAGAME-26MAR16ORLATL-ATL,KXNBAGAME-26MAR16ORLATL,KXNBAGAME,game_winner,Orlando at Atlanta Winner?,Atlanta,Atlanta,yes,1,finalized,2026-03-14T13:08:00Z,2026-03-17T01:58:23Z,2026-03-17T02:00:00Z,2738479.00,0.00,1773703800,expected_expiration-150m,1773703800,0.61,0.63,0.62,0.62,111
KXNBAGAME-26MAR16DALNOP-DAL,KXNBAGAME-26MAR16DALNOP,KXNBAGAME,game_winner,Dallas at New Orleans Winner?,Dallas,Dallas,no,0,finalized,2026-03-14T16:11:00Z,2026-03-17T02:30:42Z,2026-03-17T03:00:00Z,2866462.00,0.00,1773707400,expected_expiration-150m,1773707400,0.24,0.25,0.245,0.25,111
KXNBAGAME-26MAR15UTASAC-UTA,KXNBAGAME-26MAR15UTASAC,KXNBAGAME,game_winner,Utah at Sacramento Winner?,Utah,Utah,no,0,finalized,2026-03-13T16:07:00Z,2026-03-16T04:34:02Z,2026-03-16T05:00:00Z,6232422.00,0.00,1773628200,expected_expiration-150m,1773628200,0.44,0.45,0.445,0.45,111
KXNBAGAME-26MAR17OKCORL-OKC,KXNBAGAME-26MAR17OKCORL,KXNBAGAME,game_winner,Oklahoma City at Orlando Winner?,Oklahoma City,Oklahoma City,yes,1,finalized,2026-03-15T13:07:00Z,2026-03-18T01:41:06Z,2026-03-18T02:00:00Z,3972383.00,0.00,1773790200,expected_expiration-150m,1773790200,0.8,0.81,0.805,0.81,111
KXNBAGAME-26MAR15PORPHI-PHI,KXNBAGAME-26MAR15PORPHI,KXNBAGAME,game_winner,Portland at Philadelphia Winner?,Philadelphia,Philadelphia,yes,1,finalized,2026-03-13T13:07:00Z,2026-03-16T00:26:05Z,2026-03-16T01:00:00Z,8221751.00,0.00,1773613800,expected_expiration-150m,1773613800,0.37,0.38,0.375,0.38,111
KXNBAGAME-26MAR15DETTOR-TOR,KXNBAGAME-26MAR15DETTOR,KXNBAGAME,game_winner,Detroit at Toronto Winner?,Toronto,Toronto,yes,1,finalized,2026-03-13T10:06:00Z,2026-03-15T22:10:36Z,2026-03-15T22:30:00Z,2284205.00,0.00,1773604800,expected_expiration-150m,1773604800,0.47,0.48,0.475,0.48,111
KXNBAGAME-26MAR16GSWWAS-GSW,KXNBAGAME-26MAR16GSWWAS,KXNBAGAME,game_winner,Golden State at Washington Winner?,Golden State,Golden State,yes,1,finalized,2026-03-14T13:08:00Z,2026-03-17T01:44:16Z,2026-03-17T02:00:00Z,2617610.00,0.00,1773703800,expected_expiration-150m,1773703800,0.73,0.75,0.74,0.75,111
KXNBAGAME-26MAR15DALCLE-DAL,KXNBAGAME-26MAR15DALCLE,KXNBAGAME,game_winner,Dallas at Cleveland Winner?,Dallas,Dallas,yes,1,finalized,2026-03-13T10:06:00Z,2026-03-15T21:58:13Z,2026-03-15T22:30:00Z,5399817.00,0.00,1773604800,expected_expiration-150m,1773604800,0.15,0.16,0.155,0.16,111
KXNBAGAME-26MAR18LACNOP-NOP,KXNBAGAME-26MAR18LACNOP,KXNBAGAME,game_winner,Los Angeles C at New Orleans Winner?,New Orleans,New Orleans,yes,1,finalized,2026-03-16T16:07:00Z,2026-03-19T02:26:11Z,2026-03-19T03:00:00Z,2162763.00,0.00,1773880200,expected_expiration-150m,1773880200,0.22,0.23,0.225,0.23,111
KXNBAGAME-26MAR15INDMIL-MIL,KXNBAGAME-26MAR15INDMIL,KXNBAGAME,game_winner,Indiana at Milwaukee Winner?,Milwaukee,Milwaukee,yes,1,finalized,2026-03-13T10:06:00Z,2026-03-15T22:04:13Z,2026-03-15T22:30:00Z,1391829.00,0.00,1773604800,expected_expiration-150m,1773604800,0.65,0.66,0.655,0.66,110
KXNBAGAME-26MAR15UTASAC-SAC,KXNBAGAME-26MAR15UTASAC,KXNBAGAME,game_winner,Utah at Sacramento Winner?,Sacramento,Sacramento,yes,1,finalized,2026-03-13T16:07:00Z,2026-03-16T04:34:02Z,2026-03-16T05:00:00Z,5311084.00,0.00,1773628200,expected_expiration-150m,1773628200,0.55,0.56,0.555,0.55,111
KXNBAGAME-26MAR15MINOKC-OKC,KXNBAGAME-26MAR15MINOKC,KXNBAGAME,game_winner,Minnesota at Oklahoma City Winner?,Oklahoma City,Oklahoma City,yes,1,finalized,2026-03-13T07:06:00Z,2026-03-15T19:52:16Z,2026-03-15T20:00:00Z,4151649.00,0.00,1773595800,expected_expiration-150m,1773595800,0.86,0.87,0.865,0.86,111
KXNBAGAME-26MAR15MINOKC-MIN,KXNBAGAME-26MAR15MINOKC,KXNBAGAME,game_winner,Minnesota at Oklahoma City Winner?,Minnesota,Minnesota,no,0,finalized,2026-03-13T07:06:00Z,2026-03-15T19:52:16Z,2026-03-15T20:00:00Z,4071467.00,0.00,1773595800,expected_expiration-150m,1773595800,0.13,0.14,0.135,0.14,111
KXNBAGAME-26MAR14SACLAC-SAC,KXNBAGAME-26MAR14SACLAC,KXNBAGAME,game_winner,Sacramento at Los Angeles C Winner?,Sacramento,Sacramento,yes,1,finalized,2026-03-12T19:07:00Z,2026-03-15T05:13:58Z,2026-03-15T05:30:00Z,9203834.00,0.00,1773543600,expected_expiration-150m,1773543600,0.11,0.12,0.11499999999999999,0.12,111
KXNBAGAME-26MAR15GSWNYK-NYK,KXNBAGAME-26MAR15GSWNYK,KXNBAGAME,game_winner,Golden State at New York Winner?,New York,New York,yes,1,finalized,2026-03-13T16:07:00Z,2026-03-16T02:52:03Z,2026-03-16T03:00:00Z,10116644.00,0.00,1773621000,expected_expiration-150m,1773621000,0.78,0.79,0.785,0.79,111
KXNBAGAME-26MAR15GSWNYK-GSW,KXNBAGAME-26MAR15GSWNYK,KXNBAGAME,game_winner,Golden State at New York Winner?,Golden State,Golden State,no,0,finalized,2026-03-13T16:07:00Z,2026-03-16T02:52:03Z,2026-03-16T03:00:00Z,14813994.00,0.00,1773621000,expected_expiration-150m,1773621000,0.2,0.21,0.20500000000000002,0.21,111
KXNBAGAME-26MAR14ORLMIA-MIA,KXNBAGAME-26MAR14ORLMIA,KXNBAGAME,game_winner,Orlando at Miami Winner?,Miami,Miami,no,0,finalized,2026-03-12T16:07:00Z,2026-03-15T02:48:04Z,2026-03-15T03:00:00Z,3955899.00,0.00,1773534600,expected_expiration-150m,1773534600,0.41,0.42,0.415,0.42,111
KXNBAGAME-26MAR15DETTOR-DET,KXNBAGAME-26MAR15DETTOR,KXNBAGAME,game_winner,Detroit at Toronto Winner?,Detroit,Detroit,no,0,finalized,2026-03-13T10:06:00Z,2026-03-15T22:10:36Z,2026-03-15T22:30:00Z,5413257.00,0.00,1773604800,expected_expiration-150m,1773604800,0.52,0.53,0.525,0.53,111
KXNBAGAME-26MAR22TORPHX-PHX,KXNBAGAME-26MAR22TORPHX,KXNBAGAME,game_winner,Toronto at Phoenix Winner?,Phoenix,Phoenix,yes,1,finalized,2026-03-20T16:06:00Z,2026-03-23T03:55:54Z,2026-03-23T04:00:00Z,2536111.00,0.00,1774229400,expected_expiration-150m,,,,,,0
KXNBAGAME-26MAR15DALCLE-CLE,KXNBAGAME-26MAR15DALCLE,KXNBAGAME,game_winner,Dallas at Cleveland Winner?,Cleveland,Cleveland,no,0,finalized,2026-03-13T10:06:00Z,2026-03-15T21:58:13Z,2026-03-15T22:30:00Z,3747146.00,0.00,1773604800,expected_expiration-150m,1773604800,0.84,0.85,0.845,0.85,110
KXNBAGAME-26MAR14WASBOS-BOS,KXNBAGAME-26MAR14WASBOS,KXNBAGAME,game_winner,Washington at Boston Winner?,Boston,Boston,yes,1,finalized,2026-03-12T13:06:00Z,2026-03-15T00:22:06Z,2026-03-15T01:00:00Z,831182.00,0.00,1773527400,expected_expiration-150m,1773527400,0.95,0.96,0.955,0.96,108
KXNBAGAME-26MAR14CHASAS-SAS,KXNBAGAME-26MAR14CHASAS,KXNBAGAME,game_winner,Charlotte at San Antonio Winner?,San Antonio,San Antonio,yes,1,finalized,2026-03-12T10:07:00Z,2026-03-14T22:18:07Z,2026-03-14T22:30:00Z,3553740.00,0.00,1773518400,expected_expiration-150m,1773518400,0.81,0.82,0.815,0.82,111
KXNBAGAME-26MAR14WASBOS-WAS,KXNBAGAME-26MAR14WASBOS,KXNBAGAME,game_winner,Washington at Boston Winner?,Washington,Washington,no,0,finalized,2026-03-12T13:06:00Z,2026-03-15T00:22:06Z,2026-03-15T01:00:00Z,2283007.00,0.00,1773527400,expected_expiration-150m,1773527400,0.05,0.06,0.055,0.06,111
KXNBAGAME-26MAR14SACLAC-LAC,KXNBAGAME-26MAR14SACLAC,KXNBAGAME,game_winner,Sacramento at Los Angeles C Winner?,Los Angeles C,Los Angeles C,no,0,finalized,2026-03-12T19:07:00Z,2026-03-15T05:13:58Z,2026-03-15T05:30:00Z,10007719.00,0.00,1773543600,expected_expiration-150m,1773543600,0.88,0.89,0.885,0.9,110
KXNBAGAME-26MAR14MILATL-MIL,KXNBAGAME-26MAR14MILATL,KXNBAGAME,game_winner,Milwaukee at Atlanta Winner?,Milwaukee,Milwaukee,no,0,finalized,2026-03-12T10:07:00Z,2026-03-14T21:31:32Z,2026-03-14T22:00:00Z,1345050.00,0.00,1773516600,expected_expiration-150m,1773516600,0.23,0.24,0.235,0.24,111
KXNBAGAME-26MAR14MILATL-ATL,KXNBAGAME-26MAR14MILATL,KXNBAGAME,game_winner,Milwaukee at Atlanta Winner?,Atlanta,Atlanta,yes,1,finalized,2026-03-12T10:07:00Z,2026-03-14T21:31:32Z,2026-03-14T22:00:00Z,1086085.00,0.00,1773516600,expected_expiration-150m,1773516600,0.76,0.77,0.765,0.77,111
KXNBAGAME-26MAR14BKNPHI-BKN,KXNBAGAME-26MAR14BKNPHI,KXNBAGAME,game_winner,Brooklyn at Philadelphia Winner?,Brooklyn,Brooklyn,no,0,finalized,2026-03-12T07:06:00Z,2026-03-14T19:41:22Z,2026-03-14T20:00:00Z,1513843.00,0.00,1773509400,expected_expiration-150m,1773509400,0.1,0.11,0.10500000000000001,0.1,111
KXNBAGAME-26MAR13CHILAC-LAC,KXNBAGAME-26MAR13CHILAC,KXNBAGAME,game_winner,Chicago at Los Angeles C Winner?,Los Angeles C,Los Angeles C,yes,1,finalized,2026-03-11T19:07:00Z,2026-03-14T05:05:01Z,2026-03-14T05:30:00Z,1815115.00,0.00,1773457200,expected_expiration-150m,1773457200,0.86,0.87,0.865,0.86,109
KXNBAGAME-26MAR14DENLAL-LAL,KXNBAGAME-26MAR14DENLAL,KXNBAGAME,game_winner,Denver at Los Angeles L Winner?,Los Angeles L,Los Angeles L,yes,1,finalized,2026-03-12T16:07:00Z,2026-03-15T03:33:44Z,2026-03-15T03:30:00Z,10105312.00,0.00,1773536400,expected_expiration-150m,1773536400,0.61,0.62,0.615,0.62,111
KXNBAGAME-26MAR14BKNPHI-PHI,KXNBAGAME-26MAR14BKNPHI,KXNBAGAME,game_winner,Brooklyn at Philadelphia Winner?,Philadelphia,Philadelphia,yes,1,finalized,2026-03-12T07:06:00Z,2026-03-14T19:41:22Z,2026-03-14T20:00:00Z,1690918.00,0.00,1773509400,expected_expiration-150m,1773509400,0.89,0.9,0.895,0.9,111
KXNBAGAME-26MAR13MINGSW-GSW,KXNBAGAME-26MAR13MINGSW,KXNBAGAME,game_winner,Minnesota at Golden State Winner?,Golden State,Golden State,no,0,finalized,2026-03-11T16:06:00Z,2026-03-14T04:54:22Z,2026-03-14T05:00:00Z,2410956.00,0.00,1773455400,expected_expiration-150m,1773455400,0.3,0.31,0.305,0.3,111
KXNBAGAME-26MAR21MEMCHA-CHA,KXNBAGAME-26MAR21MEMCHA,KXNBAGAME,game_winner,Memphis at Charlotte Winner?,Charlotte,Charlotte,yes,1,finalized,2026-03-19T13:06:00Z,2026-03-22T01:38:15Z,2026-03-22T02:00:00Z,681813.00,0.00,1774135800,expected_expiration-150m,,,,,,0
KXNBAGAME-26MAR14CHASAS-CHA,KXNBAGAME-26MAR14CHASAS,KXNBAGAME,game_winner,Charlotte at San Antonio Winner?,Charlotte,Charlotte,no,0,finalized,2026-03-12T10:07:00Z,2026-03-14T22:18:07Z,2026-03-14T22:30:00Z,1801540.00,0.00,1773518400,expected_expiration-150m,1773518400,0.18,0.2,0.19,0.2,111
KXNBAGAME-26MAR13MINGSW-MIN,KXNBAGAME-26MAR13MINGSW,KXNBAGAME,game_winner,Minnesota at Golden State Winner?,Minnesota,Minnesota,yes,1,finalized,2026-03-11T16:06:00Z,2026-03-14T04:54:22Z,2026-03-14T05:00:00Z,3677681.00,0.00,1773455400,expected_expiration-150m,1773455400,0.69,0.7,0.695,0.7,111
KXNBAGAME-26MAR13NOPHOU-NOP,KXNBAGAME-26MAR13NOPHOU,KXNBAGAME,game_winner,New Orleans at Houston Winner?,New Orleans,New Orleans,no,0,finalized,2026-03-11T16:06:00Z,2026-03-14T02:42:04Z,2026-03-14T03:00:00Z,2668070.00,0.00,1773448200,expected_expiration-150m,1773448200,0.35,0.36,0.355,0.35,110
KXNBAGAME-26MAR13PHXTOR-TOR,KXNBAGAME-26MAR13PHXTOR,KXNBAGAME,game_winner,Phoenix at Toronto Winner?,Toronto,Toronto,yes,1,finalized,2026-03-11T16:06:00Z,2026-03-14T02:24:23Z,2026-03-14T02:30:00Z,3611445.00,0.00,1773446400,expected_expiration-150m,1773446400,0.66,0.67,0.665,0.65,111
KXNBAGAME-26MAR13NOPHOU-HOU,KXNBAGAME-26MAR13NOPHOU,KXNBAGAME,game_winner,New Orleans at Houston Winner?,Houston,Houston,yes,1,finalized,2026-03-11T16:06:00Z,2026-03-14T02:42:04Z,2026-03-14T03:00:00Z,4241303.00,0.00,1773448200,expected_expiration-150m,1773448200,0.65,0.66,0.655,0.66,111
KXNBAGAME-26MAR21MEMCHA-MEM,KXNBAGAME-26MAR21MEMCHA,KXNBAGAME,game_winner,Memphis at Charlotte Winner?,Memphis,Memphis,no,0,finalized,2026-03-19T13:06:00Z,2026-03-22T01:38:15Z,2026-03-22T02:00:00Z,1766813.00,0.00,1774135800,expected_expiration-150m,,,,,,0
KXNBAGAME-26MAR13CHILAC-CHI,KXNBAGAME-26MAR13CHILAC,KXNBAGAME,game_winner,Chicago at Los Angeles C Winner?,Chicago,Chicago,no,0,finalized,2026-03-11T19:07:00Z,2026-03-14T05:05:01Z,2026-03-14T05:30:00Z,3046572.00,0.00,1773457200,expected_expiration-150m,1773457200,0.13,0.14,0.135,0.14,111
KXNBAGAME-26MAR13NYKIND-NYK,KXNBAGAME-26MAR13NYKIND,KXNBAGAME,game_winner,New York at Indiana Winner?,New York,New York,yes,1,finalized,2026-03-11T16:06:00Z,2026-03-14T02:06:51Z,2026-03-14T02:30:00Z,1693817.00,0.00,1773446400,expected_expiration-150m,1773446400,0.86,0.87,0.865,0.87,111
KXNBAGAME-26MAR13MEMDET-MEM,KXNBAGAME-26MAR13MEMDET,KXNBAGAME,game_winner,Memphis at Detroit Winner?,Memphis,Memphis,no,0,finalized,2026-03-11T16:06:00Z,2026-03-14T02:07:37Z,2026-03-14T02:30:00Z,1246526.00,0.00,1773446400,expected_expiration-150m,1773446400,0.06,0.08,0.07,0.08,111
KXNBAGAME-26MAR13CLEDAL-DAL,KXNBAGAME-26MAR13CLEDAL,KXNBAGAME,game_winner,Cleveland at Dallas Winner?,Dallas,Dallas,no,0,finalized,2026-03-11T16:06:00Z,2026-03-14T02:02:40Z,2026-03-14T02:30:00Z,868204.00,0.00,1773446400,expected_expiration-150m,1773446400,0.04,0.05,0.045,0.05,111
KXNBAGAME-26MAR13CLEDAL-CLE,KXNBAGAME-26MAR13CLEDAL,KXNBAGAME,game_winner,Cleveland at Dallas Winner?,Cleveland,Cleveland,yes,1,finalized,2026-03-11T16:06:00Z,2026-03-14T02:02:40Z,2026-03-14T02:30:00Z,829871.00,0.00,1773446400,expected_expiration-150m,1773446400,0.95,0.96,0.955,0.95,110
KXNBAGAME-26MAR13UTAPOR-POR,KXNBAGAME-26MAR13UTAPOR,KXNBAGAME,game_winner,Utah at Portland Winner?,Portland,Portland,yes,1,finalized,2026-03-11T16:06:00Z,2026-03-14T04:42:12Z,2026-03-14T05:00:00Z,1882688.00,0.00,1773455400,expected_expiration-150m,1773455400,0.67,0.68,0.675,0.68,105
KXNBAGAME-26MAR11CHASAC-CHA,KXNBAGAME-26MAR11CHASAC,KXNBAGAME,game_winner,Charlotte at Sacramento Winner?,Charlotte,Charlotte,yes,1,finalized,2026-03-11T14:21:00Z,2026-03-12T04:32:03Z,2026-03-12T05:00:00Z,2029814.00,0.00,1773282600,expected_expiration-150m,1773282600,0.83,0.84,0.835,0.83,107
KXNBAGAME-26MAR13PHXTOR-PHX,KXNBAGAME-26MAR13PHXTOR,KXNBAGAME,game_winner,Phoenix at Toronto Winner?,Phoenix,Phoenix,no,0,finalized,2026-03-11T16:06:00Z,2026-03-14T02:24:23Z,2026-03-14T02:30:00Z,4419704.00,0.00,1773446400,expected_expiration-150m,1773446400,0.34,0.35,0.345,0.35,111
KXNBAGAME-26MAR23INDORL-ORL,KXNBAGAME-26MAR23INDORL,KXNBAGAME,game_winner,Indiana at Orlando Winner?,Orlando,Orlando,no,0,finalized,2026-03-21T13:06:00Z,2026-03-24T01:44:24Z,2026-03-24T02:00:00Z,3588482.00,0.00,1774308600,expected_expiration-150m,,,,,,0
KXNBAGAME-26MAR11CHASAC-SAC,KXNBAGAME-26MAR11CHASAC,KXNBAGAME,game_winner,Charlotte at Sacramento Winner?,Sacramento,Sacramento,no,0,finalized,2026-03-11T14:21:00Z,2026-03-12T04:32:03Z,2026-03-12T05:00:00Z,2867060.00,0.00,1773282600,expected_expiration-150m,1773282600,0.16,0.17,0.165,0.17,111
KXNBAGAME-26MAR12CHILAL-LAL,KXNBAGAME-26MAR12CHILAL,KXNBAGAME,game_winner,Chicago at Los Angeles L Winner?,Los Angeles L,Los Angeles L,yes,1,finalized,2026-03-10T19:07:00Z,2026-03-13T05:11:58Z,2026-03-13T05:30:00Z,2431355.00,0.00,1773370800,expected_expiration-150m,1773370800,0.88,0.89,0.885,0.89,111
KXNBAGAME-26MAR12CHILAL-CHI,KXNBAGAME-26MAR12CHILAL,KXNBAGAME,game_winner,Chicago at Los Angeles L Winner?,Chicago,Chicago,no,0,finalized,2026-03-10T19:07:00Z,2026-03-13T05:11:58Z,2026-03-13T05:30:00Z,3009839.00,0.00,1773370800,expected_expiration-150m,1773370800,0.11,0.12,0.11499999999999999,0.12,111
KXNBAGAME-26MAR12DENSAS-SAS,KXNBAGAME-26MAR12DENSAS,KXNBAGAME,game_winner,Denver at San Antonio Winner?,San Antonio,San Antonio,no,0,finalized,2026-03-10T16:06:00Z,2026-03-13T03:48:00Z,2026-03-13T04:00:00Z,5468186.00,0.00,1773365400,expected_expiration-150m,1773365400,0.57,0.58,0.575,0.58,111
KXNBAGAME-26MAR12DENSAS-DEN,KXNBAGAME-26MAR12DENSAS,KXNBAGAME,game_winner,Denver at San Antonio Winner?,Denver,Denver,yes,1,finalized,2026-03-10T16:06:00Z,2026-03-13T03:48:00Z,2026-03-13T04:00:00Z,6753224.00,0.00,1773365400,expected_expiration-150m,1773365400,0.42,0.43,0.425,0.43,111
KXNBAGAME-26MAR12BOSOKC-OKC,KXNBAGAME-26MAR12BOSOKC,KXNBAGAME,game_winner,Boston at Oklahoma City Winner?,Oklahoma City,Oklahoma City,yes,1,finalized,2026-03-10T16:06:00Z,2026-03-13T04:15:59Z,2026-03-13T04:30:00Z,6025724.00,0.00,1773367200,expected_expiration-150m,1773367200,0.77,0.78,0.775,0.78,111
KXNBAGAME-26MAR12BOSOKC-BOS,KXNBAGAME-26MAR12BOSOKC,KXNBAGAME,game_winner,Boston at Oklahoma City Winner?,Boston,Boston,no,0,finalized,2026-03-10T16:06:00Z,2026-03-13T04:15:59Z,2026-03-13T04:30:00Z,5400352.00,0.00,1773367200,expected_expiration-150m,1773367200,0.22,0.24,0.22999999999999998,0.23,111
KXNBAGAME-26MAR12DALMEM-MEM,KXNBAGAME-26MAR12DALMEM,KXNBAGAME,game_winner,Dallas at Memphis Winner?,Memphis,Memphis,no,0,finalized,2026-03-10T16:06:00Z,2026-03-13T02:46:05Z,2026-03-13T03:00:00Z,1269766.00,0.00,1773361800,expected_expiration-150m,1773361800,0.21,0.22,0.215,0.22,111
KXNBAGAME-26MAR12DALMEM-DAL,KXNBAGAME-26MAR12DALMEM,KXNBAGAME,game_winner,Dallas at Memphis Winner?,Dallas,Dallas,yes,1,finalized,2026-03-10T16:06:00Z,2026-03-13T02:46:05Z,2026-03-13T03:00:00Z,1210698.00,0.00,1773361800,expected_expiration-150m,1773361800,0.79,0.8,0.795,0.8,110
KXNBAGAME-26MAR12BKNATL-BKN,KXNBAGAME-26MAR12BKNATL,KXNBAGAME,game_winner,Brooklyn at Atlanta Winner?,Brooklyn,Brooklyn,no,0,finalized,2026-03-10T16:06:00Z,2026-03-13T02:04:17Z,2026-03-13T02:30:00Z,1200122.00,0.00,1773360000,expected_expiration-150m,1773360000,0.05,0.06,0.055,0.05,111
KXNBAGAME-26MAR12PHXIND-PHX,KXNBAGAME-26MAR12PHXIND,KXNBAGAME,game_winner,Phoenix at Indiana Winner?,Phoenix,Phoenix,yes,1,finalized,2026-03-10T13:07:00Z,2026-03-13T01:42:22Z,2026-03-13T02:00:00Z,1649311.00,0.00,1773358200,expected_expiration-150m,1773358200,0.73,0.74,0.735,0.74,111
KXNBAGAME-26MAR12PHXIND-IND,KXNBAGAME-26MAR12PHXIND,KXNBAGAME,game_winner,Phoenix at Indiana Winner?,Indiana,Indiana,no,0,finalized,2026-03-10T13:07:00Z,2026-03-13T01:42:22Z,2026-03-13T02:00:00Z,991041.00,0.00,1773358200,expected_expiration-150m,1773358200,0.26,0.27,0.265,0.27,111
KXNBAGAME-26MAR12WASORL-WAS,KXNBAGAME-26MAR12WASORL,KXNBAGAME,game_winner,Washington at Orlando Winner?,Washington,Washington,no,0,finalized,2026-03-10T13:07:00Z,2026-03-13T01:52:14Z,2026-03-13T02:00:00Z,2127821.00,0.00,1773358200,expected_expiration-150m,1773358200,0.08,0.09,0.08499999999999999,0.09,111
KXNBAGAME-26MAR12BKNATL-ATL,KXNBAGAME-26MAR12BKNATL,KXNBAGAME,game_winner,Brooklyn at Atlanta Winner?,Atlanta,Atlanta,yes,1,finalized,2026-03-10T16:06:00Z,2026-03-13T02:04:17Z,2026-03-13T02:30:00Z,652212.00,0.00,1773360000,expected_expiration-150m,1773360000,0.94,0.96,0.95,0.96,101
KXNBAGAME-26MAR12PHIDET-PHI,KXNBAGAME-26MAR12PHIDET,KXNBAGAME,game_winner,Philadelphia at Detroit Winner?,Philadelphia,Philadelphia,no,0,finalized,2026-03-10T13:07:00Z,2026-03-13T01:48:12Z,2026-03-13T02:00:00Z,1114824.00,0.00,1773358200,expected_expiration-150m,1773358200,0.07,0.08,0.07500000000000001,0.08,111
KXNBAGAME-26MAR12MILMIA-MIL,KXNBAGAME-26MAR12MILMIA,KXNBAGAME,game_winner,Milwaukee at Miami Winner?,Milwaukee,Milwaukee,no,0,finalized,2026-03-10T16:06:00Z,2026-03-13T02:10:51Z,2026-03-13T02:30:00Z,1547645.00,0.00,1773360000,expected_expiration-150m,1773360000,0.16,0.18,0.16999999999999998,0.18,111
KXNBAGAME-26MAR15INDMIL-IND,KXNBAGAME-26MAR15INDMIL,KXNBAGAME,game_winner,Indiana at Milwaukee Winner?,Indiana,Indiana,no,0,finalized,2026-03-13T10:06:00Z,2026-03-15T22:04:13Z,2026-03-15T22:30:00Z,1068308.00,0.00,1773604800,expected_expiration-150m,1773604800,0.34,0.36,0.35,0.36,110
KXNBAGAME-26MAR12WASORL-ORL,KXNBAGAME-26MAR12WASORL,KXNBAGAME,game_winner,Washington at Orlando Winner?,Orlando,Orlando,yes,1,finalized,2026-03-10T13:07:00Z,2026-03-13T01:52:14Z,2026-03-13T02:00:00Z,2226482.00,0.00,1773358200,expected_expiration-150m,1773358200,0.91,0.92,0.915,0.92,110
KXNBAGAME-26MAR14ORLMIA-ORL,KXNBAGAME-26MAR14ORLMIA,KXNBAGAME,game_winner,Orlando at Miami Winner?,Orlando,Orlando,yes,1,finalized,2026-03-12T16:07:00Z,2026-03-15T02:48:04Z,2026-03-15T03:00:00Z,4529366.00,0.00,1773534600,expected_expiration-150m,1773534600,0.58,0.6,0.59,0.6,111
KXNBAGAME-26MAR13NYKIND-IND,KXNBAGAME-26MAR13NYKIND,KXNBAGAME,game_winner,New York at Indiana Winner?,Indiana,Indiana,no,0,finalized,2026-03-11T16:06:00Z,2026-03-14T02:06:51Z,2026-03-14T02:30:00Z,2014290.00,0.00,1773446400,expected_expiration-150m,1773446400,0.13,0.14,0.135,0.14,111
KXNBAGAME-26MAR14DENLAL-DEN,KXNBAGAME-26MAR14DENLAL,KXNBAGAME,game_winner,Denver at Los Angeles L Winner?,Denver,Denver,no,0,finalized,2026-03-12T16:07:00Z,2026-03-15T03:33:44Z,2026-03-15T03:30:00Z,9837423.00,0.00,1773536400,expected_expiration-150m,1773536400,0.38,0.39,0.385,0.39,111
KXNBAGAME-26MAR11MINLAC-MIN,KXNBAGAME-26MAR11MINLAC,KXNBAGAME,game_winner,Minnesota at Los Angeles C Winner?,Minnesota,Minnesota,no,0,finalized,2026-03-09T19:06:00Z,2026-03-12T05:14:01Z,2026-03-12T05:30:00Z,5074025.00,0.00,1773284400,expected_expiration-150m,1773284400,0.23,0.24,0.235,0.23,111
KXNBAGAME-26MAR13MEMDET-DET,KXNBAGAME-26MAR13MEMDET,KXNBAGAME,game_winner,Memphis at Detroit Winner?,Detroit,Detroit,yes,1,finalized,2026-03-11T16:06:00Z,2026-03-14T02:07:37Z,2026-03-14T02:30:00Z,1190411.00,0.00,1773446400,expected_expiration-150m,1773446400,0.92,0.93,0.925,0.93,105
KXNBAGAME-26MAR12PHIDET-DET,KXNBAGAME-26MAR12PHIDET,KXNBAGAME,game_winner,Philadelphia at Detroit Winner?,Detroit,Detroit,yes,1,finalized,2026-03-10T13:07:00Z,2026-03-13T01:48:12Z,2026-03-13T02:00:00Z,1051991.00,0.00,1773358200,expected_expiration-150m,1773358200,0.92,0.93,0.925,0.93,110
KXNBAGAME-26MAR11MINLAC-LAC,KXNBAGAME-26MAR11MINLAC,KXNBAGAME,game_winner,Minnesota at Los Angeles C Winner?,Los Angeles C,Los Angeles C,yes,1,finalized,2026-03-09T19:06:00Z,2026-03-12T05:14:01Z,2026-03-12T05:30:00Z,3353451.00,0.00,1773284400,expected_expiration-150m,1773284400,0.76,0.77,0.765,0.77,111
KXNBAGAME-26MAR11CLEORL-ORL,KXNBAGAME-26MAR11CLEORL,KXNBAGAME,game_winner,Cleveland at Orlando Winner?,Orlando,Orlando,yes,1,finalized,2026-03-09T16:06:00Z,2026-03-12T02:28:12Z,2026-03-12T02:30:00Z,4570674.00,0.00,1773273600,expected_expiration-150m,1773273600,0.44,0.45,0.445,0.45,111
KXNBAGAME-26MAR11CLEORL-CLE,KXNBAGAME-26MAR11CLEORL,KXNBAGAME,game_winner,Cleveland at Orlando Winner?,Cleveland,Cleveland,no,0,finalized,2026-03-09T16:06:00Z,2026-03-12T02:28:12Z,2026-03-12T02:30:00Z,6450765.00,0.00,1773273600,expected_expiration-150m,1773273600,0.55,0.56,0.555,0.56,111
KXNBAGAME-26MAR12MILMIA-MIA,KXNBAGAME-26MAR12MILMIA,KXNBAGAME,game_winner,Milwaukee at Miami Winner?,Miami,Miami,yes,1,finalized,2026-03-10T16:06:00Z,2026-03-13T02:10:51Z,2026-03-13T02:30:00Z,1710098.00,0.00,1773360000,expected_expiration-150m,1773360000,0.83,0.84,0.835,0.84,111
KXNBAGAME-26MAR11NYKUTA-UTA,KXNBAGAME-26MAR11NYKUTA,KXNBAGAME,game_winner,New York at Utah Winner?,Utah,Utah,no,0,finalized,2026-03-09T16:06:00Z,2026-03-12T03:40:46Z,2026-03-12T04:00:00Z,4949955.00,0.00,1773279000,expected_expiration-150m,1773279000,0.2,0.22,0.21000000000000002,0.22,111
KXNBAGAME-26MAR10MINLAL-MIN,KXNBAGAME-26MAR10MINLAL,KXNBAGAME,game_winner,Minnesota at Los Angeles L Winner?,Minnesota,Minnesota,no,0,finalized,2026-03-08T19:06:00Z,2026-03-11T05:43:54Z,2026-03-11T06:00:00Z,5965340.00,0.00,1773199800,expected_expiration-150m,1773199800,0.69,0.7,0.695,0.7,111
KXNBAGAME-26MAR17PHXMIN-MIN,KXNBAGAME-26MAR17PHXMIN,KXNBAGAME,game_winner,Phoenix at Minnesota Winner?,Minnesota,Minnesota,yes,1,finalized,2026-03-15T16:07:00Z,2026-03-18T02:44:17Z,2026-03-18T03:00:00Z,2556557.00,0.00,1773793800,expected_expiration-150m,,,,,,0
KXNBAGAME-26MAR10DALATL-ATL,KXNBAGAME-26MAR10DALATL,KXNBAGAME,game_winner,Dallas at Atlanta Winner?,Atlanta,Atlanta,yes,1,finalized,2026-03-08T16:07:00Z,2026-03-11T02:42:14Z,2026-03-11T02:30:00Z,1608379.00,0.00,1773187200,expected_expiration-150m,1773187200,0.87,0.89,0.88,0.88,110
KXNBAGAME-26MAR13UTAPOR-UTA,KXNBAGAME-26MAR13UTAPOR,KXNBAGAME,game_winner,Utah at Portland Winner?,Utah,Utah,no,0,finalized,2026-03-11T16:06:00Z,2026-03-14T04:42:12Z,2026-03-14T05:00:00Z,4543048.00,0.00,1773455400,expected_expiration-150m,1773455400,0.32,0.33,0.325,0.33,111
KXNBAGAME-26MAR10TORHOU-HOU,KXNBAGAME-26MAR10TORHOU,KXNBAGAME,game_winner,Toronto at Houston Winner?,Houston,Houston,yes,1,finalized,2026-03-08T16:07:00Z,2026-03-11T02:50:50Z,2026-03-11T03:00:00Z,873227.00,0.00,1773189000,expected_expiration-150m,1773189000,0.61,0.62,0.615,0.62,111
KXNBAGAME-26MAR10PHXMIL-PHX,KXNBAGAME-26MAR10PHXMIL,KXNBAGAME,game_winner,Phoenix at Milwaukee Winner?,Phoenix,Phoenix,yes,1,finalized,2026-03-08T16:07:00Z,2026-03-11T02:46:15Z,2026-03-11T03:00:00Z,1991628.00,0.00,1773189000,expected_expiration-150m,1773189000,0.54,0.56,0.55,0.56,111
KXNBAGAME-26MAR10PHXMIL-MIL,KXNBAGAME-26MAR10PHXMIL,KXNBAGAME,game_winner,Phoenix at Milwaukee Winner?,Milwaukee,Milwaukee,no,0,finalized,2026-03-08T16:07:00Z,2026-03-11T02:46:15Z,2026-03-11T03:00:00Z,1576796.00,0.00,1773189000,expected_expiration-150m,1773189000,0.44,0.45,0.445,0.45,110
KXNBAGAME-26MAR10BOSSAS-SAS,KXNBAGAME-26MAR10BOSSAS,KXNBAGAME,game_winner,Boston at San Antonio Winner?,San Antonio,San Antonio,yes,1,finalized,2026-03-08T16:07:00Z,2026-03-11T02:54:07Z,2026-03-11T03:00:00Z,5781070.00,0.00,1773189000,expected_expiration-150m,1773189000,0.53,0.54,0.535,0.54,111
KXNBAGAME-26MAR17DETWAS-WAS,KXNBAGAME-26MAR17DETWAS,KXNBAGAME,game_winner,Detroit at Washington Winner?,Washington,Washington,no,0,finalized,2026-03-15T13:07:00Z,2026-03-18T01:36:28Z,2026-03-18T02:00:00Z,4204439.00,0.00,1773790200,expected_expiration-150m,,,,,,0
KXNBAGAME-26MAR17MIACHA-CHA,KXNBAGAME-26MAR17MIACHA,KXNBAGAME,game_winner,Miami at Charlotte Winner?,Charlotte,Charlotte,yes,1,finalized,2026-03-15T13:07:00Z,2026-03-18T01:48:18Z,2026-03-18T02:00:00Z,2014221.00,0.00,1773790200,expected_expiration-150m,,,,,,0
KXNBAGAME-26MAR11TORNOP-TOR,KXNBAGAME-26MAR11TORNOP,KXNBAGAME,game_winner,Toronto at New Orleans Winner?,Toronto,Toronto,no,0,finalized,2026-03-09T16:06:00Z,2026-03-12T02:34:13Z,2026-03-12T03:00:00Z,2435385.00,0.00,1773275400,expected_expiration-150m,1773275400,0.59,0.6,0.595,0.6,111
KXNBAGAME-26MAR11HOUDEN-DEN,KXNBAGAME-26MAR11HOUDEN,KXNBAGAME,game_winner,Houston at Denver Winner?,Denver,Denver,yes,1,finalized,2026-03-09T16:06:00Z,2026-03-12T04:42:07Z,2026-03-12T05:00:00Z,2211596.00,0.00,1773282600,expected_expiration-150m,1773282600,0.7,0.71,0.705,0.71,111
KXNBAGAME-26MAR10BOSSAS-BOS,KXNBAGAME-26MAR10BOSSAS,KXNBAGAME,game_winner,Boston at San Antonio Winner?,Boston,Boston,no,0,finalized,2026-03-08T16:07:00Z,2026-03-11T02:54:07Z,2026-03-11T03:00:00Z,6626528.00,0.00,1773189000,expected_expiration-150m,1773189000,0.47,0.48,0.475,0.48,111
KXNBAGAME-26MAR10CHIGSW-CHI,KXNBAGAME-26MAR10CHIGSW,KXNBAGAME,game_winner,Chicago at Golden State Winner?,Chicago,Chicago,yes,1,finalized,2026-03-08T16:07:00Z,2026-03-11T04:57:58Z,2026-03-11T05:00:00Z,3317650.00,0.00,1773196200,expected_expiration-150m,1773196200,0.31,0.33,0.32,0.34,111
KXNBAGAME-26MAR10INDSAC-SAC,KXNBAGAME-26MAR10INDSAC,KXNBAGAME,game_winner,Indiana at Sacramento Winner?,Sacramento,Sacramento,yes,1,finalized,2026-03-08T16:07:00Z,2026-03-11T04:50:36Z,2026-03-11T05:00:00Z,2345192.00,0.00,1773196200,expected_expiration-150m,1773196200,0.61,0.63,0.62,0.63,108
KXNBAGAME-26MAR10INDSAC-IND,KXNBAGAME-26MAR10INDSAC,KXNBAGAME,game_winner,Indiana at Sacramento Winner?,Indiana,Indiana,no,0,finalized,2026-03-08T16:07:00Z,2026-03-11T04:50:36Z,2026-03-11T05:00:00Z,2546815.00,0.00,1773196200,expected_expiration-150m,1773196200,0.37,0.38,0.375,0.38,106
KXNBAGAME-26MAR10WASMIA-WAS,KXNBAGAME-26MAR10WASMIA,KXNBAGAME,game_winner,Washington at Miami Winner?,Washington,Washington,no,0,finalized,2026-03-08T16:07:00Z,2026-03-11T02:36:13Z,2026-03-11T02:30:00Z,1161599.00,0.00,1773187200,expected_expiration-150m,1773187200,0.09,0.1,0.095,0.1,111
KXNBAGAME-26MAR10TORHOU-TOR,KXNBAGAME-26MAR10TORHOU,KXNBAGAME,game_winner,Toronto at Houston Winner?,Toronto,Toronto,no,0,finalized,2026-03-08T16:07:00Z,2026-03-11T02:50:50Z,2026-03-11T03:00:00Z,563440.00,0.00,1773189000,expected_expiration-150m,1773189000,0.38,0.39,0.385,0.39,105
KXNBAGAME-26MAR10WASMIA-MIA,KXNBAGAME-26MAR10WASMIA,KXNBAGAME,game_winner,Washington at Miami Winner?,Miami,Miami,yes,1,finalized,2026-03-08T16:07:00Z,2026-03-11T02:36:13Z,2026-03-11T02:30:00Z,719026.00,0.00,1773187200,expected_expiration-150m,1773187200,0.9,0.91,0.905,0.91,109
KXNBAGAME-26MAR17DETWAS-DET,KXNBAGAME-26MAR17DETWAS,KXNBAGAME,game_winner,Detroit at Washington Winner?,Detroit,Detroit,yes,1,finalized,2026-03-15T13:07:00Z,2026-03-18T01:36:28Z,2026-03-18T02:00:00Z,1217262.00,0.00,1773790200,expected_expiration-150m,,,,,,0
KXNBAGAME-26MAR10CHAPOR-POR,KXNBAGAME-26MAR10CHAPOR,KXNBAGAME,game_winner,Charlotte at Portland Winner?,Portland,Portland,no,0,finalized,2026-03-08T16:07:00Z,2026-03-11T04:44:04Z,2026-03-11T05:00:00Z,2625277.00,0.00,1773196200,expected_expiration-150m,1773196200,0.58,0.59,0.585,0.59,103
KXNBAGAME-26MAR10CHAPOR-CHA,KXNBAGAME-26MAR10CHAPOR,KXNBAGAME,game_winner,Charlotte at Portland Winner?,Charlotte,Charlotte,yes,1,finalized,2026-03-08T16:07:00Z,2026-03-11T04:44:04Z,2026-03-11T05:00:00Z,4472073.00,0.00,1773196200,expected_expiration-150m,1773196200,0.41,0.42,0.415,0.42,111
KXNBAGAME-26MAR10DETBKN-DET,KXNBAGAME-26MAR10DETBKN,KXNBAGAME,game_winner,Detroit at Brooklyn Winner?,Detroit,Detroit,yes,1,finalized,2026-03-08T16:07:00Z,2026-03-11T02:26:35Z,2026-03-11T02:30:00Z,1265356.00,0.00,1773187200,expected_expiration-150m,1773187200,0.95,0.96,0.955,0.96,110
KXNBAGAME-26MAR11NYKUTA-NYK,KXNBAGAME-26MAR11NYKUTA,KXNBAGAME,game_winner,New York at Utah Winner?,New York,New York,yes,1,finalized,2026-03-09T16:06:00Z,2026-03-12T03:40:46Z,2026-03-12T04:00:00Z,4466460.00,0.00,1773279000,expected_expiration-150m,1773279000,0.79,0.8,0.795,0.8,110
KXNBAGAME-26MAR10DETBKN-BKN,KXNBAGAME-26MAR10DETBKN,KXNBAGAME,game_winner,Detroit at Brooklyn Winner?,Brooklyn,Brooklyn,no,0,finalized,2026-03-08T16:07:00Z,2026-03-11T02:26:35Z,2026-03-11T02:30:00Z,1300149.00,0.00,1773187200,expected_expiration-150m,1773187200,0.04,0.05,0.045,0.04,111
KXNBAGAME-26MAR10MEMPHI-PHI,KXNBAGAME-26MAR10MEMPHI,KXNBAGAME,game_winner,Memphis at Philadelphia Winner?,Philadelphia,Philadelphia,yes,1,finalized,2026-03-08T13:06:00Z,2026-03-11T02:11:15Z,2026-03-11T02:00:00Z,3936288.00,0.00,1773185400,expected_expiration-150m,1773185400,0.49,0.5,0.495,0.5,111
KXNBAGAME-26MAR10MEMPHI-MEM,KXNBAGAME-26MAR10MEMPHI,KXNBAGAME,game_winner,Memphis at Philadelphia Winner?,Memphis,Memphis,no,0,finalized,2026-03-08T13:06:00Z,2026-03-11T02:11:15Z,2026-03-11T02:00:00Z,2750314.00,0.00,1773185400,expected_expiration-150m,1773185400,0.5,0.51,0.505,0.51,110
KXNBAGAME-26MAR11HOUDEN-HOU,KXNBAGAME-26MAR11HOUDEN,KXNBAGAME,game_winner,Houston at Denver Winner?,Houston,Houston,no,0,finalized,2026-03-09T16:06:00Z,2026-03-12T04:42:07Z,2026-03-12T05:00:00Z,3142962.00,0.00,1773282600,expected_expiration-150m,1773282600,0.29,0.3,0.295,0.3,111
KXNBAGAME-26MAR09GSWUTA-UTA,KXNBAGAME-26MAR09GSWUTA,KXNBAGAME,game_winner,Golden State at Utah Winner?,Utah,Utah,yes,1,finalized,2026-03-07T17:06:00Z,2026-03-10T03:50:41Z,2026-03-10T04:00:00Z,5100953.00,0.00,1773106200,expected_expiration-150m,1773106200,0.31,0.32,0.315,0.32,111
KXNBAGAME-26MAR09GSWUTA-GSW,KXNBAGAME-26MAR09GSWUTA,KXNBAGAME,game_winner,Golden State at Utah Winner?,Golden State,Golden State,no,0,finalized,2026-03-07T17:06:00Z,2026-03-10T03:50:41Z,2026-03-10T04:00:00Z,4755808.00,0.00,1773106200,expected_expiration-150m,1773106200,0.68,0.69,0.685,0.69,111
KXNBAGAME-26MAR09NYKLAC-NYK,KXNBAGAME-26MAR09NYKLAC,KXNBAGAME,game_winner,New York at Los Angeles C Winner?,New York,New York,no,0,finalized,2026-03-07T17:06:00Z,2026-03-10T04:58:27Z,2026-03-10T05:00:00Z,8524315.00,0.00,1773109800,expected_expiration-150m,1773109800,0.45,0.47,0.45999999999999996,0.46,111
KXNBAGAME-26MAR09NYKLAC-LAC,KXNBAGAME-26MAR09NYKLAC,KXNBAGAME,game_winner,New York at Los Angeles C Winner?,Los Angeles C,Los Angeles C,yes,1,finalized,2026-03-07T17:06:00Z,2026-03-10T04:58:27Z,2026-03-10T05:00:00Z,6229566.00,0.00,1773109800,expected_expiration-150m,1773109800,0.53,0.55,0.54,0.55,111
KXNBAGAME-26MAR09PHICLE-PHI,KXNBAGAME-26MAR09PHICLE,KXNBAGAME,game_winner,Philadelphia at Cleveland Winner?,Philadelphia,Philadelphia,no,0,finalized,2026-03-07T14:07:00Z,2026-03-10T01:36:04Z,2026-03-10T02:00:00Z,2785798.00,0.00,1773099000,expected_expiration-150m,1773099000,0.15,0.16,0.155,0.16,111
KXNBAGAME-26MAR09PHICLE-CLE,KXNBAGAME-26MAR09PHICLE,KXNBAGAME,game_winner,Philadelphia at Cleveland Winner?,Cleveland,Cleveland,yes,1,finalized,2026-03-07T14:07:00Z,2026-03-10T01:36:04Z,2026-03-10T02:00:00Z,2124309.00,0.00,1773099000,expected_expiration-150m,1773099000,0.84,0.85,0.845,0.86,111
KXNBAGAME-26MAR09DENOKC-OKC,KXNBAGAME-26MAR09DENOKC,KXNBAGAME,game_winner,Denver at Oklahoma City Winner?,Oklahoma City,Oklahoma City,yes,1,finalized,2026-03-07T14:07:00Z,2026-03-10T02:42:05Z,2026-03-10T02:30:00Z,10340746.00,0.00,1773100800,expected_expiration-150m,1773100800,0.36,0.37,0.365,0.37,111
KXNBAGAME-26MAR09DENOKC-DEN,KXNBAGAME-26MAR09DENOKC,KXNBAGAME,game_winner,Denver at Oklahoma City Winner?,Denver,Denver,no,0,finalized,2026-03-07T14:07:00Z,2026-03-10T02:42:05Z,2026-03-10T02:30:00Z,9894171.00,0.00,1773100800,expected_expiration-150m,1773100800,0.63,0.64,0.635,0.64,111
KXNBAGAME-26MAR09MEMBKN-MEM,KXNBAGAME-26MAR09MEMBKN,KXNBAGAME,game_winner,Memphis at Brooklyn Winner?,Memphis,Memphis,no,0,finalized,2026-03-07T14:07:00Z,2026-03-10T02:02:05Z,2026-03-10T02:30:00Z,2025356.00,0.00,1773100800,expected_expiration-150m,1773100800,0.58,0.59,0.585,0.59,111
KXNBAGAME-26MAR09MEMBKN-BKN,KXNBAGAME-26MAR09MEMBKN,KXNBAGAME,game_winner,Memphis at Brooklyn Winner?,Brooklyn,Brooklyn,yes,1,finalized,2026-03-07T14:07:00Z,2026-03-10T02:02:05Z,2026-03-10T02:30:00Z,1395732.00,0.00,1773100800,expected_expiration-150m,1773100800,0.41,0.42,0.415,0.42,111
KXNBAGAME-26MAR10MINLAL-LAL,KXNBAGAME-26MAR10MINLAL,KXNBAGAME,game_winner,Minnesota at Los Angeles L Winner?,Los Angeles L,Los Angeles L,yes,1,finalized,2026-03-08T19:06:00Z,2026-03-11T05:43:54Z,2026-03-11T06:00:00Z,5816828.00,0.00,1773199800,expected_expiration-150m,1773199800,0.29,0.3,0.295,0.3,111
KXNBAGAME-26MAR08INDPOR-POR,KXNBAGAME-26MAR08INDPOR,KXNBAGAME,game_winner,Indiana at Portland Winner?,Portland,Portland,yes,1,finalized,2026-03-06T17:08:00Z,2026-03-09T03:38:02Z,2026-03-09T04:00:00Z,925702.00,0.00,1773019800,expected_expiration-150m,1773019800,0.73,0.74,0.735,0.74,111
KXNBAGAME-26MAR19LACNOP-NOP,KXNBAGAME-26MAR19LACNOP,KXNBAGAME,game_winner,Los Angeles C at New Orleans Winner?,New Orleans,New Orleans,yes,1,finalized,2026-03-17T16:06:00Z,2026-03-20T02:38:18Z,2026-03-20T03:00:00Z,1893784.00,0.00,1773966600,expected_expiration-150m,,,,,,0
KXNBAGAME-26MAR10DALATL-DAL,KXNBAGAME-26MAR10DALATL,KXNBAGAME,game_winner,Dallas at Atlanta Winner?,Dallas,Dallas,no,0,finalized,2026-03-08T16:07:00Z,2026-03-11T02:42:14Z,2026-03-11T02:30:00Z,1700803.00,0.00,1773187200,expected_expiration-150m,1773187200,0.11,0.12,0.11499999999999999,0.12,111
KXNBAGAME-26MAR10CHIGSW-GSW,KXNBAGAME-26MAR10CHIGSW,KXNBAGAME,game_winner,Chicago at Golden State Winner?,Golden State,Golden State,no,0,finalized,2026-03-08T16:07:00Z,2026-03-11T04:57:58Z,2026-03-11T05:00:00Z,4308345.00,0.00,1773196200,expected_expiration-150m,1773196200,0.66,0.69,0.675,0.68,110
KXNBAGAME-26MAR08CHAPHX-PHX,KXNBAGAME-26MAR08CHAPHX,KXNBAGAME,game_winner,Charlotte at Phoenix Winner?,Phoenix,Phoenix,yes,1,finalized,2026-03-06T17:08:00Z,2026-03-09T04:45:57Z,2026-03-09T05:00:00Z,5782173.00,0.00,1773023400,expected_expiration-150m,1773023400,0.32,0.34,0.33,0.33,111
KXNBAGAME-26MAR08CHAPHX-CHA,KXNBAGAME-26MAR08CHAPHX,KXNBAGAME,game_winner,Charlotte at Phoenix Winner?,Charlotte,Charlotte,no,0,finalized,2026-03-06T17:08:00Z,2026-03-09T04:45:57Z,2026-03-09T05:00:00Z,5069883.00,0.00,1773023400,expected_expiration-150m,1773023400,0.68,0.69,0.685,0.68,111
KXNBAGAME-26MAR11TORNOP-NOP,KXNBAGAME-26MAR11TORNOP,KXNBAGAME,game_winner,Toronto at New Orleans Winner?,New Orleans,New Orleans,yes,1,finalized,2026-03-09T16:06:00Z,2026-03-12T02:34:13Z,2026-03-12T03:00:00Z,1781088.00,0.00,1773275400,expected_expiration-150m,1773275400,0.4,0.41,0.405,0.41,111
KXNBAGAME-26MAR08ORLMIL-ORL,KXNBAGAME-26MAR08ORLMIL,KXNBAGAME,game_winner,Orlando at Milwaukee Winner?,Orlando,Orlando,yes,1,finalized,2026-03-06T14:08:00Z,2026-03-09T02:56:15Z,2026-03-09T03:00:00Z,2474425.00,0.00,1773016200,expected_expiration-150m,1773016200,0.8,0.81,0.805,0.81,110
KXNBAGAME-26MAR15PORPHI-POR,KXNBAGAME-26MAR15PORPHI,KXNBAGAME,game_winner,Portland at Philadelphia Winner?,Portland,Portland,no,0,finalized,2026-03-13T13:07:00Z,2026-03-16T00:26:05Z,2026-03-16T01:00:00Z,5100432.00,0.00,1773613800,expected_expiration-150m,,,,,,0
KXNBAGAME-26MAR08DALTOR-TOR,KXNBAGAME-26MAR08DALTOR,KXNBAGAME,game_winner,Dallas at Toronto Winner?,Toronto,Toronto,yes,1,finalized,2026-03-06T14:08:00Z,2026-03-09T00:41:01Z,2026-03-09T01:00:00Z,652471.00,0.00,1773009000,expected_expiration-150m,1773009000,0.81,0.82,0.815,0.82,111
KXNBAGAME-26MAR08INDPOR-IND,KXNBAGAME-26MAR08INDPOR,KXNBAGAME,game_winner,Indiana at Portland Winner?,Indiana,Indiana,no,0,finalized,2026-03-06T17:08:00Z,2026-03-09T03:38:02Z,2026-03-09T04:00:00Z,1167516.00,0.00,1773019800,expected_expiration-150m,1773019800,0.26,0.28,0.27,0.28,111
KXNBAGAME-26MAR08HOUSAS-HOU,KXNBAGAME-26MAR08HOUSAS,KXNBAGAME,game_winner,Houston at San Antonio Winner?,Houston,Houston,no,0,finalized,2026-03-06T14:08:00Z,2026-03-09T02:59:04Z,2026-03-09T03:00:00Z,3724805.00,0.00,1773016200,expected_expiration-150m,1773016200,0.26,0.27,0.265,0.27,111
KXNBAGAME-26MAR08DETMIA-DET,KXNBAGAME-26MAR08DETMIA,KXNBAGAME,game_winner,Detroit at Miami Winner?,Detroit,Detroit,no,0,finalized,2026-03-06T14:08:00Z,2026-03-09T00:52:07Z,2026-03-09T01:00:00Z,6508524.00,0.00,1773009000,expected_expiration-150m,1773009000,0.38,0.39,0.385,0.39,111
KXNBAGAME-26MAR08WASNOP-NOP,KXNBAGAME-26MAR08WASNOP,KXNBAGAME,game_winner,Washington at New Orleans Winner?,New Orleans,New Orleans,yes,1,finalized,2026-03-06T14:08:00Z,2026-03-09T01:54:16Z,2026-03-09T02:00:00Z,1162493.00,0.00,1773012600,expected_expiration-150m,1773012600,0.76,0.78,0.77,0.78,103
KXNBAGAME-26MAR08ORLMIL-MIL,KXNBAGAME-26MAR08ORLMIL,KXNBAGAME,game_winner,Orlando at Milwaukee Winner?,Milwaukee,Milwaukee,no,0,finalized,2026-03-06T14:08:00Z,2026-03-09T02:56:15Z,2026-03-09T03:00:00Z,774150.00,0.00,1773016200,expected_expiration-150m,1773016200,0.2,0.21,0.20500000000000002,0.2,111
KXNBAGAME-26MAR08HOUSAS-SAS,KXNBAGAME-26MAR08HOUSAS,KXNBAGAME,game_winner,Houston at San Antonio Winner?,San Antonio,San Antonio,yes,1,finalized,2026-03-06T14:08:00Z,2026-03-09T02:59:04Z,2026-03-09T03:00:00Z,4135157.00,0.00,1773016200,expected_expiration-150m,1773016200,0.74,0.75,0.745,0.75,111
KXNBAGAME-26MAR08WASNOP-WAS,KXNBAGAME-26MAR08WASNOP,KXNBAGAME,game_winner,Washington at New Orleans Winner?,Washington,Washington,no,0,finalized,2026-03-06T14:08:00Z,2026-03-09T01:54:16Z,2026-03-09T02:00:00Z,3620545.00,0.00,1773012600,expected_expiration-150m,1773012600,0.22,0.24,0.22999999999999998,0.24,111
KXNBAGAME-26MAR07LACMEM-LAC,KXNBAGAME-26MAR07LACMEM,KXNBAGAME,game_winner,Los Angeles C at Memphis Winner?,Los Angeles C,Los Angeles C,yes,1,finalized,2026-03-05T17:05:00Z,2026-03-08T03:50:34Z,2026-03-08T04:00:00Z,5357657.00,0.00,1772933400,expected_expiration-150m,1772933400,0.52,0.53,0.525,0.53,111
KXNBAGAME-26MAR08NYKLAL-LAL,KXNBAGAME-26MAR08NYKLAL,KXNBAGAME,game_winner,New York at Los Angeles L Winner?,Los Angeles L,Los Angeles L,yes,1,finalized,2026-03-06T11:06:00Z,2026-03-08T22:26:56Z,2026-03-08T22:30:00Z,6480766.00,0.00,1773000000,expected_expiration-150m,1773000000,0.42,0.43,0.425,0.43,111
KXNBAGAME-26MAR08DETMIA-MIA,KXNBAGAME-26MAR08DETMIA,KXNBAGAME,game_winner,Detroit at Miami Winner?,Miami,Miami,yes,1,finalized,2026-03-06T14:08:00Z,2026-03-09T00:52:07Z,2026-03-09T01:00:00Z,4144310.00,0.00,1773009000,expected_expiration-150m,1773009000,0.6,0.62,0.61,0.61,111
KXNBAGAME-26MAR08CHISAC-CHI,KXNBAGAME-26MAR08CHISAC,KXNBAGAME,game_winner,Chicago at Sacramento Winner?,Chicago,Chicago,no,0,finalized,2026-03-06T17:08:00Z,2026-03-09T03:57:59Z,2026-03-09T04:00:00Z,3739834.00,0.00,1773019800,expected_expiration-150m,1773019800,0.6,0.61,0.605,0.61,111
KXNBAGAME-26MAR08DALTOR-DAL,KXNBAGAME-26MAR08DALTOR,KXNBAGAME,game_winner,Dallas at Toronto Winner?,Dallas,Dallas,no,0,finalized,2026-03-06T14:08:00Z,2026-03-09T00:41:01Z,2026-03-09T01:00:00Z,1539096.00,0.00,1773009000,expected_expiration-150m,1773009000,0.19,0.2,0.195,0.2,111
KXNBAGAME-26MAR08CHISAC-SAC,KXNBAGAME-26MAR08CHISAC,KXNBAGAME,game_winner,Chicago at Sacramento Winner?,Sacramento,Sacramento,yes,1,finalized,2026-03-06T17:08:00Z,2026-03-09T03:57:59Z,2026-03-09T04:00:00Z,3426640.00,0.00,1773019800,expected_expiration-150m,1773019800,0.39,0.4,0.395,0.4,111
KXNBAGAME-26MAR07UTAMIL-MIL,KXNBAGAME-26MAR07UTAMIL,KXNBAGAME,game_winner,Utah at Milwaukee Winner?,Milwaukee,Milwaukee,yes,1,finalized,2026-03-05T17:05:00Z,2026-03-08T03:40:33Z,2026-03-08T04:00:00Z,1545750.00,0.00,1772933400,expected_expiration-150m,1772933400,0.91,0.92,0.915,0.92,110
KXNBAGAME-26MAR08BOSCLE-CLE,KXNBAGAME-26MAR08BOSCLE,KXNBAGAME,game_winner,Boston at Cleveland Winner?,Cleveland,Cleveland,no,0,finalized,2026-03-06T08:05:00Z,2026-03-08T20:21:26Z,2026-03-08T20:00:00Z,4309561.00,0.00,1772991000,expected_expiration-150m,1772991000,0.49,0.5,0.495,0.5,111
KXNBAGAME-26MAR07LACMEM-MEM,KXNBAGAME-26MAR07LACMEM,KXNBAGAME,game_winner,Los Angeles C at Memphis Winner?,Memphis,Memphis,no,0,finalized,2026-03-05T17:05:00Z,2026-03-08T03:50:34Z,2026-03-08T04:00:00Z,3892767.00,0.00,1772933400,expected_expiration-150m,1772933400,0.47,0.48,0.475,0.48,110
KXNBAGAME-26MAR08BOSCLE-BOS,KXNBAGAME-26MAR08BOSCLE,KXNBAGAME,game_winner,Boston at Cleveland Winner?,Boston,Boston,yes,1,finalized,2026-03-06T08:05:00Z,2026-03-08T20:21:26Z,2026-03-08T20:00:00Z,7224176.00,0.00,1772991000,expected_expiration-150m,1772991000,0.5,0.52,0.51,0.51,111
KXNBAGAME-26MAR07GSWOKC-GSW,KXNBAGAME-26MAR07GSWOKC,KXNBAGAME,game_winner,Golden State at Oklahoma City Winner?,Golden State,Golden State,no,0,finalized,2026-03-05T17:05:00Z,2026-03-08T04:10:32Z,2026-03-08T04:30:00Z,4692073.00,0.00,1772935200,expected_expiration-150m,1772935200,0.13,0.14,0.135,0.14,111
KXNBAGAME-26MAR07GSWOKC-OKC,KXNBAGAME-26MAR07GSWOKC,KXNBAGAME,game_winner,Golden State at Oklahoma City Winner?,Oklahoma City,Oklahoma City,yes,1,finalized,2026-03-05T17:05:00Z,2026-03-08T04:10:32Z,2026-03-08T04:30:00Z,3754381.00,0.00,1772935200,expected_expiration-150m,1772935200,0.85,0.86,0.855,0.86,111
KXNBAGAME-26MAR07BKNDET-DET,KXNBAGAME-26MAR07BKNDET,KXNBAGAME,game_winner,Brooklyn at Detroit Winner?,Detroit,Detroit,no,0,finalized,2026-03-05T14:06:00Z,2026-03-08T01:50:34Z,2026-03-08T02:00:00Z,3178637.00,0.00,1772926200,expected_expiration-150m,1772926200,0.9,0.91,0.905,0.9,111
KXNBAGAME-26MAR07BKNDET-BKN,KXNBAGAME-26MAR07BKNDET,KXNBAGAME,game_winner,Brooklyn at Detroit Winner?,Brooklyn,Brooklyn,yes,1,finalized,2026-03-05T14:06:00Z,2026-03-08T01:50:34Z,2026-03-08T02:00:00Z,3811003.00,0.00,1772926200,expected_expiration-150m,1772926200,0.1,0.11,0.10500000000000001,0.11,111
KXNBAGAME-26MAR08NYKLAL-NYK,KXNBAGAME-26MAR08NYKLAL,KXNBAGAME,game_winner,New York at Los Angeles L Winner?,New York,New York,no,0,finalized,2026-03-06T11:06:00Z,2026-03-08T22:26:56Z,2026-03-08T22:30:00Z,8474176.00,0.00,1773000000,expected_expiration-150m,1773000000,0.57,0.58,0.575,0.58,111
KXNBAGAME-26MAR07PHIATL-ATL,KXNBAGAME-26MAR07PHIATL,KXNBAGAME,game_winner,Philadelphia at Atlanta Winner?,Atlanta,Atlanta,yes,1,finalized,2026-03-05T14:06:00Z,2026-03-08T01:44:08Z,2026-03-08T02:00:00Z,3901625.00,0.00,1772926200,expected_expiration-150m,1772926200,0.6,0.61,0.605,0.61,111
KXNBAGAME-26MAR07ORLMIN-MIN,KXNBAGAME-26MAR07ORLMIN,KXNBAGAME,game_winner,Orlando at Minnesota Winner?,Minnesota,Minnesota,no,0,finalized,2026-03-05T11:06:00Z,2026-03-07T22:48:09Z,2026-03-07T23:00:00Z,4590049.00,0.00,1772915400,expected_expiration-150m,1772915400,0.78,0.79,0.785,0.79,111
KXNBAGAME-26MAR06INDLAL-LAL,KXNBAGAME-26MAR06INDLAL,KXNBAGAME,game_winner,Indiana at Los Angeles L Winner?,Los Angeles L,Los Angeles L,yes,1,finalized,2026-03-04T20:06:00Z,2026-03-07T06:01:59Z,2026-03-07T06:30:00Z,2522446.00,0.00,1772856000,expected_expiration-150m,1772856000,0.76,0.78,0.77,0.78,111
KXNBAGAME-26MAR07PHIATL-PHI,KXNBAGAME-26MAR07PHIATL,KXNBAGAME,game_winner,Philadelphia at Atlanta Winner?,Philadelphia,Philadelphia,no,0,finalized,2026-03-05T14:06:00Z,2026-03-08T01:44:08Z,2026-03-08T02:00:00Z,4384681.00,0.00,1772926200,expected_expiration-150m,1772926200,0.38,0.39,0.385,0.39,111
KXNBAGAME-26MAR07ORLMIN-ORL,KXNBAGAME-26MAR07ORLMIN,KXNBAGAME,game_winner,Orlando at Minnesota Winner?,Orlando,Orlando,yes,1,finalized,2026-03-05T11:06:00Z,2026-03-07T22:48:09Z,2026-03-07T23:00:00Z,3552956.00,0.00,1772915400,expected_expiration-150m,1772915400,0.23,0.24,0.235,0.24,111
KXNBAGAME-26MAR07UTAMIL-UTA,KXNBAGAME-26MAR07UTAMIL,KXNBAGAME,game_winner,Utah at Milwaukee Winner?,Utah,Utah,no,0,finalized,2026-03-05T17:05:00Z,2026-03-08T03:40:33Z,2026-03-08T04:00:00Z,2724093.00,0.00,1772933400,expected_expiration-150m,1772933400,0.08,0.09,0.08499999999999999,0.09,111
KXNBAGAME-26MAR06INDLAL-IND,KXNBAGAME-26MAR06INDLAL,KXNBAGAME,game_winner,Indiana at Los Angeles L Winner?,Indiana,Indiana,no,0,finalized,2026-03-04T20:06:00Z,2026-03-07T06:01:59Z,2026-03-07T06:30:00Z,2263107.00,0.00,1772856000,expected_expiration-150m,1772856000,0.22,0.24,0.22999999999999998,0.24,111
KXNBAGAME-26MAR06NOPPHX-PHX,KXNBAGAME-26MAR06NOPPHX,KXNBAGAME,game_winner,New Orleans at Phoenix Winner?,Phoenix,Phoenix,yes,1,finalized,2026-03-04T17:06:00Z,2026-03-07T04:58:05Z,2026-03-07T05:00:00Z,2028315.00,0.00,1772850600,expected_expiration-150m,1772850600,0.61,0.62,0.615,0.63,111
KXNBAGAME-26MAR06LACSAS-SAS,KXNBAGAME-26MAR06LACSAS,KXNBAGAME,game_winner,Los Angeles C at San Antonio Winner?,San Antonio,San Antonio,yes,1,finalized,2026-03-04T17:06:00Z,2026-03-07T05:12:03Z,2026-03-07T05:30:00Z,9260747.00,0.00,1772852400,expected_expiration-150m,1772852400,0.66,0.68,0.67,0.68,111
KXNBAGAME-26MAR06NOPPHX-NOP,KXNBAGAME-26MAR06NOPPHX,KXNBAGAME,game_winner,New Orleans at Phoenix Winner?,New Orleans,New Orleans,no,0,finalized,2026-03-04T17:06:00Z,2026-03-07T04:58:05Z,2026-03-07T05:00:00Z,1629822.00,0.00,1772850600,expected_expiration-150m,1772850600,0.38,0.39,0.385,0.39,110
KXNBAGAME-26MAR06DALBOS-DAL,KXNBAGAME-26MAR06DALBOS,KXNBAGAME,game_winner,Dallas at Boston Winner?,Dallas,Dallas,no,0,finalized,2026-03-04T14:06:00Z,2026-03-07T02:36:16Z,2026-03-07T03:00:00Z,5143726.00,0.00,1772843400,expected_expiration-150m,1772843400,0.12,0.13,0.125,0.13,111
KXNBAGAME-26MAR06NYKDEN-DEN,KXNBAGAME-26MAR06NYKDEN,KXNBAGAME,game_winner,New York at Denver Winner?,Denver,Denver,no,0,finalized,2026-03-04T17:06:00Z,2026-03-07T04:38:04Z,2026-03-07T05:00:00Z,3935904.00,0.00,1772850600,expected_expiration-150m,1772850600,0.65,0.66,0.655,0.66,111
KXNBAGAME-26MAR06NYKDEN-NYK,KXNBAGAME-26MAR06NYKDEN,KXNBAGAME,game_winner,New York at Denver Winner?,New York,New York,yes,1,finalized,2026-03-04T17:06:00Z,2026-03-07T04:38:04Z,2026-03-07T05:00:00Z,4631575.00,0.00,1772850600,expected_expiration-150m,1772850600,0.34,0.35,0.345,0.35,111
KXNBAGAME-26MAR05CHIPHX-PHX,KXNBAGAME-26MAR05CHIPHX,KXNBAGAME,game_winner,Chicago at Phoenix Winner?,Phoenix,Phoenix,no,0,finalized,2026-03-03T17:06:00Z,2026-03-06T04:41:54Z,2026-03-06T05:00:00Z,4367934.00,0.00,1772764200,expected_expiration-150m,1772764200,0.68,0.7,0.69,0.7,109
KXNBAGAME-26MAR05NOPSAC-SAC,KXNBAGAME-26MAR05NOPSAC,KXNBAGAME,game_winner,New Orleans at Sacramento Winner?,Sacramento,Sacramento,no,0,finalized,2026-03-03T17:06:00Z,2026-03-06T05:41:54Z,2026-03-06T06:00:00Z,2486398.00,0.00,1772767800,expected_expiration-150m,1772767800,0.42,0.43,0.425,0.43,109
KXNBAGAME-26MAR06PORHOU-POR,KXNBAGAME-26MAR06PORHOU,KXNBAGAME,game_winner,Portland at Houston Winner?,Portland,Portland,no,0,finalized,2026-03-04T17:06:00Z,2026-03-07T03:38:07Z,2026-03-07T04:00:00Z,2539876.00,0.00,1772847000,expected_expiration-150m,1772847000,0.49,0.5,0.495,0.5,111
KXNBAGAME-26MAR05CHIPHX-CHI,KXNBAGAME-26MAR05CHIPHX,KXNBAGAME,game_winner,Chicago at Phoenix Winner?,Chicago,Chicago,yes,1,finalized,2026-03-03T17:06:00Z,2026-03-06T04:41:54Z,2026-03-06T05:00:00Z,4740855.00,0.00,1772764200,expected_expiration-150m,1772764200,0.3,0.32,0.31,0.3,111
KXNBAGAME-26MAR06MIACHA-CHA,KXNBAGAME-26MAR06MIACHA,KXNBAGAME,game_winner,Miami at Charlotte Winner?,Charlotte,Charlotte,no,0,finalized,2026-03-04T14:06:00Z,2026-03-07T02:38:10Z,2026-03-07T03:00:00Z,4023373.00,0.00,1772843400,expected_expiration-150m,1772843400,0.65,0.66,0.655,0.65,111
KXNBAGAME-26MAR06MIACHA-MIA,KXNBAGAME-26MAR06MIACHA,KXNBAGAME,game_winner,Miami at Charlotte Winner?,Miami,Miami,yes,1,finalized,2026-03-04T14:06:00Z,2026-03-07T02:38:10Z,2026-03-07T03:00:00Z,4788658.00,0.00,1772843400,expected_expiration-150m,1772843400,0.35,0.36,0.355,0.36,111
KXNBAGAME-26MAR06DALBOS-BOS,KXNBAGAME-26MAR06DALBOS,KXNBAGAME,game_winner,Dallas at Boston Winner?,Boston,Boston,yes,1,finalized,2026-03-04T14:06:00Z,2026-03-07T02:36:16Z,2026-03-07T03:00:00Z,2700327.00,0.00,1772843400,expected_expiration-150m,1772843400,0.87,0.88,0.875,0.88,111
KXNBAGAME-26MAR05LALDEN-LAL,KXNBAGAME-26MAR05LALDEN,KXNBAGAME,game_winner,Los Angeles L at Denver Winner?,Los Angeles L,Los Angeles L,no,0,finalized,2026-03-03T17:06:00Z,2026-03-06T05:44:15Z,2026-03-06T06:00:00Z,8626681.00,0.00,1772767800,expected_expiration-150m,1772767800,0.29,0.3,0.295,0.3,111
KXNBAGAME-26MAR05GSWHOU-HOU,KXNBAGAME-26MAR05GSWHOU,KXNBAGAME,game_winner,Golden State at Houston Winner?,Houston,Houston,no,0,finalized,2026-03-03T17:06:00Z,2026-03-06T03:32:05Z,2026-03-06T03:30:00Z,7539471.00,0.00,1772758800,expected_expiration-150m,1772758800,0.67,0.68,0.675,0.68,111
KXNBAGAME-26MAR05LALDEN-DEN,KXNBAGAME-26MAR05LALDEN,KXNBAGAME,game_winner,Los Angeles L at Denver Winner?,Denver,Denver,yes,1,finalized,2026-03-03T17:06:00Z,2026-03-06T05:44:15Z,2026-03-06T06:00:00Z,5469144.00,0.00,1772767800,expected_expiration-150m,1772767800,0.7,0.71,0.705,0.71,111
KXNBAGAME-26MAR05GSWHOU-GSW,KXNBAGAME-26MAR05GSWHOU,KXNBAGAME,game_winner,Golden State at Houston Winner?,Golden State,Golden State,yes,1,finalized,2026-03-03T17:06:00Z,2026-03-06T03:32:05Z,2026-03-06T03:30:00Z,7085074.00,0.00,1772758800,expected_expiration-150m,1772758800,0.32,0.33,0.325,0.32,111
KXNBAGAME-26MAR05BKNMIA-BKN,KXNBAGAME-26MAR05BKNMIA,KXNBAGAME,game_winner,Brooklyn at Miami Winner?,Brooklyn,Brooklyn,no,0,finalized,2026-03-03T17:06:00Z,2026-03-06T03:16:12Z,2026-03-06T03:30:00Z,1219164.00,0.00,1772758800,expected_expiration-150m,1772758800,0.16,0.17,0.165,0.17,109
KXNBAGAME-26MAR05BKNMIA-MIA,KXNBAGAME-26MAR05BKNMIA,KXNBAGAME,game_winner,Brooklyn at Miami Winner?,Miami,Miami,yes,1,finalized,2026-03-03T17:06:00Z,2026-03-06T03:16:12Z,2026-03-06T03:30:00Z,1321145.00,0.00,1772758800,expected_expiration-150m,1772758800,0.84,0.85,0.845,0.84,109
KXNBAGAME-26MAR05DETSAS-DET,KXNBAGAME-26MAR05DETSAS,KXNBAGAME,game_winner,Detroit at San Antonio Winner?,Detroit,Detroit,no,0,finalized,2026-03-03T17:06:00Z,2026-03-06T03:52:02Z,2026-03-06T04:00:00Z,2798545.00,0.00,1772760600,expected_expiration-150m,1772760600,0.26,0.27,0.265,0.27,111
KXNBAGAME-26MAR05DETSAS-SAS,KXNBAGAME-26MAR05DETSAS,KXNBAGAME,game_winner,Detroit at San Antonio Winner?,San Antonio,San Antonio,yes,1,finalized,2026-03-03T17:06:00Z,2026-03-06T03:52:02Z,2026-03-06T04:00:00Z,3566762.00,0.00,1772760600,expected_expiration-150m,1772760600,0.73,0.74,0.735,0.74,111
KXNBAGAME-26MAR06PORHOU-HOU,KXNBAGAME-26MAR06PORHOU,KXNBAGAME,game_winner,Portland at Houston Winner?,Houston,Houston,yes,1,finalized,2026-03-04T17:06:00Z,2026-03-07T03:38:07Z,2026-03-07T04:00:00Z,4153206.00,0.00,1772847000,expected_expiration-150m,1772847000,0.51,0.52,0.515,0.51,111
KXNBAGAME-26MAR04UTAPHI-PHI,KXNBAGAME-26MAR04UTAPHI,KXNBAGAME,game_winner,Utah at Philadelphia Winner?,Philadelphia,Philadelphia,yes,1,finalized,2026-03-02T17:06:00Z,2026-03-05T03:06:03Z,2026-03-05T03:30:00Z,3120832.00,0.00,1772672400,expected_expiration-150m,1772672400,0.83,0.84,0.835,0.83,111
KXNBAGAME-26MAR04CHABOS-CHA,KXNBAGAME-26MAR04CHABOS,KXNBAGAME,game_winner,Charlotte at Boston Winner?,Charlotte,Charlotte,yes,1,finalized,2026-03-02T17:06:00Z,2026-03-05T03:06:03Z,2026-03-05T03:30:00Z,3648804.00,0.00,1772672400,expected_expiration-150m,1772672400,0.43,0.45,0.44,0.45,111
KXNBAGAME-26MAR05NOPSAC-NOP,KXNBAGAME-26MAR05NOPSAC,KXNBAGAME,game_winner,New Orleans at Sacramento Winner?,New Orleans,New Orleans,yes,1,finalized,2026-03-03T17:06:00Z,2026-03-06T05:41:54Z,2026-03-06T06:00:00Z,2249730.00,0.00,1772767800,expected_expiration-150m,1772767800,0.57,0.58,0.575,0.58,109
KXNBAGAME-26MAR04OKCNYK-OKC,KXNBAGAME-26MAR04OKCNYK,KXNBAGAME,game_winner,Oklahoma City at New York Winner?,Oklahoma City,Oklahoma City,yes,1,finalized,2026-03-02T14:06:00Z,2026-03-05T03:04:09Z,2026-03-05T03:00:00Z,7618360.00,0.00,1772670600,expected_expiration-150m,1772670600,0.71,0.72,0.715,0.72,111
KXNBAGAME-26MAR05TORMIN-TOR,KXNBAGAME-26MAR05TORMIN,KXNBAGAME,game_winner,Toronto at Minnesota Winner?,Toronto,Toronto,no,0,finalized,2026-03-03T17:06:00Z,2026-03-06T03:46:08Z,2026-03-06T04:00:00Z,1254727.00,0.00,1772760600,expected_expiration-150m,1772760600,0.38,0.39,0.385,0.39,111
KXNBAGAME-26MAR05TORMIN-MIN,KXNBAGAME-26MAR05TORMIN,KXNBAGAME,game_winner,Toronto at Minnesota Winner?,Minnesota,Minnesota,yes,1,finalized,2026-03-03T17:06:00Z,2026-03-06T03:46:08Z,2026-03-06T04:00:00Z,1914015.00,0.00,1772760600,expected_expiration-150m,1772760600,0.6,0.61,0.605,0.61,111
KXNBAGAME-26MAR04INDLAC-IND,KXNBAGAME-26MAR04INDLAC,KXNBAGAME,game_winner,Indiana at Los Angeles C Winner?,Indiana,Indiana,no,0,finalized,2026-03-02T20:07:00Z,2026-03-05T06:20:36Z,2026-03-05T06:30:00Z,3226320.00,0.00,1772683200,expected_expiration-150m,1772683200,0.07,0.08,0.07500000000000001,0.08,111
KXNBAGAME-26MAR04OKCNYK-NYK,KXNBAGAME-26MAR04OKCNYK,KXNBAGAME,game_winner,Oklahoma City at New York Winner?,New York,New York,no,0,finalized,2026-03-02T14:06:00Z,2026-03-05T03:04:09Z,2026-03-05T03:00:00Z,7752831.00,0.00,1772670600,expected_expiration-150m,1772670600,0.27,0.28,0.275,0.28,111
KXNBAGAME-26MAR03NOPLAL-LAL,KXNBAGAME-26MAR03NOPLAL,KXNBAGAME,game_winner,New Orleans at Los Angeles L Winner?,Los Angeles L,Los Angeles L,yes,1,finalized,2026-03-01T20:07:00Z,2026-03-04T06:15:53Z,2026-03-04T06:30:00Z,10017805.00,0.00,1772596800,expected_expiration-150m,1772596800,0.7,0.72,0.71,0.71,111
KXNBAGAME-26MAR03MEMMIN-MIN,KXNBAGAME-26MAR03MEMMIN,KXNBAGAME,game_winner,Memphis at Minnesota Winner?,Minnesota,Minnesota,yes,1,finalized,2026-03-01T17:06:00Z,2026-03-04T03:40:51Z,2026-03-04T04:00:00Z,2199687.00,0.00,1772587800,expected_expiration-150m,1772587800,0.79,0.8,0.795,0.8,111
KXNBAGAME-26MAR03PHXSAC-SAC,KXNBAGAME-26MAR03PHXSAC,KXNBAGAME,game_winner,Phoenix at Sacramento Winner?,Sacramento,Sacramento,no,0,finalized,2026-03-01T20:07:00Z,2026-03-04T06:45:47Z,2026-03-04T07:00:00Z,2077616.00,0.00,1772598600,expected_expiration-150m,1772598600,0.28,0.29,0.28500000000000003,0.29,111
KXNBAGAME-26MAR03BKNMIA-MIA,KXNBAGAME-26MAR03BKNMIA,KXNBAGAME,game_winner,Brooklyn at Miami Winner?,Miami,Miami,yes,1,finalized,2026-03-01T17:06:00Z,2026-03-04T03:11:20Z,2026-03-04T03:30:00Z,595351.00,0.00,1772586000,expected_expiration-150m,1772586000,0.84,0.85,0.845,0.85,107
KXNBAGAME-26MAR06LACSAS-LAC,KXNBAGAME-26MAR06LACSAS,KXNBAGAME,game_winner,Los Angeles C at San Antonio Winner?,Los Angeles C,Los Angeles C,no,0,finalized,2026-03-04T17:06:00Z,2026-03-07T05:12:03Z,2026-03-07T05:30:00Z,5095815.00,0.00,1772852400,expected_expiration-150m,1772852400,0.32,0.34,0.33,0.34,111
KXNBAGAME-26MAR04CHABOS-BOS,KXNBAGAME-26MAR04CHABOS,KXNBAGAME,game_winner,Charlotte at Boston Winner?,Boston,Boston,no,0,finalized,2026-03-02T17:06:00Z,2026-03-05T03:06:03Z,2026-03-05T03:30:00Z,4986637.00,0.00,1772672400,expected_expiration-150m,1772672400,0.56,0.57,0.565,0.57,111
KXNBAGAME-26MAR03PHXSAC-PHX,KXNBAGAME-26MAR03PHXSAC,KXNBAGAME,game_winner,Phoenix at Sacramento Winner?,Phoenix,Phoenix,yes,1,finalized,2026-03-01T20:07:00Z,2026-03-04T06:45:47Z,2026-03-04T07:00:00Z,2798525.00,0.00,1772598600,expected_expiration-150m,1772598600,0.7,0.71,0.705,0.71,111
KXNBAGAME-26MAR03SASPHI-SAS,KXNBAGAME-26MAR03SASPHI,KXNBAGAME,game_winner,San Antonio at Philadelphia Winner?,San Antonio,San Antonio,yes,1,finalized,2026-03-01T17:06:00Z,2026-03-04T04:01:10Z,2026-03-04T04:00:00Z,1257558.00,0.00,1772587800,expected_expiration-150m,1772587800,0.85,0.87,0.86,0.87,111
KXNBAGAME-26MAR03OKCCHI-OKC,KXNBAGAME-26MAR03OKCCHI,KXNBAGAME,game_winner,Oklahoma City at Chicago Winner?,Oklahoma City,Oklahoma City,yes,1,finalized,2026-03-01T17:07:00Z,2026-03-04T03:33:59Z,2026-03-04T04:00:00Z,1649660.00,0.00,1772587800,expected_expiration-150m,1772587800,0.87,0.88,0.875,0.88,111
KXNBAGAME-26MAR03OKCCHI-CHI,KXNBAGAME-26MAR03OKCCHI,KXNBAGAME,game_winner,Oklahoma City at Chicago Winner?,Chicago,Chicago,no,0,finalized,2026-03-01T17:07:00Z,2026-03-04T03:33:59Z,2026-03-04T04:00:00Z,1138713.00,0.00,1772587800,expected_expiration-150m,1772587800,0.11,0.12,0.11499999999999999,0.12,110
KXNBAGAME-26MAR03NOPLAL-NOP,KXNBAGAME-26MAR03NOPLAL,KXNBAGAME,game_winner,New Orleans at Los Angeles L Winner?,New Orleans,New Orleans,no,0,finalized,2026-03-01T20:07:00Z,2026-03-04T06:15:53Z,2026-03-04T06:30:00Z,4577494.00,0.00,1772596800,expected_expiration-150m,1772596800,0.28,0.3,0.29000000000000004,0.3,111
KXNBAGAME-26MAR03DETCLE-DET,KXNBAGAME-26MAR03DETCLE,KXNBAGAME,game_winner,Detroit at Cleveland Winner?,Detroit,Detroit,no,0,finalized,2026-03-01T14:07:00Z,2026-03-04T02:38:05Z,2026-03-04T03:00:00Z,6274104.00,0.00,1772584200,expected_expiration-150m,1772584200,0.52,0.53,0.525,0.53,111
KXNBAGAME-26MAR05DALORL-ORL,KXNBAGAME-26MAR05DALORL,KXNBAGAME,game_winner,Dallas at Orlando Winner?,Orlando,Orlando,yes,1,finalized,2026-03-03T14:06:00Z,2026-03-06T02:44:13Z,2026-03-06T03:00:00Z,3636155.00,0.00,1772757000,expected_expiration-150m,1772757000,0.65,0.66,0.655,0.66,111
KXNBAGAME-26MAR04PORMEM-MEM,KXNBAGAME-26MAR04PORMEM,KXNBAGAME,game_winner,Portland at Memphis Winner?,Memphis,Memphis,no,0,finalized,2026-03-02T17:06:00Z,2026-03-05T03:42:01Z,2026-03-05T04:00:00Z,2979774.00,0.00,1772674200,expected_expiration-150m,1772674200,0.24,0.26,0.25,0.26,111
KXNBAGAME-26MAR03NYKTOR-TOR,KXNBAGAME-26MAR03NYKTOR,KXNBAGAME,game_winner,New York at Toronto Winner?,Toronto,Toronto,no,0,finalized,2026-03-01T17:06:00Z,2026-03-04T03:08:02Z,2026-03-04T03:30:00Z,2443598.00,0.00,1772586000,expected_expiration-150m,1772586000,0.6,0.61,0.605,0.61,111
KXNBAGAME-26MAR03BKNMIA-BKN,KXNBAGAME-26MAR03BKNMIA,KXNBAGAME,game_winner,Brooklyn at Miami Winner?,Brooklyn,Brooklyn,no,0,finalized,2026-03-01T17:06:00Z,2026-03-04T03:11:20Z,2026-03-04T03:30:00Z,692515.00,0.00,1772586000,expected_expiration-150m,1772586000,0.14,0.15,0.14500000000000002,0.15,111
KXNBAGAME-26MAR03WASORL-ORL,KXNBAGAME-26MAR03WASORL,KXNBAGAME,game_winner,Washington at Orlando Winner?,Orlando,Orlando,yes,1,finalized,2026-03-01T14:06:00Z,2026-03-04T02:44:15Z,2026-03-04T03:00:00Z,611610.00,0.00,1772584200,expected_expiration-150m,1772584200,0.95,0.96,0.955,0.96,109
KXNBAGAME-26MAR02DENUTA-UTA,KXNBAGAME-26MAR02DENUTA,KXNBAGAME,game_winner,Denver at Utah Winner?,Utah,Utah,no,0,finalized,2026-02-28T17:07:00Z,2026-03-03T05:01:32Z,2026-03-03T05:00:00Z,7895829.00,0.00,1772505000,expected_expiration-150m,1772505000,0.09,0.1,0.095,0.1,111
KXNBAGAME-26MAR03SASPHI-PHI,KXNBAGAME-26MAR03SASPHI,KXNBAGAME,game_winner,San Antonio at Philadelphia Winner?,Philadelphia,Philadelphia,no,0,finalized,2026-03-01T17:06:00Z,2026-03-04T04:01:10Z,2026-03-04T04:00:00Z,744480.00,0.00,1772587800,expected_expiration-150m,1772587800,0.13,0.15,0.14,0.15,111
KXNBAGAME-26MAR03WASORL-WAS,KXNBAGAME-26MAR03WASORL,KXNBAGAME,game_winner,Washington at Orlando Winner?,Washington,Washington,no,0,finalized,2026-03-01T14:06:00Z,2026-03-04T02:44:15Z,2026-03-04T03:00:00Z,1532297.00,0.00,1772584200,expected_expiration-150m,1772584200,0.04,0.05,0.045,0.05,111
KXNBAGAME-26MAR02LACGSW-LAC,KXNBAGAME-26MAR02LACGSW,KXNBAGAME,game_winner,Los Angeles C at Golden State Winner?,Los Angeles C,Los Angeles C,yes,1,finalized,2026-02-28T17:06:00Z,2026-03-03T05:37:23Z,2026-03-03T06:00:00Z,12543032.00,0.00,1772508600,expected_expiration-150m,1772508600,0.45,0.46,0.455,0.45,111
KXNBAGAME-26MAR02BOSMIL-MIL,KXNBAGAME-26MAR02BOSMIL,KXNBAGAME,game_winner,Boston at Milwaukee Winner?,Milwaukee,Milwaukee,no,0,finalized,2026-02-28T17:06:00Z,2026-03-03T02:50:38Z,2026-03-03T03:30:00Z,5362081.00,0.00,1772499600,expected_expiration-150m,1772499600,0.35,0.36,0.355,0.36,111
KXNBAGAME-26MAR03NYKTOR-NYK,KXNBAGAME-26MAR03NYKTOR,KXNBAGAME,game_winner,New York at Toronto Winner?,New York,New York,yes,1,finalized,2026-03-01T17:06:00Z,2026-03-04T03:08:02Z,2026-03-04T03:30:00Z,4296919.00,0.00,1772586000,expected_expiration-150m,1772586000,0.39,0.4,0.395,0.4,111
KXNBAGAME-26MAR03DETCLE-CLE,KXNBAGAME-26MAR03DETCLE,KXNBAGAME,game_winner,Detroit at Cleveland Winner?,Cleveland,Cleveland,yes,1,finalized,2026-03-01T14:07:00Z,2026-03-04T02:38:05Z,2026-03-04T03:00:00Z,3311832.00,0.00,1772584200,expected_expiration-150m,1772584200,0.47,0.48,0.475,0.48,111
KXNBAGAME-26MAR02LACGSW-GSW,KXNBAGAME-26MAR02LACGSW,KXNBAGAME,game_winner,Los Angeles C at Golden State Winner?,Golden State,Golden State,no,0,finalized,2026-02-28T17:06:00Z,2026-03-03T05:37:23Z,2026-03-03T06:00:00Z,6663804.00,0.00,1772508600,expected_expiration-150m,1772508600,0.54,0.55,0.545,0.55,111
KXNBAGAME-26MAR03DALCHA-CHA,KXNBAGAME-26MAR03DALCHA,KXNBAGAME,game_winner,Dallas at Charlotte Winner?,Charlotte,Charlotte,yes,1,finalized,2026-03-01T14:07:00Z,2026-03-04T02:44:15Z,2026-03-04T03:00:00Z,1233769.00,0.00,1772584200,expected_expiration-150m,1772584200,0.92,0.93,0.925,0.93,111
KXNBAGAME-26MAR02HOUWAS-WAS,KXNBAGAME-26MAR02HOUWAS,KXNBAGAME,game_winner,Houston at Washington Winner?,Washington,Washington,no,0,finalized,2026-02-28T14:06:00Z,2026-03-03T02:46:02Z,2026-03-03T03:00:00Z,2777049.00,0.00,1772497800,expected_expiration-150m,1772497800,0.14,0.15,0.14500000000000002,0.15,111
KXNBAGAME-26MAR02HOUWAS-HOU,KXNBAGAME-26MAR02HOUWAS,KXNBAGAME,game_winner,Houston at Washington Winner?,Houston,Houston,yes,1,finalized,2026-02-28T14:06:00Z,2026-03-03T02:46:02Z,2026-03-03T03:00:00Z,2796434.00,0.00,1772497800,expected_expiration-150m,1772497800,0.85,0.86,0.855,0.86,111
KXNBAGAME-26MAR03MEMMIN-MEM,KXNBAGAME-26MAR03MEMMIN,KXNBAGAME,game_winner,Memphis at Minnesota Winner?,Memphis,Memphis,no,0,finalized,2026-03-01T17:06:00Z,2026-03-04T03:40:51Z,2026-03-04T04:00:00Z,2805654.00,0.00,1772587800,expected_expiration-150m,1772587800,0.19,0.21,0.2,0.2,111
KXNBAGAME-26MAR02DENUTA-DEN,KXNBAGAME-26MAR02DENUTA,KXNBAGAME,game_winner,Denver at Utah Winner?,Denver,Denver,yes,1,finalized,2026-02-28T17:07:00Z,2026-03-03T05:01:32Z,2026-03-03T05:00:00Z,6809539.00,0.00,1772505000,expected_expiration-150m,1772505000,0.91,0.92,0.915,0.92,111
KXNBAGAME-26MAR01PHIBOS-BOS,KXNBAGAME-26MAR01PHIBOS,KXNBAGAME,game_winner,Philadelphia at Boston Winner?,Boston,Boston,yes,1,finalized,2026-02-27T17:07:00Z,2026-03-02T03:45:59Z,2026-03-02T04:00:00Z,5727349.00,0.00,1772415000,expected_expiration-150m,1772415000,0.62,0.63,0.625,0.63,111
KXNBAGAME-26MAR01PHIBOS-PHI,KXNBAGAME-26MAR01PHIBOS,KXNBAGAME,game_winner,Philadelphia at Boston Winner?,Philadelphia,Philadelphia,no,0,finalized,2026-02-27T17:07:00Z,2026-03-02T03:45:59Z,2026-03-02T04:00:00Z,5721880.00,0.00,1772415000,expected_expiration-150m,1772415000,0.37,0.38,0.375,0.37,111
KXNBAGAME-26MAR01OKCDAL-OKC,KXNBAGAME-26MAR01OKCDAL,KXNBAGAME,game_winner,Oklahoma City at Dallas Winner?,Oklahoma City,Oklahoma City,yes,1,finalized,2026-02-27T17:07:00Z,2026-03-02T03:43:54Z,2026-03-02T04:00:00Z,1966747.00,0.00,1772415000,expected_expiration-150m,1772415000,0.93,0.94,0.935,0.94,111
KXNBAGAME-26MAR01NOPLAC-NOP,KXNBAGAME-26MAR01NOPLAC,KXNBAGAME,game_winner,New Orleans at Los Angeles C Winner?,New Orleans,New Orleans,no,0,finalized,2026-02-27T17:07:00Z,2026-03-02T04:47:48Z,2026-03-02T05:00:00Z,3515629.00,0.00,1772418600,expected_expiration-150m,1772418600,0.09,0.1,0.095,0.1,111
KXNBAGAME-26MAR01SACLAL-SAC,KXNBAGAME-26MAR01SACLAL,KXNBAGAME,game_winner,Sacramento at Los Angeles L Winner?,Sacramento,Sacramento,no,0,finalized,2026-02-27T17:07:00Z,2026-03-02T05:03:50Z,2026-03-02T05:30:00Z,2245747.00,0.00,1772420400,expected_expiration-150m,1772420400,0.05,0.06,0.055,0.05,111
KXNBAGAME-26MAR01SACLAL-LAL,KXNBAGAME-26MAR01SACLAL,KXNBAGAME,game_winner,Sacramento at Los Angeles L Winner?,Los Angeles L,Los Angeles L,yes,1,finalized,2026-02-27T17:07:00Z,2026-03-02T05:03:50Z,2026-03-02T05:30:00Z,1902288.00,0.00,1772420400,expected_expiration-150m,1772420400,0.94,0.95,0.945,0.94,111
KXNBAGAME-26MAR01NOPLAC-LAC,KXNBAGAME-26MAR01NOPLAC,KXNBAGAME,game_winner,New Orleans at Los Angeles C Winner?,Los Angeles C,Los Angeles C,yes,1,finalized,2026-02-27T17:07:00Z,2026-03-02T04:47:48Z,2026-03-02T05:00:00Z,3033323.00,0.00,1772418600,expected_expiration-150m,1772418600,0.9,0.91,0.905,0.91,111
KXNBAGAME-26MAR01PORATL-POR,KXNBAGAME-26MAR01PORATL,KXNBAGAME,game_winner,Portland at Atlanta Winner?,Portland,Portland,no,0,finalized,2026-02-27T14:06:00Z,2026-03-02T01:30:59Z,2026-03-02T02:00:00Z,1050122.00,0.00,1772407800,expected_expiration-150m,1772407800,0.17,0.18,0.175,0.18,111
KXNBAGAME-26MAR03DALCHA-DAL,KXNBAGAME-26MAR03DALCHA,KXNBAGAME,game_winner,Dallas at Charlotte Winner?,Dallas,Dallas,no,0,finalized,2026-03-01T14:07:00Z,2026-03-04T02:44:15Z,2026-03-04T03:00:00Z,1396042.00,0.00,1772584200,expected_expiration-150m,1772584200,0.07,0.08,0.07500000000000001,0.08,111
KXNBAGAME-26MAR01MILCHI-MIL,KXNBAGAME-26MAR01MILCHI,KXNBAGAME,game_winner,Milwaukee at Chicago Winner?,Milwaukee,Milwaukee,no,0,finalized,2026-02-27T11:06:00Z,2026-03-01T23:32:10Z,2026-03-01T23:30:00Z,1985199.00,0.00,1772398800,expected_expiration-150m,1772398800,0.54,0.55,0.545,0.55,111
KXNBAGAME-26MAR01OKCDAL-DAL,KXNBAGAME-26MAR01OKCDAL,KXNBAGAME,game_winner,Oklahoma City at Dallas Winner?,Dallas,Dallas,no,0,finalized,2026-02-27T17:07:00Z,2026-03-02T03:43:54Z,2026-03-02T04:00:00Z,2514879.00,0.00,1772415000,expected_expiration-150m,1772415000,0.06,0.07,0.065,0.07,111
KXNBAGAME-26MAR05DALORL-DAL,KXNBAGAME-26MAR05DALORL,KXNBAGAME,game_winner,Dallas at Orlando Winner?,Dallas,Dallas,no,0,finalized,2026-03-03T14:06:00Z,2026-03-06T02:44:13Z,2026-03-06T03:00:00Z,4153590.00,0.00,1772757000,expected_expiration-150m,1772757000,0.35,0.36,0.355,0.36,108
KXNBAGAME-26MAR01MILCHI-CHI,KXNBAGAME-26MAR01MILCHI,KXNBAGAME,game_winner,Milwaukee at Chicago Winner?,Chicago,Chicago,yes,1,finalized,2026-02-27T11:06:00Z,2026-03-01T23:32:10Z,2026-03-01T23:30:00Z,1832057.00,0.00,1772398800,expected_expiration-150m,1772398800,0.45,0.46,0.455,0.46,111
KXNBAGAME-26MAR04INDLAC-LAC,KXNBAGAME-26MAR04INDLAC,KXNBAGAME,game_winner,Indiana at Los Angeles C Winner?,Los Angeles C,Los Angeles C,yes,1,finalized,2026-03-02T20:07:00Z,2026-03-05T06:20:36Z,2026-03-05T06:30:00Z,2152815.00,0.00,1772683200,expected_expiration-150m,1772683200,0.92,0.93,0.925,0.93,111
KXNBAGAME-26MAR01DETORL-DET,KXNBAGAME-26MAR01DETORL,KXNBAGAME,game_winner,Detroit at Orlando Winner?,Detroit,Detroit,yes,1,finalized,2026-02-27T14:06:00Z,2026-03-02T01:37:52Z,2026-03-02T02:00:00Z,6347404.00,0.00,1772407800,expected_expiration-150m,1772407800,0.61,0.62,0.615,0.63,111
KXNBAGAME-26MAR05UTAWAS-WAS,KXNBAGAME-26MAR05UTAWAS,KXNBAGAME,game_winner,Utah at Washington Winner?,Washington,Washington,no,0,finalized,2026-03-03T14:06:00Z,2026-03-06T02:31:30Z,2026-03-06T03:00:00Z,2124614.00,0.00,1772757000,expected_expiration-150m,1772757000,0.46,0.47,0.46499999999999997,0.47,111
KXNBAGAME-26MAR02BOSMIL-BOS,KXNBAGAME-26MAR02BOSMIL,KXNBAGAME,game_winner,Boston at Milwaukee Winner?,Boston,Boston,yes,1,finalized,2026-02-28T17:06:00Z,2026-03-03T02:50:38Z,2026-03-03T03:30:00Z,5582598.00,0.00,1772499600,expected_expiration-150m,1772499600,0.64,0.65,0.645,0.65,111
KXNBAGAME-26FEB28NOPUTA-UTA,KXNBAGAME-26FEB28NOPUTA,KXNBAGAME,game_winner,New Orleans at Utah Winner?,Utah,Utah,no,0,finalized,2026-02-26T17:06:00Z,2026-03-01T05:17:48Z,2026-03-01T05:30:00Z,3455942.00,0.00,1772334000,expected_expiration-150m,1772334000,0.28,0.29,0.28500000000000003,0.29,111
KXNBAGAME-26MAR01PORATL-ATL,KXNBAGAME-26MAR01PORATL,KXNBAGAME,game_winner,Portland at Atlanta Winner?,Atlanta,Atlanta,yes,1,finalized,2026-02-27T14:06:00Z,2026-03-02T01:30:59Z,2026-03-02T02:00:00Z,1240752.00,0.00,1772407800,expected_expiration-150m,1772407800,0.81,0.82,0.815,0.82,110
KXNBAGAME-26MAR01MEMIND-IND,KXNBAGAME-26MAR01MEMIND,KXNBAGAME,game_winner,Memphis at Indiana Winner?,Indiana,Indiana,no,0,finalized,2026-02-27T14:06:00Z,2026-03-02T01:01:09Z,2026-03-02T01:00:00Z,1778086.00,0.00,1772404200,expected_expiration-150m,1772404200,0.45,0.46,0.455,0.46,106
KXNBAGAME-26FEB28LALGSW-GSW,KXNBAGAME-26FEB28LALGSW,KXNBAGAME,game_winner,Los Angeles L at Golden State Winner?,Golden State,Golden State,no,0,finalized,2026-02-26T17:06:00Z,2026-03-01T03:57:04Z,2026-03-01T04:30:00Z,3136350.00,0.00,1772330400,expected_expiration-150m,1772330400,0.16,0.17,0.165,0.16,111
KXNBAGAME-26FEB28TORWAS-WAS,KXNBAGAME-26FEB28TORWAS,KXNBAGAME,game_winner,Toronto at Washington Winner?,Washington,Washington,no,0,finalized,2026-02-26T14:06:00Z,2026-03-01T02:41:54Z,2026-03-01T03:00:00Z,4898847.00,0.00,1772325000,expected_expiration-150m,1772325000,0.18,0.2,0.19,0.2,111
KXNBAGAME-26MAR01MINDEN-MIN,KXNBAGAME-26MAR01MINDEN,KXNBAGAME,game_winner,Minnesota at Denver Winner?,Minnesota,Minnesota,yes,1,finalized,2026-02-27T11:06:00Z,2026-03-01T23:41:13Z,2026-03-01T23:30:00Z,5086336.00,0.00,1772398800,expected_expiration-150m,1772398800,0.39,0.4,0.395,0.4,111
KXNBAGAME-26FEB28PORCHA-POR,KXNBAGAME-26FEB28PORCHA,KXNBAGAME,game_winner,Portland at Charlotte Winner?,Portland,Portland,no,0,finalized,2026-02-26T11:06:00Z,2026-02-28T20:46:01Z,2026-02-28T21:00:00Z,3261462.00,0.00,1772303400,expected_expiration-150m,1772303400,0.16,0.17,0.165,0.16,111
KXNBAGAME-26FEB28PORCHA-CHA,KXNBAGAME-26FEB28PORCHA,KXNBAGAME,game_winner,Portland at Charlotte Winner?,Charlotte,Charlotte,yes,1,finalized,2026-02-26T11:06:00Z,2026-02-28T20:46:01Z,2026-02-28T21:00:00Z,2884683.00,0.00,1772303400,expected_expiration-150m,1772303400,0.83,0.84,0.835,0.84,111
KXNBAGAME-26FEB28HOUMIA-MIA,KXNBAGAME-26FEB28HOUMIA,KXNBAGAME,game_winner,Houston at Miami Winner?,Miami,Miami,yes,1,finalized,2026-02-26T11:06:00Z,2026-02-28T23:27:56Z,2026-02-28T23:30:00Z,4650609.00,0.00,1772312400,expected_expiration-150m,1772312400,0.42,0.43,0.425,0.43,111
KXNBAGAME-26MAR01CLEBKN-BKN,KXNBAGAME-26MAR01CLEBKN,KXNBAGAME,game_winner,Cleveland at Brooklyn Winner?,Brooklyn,Brooklyn,no,0,finalized,2026-02-27T11:06:00Z,2026-03-01T23:36:07Z,2026-03-01T23:30:00Z,4260924.00,0.00,1772398800,expected_expiration-150m,1772398800,0.09,0.1,0.095,0.1,111
KXNBAGAME-26MAR01CLEBKN-CLE,KXNBAGAME-26MAR01CLEBKN,KXNBAGAME,game_winner,Cleveland at Brooklyn Winner?,Cleveland,Cleveland,yes,1,finalized,2026-02-27T11:06:00Z,2026-03-01T23:36:07Z,2026-03-01T23:30:00Z,4179971.00,0.00,1772398800,expected_expiration-150m,1772398800,0.91,0.92,0.915,0.92,111
KXNBAGAME-26FEB27DENOKC-DEN,KXNBAGAME-26FEB27DENOKC,KXNBAGAME,game_winner,Denver at Oklahoma City Winner?,Denver,Denver,no,0,finalized,2026-02-25T17:07:00Z,2026-02-28T05:44:21Z,2026-02-28T05:30:00Z,12404774.00,0.00,1772247600,expected_expiration-150m,1772247600,0.31,0.32,0.315,0.32,111
KXNBAGAME-26FEB27MEMDAL-MEM,KXNBAGAME-26FEB27MEMDAL,KXNBAGAME,game_winner,Memphis at Dallas Winner?,Memphis,Memphis,yes,1,finalized,2026-02-25T17:07:00Z,2026-02-28T04:05:54Z,2026-02-28T04:30:00Z,1359924.00,0.00,1772244000,expected_expiration-150m,1772244000,0.54,0.55,0.545,0.55,111
KXNBAGAME-26FEB28NOPUTA-NOP,KXNBAGAME-26FEB28NOPUTA,KXNBAGAME,game_winner,New Orleans at Utah Winner?,New Orleans,New Orleans,yes,1,finalized,2026-02-26T17:06:00Z,2026-03-01T05:17:48Z,2026-03-01T05:30:00Z,2527354.00,0.00,1772334000,expected_expiration-150m,1772334000,0.71,0.72,0.715,0.72,111
KXNBAGAME-26FEB27NYKMIL-NYK,KXNBAGAME-26FEB27NYKMIL,KXNBAGAME,game_winner,New York at Milwaukee Winner?,New York,New York,yes,1,finalized,2026-02-25T17:07:00Z,2026-02-28T03:32:04Z,2026-02-28T04:00:00Z,1531615.00,0.00,1772242200,expected_expiration-150m,1772242200,0.77,0.78,0.775,0.77,111
KXNBAGAME-26FEB27NYKMIL-MIL,KXNBAGAME-26FEB27NYKMIL,KXNBAGAME,game_winner,New York at Milwaukee Winner?,Milwaukee,Milwaukee,no,0,finalized,2026-02-25T17:07:00Z,2026-02-28T03:32:04Z,2026-02-28T04:00:00Z,1484826.00,0.00,1772242200,expected_expiration-150m,1772242200,0.23,0.24,0.235,0.24,111
KXNBAGAME-26FEB28TORWAS-TOR,KXNBAGAME-26FEB28TORWAS,KXNBAGAME,game_winner,Toronto at Washington Winner?,Toronto,Toronto,yes,1,finalized,2026-02-26T14:06:00Z,2026-03-01T02:41:54Z,2026-03-01T03:00:00Z,2897974.00,0.00,1772325000,expected_expiration-150m,1772325000,0.81,0.82,0.815,0.82,111
KXNBAGAME-26FEB28HOUMIA-HOU,KXNBAGAME-26FEB28HOUMIA,KXNBAGAME,game_winner,Houston at Miami Winner?,Houston,Houston,no,0,finalized,2026-02-26T11:06:00Z,2026-02-28T23:27:56Z,2026-02-28T23:30:00Z,7987546.00,0.00,1772312400,expected_expiration-150m,1772312400,0.57,0.59,0.58,0.59,111
KXNBAGAME-26FEB27BKNBOS-BOS,KXNBAGAME-26FEB27BKNBOS,KXNBAGAME,game_winner,Brooklyn at Boston Winner?,Boston,Boston,yes,1,finalized,2026-02-25T17:07:00Z,2026-02-28T03:04:09Z,2026-02-28T03:30:00Z,1579169.00,0.00,1772240400,expected_expiration-150m,1772240400,0.95,0.96,0.955,0.95,111
KXNBAGAME-26MAR01MINDEN-DEN,KXNBAGAME-26MAR01MINDEN,KXNBAGAME,game_winner,Minnesota at Denver Winner?,Denver,Denver,no,0,finalized,2026-02-27T11:06:00Z,2026-03-01T23:41:13Z,2026-03-01T23:30:00Z,5480171.00,0.00,1772398800,expected_expiration-150m,1772398800,0.6,0.61,0.605,0.61,111
KXNBAGAME-26FEB27BKNBOS-BKN,KXNBAGAME-26FEB27BKNBOS,KXNBAGAME,game_winner,Brooklyn at Boston Winner?,Brooklyn,Brooklyn,no,0,finalized,2026-02-25T17:07:00Z,2026-02-28T03:04:09Z,2026-02-28T03:30:00Z,2770742.00,0.00,1772240400,expected_expiration-150m,1772240400,0.04,0.05,0.045,0.05,111
KXNBAGAME-26FEB27CLEDET-CLE,KXNBAGAME-26FEB27CLEDET,KXNBAGAME,game_winner,Cleveland at Detroit Winner?,Cleveland,Cleveland,no,0,finalized,2026-02-25T14:06:00Z,2026-02-28T03:35:31Z,2026-02-28T03:00:00Z,11407261.00,0.00,1772238600,expected_expiration-150m,1772238600,0.29,0.3,0.295,0.3,111
KXNBAGAME-26FEB26MINLAC-MIN,KXNBAGAME-26FEB26MINLAC,KXNBAGAME,game_winner,Minnesota at Los Angeles C Winner?,Minnesota,Minnesota,yes,1,finalized,2026-02-24T17:07:00Z,2026-02-27T05:57:44Z,2026-02-27T06:00:00Z,6925139.00,0.00,1772163000,expected_expiration-150m,1772163000,0.8,0.81,0.805,0.81,111
KXNBAGAME-26FEB27MEMDAL-DAL,KXNBAGAME-26FEB27MEMDAL,KXNBAGAME,game_winner,Memphis at Dallas Winner?,Dallas,Dallas,no,0,finalized,2026-02-25T17:07:00Z,2026-02-28T04:05:54Z,2026-02-28T04:30:00Z,1322799.00,0.00,1772244000,expected_expiration-150m,1772244000,0.46,0.47,0.46499999999999997,0.47,111
KXNBAGAME-26MAR01SASNYK-SAS,KXNBAGAME-26MAR01SASNYK,KXNBAGAME,game_winner,San Antonio at New York Winner?,San Antonio,San Antonio,no,0,finalized,2026-02-27T08:05:00Z,2026-03-01T20:56:12Z,2026-03-01T21:00:00Z,9170881.00,0.00,1772389800,expected_expiration-150m,1772389800,0.65,0.67,0.66,0.67,111
KXNBAGAME-26FEB27CLEDET-DET,KXNBAGAME-26FEB27CLEDET,KXNBAGAME,game_winner,Cleveland at Detroit Winner?,Detroit,Detroit,yes,1,finalized,2026-02-25T14:06:00Z,2026-02-28T03:35:31Z,2026-02-28T03:00:00Z,12901336.00,0.00,1772238600,expected_expiration-150m,1772238600,0.71,0.72,0.715,0.71,111
KXNBAGAME-26FEB26SACDAL-SAC,KXNBAGAME-26FEB26SACDAL,KXNBAGAME,game_winner,Sacramento at Dallas Winner?,Sacramento,Sacramento,yes,1,finalized,2026-02-24T17:07:00Z,2026-02-27T04:03:47Z,2026-02-27T04:30:00Z,3011610.00,0.00,1772157600,expected_expiration-150m,1772157600,0.36,0.38,0.37,0.38,110
KXNBAGAME-26FEB26SACDAL-DAL,KXNBAGAME-26FEB26SACDAL,KXNBAGAME,game_winner,Sacramento at Dallas Winner?,Dallas,Dallas,no,0,finalized,2026-02-24T17:07:00Z,2026-02-27T04:03:47Z,2026-02-27T04:30:00Z,3440370.00,0.00,1772157600,expected_expiration-150m,1772157600,0.62,0.63,0.625,0.61,111
KXNBAGAME-26FEB28LALGSW-LAL,KXNBAGAME-26FEB28LALGSW,KXNBAGAME,game_winner,Los Angeles L at Golden State Winner?,Los Angeles L,Los Angeles L,yes,1,finalized,2026-02-26T17:06:00Z,2026-03-01T03:57:04Z,2026-03-01T04:30:00Z,6031112.00,0.00,1772330400,expected_expiration-150m,1772330400,0.83,0.85,0.84,0.85,111
KXNBAGAME-26FEB26NOPUTA-UTA,KXNBAGAME-26FEB26NOPUTA,KXNBAGAME,game_winner,New Orleans at Utah Winner?,Utah,Utah,no,0,finalized,2026-02-24T17:07:00Z,2026-02-27T04:43:46Z,2026-02-27T05:00:00Z,1353297.00,0.00,1772159400,expected_expiration-150m,1772159400,0.29,0.3,0.295,0.3,107
KXNBAGAME-26FEB26PORCHI-POR,KXNBAGAME-26FEB26PORCHI,KXNBAGAME,game_winner,Portland at Chicago Winner?,Portland,Portland,yes,1,finalized,2026-02-24T17:07:00Z,2026-02-27T03:40:23Z,2026-02-27T04:00:00Z,2120734.00,0.00,1772155800,expected_expiration-150m,1772155800,0.54,0.55,0.545,0.55,111
KXNBAGAME-26FEB26NOPUTA-NOP,KXNBAGAME-26FEB26NOPUTA,KXNBAGAME,game_winner,New Orleans at Utah Winner?,New Orleans,New Orleans,yes,1,finalized,2026-02-24T17:07:00Z,2026-02-27T04:43:46Z,2026-02-27T05:00:00Z,916537.00,0.00,1772159400,expected_expiration-150m,1772159400,0.7,0.71,0.705,0.7,111
KXNBAGAME-26FEB26PORCHI-CHI,KXNBAGAME-26FEB26PORCHI,KXNBAGAME,game_winner,Portland at Chicago Winner?,Chicago,Chicago,no,0,finalized,2026-02-24T17:07:00Z,2026-02-27T03:40:23Z,2026-02-27T04:00:00Z,1796111.00,0.00,1772155800,expected_expiration-150m,1772155800,0.45,0.46,0.455,0.46,109
KXNBAGAME-26FEB26MINLAC-LAC,KXNBAGAME-26FEB26MINLAC,KXNBAGAME,game_winner,Minnesota at Los Angeles C Winner?,Los Angeles C,Los Angeles C,no,0,finalized,2026-02-24T17:07:00Z,2026-02-27T05:57:44Z,2026-02-27T06:00:00Z,7665708.00,0.00,1772163000,expected_expiration-150m,1772163000,0.19,0.2,0.195,0.2,111
KXNBAGAME-26FEB26WASATL-WAS,KXNBAGAME-26FEB26WASATL,KXNBAGAME,game_winner,Washington at Atlanta Winner?,Washington,Washington,no,0,finalized,2026-02-24T17:07:00Z,2026-02-27T02:56:00Z,2026-02-27T03:30:00Z,644070.00,0.00,1772154000,expected_expiration-150m,1772154000,0.16,0.17,0.165,0.17,111
KXNBAGAME-26FEB26HOUORL-ORL,KXNBAGAME-26FEB26HOUORL,KXNBAGAME,game_winner,Houston at Orlando Winner?,Orlando,Orlando,no,0,finalized,2026-02-24T17:07:00Z,2026-02-27T03:20:23Z,2026-02-27T03:30:00Z,3837751.00,0.00,1772154000,expected_expiration-150m,1772154000,0.41,0.42,0.415,0.42,111
KXNBAGAME-26FEB26CHAIND-IND,KXNBAGAME-26FEB26CHAIND,KXNBAGAME,game_winner,Charlotte at Indiana Winner?,Indiana,Indiana,no,0,finalized,2026-02-24T14:06:00Z,2026-02-27T02:36:07Z,2026-02-27T03:00:00Z,2316993.00,0.00,1772152200,expected_expiration-150m,1772152200,0.22,0.24,0.22999999999999998,0.23,111
KXNBAGAME-26FEB26WASATL-ATL,KXNBAGAME-26FEB26WASATL,KXNBAGAME,game_winner,Washington at Atlanta Winner?,Atlanta,Atlanta,yes,1,finalized,2026-02-24T17:07:00Z,2026-02-27T02:56:00Z,2026-02-27T03:30:00Z,533382.00,0.00,1772154000,expected_expiration-150m,1772154000,0.83,0.84,0.835,0.84,111
KXNBAGAME-26FEB26SASBKN-SAS,KXNBAGAME-26FEB26SASBKN,KXNBAGAME,game_winner,San Antonio at Brooklyn Winner?,San Antonio,San Antonio,yes,1,finalized,2026-02-24T17:07:00Z,2026-02-27T03:00:43Z,2026-02-27T03:30:00Z,2089010.00,0.00,1772154000,expected_expiration-150m,1772154000,0.92,0.93,0.925,0.93,111
KXNBAGAME-26FEB26HOUORL-HOU,KXNBAGAME-26FEB26HOUORL,KXNBAGAME,game_winner,Houston at Orlando Winner?,Houston,Houston,yes,1,finalized,2026-02-24T17:07:00Z,2026-02-27T03:20:23Z,2026-02-27T03:30:00Z,6360375.00,0.00,1772154000,expected_expiration-150m,1772154000,0.59,0.6,0.595,0.6,111
KXNBAGAME-26FEB26CHAIND-CHA,KXNBAGAME-26FEB26CHAIND,KXNBAGAME,game_winner,Charlotte at Indiana Winner?,Charlotte,Charlotte,yes,1,finalized,2026-02-24T14:06:00Z,2026-02-27T02:36:07Z,2026-02-27T03:00:00Z,1273551.00,0.00,1772152200,expected_expiration-150m,1772152200,0.77,0.78,0.775,0.78,111
KXNBAGAME-26FEB25BOSDEN-BOS,KXNBAGAME-26FEB25BOSDEN,KXNBAGAME,game_winner,Boston at Denver Winner?,Boston,Boston,no,0,finalized,2026-02-23T17:06:00Z,2026-02-26T05:46:09Z,2026-02-26T06:00:00Z,7808683.00,0.00,1772076600,expected_expiration-150m,1772076600,0.41,0.43,0.42,0.43,111
KXNBAGAME-26FEB26MIAPHI-MIA,KXNBAGAME-26FEB26MIAPHI,KXNBAGAME,game_winner,Miami at Philadelphia Winner?,Miami,Miami,no,0,finalized,2026-02-24T14:06:00Z,2026-02-27T02:40:27Z,2026-02-27T03:00:00Z,3585993.00,0.00,1772152200,expected_expiration-150m,1772152200,0.44,0.45,0.445,0.45,111
KXNBAGAME-26FEB26MIAPHI-PHI,KXNBAGAME-26FEB26MIAPHI,KXNBAGAME,game_winner,Miami at Philadelphia Winner?,Philadelphia,Philadelphia,yes,1,finalized,2026-02-24T14:06:00Z,2026-02-27T02:40:27Z,2026-02-27T03:00:00Z,5222859.00,0.00,1772152200,expected_expiration-150m,1772152200,0.55,0.56,0.555,0.56,111
KXNBAGAME-26FEB25CLEMIL-MIL,KXNBAGAME-26FEB25CLEMIL,KXNBAGAME,game_winner,Cleveland at Milwaukee Winner?,Milwaukee,Milwaukee,yes,1,finalized,2026-02-23T17:06:00Z,2026-02-26T03:36:22Z,2026-02-26T04:00:00Z,4389886.00,0.00,1772069400,expected_expiration-150m,1772069400,0.44,0.45,0.445,0.45,111
KXNBAGAME-26FEB25CLEMIL-CLE,KXNBAGAME-26FEB25CLEMIL,KXNBAGAME,game_winner,Cleveland at Milwaukee Winner?,Cleveland,Cleveland,no,0,finalized,2026-02-23T17:06:00Z,2026-02-26T03:36:22Z,2026-02-26T04:00:00Z,4902538.00,0.00,1772069400,expected_expiration-150m,1772069400,0.55,0.56,0.555,0.56,111
KXNBAGAME-26FEB26SASBKN-BKN,KXNBAGAME-26FEB26SASBKN,KXNBAGAME,game_winner,San Antonio at Brooklyn Winner?,Brooklyn,Brooklyn,no,0,finalized,2026-02-24T17:07:00Z,2026-02-27T03:00:43Z,2026-02-27T03:30:00Z,1037208.00,0.00,1772154000,expected_expiration-150m,1772154000,0.06,0.08,0.07,0.08,110
KXNBAGAME-26FEB25SASTOR-SAS,KXNBAGAME-26FEB25SASTOR,KXNBAGAME,game_winner,San Antonio at Toronto Winner?,San Antonio,San Antonio,yes,1,finalized,2026-02-23T17:06:00Z,2026-02-26T03:18:30Z,2026-02-26T03:30:00Z,7486817.00,0.00,1772067600,expected_expiration-150m,1772067600,0.77,0.78,0.775,0.78,111
KXNBAGAME-26FEB25OKCDET-OKC,KXNBAGAME-26FEB25OKCDET,KXNBAGAME,game_winner,Oklahoma City at Detroit Winner?,Oklahoma City,Oklahoma City,no,0,finalized,2026-02-23T17:06:00Z,2026-02-26T03:20:34Z,2026-02-26T03:30:00Z,10602586.00,0.00,1772067600,expected_expiration-150m,1772067600,0.27,0.28,0.275,0.28,111
KXNBAGAME-26FEB26LALPHX-PHX,KXNBAGAME-26FEB26LALPHX,KXNBAGAME,game_winner,Los Angeles L at Phoenix Winner?,Phoenix,Phoenix,yes,1,finalized,2026-02-24T17:07:00Z,2026-02-27T04:41:45Z,2026-02-27T05:00:00Z,6011939.00,0.00,1772159400,expected_expiration-150m,1772159400,0.28,0.29,0.28500000000000003,0.29,110
KXNBAGAME-26MAR04PORMEM-POR,KXNBAGAME-26MAR04PORMEM,KXNBAGAME,game_winner,Portland at Memphis Winner?,Portland,Portland,yes,1,finalized,2026-03-02T17:06:00Z,2026-03-05T03:42:01Z,2026-03-05T04:00:00Z,1563145.00,0.00,1772674200,expected_expiration-150m,,,,,,0
KXNBAGAME-26FEB25BOSDEN-DEN,KXNBAGAME-26FEB25BOSDEN,KXNBAGAME,game_winner,Boston at Denver Winner?,Denver,Denver,yes,1,finalized,2026-02-23T17:06:00Z,2026-02-26T05:46:09Z,2026-02-26T06:00:00Z,6941709.00,0.00,1772076600,expected_expiration-150m,1772076600,0.57,0.58,0.575,0.58,111
KXNBAGAME-26FEB24ORLLAL-ORL,KXNBAGAME-26FEB24ORLLAL,KXNBAGAME,game_winner,Orlando at Los Angeles L Winner?,Orlando,Orlando,yes,1,finalized,2026-02-22T20:06:00Z,2026-02-25T06:16:21Z,2026-02-25T06:30:00Z,4353465.00,0.00,1771992000,expected_expiration-150m,1771992000,0.27,0.28,0.275,0.28,111
KXNBAGAME-26FEB25SACHOU-SAC,KXNBAGAME-26FEB25SACHOU,KXNBAGAME,game_winner,Sacramento at Houston Winner?,Sacramento,Sacramento,no,0,finalized,2026-02-23T17:06:00Z,2026-02-26T03:54:17Z,2026-02-26T04:00:00Z,945769.00,0.00,1772069400,expected_expiration-150m,1772069400,0.1,0.11,0.10500000000000001,0.11,111
KXNBAGAME-26FEB25SASTOR-TOR,KXNBAGAME-26FEB25SASTOR,KXNBAGAME,game_winner,San Antonio at Toronto Winner?,Toronto,Toronto,no,0,finalized,2026-02-23T17:06:00Z,2026-02-26T03:18:30Z,2026-02-26T03:30:00Z,3954856.00,0.00,1772067600,expected_expiration-150m,1772067600,0.22,0.23,0.225,0.22,111
KXNBAGAME-26FEB25SACHOU-HOU,KXNBAGAME-26FEB25SACHOU,KXNBAGAME,game_winner,Sacramento at Houston Winner?,Houston,Houston,yes,1,finalized,2026-02-23T17:06:00Z,2026-02-26T03:54:17Z,2026-02-26T04:00:00Z,1039368.00,0.00,1772069400,expected_expiration-150m,1772069400,0.9,0.91,0.905,0.91,110
KXNBAGAME-26FEB24MIAMIL-MIL,KXNBAGAME-26FEB24MIAMIL,KXNBAGAME,game_winner,Miami at Milwaukee Winner?,Milwaukee,Milwaukee,yes,1,finalized,2026-02-22T17:06:00Z,2026-02-25T03:40:53Z,2026-02-25T04:00:00Z,1849372.00,0.00,1771983000,expected_expiration-150m,1771983000,0.29,0.3,0.295,0.3,111
KXNBAGAME-26FEB24ORLLAL-LAL,KXNBAGAME-26FEB24ORLLAL,KXNBAGAME,game_winner,Orlando at Los Angeles L Winner?,Los Angeles L,Los Angeles L,no,0,finalized,2026-02-22T20:06:00Z,2026-02-25T06:16:21Z,2026-02-25T06:30:00Z,5326453.00,0.00,1771992000,expected_expiration-150m,1771992000,0.72,0.73,0.725,0.73,111
KXNBAGAME-26FEB24MINPOR-POR,KXNBAGAME-26FEB24MINPOR,KXNBAGAME,game_winner,Minnesota at Portland Winner?,Portland,Portland,no,0,finalized,2026-02-22T17:06:00Z,2026-02-25T05:54:15Z,2026-02-25T06:00:00Z,3538078.00,0.00,1771990200,expected_expiration-150m,1771990200,0.26,0.27,0.265,0.27,108
KXNBAGAME-26FEB24CHACHI-CHA,KXNBAGAME-26FEB24CHACHI,KXNBAGAME,game_winner,Charlotte at Chicago Winner?,Charlotte,Charlotte,yes,1,finalized,2026-02-22T17:06:00Z,2026-02-25T03:22:44Z,2026-02-25T04:00:00Z,780247.00,0.00,1771983000,expected_expiration-150m,1771983000,0.66,0.68,0.67,0.68,106
KXNBAGAME-26FEB24MINPOR-MIN,KXNBAGAME-26FEB24MINPOR,KXNBAGAME,game_winner,Minnesota at Portland Winner?,Minnesota,Minnesota,yes,1,finalized,2026-02-22T17:06:00Z,2026-02-25T05:54:15Z,2026-02-25T06:00:00Z,5388427.00,0.00,1771990200,expected_expiration-150m,1771990200,0.73,0.74,0.735,0.74,111
KXNBAGAME-26FEB24MIAMIL-MIA,KXNBAGAME-26FEB24MIAMIL,KXNBAGAME,game_winner,Miami at Milwaukee Winner?,Miami,Miami,no,0,finalized,2026-02-22T17:06:00Z,2026-02-25T03:40:53Z,2026-02-25T04:00:00Z,1393564.00,0.00,1771983000,expected_expiration-150m,1771983000,0.7,0.71,0.705,0.71,110
KXNBAGAME-26FEB25GSWMEM-GSW,KXNBAGAME-26FEB25GSWMEM,KXNBAGAME,game_winner,Golden State at Memphis Winner?,Golden State,Golden State,yes,1,finalized,2026-02-23T17:06:00Z,2026-02-26T03:06:31Z,2026-02-26T03:30:00Z,1278378.00,0.00,1772067600,expected_expiration-150m,1772067600,0.68,0.69,0.685,0.69,111
KXNBAGAME-26FEB24GSWNOP-GSW,KXNBAGAME-26FEB24GSWNOP,KXNBAGAME,game_winner,Golden State at New Orleans Winner?,Golden State,Golden State,no,0,finalized,2026-02-22T17:06:00Z,2026-02-25T03:48:29Z,2026-02-25T04:00:00Z,4279617.00,0.00,1771983000,expected_expiration-150m,1771983000,0.25,0.27,0.26,0.27,111
KXNBAGAME-26FEB27DENOKC-OKC,KXNBAGAME-26FEB27DENOKC,KXNBAGAME,game_winner,Denver at Oklahoma City Winner?,Oklahoma City,Oklahoma City,yes,1,finalized,2026-02-25T17:07:00Z,2026-02-28T05:44:21Z,2026-02-28T05:30:00Z,16225546.00,0.00,1772247600,expected_expiration-150m,1772247600,0.67,0.69,0.6799999999999999,0.68,111
KXNBAGAME-26MAR04UTAPHI-UTA,KXNBAGAME-26MAR04UTAPHI,KXNBAGAME,game_winner,Utah at Philadelphia Winner?,Utah,Utah,no,0,finalized,2026-03-02T17:06:00Z,2026-03-05T03:06:03Z,2026-03-05T03:30:00Z,2473491.00,0.00,1772672400,expected_expiration-150m,,,,,,0
KXNBAGAME-26FEB24NYKCLE-NYK,KXNBAGAME-26FEB24NYKCLE,KXNBAGAME,game_winner,New York at Cleveland Winner?,New York,New York,no,0,finalized,2026-02-22T17:06:00Z,2026-02-25T03:20:59Z,2026-02-25T03:30:00Z,3344305.00,0.00,1771981200,expected_expiration-150m,1771981200,0.34,0.35,0.345,0.35,111
KXNBAGAME-26FEB24DALBKN-BKN,KXNBAGAME-26FEB24DALBKN,KXNBAGAME,game_winner,Dallas at Brooklyn Winner?,Brooklyn,Brooklyn,no,0,finalized,2026-02-22T17:06:00Z,2026-02-25T03:43:03Z,2026-02-25T03:30:00Z,1108601.00,0.00,1771981200,expected_expiration-150m,1771981200,0.44,0.45,0.445,0.45,111
KXNBAGAME-26FEB24NYKCLE-CLE,KXNBAGAME-26FEB24NYKCLE,KXNBAGAME,game_winner,New York at Cleveland Winner?,Cleveland,Cleveland,yes,1,finalized,2026-02-22T17:06:00Z,2026-02-25T03:20:59Z,2026-02-25T03:30:00Z,2114066.00,0.00,1771981200,expected_expiration-150m,1771981200,0.64,0.66,0.65,0.66,111
KXNBAGAME-26FEB24CHACHI-CHI,KXNBAGAME-26FEB24CHACHI,KXNBAGAME,game_winner,Charlotte at Chicago Winner?,Chicago,Chicago,no,0,finalized,2026-02-22T17:06:00Z,2026-02-25T03:22:44Z,2026-02-25T04:00:00Z,872441.00,0.00,1771983000,expected_expiration-150m,1771983000,0.33,0.34,0.335,0.34,110
KXNBAGAME-26FEB24WASATL-WAS,KXNBAGAME-26FEB24WASATL,KXNBAGAME,game_winner,Washington at Atlanta Winner?,Washington,Washington,no,0,finalized,2026-02-22T17:06:00Z,2026-02-25T03:44:24Z,2026-02-25T03:30:00Z,792261.00,0.00,1771981200,expected_expiration-150m,1771981200,0.07,0.08,0.07500000000000001,0.07,110
KXNBAGAME-26FEB24BOSPHX-PHX,KXNBAGAME-26FEB24BOSPHX,KXNBAGAME,game_winner,Boston at Phoenix Winner?,Phoenix,Phoenix,no,0,finalized,2026-02-22T17:06:00Z,2026-02-25T04:20:37Z,2026-02-25T05:00:00Z,1519029.00,0.00,1771986600,expected_expiration-150m,1771986600,0.36,0.37,0.365,0.38,111
KXNBAGAME-26FEB24BOSPHX-BOS,KXNBAGAME-26FEB24BOSPHX,KXNBAGAME,game_winner,Boston at Phoenix Winner?,Boston,Boston,yes,1,finalized,2026-02-22T17:06:00Z,2026-02-25T04:20:37Z,2026-02-25T05:00:00Z,2361257.00,0.00,1771986600,expected_expiration-150m,1771986600,0.62,0.63,0.625,0.63,111
KXNBAGAME-26FEB24GSWNOP-NOP,KXNBAGAME-26FEB24GSWNOP,KXNBAGAME,game_winner,Golden State at New Orleans Winner?,New Orleans,New Orleans,yes,1,finalized,2026-02-22T17:06:00Z,2026-02-25T03:48:29Z,2026-02-25T04:00:00Z,2341194.00,0.00,1771983000,expected_expiration-150m,1771983000,0.73,0.74,0.735,0.73,111
KXNBAGAME-26FEB24WASATL-ATL,KXNBAGAME-26FEB24WASATL,KXNBAGAME,game_winner,Washington at Atlanta Winner?,Atlanta,Atlanta,yes,1,finalized,2026-02-22T17:06:00Z,2026-02-25T03:44:24Z,2026-02-25T03:30:00Z,507489.00,0.00,1771981200,expected_expiration-150m,1771981200,0.92,0.93,0.925,0.93,108
KXNBAGAME-26FEB25OKCDET-DET,KXNBAGAME-26FEB25OKCDET,KXNBAGAME,game_winner,Oklahoma City at Detroit Winner?,Detroit,Detroit,yes,1,finalized,2026-02-23T17:06:00Z,2026-02-26T03:20:34Z,2026-02-26T03:30:00Z,3991922.00,0.00,1772067600,expected_expiration-150m,1772067600,0.72,0.73,0.725,0.73,111
KXNBAGAME-26FEB24PHIIND-PHI,KXNBAGAME-26FEB24PHIIND,KXNBAGAME,game_winner,Philadelphia at Indiana Winner?,Philadelphia,Philadelphia,yes,1,finalized,2026-02-22T14:06:00Z,2026-02-25T02:38:48Z,2026-02-25T03:00:00Z,2072955.00,0.00,1771979400,expected_expiration-150m,1771979400,0.72,0.73,0.725,0.73,111
KXNBAGAME-26FEB25GSWMEM-MEM,KXNBAGAME-26FEB25GSWMEM,KXNBAGAME,game_winner,Golden State at Memphis Winner?,Memphis,Memphis,no,0,finalized,2026-02-23T17:06:00Z,2026-02-26T03:06:31Z,2026-02-26T03:30:00Z,790410.00,0.00,1772067600,expected_expiration-150m,1772067600,0.31,0.32,0.315,0.31,111
KXNBAGAME-26FEB23SASDET-SAS,KXNBAGAME-26FEB23SASDET,KXNBAGAME,game_winner,San Antonio at Detroit Winner?,San Antonio,San Antonio,yes,1,finalized,2026-02-21T14:06:00Z,2026-02-24T03:12:23Z,2026-02-24T03:00:00Z,8494383.00,0.00,1771893000,expected_expiration-150m,1771893000,0.55,0.56,0.555,0.55,111
KXNBAGAME-26MAR05UTAWAS-UTA,KXNBAGAME-26MAR05UTAWAS,KXNBAGAME,game_winner,Utah at Washington Winner?,Utah,Utah,yes,1,finalized,2026-03-03T14:06:00Z,2026-03-06T02:31:30Z,2026-03-06T03:00:00Z,3306007.00,0.00,1772757000,expected_expiration-150m,,,,,,0
KXNBAGAME-26FEB24OKCTOR-OKC,KXNBAGAME-26FEB24OKCTOR,KXNBAGAME,game_winner,Oklahoma City at Toronto Winner?,Oklahoma City,Oklahoma City,yes,1,finalized,2026-02-22T17:06:00Z,2026-02-25T03:12:53Z,2026-02-25T03:30:00Z,4912394.00,0.00,1771981200,expected_expiration-150m,1771981200,0.43,0.44,0.435,0.44,111
KXNBAGAME-26FEB24OKCTOR-TOR,KXNBAGAME-26FEB24OKCTOR,KXNBAGAME,game_winner,Oklahoma City at Toronto Winner?,Toronto,Toronto,no,0,finalized,2026-02-22T17:06:00Z,2026-02-25T03:12:53Z,2026-02-25T03:30:00Z,4275736.00,0.00,1771981200,expected_expiration-150m,1771981200,0.56,0.57,0.565,0.57,111
KXNBAGAME-26FEB22ORLLAC-ORL,KXNBAGAME-26FEB22ORLLAC,KXNBAGAME,game_winner,Orlando at Los Angeles C Winner?,Orlando,Orlando,yes,1,finalized,2026-02-20T17:07:00Z,2026-02-23T04:50:23Z,2026-02-23T05:00:00Z,9162087.00,0.00,1771813800,expected_expiration-150m,1771813800,0.41,0.42,0.415,0.42,111
KXNBAGAME-26FEB22PORPHX-POR,KXNBAGAME-26FEB22PORPHX,KXNBAGAME,game_winner,Portland at Phoenix Winner?,Portland,Portland,yes,1,finalized,2026-02-20T17:07:00Z,2026-02-23T03:24:23Z,2026-02-23T04:00:00Z,3111283.00,0.00,1771810200,expected_expiration-150m,1771810200,0.59,0.6,0.595,0.6,111
KXNBAGAME-26FEB24PHIIND-IND,KXNBAGAME-26FEB24PHIIND,KXNBAGAME,game_winner,Philadelphia at Indiana Winner?,Indiana,Indiana,no,0,finalized,2026-02-22T14:06:00Z,2026-02-25T02:38:48Z,2026-02-25T03:00:00Z,2344281.00,0.00,1771979400,expected_expiration-150m,1771979400,0.27,0.3,0.28500000000000003,0.3,111
KXNBAGAME-26FEB22NYKCHI-CHI,KXNBAGAME-26FEB22NYKCHI,KXNBAGAME,game_winner,New York at Chicago Winner?,Chicago,Chicago,no,0,finalized,2026-02-20T17:06:00Z,2026-02-23T03:50:28Z,2026-02-23T04:00:00Z,5357724.00,0.00,1771810200,expected_expiration-150m,1771810200,0.27,0.28,0.275,0.28,111
KXNBAGAME-26FEB22CHAWAS-WAS,KXNBAGAME-26FEB22CHAWAS,KXNBAGAME,game_winner,Charlotte at Washington Winner?,Washington,Washington,no,0,finalized,2026-02-20T14:06:00Z,2026-02-23T01:30:48Z,2026-02-23T02:00:00Z,2052344.00,0.00,1771803000,expected_expiration-150m,1771803000,0.11,0.12,0.11499999999999999,0.12,111
KXNBAGAME-26FEB23UTAHOU-UTA,KXNBAGAME-26FEB23UTAHOU,KXNBAGAME,game_winner,Utah at Houston Winner?,Utah,Utah,no,0,finalized,2026-02-21T17:07:00Z,2026-02-24T05:01:05Z,2026-02-24T05:30:00Z,4304404.00,0.00,1771902000,expected_expiration-150m,1771902000,0.1,0.11,0.10500000000000001,0.11,111
KXNBAGAME-26FEB23UTAHOU-HOU,KXNBAGAME-26FEB23UTAHOU,KXNBAGAME,game_winner,Utah at Houston Winner?,Houston,Houston,yes,1,finalized,2026-02-21T17:07:00Z,2026-02-24T05:01:05Z,2026-02-24T05:30:00Z,1929700.00,0.00,1771902000,expected_expiration-150m,1771902000,0.89,0.91,0.9,0.9,111
KXNBAGAME-26FEB22PHIMIN-PHI,KXNBAGAME-26FEB22PHIMIN,KXNBAGAME,game_winner,Philadelphia at Minnesota Winner?,Philadelphia,Philadelphia,yes,1,finalized,2026-02-20T14:06:00Z,2026-02-23T02:36:15Z,2026-02-23T03:00:00Z,5124727.00,0.00,1771806600,expected_expiration-150m,1771806600,0.26,0.27,0.265,0.28,111
KXNBAGAME-26FEB22BOSLAL-LAL,KXNBAGAME-26FEB22BOSLAL,KXNBAGAME,game_winner,Boston at Los Angeles L Winner?,Los Angeles L,Los Angeles L,no,0,finalized,2026-02-20T14:06:00Z,2026-02-23T02:04:30Z,2026-02-23T02:30:00Z,8987011.00,0.00,1771804800,expected_expiration-150m,1771804800,0.43,0.44,0.435,0.44,111
KXNBAGAME-26FEB24DALBKN-DAL,KXNBAGAME-26FEB24DALBKN,KXNBAGAME,game_winner,Dallas at Brooklyn Winner?,Dallas,Dallas,yes,1,finalized,2026-02-22T17:06:00Z,2026-02-25T03:43:03Z,2026-02-25T03:30:00Z,1934707.00,0.00,1771981200,expected_expiration-150m,1771981200,0.56,0.57,0.565,0.57,111
KXNBAGAME-26FEB22DALIND-IND,KXNBAGAME-26FEB22DALIND,KXNBAGAME,game_winner,Dallas at Indiana Winner?,Indiana,Indiana,no,0,finalized,2026-02-20T14:06:00Z,2026-02-23T00:36:30Z,2026-02-23T01:00:00Z,3273490.00,0.00,1771799400,expected_expiration-150m,1771799400,0.46,0.48,0.47,0.48,111
KXNBAGAME-26FEB22PHIMIN-MIN,KXNBAGAME-26FEB22PHIMIN,KXNBAGAME,game_winner,Philadelphia at Minnesota Winner?,Minnesota,Minnesota,no,0,finalized,2026-02-20T14:06:00Z,2026-02-23T02:36:15Z,2026-02-23T03:00:00Z,3386208.00,0.00,1771806600,expected_expiration-150m,1771806600,0.73,0.74,0.735,0.74,111
KXNBAGAME-26FEB22DENGSW-GSW,KXNBAGAME-26FEB22DENGSW,KXNBAGAME,game_winner,Denver at Golden State Winner?,Golden State,Golden State,yes,1,finalized,2026-02-20T11:06:00Z,2026-02-22T23:22:34Z,2026-02-22T23:30:00Z,6521082.00,0.00,1771794000,expected_expiration-150m,1771794000,0.35,0.36,0.355,0.36,111
KXNBAGAME-26FEB22DENGSW-DEN,KXNBAGAME-26FEB22DENGSW,KXNBAGAME,game_winner,Denver at Golden State Winner?,Denver,Denver,no,0,finalized,2026-02-20T11:06:00Z,2026-02-22T23:22:34Z,2026-02-22T23:30:00Z,9385200.00,0.00,1771794000,expected_expiration-150m,1771794000,0.65,0.66,0.655,0.66,111
KXNBAGAME-26FEB22NYKCHI-NYK,KXNBAGAME-26FEB22NYKCHI,KXNBAGAME,game_winner,New York at Chicago Winner?,New York,New York,yes,1,finalized,2026-02-20T17:06:00Z,2026-02-23T03:50:28Z,2026-02-23T04:00:00Z,5994317.00,0.00,1771810200,expected_expiration-150m,1771810200,0.71,0.72,0.715,0.72,111
KXNBAGAME-26FEB22CHAWAS-CHA,KXNBAGAME-26FEB22CHAWAS,KXNBAGAME,game_winner,Charlotte at Washington Winner?,Charlotte,Charlotte,yes,1,finalized,2026-02-20T14:06:00Z,2026-02-23T01:30:48Z,2026-02-23T02:00:00Z,1365160.00,0.00,1771803000,expected_expiration-150m,1771803000,0.88,0.89,0.885,0.89,111
KXNBAGAME-26FEB22TORMIL-TOR,KXNBAGAME-26FEB22TORMIL,KXNBAGAME,game_winner,Toronto at Milwaukee Winner?,Toronto,Toronto,yes,1,finalized,2026-02-20T11:06:00Z,2026-02-22T23:18:30Z,2026-02-22T23:30:00Z,2189745.00,0.00,1771794000,expected_expiration-150m,1771794000,0.54,0.55,0.545,0.55,111
KXNBAGAME-26FEB22TORMIL-MIL,KXNBAGAME-26FEB22TORMIL,KXNBAGAME,game_winner,Toronto at Milwaukee Winner?,Milwaukee,Milwaukee,no,0,finalized,2026-02-20T11:06:00Z,2026-02-22T23:18:30Z,2026-02-22T23:30:00Z,1790267.00,0.00,1771794000,expected_expiration-150m,1771794000,0.46,0.47,0.46499999999999997,0.47,110
KXNBAGAME-26FEB22CLEOKC-OKC,KXNBAGAME-26FEB22CLEOKC,KXNBAGAME,game_winner,Cleveland at Oklahoma City Winner?,Oklahoma City,Oklahoma City,yes,1,finalized,2026-02-20T08:06:00Z,2026-02-22T20:48:38Z,2026-02-22T21:00:00Z,7232988.00,0.00,1771785000,expected_expiration-150m,1771785000,0.73,0.74,0.735,0.73,111
KXNBAGAME-26FEB22BOSLAL-BOS,KXNBAGAME-26FEB22BOSLAL,KXNBAGAME,game_winner,Boston at Los Angeles L Winner?,Boston,Boston,yes,1,finalized,2026-02-20T14:06:00Z,2026-02-23T02:04:30Z,2026-02-23T02:30:00Z,6035712.00,0.00,1771804800,expected_expiration-150m,1771804800,0.56,0.57,0.565,0.57,111
KXNBAGAME-26FEB21HOUNYK-NYK,KXNBAGAME-26FEB21HOUNYK,KXNBAGAME,game_winner,Houston at New York Winner?,New York,New York,yes,1,finalized,2026-02-19T17:07:00Z,2026-02-22T04:24:05Z,2026-02-22T04:30:00Z,7875842.00,0.00,1771725600,expected_expiration-150m,1771725600,0.71,0.72,0.715,0.71,111
KXNBAGAME-26FEB21HOUNYK-HOU,KXNBAGAME-26FEB21HOUNYK,KXNBAGAME,game_winner,Houston at New York Winner?,Houston,Houston,no,0,finalized,2026-02-19T17:07:00Z,2026-02-22T04:24:05Z,2026-02-22T04:30:00Z,5982339.00,0.00,1771725600,expected_expiration-150m,1771725600,0.29,0.3,0.295,0.3,111
KXNBAGAME-26FEB22DALIND-DAL,KXNBAGAME-26FEB22DALIND,KXNBAGAME,game_winner,Dallas at Indiana Winner?,Dallas,Dallas,yes,1,finalized,2026-02-20T14:06:00Z,2026-02-23T00:36:30Z,2026-02-23T01:00:00Z,3086499.00,0.00,1771799400,expected_expiration-150m,1771799400,0.52,0.54,0.53,0.53,111
KXNBAGAME-26FEB22PORPHX-PHX,KXNBAGAME-26FEB22PORPHX,KXNBAGAME,game_winner,Portland at Phoenix Winner?,Phoenix,Phoenix,no,0,finalized,2026-02-20T17:07:00Z,2026-02-23T03:24:23Z,2026-02-23T04:00:00Z,3323712.00,0.00,1771810200,expected_expiration-150m,1771810200,0.39,0.41,0.4,0.41,111
KXNBAGAME-26FEB22BKNATL-BKN,KXNBAGAME-26FEB22BKNATL,KXNBAGAME,game_winner,Brooklyn at Atlanta Winner?,Brooklyn,Brooklyn,no,0,finalized,2026-02-20T11:06:00Z,2026-02-22T23:12:44Z,2026-02-22T23:30:00Z,1871335.00,0.00,1771794000,expected_expiration-150m,1771794000,0.24,0.25,0.245,0.25,111
KXNBAGAME-26MAR01DETORL-ORL,KXNBAGAME-26MAR01DETORL,KXNBAGAME,game_winner,Detroit at Orlando Winner?,Orlando,Orlando,no,0,finalized,2026-02-27T14:06:00Z,2026-03-02T01:37:52Z,2026-03-02T02:00:00Z,3947050.00,0.00,1772407800,expected_expiration-150m,,,,,,0
KXNBAGAME-26FEB22BKNATL-ATL,KXNBAGAME-26FEB22BKNATL,KXNBAGAME,game_winner,Brooklyn at Atlanta Winner?,Atlanta,Atlanta,yes,1,finalized,2026-02-20T11:06:00Z,2026-02-22T23:12:44Z,2026-02-22T23:30:00Z,2526337.00,0.00,1771794000,expected_expiration-150m,1771794000,0.75,0.76,0.755,0.76,110
KXNBAGAME-26FEB21MEMMIA-MEM,KXNBAGAME-26FEB21MEMMIA,KXNBAGAME,game_winner,Memphis at Miami Winner?,Memphis,Memphis,no,0,finalized,2026-02-19T17:07:00Z,2026-02-22T03:44:18Z,2026-02-22T04:00:00Z,1041941.00,0.00,1771723800,expected_expiration-150m,1771723800,0.16,0.17,0.165,0.17,111
KXNBAGAME-26FEB21ORLPHX-PHX,KXNBAGAME-26FEB21ORLPHX,KXNBAGAME,game_winner,Orlando at Phoenix Winner?,Phoenix,Phoenix,yes,1,finalized,2026-02-19T14:06:00Z,2026-02-22T01:16:22Z,2026-02-22T01:00:00Z,8293410.00,0.00,1771713000,expected_expiration-150m,1771713000,0.44,0.45,0.445,0.45,111
KXNBAGAME-26MAR01MEMIND-MEM,KXNBAGAME-26MAR01MEMIND,KXNBAGAME,game_winner,Memphis at Indiana Winner?,Memphis,Memphis,yes,1,finalized,2026-02-27T14:06:00Z,2026-03-02T01:01:09Z,2026-03-02T01:00:00Z,2291598.00,0.00,1772404200,expected_expiration-150m,,,,,,0
KXNBAGAME-26FEB21SACSAS-SAS,KXNBAGAME-26FEB21SACSAS,KXNBAGAME,game_winner,Sacramento at San Antonio Winner?,San Antonio,San Antonio,yes,1,finalized,2026-02-19T17:07:00Z,2026-02-22T03:46:12Z,2026-02-22T04:00:00Z,1719117.00,0.00,1771723800,expected_expiration-150m,1771723800,0.94,0.95,0.945,0.96,108
KXNBAGAME-26FEB21ORLPHX-ORL,KXNBAGAME-26FEB21ORLPHX,KXNBAGAME,game_winner,Orlando at Phoenix Winner?,Orlando,Orlando,no,0,finalized,2026-02-19T14:06:00Z,2026-02-22T01:16:22Z,2026-02-22T01:00:00Z,8448867.00,0.00,1771713000,expected_expiration-150m,1771713000,0.54,0.56,0.55,0.56,111
KXNBAGAME-26FEB20LACLAL-LAL,KXNBAGAME-26FEB20LACLAL,KXNBAGAME,game_winner,Los Angeles C at Los Angeles L Winner?,Los Angeles L,Los Angeles L,yes,1,finalized,2026-02-18T17:06:00Z,2026-02-21T05:52:20Z,2026-02-21T06:00:00Z,9684090.00,0.00,1771644600,expected_expiration-150m,1771644600,0.75,0.77,0.76,0.76,111
KXNBAGAME-26FEB21DETCHI-DET,KXNBAGAME-26FEB21DETCHI,KXNBAGAME,game_winner,Detroit at Chicago Winner?,Detroit,Detroit,yes,1,finalized,2026-02-19T17:07:00Z,2026-02-22T03:30:36Z,2026-02-22T04:00:00Z,1367932.00,0.00,1771723800,expected_expiration-150m,1771723800,0.8,0.81,0.805,0.81,110
KXNBAGAME-26FEB20LACLAL-LAC,KXNBAGAME-26FEB20LACLAL,KXNBAGAME,game_winner,Los Angeles C at Los Angeles L Winner?,Los Angeles C,Los Angeles C,no,0,finalized,2026-02-18T17:06:00Z,2026-02-21T05:52:20Z,2026-02-21T06:00:00Z,10161094.00,0.00,1771644600,expected_expiration-150m,1771644600,0.23,0.24,0.235,0.24,111
KXNBAGAME-26FEB20BKNOKC-BKN,KXNBAGAME-26FEB20BKNOKC,KXNBAGAME,game_winner,Brooklyn at Oklahoma City Winner?,Brooklyn,Brooklyn,no,0,finalized,2026-02-18T17:06:00Z,2026-02-21T03:48:27Z,2026-02-21T04:00:00Z,2046439.00,0.00,1771637400,expected_expiration-150m,1771637400,0.1,0.12,0.11,0.12,111
KXNBAGAME-26FEB20MILNOP-NOP,KXNBAGAME-26FEB20MILNOP,KXNBAGAME,game_winner,Milwaukee at New Orleans Winner?,New Orleans,New Orleans,no,0,finalized,2026-02-18T17:06:00Z,2026-02-21T03:23:34Z,2026-02-21T04:00:00Z,1891534.00,0.00,1771637400,expected_expiration-150m,1771637400,0.56,0.57,0.565,0.57,110
KXNBAGAME-26FEB21SACSAS-SAC,KXNBAGAME-26FEB21SACSAS,KXNBAGAME,game_winner,Sacramento at San Antonio Winner?,Sacramento,Sacramento,no,0,finalized,2026-02-19T17:07:00Z,2026-02-22T03:46:12Z,2026-02-22T04:00:00Z,3910738.00,0.00,1771723800,expected_expiration-150m,1771723800,0.04,0.06,0.05,0.06,111
KXNBAGAME-26MAR01SASNYK-NYK,KXNBAGAME-26MAR01SASNYK,KXNBAGAME,game_winner,San Antonio at New York Winner?,New York,New York,yes,1,finalized,2026-02-27T08:05:00Z,2026-03-01T20:56:12Z,2026-03-01T21:00:00Z,5691860.00,0.00,1772389800,expected_expiration-150m,,,,,,0
KXNBAGAME-26FEB20MILNOP-MIL,KXNBAGAME-26FEB20MILNOP,KXNBAGAME,game_winner,Milwaukee at New Orleans Winner?,Milwaukee,Milwaukee,yes,1,finalized,2026-02-18T17:06:00Z,2026-02-21T03:23:34Z,2026-02-21T04:00:00Z,3302144.00,0.00,1771637400,expected_expiration-150m,1771637400,0.43,0.44,0.435,0.44,111
KXNBAGAME-26FEB20DALMIN-MIN,KXNBAGAME-26FEB20DALMIN,KXNBAGAME,game_winner,Dallas at Minnesota Winner?,Minnesota,Minnesota,yes,1,finalized,2026-02-18T17:06:00Z,2026-02-21T03:20:45Z,2026-02-21T03:30:00Z,2321215.00,0.00,1771635600,expected_expiration-150m,1771635600,0.91,0.92,0.915,0.92,110
KXNBAGAME-26FEB21PHINOP-PHI,KXNBAGAME-26FEB21PHINOP,KXNBAGAME,game_winner,Philadelphia at New Orleans Winner?,Philadelphia,Philadelphia,no,0,finalized,2026-02-19T14:06:00Z,2026-02-22T02:46:19Z,2026-02-22T03:00:00Z,4232426.00,0.00,1771720200,expected_expiration-150m,1771720200,0.63,0.64,0.635,0.64,111
KXNBAGAME-26FEB21PHINOP-NOP,KXNBAGAME-26FEB21PHINOP,KXNBAGAME,game_winner,Philadelphia at New Orleans Winner?,New Orleans,New Orleans,yes,1,finalized,2026-02-19T14:06:00Z,2026-02-22T02:46:19Z,2026-02-22T03:00:00Z,1791419.00,0.00,1771720200,expected_expiration-150m,1771720200,0.36,0.37,0.365,0.37,111
KXNBAGAME-26FEB20MIAATL-ATL,KXNBAGAME-26FEB20MIAATL,KXNBAGAME,game_winner,Miami at Atlanta Winner?,Atlanta,Atlanta,no,0,finalized,2026-02-18T17:06:00Z,2026-02-21T02:58:36Z,2026-02-21T03:30:00Z,899764.00,0.00,1771635600,expected_expiration-150m,1771635600,0.28,0.29,0.28500000000000003,0.29,111
KXNBAGAME-26FEB22CLEOKC-CLE,KXNBAGAME-26FEB22CLEOKC,KXNBAGAME,game_winner,Cleveland at Oklahoma City Winner?,Cleveland,Cleveland,no,0,finalized,2026-02-20T08:06:00Z,2026-02-22T20:48:38Z,2026-02-22T21:00:00Z,9206073.00,0.00,1771785000,expected_expiration-150m,1771785000,0.26,0.28,0.27,0.28,111
KXNBAGAME-26FEB20UTAMEM-MEM,KXNBAGAME-26FEB20UTAMEM,KXNBAGAME,game_winner,Utah at Memphis Winner?,Memphis,Memphis,yes,1,finalized,2026-02-18T14:06:00Z,2026-02-21T02:36:48Z,2026-02-21T03:00:00Z,1361331.00,0.00,1771633800,expected_expiration-150m,1771633800,0.48,0.49,0.485,0.49,111
KXNBAGAME-26FEB23SACMEM-SAC,KXNBAGAME-26FEB23SACMEM,KXNBAGAME,game_winner,Sacramento at Memphis Winner?,Sacramento,Sacramento,yes,1,finalized,2026-02-21T17:07:00Z,2026-02-24T03:42:29Z,2026-02-24T04:00:00Z,3555740.00,0.00,1771896600,expected_expiration-150m,1771896600,0.48,0.5,0.49,0.5,111
KXNBAGAME-26FEB23SACMEM-MEM,KXNBAGAME-26FEB23SACMEM,KXNBAGAME,game_winner,Sacramento at Memphis Winner?,Memphis,Memphis,no,0,finalized,2026-02-21T17:07:00Z,2026-02-24T03:42:29Z,2026-02-24T04:00:00Z,6643155.00,0.00,1771896600,expected_expiration-150m,1771896600,0.5,0.51,0.505,0.5,111
KXNBAGAME-26FEB20INDWAS-WAS,KXNBAGAME-26FEB20INDWAS,KXNBAGAME,game_winner,Indiana at Washington Winner?,Washington,Washington,yes,1,finalized,2026-02-18T14:06:00Z,2026-02-21T02:34:54Z,2026-02-21T03:00:00Z,1727403.00,0.00,1771633800,expected_expiration-150m,1771633800,0.45,0.46,0.455,0.45,111
KXNBAGAME-26FEB20UTAMEM-UTA,KXNBAGAME-26FEB20UTAMEM,KXNBAGAME,game_winner,Utah at Memphis Winner?,Utah,Utah,no,0,finalized,2026-02-18T14:06:00Z,2026-02-21T02:36:48Z,2026-02-21T03:00:00Z,1301304.00,0.00,1771633800,expected_expiration-150m,1771633800,0.51,0.52,0.515,0.52,111
KXNBAGAME-26FEB19DETNYK-NYK,KXNBAGAME-26FEB19DETNYK,KXNBAGAME,game_winner,Detroit at New York Winner?,New York,New York,no,0,finalized,2026-02-16T15:37:00Z,2026-02-20T03:16:45Z,2026-02-20T03:30:00Z,4473637.00,0.00,1771549200,expected_expiration-150m,1771549200,0.49,0.5,0.495,0.5,111
KXNBAGAME-26FEB20CLECHA-CLE,KXNBAGAME-26FEB20CLECHA,KXNBAGAME,game_winner,Cleveland at Charlotte Winner?,Cleveland,Cleveland,yes,1,finalized,2026-02-18T14:06:00Z,2026-02-21T02:44:50Z,2026-02-21T03:00:00Z,4913614.00,0.00,1771633800,expected_expiration-150m,1771633800,0.67,0.68,0.675,0.69,111
KXNBAGAME-26FEB21MEMMIA-MIA,KXNBAGAME-26FEB21MEMMIA,KXNBAGAME,game_winner,Memphis at Miami Winner?,Miami,Miami,yes,1,finalized,2026-02-19T17:07:00Z,2026-02-22T03:44:18Z,2026-02-22T04:00:00Z,796622.00,0.00,1771723800,expected_expiration-150m,1771723800,0.83,0.84,0.835,0.83,107
KXNBAGAME-26FEB20INDWAS-IND,KXNBAGAME-26FEB20INDWAS,KXNBAGAME,game_winner,Indiana at Washington Winner?,Indiana,Indiana,no,0,finalized,2026-02-18T14:06:00Z,2026-02-21T02:34:54Z,2026-02-21T03:00:00Z,2074894.00,0.00,1771633800,expected_expiration-150m,1771633800,0.54,0.55,0.545,0.55,111
KXNBAGAME-26FEB20MIAATL-MIA,KXNBAGAME-26FEB20MIAATL,KXNBAGAME,game_winner,Miami at Atlanta Winner?,Miami,Miami,yes,1,finalized,2026-02-18T17:06:00Z,2026-02-21T02:58:36Z,2026-02-21T03:30:00Z,982739.00,0.00,1771635600,expected_expiration-150m,1771635600,0.71,0.72,0.715,0.72,110
KXNBAGAME-26FEB19HOUCHA-HOU,KXNBAGAME-26FEB19HOUCHA,KXNBAGAME,game_winner,Houston at Charlotte Winner?,Houston,Houston,yes,1,finalized,2026-02-16T15:37:00Z,2026-02-20T02:34:39Z,2026-02-20T03:00:00Z,3888975.00,0.00,1771547400,expected_expiration-150m,1771547400,0.46,0.47,0.46499999999999997,0.47,111
KXNBAGAME-26FEB19HOUCHA-CHA,KXNBAGAME-26FEB19HOUCHA,KXNBAGAME,game_winner,Houston at Charlotte Winner?,Charlotte,Charlotte,no,0,finalized,2026-02-16T15:37:00Z,2026-02-20T02:34:39Z,2026-02-20T03:00:00Z,4427850.00,0.00,1771547400,expected_expiration-150m,1771547400,0.53,0.54,0.535,0.54,111
KXNBAGAME-26FEB19DENLAC-LAC,KXNBAGAME-26FEB19DENLAC,KXNBAGAME,game_winner,Denver at Los Angeles C Winner?,Los Angeles C,Los Angeles C,yes,1,finalized,2026-02-16T15:37:00Z,2026-02-20T06:22:08Z,2026-02-20T06:30:00Z,7471445.00,0.00,1771560000,expected_expiration-150m,1771560000,0.29,0.3,0.295,0.3,111
KXNBAGAME-26FEB19PHXSAS-PHX,KXNBAGAME-26FEB19PHXSAS,KXNBAGAME,game_winner,Phoenix at San Antonio Winner?,Phoenix,Phoenix,no,0,finalized,2026-02-16T15:37:00Z,2026-02-20T03:56:24Z,2026-02-20T04:30:00Z,692804.00,0.00,1771552800,expected_expiration-150m,1771552800,0.22,0.23,0.225,0.23,111
KXNBAGAME-26FEB20CLECHA-CHA,KXNBAGAME-26FEB20CLECHA,KXNBAGAME,game_winner,Cleveland at Charlotte Winner?,Charlotte,Charlotte,no,0,finalized,2026-02-18T14:06:00Z,2026-02-21T02:44:50Z,2026-02-21T03:00:00Z,3723409.00,0.00,1771633800,expected_expiration-150m,1771633800,0.3,0.33,0.315,0.32,111
KXNBAGAME-26FEB20BKNOKC-OKC,KXNBAGAME-26FEB20BKNOKC,KXNBAGAME,game_winner,Brooklyn at Oklahoma City Winner?,Oklahoma City,Oklahoma City,yes,1,finalized,2026-02-18T17:06:00Z,2026-02-21T03:48:27Z,2026-02-21T04:00:00Z,1293310.00,0.00,1771637400,expected_expiration-150m,1771637400,0.88,0.89,0.885,0.89,109
KXNBAGAME-26FEB19DENLAC-DEN,KXNBAGAME-26FEB19DENLAC,KXNBAGAME,game_winner,Denver at Los Angeles C Winner?,Denver,Denver,no,0,finalized,2026-02-16T15:37:00Z,2026-02-20T06:22:08Z,2026-02-20T06:30:00Z,9037005.00,0.00,1771560000,expected_expiration-150m,1771560000,0.7,0.71,0.705,0.71,111
KXNBAGAME-26FEB19DETNYK-DET,KXNBAGAME-26FEB19DETNYK,KXNBAGAME,game_winner,Detroit at New York Winner?,Detroit,Detroit,yes,1,finalized,2026-02-16T15:37:00Z,2026-02-20T03:16:45Z,2026-02-20T03:30:00Z,4263415.00,0.00,1771549200,expected_expiration-150m,1771549200,0.5,0.51,0.505,0.51,111
KXNBAGAME-26FEB19ORLSAC-ORL,KXNBAGAME-26FEB19ORLSAC,KXNBAGAME,game_winner,Orlando at Sacramento Winner?,Orlando,Orlando,yes,1,finalized,2026-02-16T15:37:00Z,2026-02-20T05:44:20Z,2026-02-20T06:00:00Z,2777529.00,0.00,1771558200,expected_expiration-150m,1771558200,0.69,0.71,0.7,0.71,111
KXNBAGAME-26FEB19INDWAS-WAS,KXNBAGAME-26FEB19INDWAS,KXNBAGAME,game_winner,Indiana at Washington Winner?,Washington,Washington,yes,1,finalized,2026-02-16T15:37:00Z,2026-02-20T02:50:47Z,2026-02-20T03:00:00Z,1401384.00,0.00,1771547400,expected_expiration-150m,1771547400,0.53,0.55,0.54,0.55,110
KXNBAGAME-26FEB19TORCHI-CHI,KXNBAGAME-26FEB19TORCHI,KXNBAGAME,game_winner,Toronto at Chicago Winner?,Chicago,Chicago,no,0,finalized,2026-02-16T15:37:00Z,2026-02-20T03:44:27Z,2026-02-20T04:00:00Z,2369380.00,0.00,1771551000,expected_expiration-150m,1771551000,0.26,0.27,0.265,0.27,110
KXNBAGAME-26FEB19BOSGSW-GSW,KXNBAGAME-26FEB19BOSGSW,KXNBAGAME,game_winner,Boston at Golden State Winner?,Golden State,Golden State,no,0,finalized,2026-02-16T15:37:00Z,2026-02-20T05:42:22Z,2026-02-20T06:00:00Z,2538400.00,0.00,1771558200,expected_expiration-150m,1771558200,0.29,0.3,0.295,0.3,111
KXNBAGAME-26FEB20DALMIN-DAL,KXNBAGAME-26FEB20DALMIN,KXNBAGAME,game_winner,Dallas at Minnesota Winner?,Dallas,Dallas,no,0,finalized,2026-02-18T17:06:00Z,2026-02-21T03:20:45Z,2026-02-21T03:30:00Z,3637715.00,0.00,1771635600,expected_expiration-150m,1771635600,0.08,0.09,0.08499999999999999,0.09,111
KXNBAGAME-26FEB19INDWAS-IND,KXNBAGAME-26FEB19INDWAS,KXNBAGAME,game_winner,Indiana at Washington Winner?,Indiana,Indiana,no,0,finalized,2026-02-16T15:37:00Z,2026-02-20T02:50:47Z,2026-02-20T03:00:00Z,1254826.00,0.00,1771547400,expected_expiration-150m,1771547400,0.45,0.47,0.45999999999999996,0.47,111
KXNBAGAME-26FEB19BKNCLE-CLE,KXNBAGAME-26FEB19BKNCLE,KXNBAGAME,game_winner,Brooklyn at Cleveland Winner?,Cleveland,Cleveland,yes,1,finalized,2026-02-16T15:37:00Z,2026-02-20T02:31:05Z,2026-02-20T03:00:00Z,881388.00,0.00,1771547400,expected_expiration-150m,1771547400,0.95,0.96,0.955,0.95,110
KXNBAGAME-26FEB12DALLAL-LAL,KXNBAGAME-26FEB12DALLAL,KXNBAGAME,game_winner,Dallas at Los Angeles L Winner?,Los Angeles L,Los Angeles L,yes,1,finalized,2026-02-10T22:06:00Z,2026-02-13T05:37:28Z,2026-02-13T06:00:00Z,4954411.00,0.00,1770953400,expected_expiration-150m,1770953400,0.65,0.66,0.655,0.66,111
KXNBAGAME-26FEB19TORCHI-TOR,KXNBAGAME-26FEB19TORCHI,KXNBAGAME,game_winner,Toronto at Chicago Winner?,Toronto,Toronto,yes,1,finalized,2026-02-16T15:37:00Z,2026-02-20T03:44:27Z,2026-02-20T04:00:00Z,1926442.00,0.00,1771551000,expected_expiration-150m,1771551000,0.72,0.74,0.73,0.74,110
KXNBAGAME-26FEB12PORUTA-UTA,KXNBAGAME-26FEB12PORUTA,KXNBAGAME,game_winner,Portland at Utah Winner?,Utah,Utah,no,0,finalized,2026-02-10T22:06:00Z,2026-02-13T04:41:28Z,2026-02-13T05:00:00Z,4077183.00,0.00,1770949800,expected_expiration-150m,1770949800,0.2,0.21,0.20500000000000002,0.21,111
KXNBAGAME-26FEB19ATLPHI-PHI,KXNBAGAME-26FEB19ATLPHI,KXNBAGAME,game_winner,Atlanta at Philadelphia Winner?,Philadelphia,Philadelphia,no,0,finalized,2026-02-16T15:37:00Z,2026-02-20T02:50:45Z,2026-02-20T03:00:00Z,2601813.00,0.00,1771547400,expected_expiration-150m,1771547400,0.47,0.48,0.475,0.48,111
KXNBAGAME-26FEB12MILOKC-OKC,KXNBAGAME-26FEB12MILOKC,KXNBAGAME,game_winner,Milwaukee at Oklahoma City Winner?,Oklahoma City,Oklahoma City,no,0,finalized,2026-02-10T22:06:00Z,2026-02-13T03:01:29Z,2026-02-13T03:30:00Z,4678620.00,0.00,1770944400,expected_expiration-150m,1770944400,0.78,0.8,0.79,0.8,111
KXNBAGAME-26FEB12PORUTA-POR,KXNBAGAME-26FEB12PORUTA,KXNBAGAME,game_winner,Portland at Utah Winner?,Portland,Portland,yes,1,finalized,2026-02-10T22:06:00Z,2026-02-13T04:41:28Z,2026-02-13T05:00:00Z,2585637.00,0.00,1770949800,expected_expiration-150m,1770949800,0.79,0.8,0.795,0.8,111
KXNBAGAME-26FEB21DETCHI-CHI,KXNBAGAME-26FEB21DETCHI,KXNBAGAME,game_winner,Detroit at Chicago Winner?,Chicago,Chicago,no,0,finalized,2026-02-19T17:07:00Z,2026-02-22T03:30:36Z,2026-02-22T04:00:00Z,1225378.00,0.00,1771723800,expected_expiration-150m,1771723800,0.19,0.21,0.2,0.2,107
KXNBAGAME-26FEB11MEMDEN-MEM,KXNBAGAME-26FEB11MEMDEN,KXNBAGAME,game_winner,Memphis at Denver Winner?,Memphis,Memphis,no,0,finalized,2026-02-09T22:06:00Z,2026-02-12T04:43:32Z,2026-02-12T05:00:00Z,4479925.00,0.00,1770863400,expected_expiration-150m,1770863400,0.13,0.14,0.135,0.14,106
KXNBAGAME-26FEB19BOSGSW-BOS,KXNBAGAME-26FEB19BOSGSW,KXNBAGAME,game_winner,Boston at Golden State Winner?,Boston,Boston,yes,1,finalized,2026-02-16T15:37:00Z,2026-02-20T05:42:22Z,2026-02-20T06:00:00Z,3883383.00,0.00,1771558200,expected_expiration-150m,1771558200,0.72,0.73,0.725,0.74,111
KXNBAGAME-26FEB26LALPHX-LAL,KXNBAGAME-26FEB26LALPHX,KXNBAGAME,game_winner,Los Angeles L at Phoenix Winner?,Los Angeles L,Los Angeles L,no,0,finalized,2026-02-24T17:07:00Z,2026-02-27T04:41:45Z,2026-02-27T05:00:00Z,8917232.00,0.00,1772159400,expected_expiration-150m,,,,,,0
KXNBAGAME-26FEB11OKCPHX-PHX,KXNBAGAME-26FEB11OKCPHX,KXNBAGAME,game_winner,Oklahoma City at Phoenix Winner?,Phoenix,Phoenix,no,0,finalized,2026-02-09T22:06:00Z,2026-02-12T04:40:45Z,2026-02-12T05:00:00Z,831121.00,0.00,1770863400,expected_expiration-150m,1770863400,0.17,0.19,0.18,0.18,109
KXNBAGAME-26FEB11MEMDEN-DEN,KXNBAGAME-26FEB11MEMDEN,KXNBAGAME,game_winner,Memphis at Denver Winner?,Denver,Denver,yes,1,finalized,2026-02-09T22:06:00Z,2026-02-12T04:43:32Z,2026-02-12T05:00:00Z,2380982.00,0.00,1770863400,expected_expiration-150m,1770863400,0.87,0.88,0.875,0.87,109
KXNBAGAME-26FEB12DALLAL-DAL,KXNBAGAME-26FEB12DALLAL,KXNBAGAME,game_winner,Dallas at Los Angeles L Winner?,Dallas,Dallas,no,0,finalized,2026-02-10T22:06:00Z,2026-02-13T05:37:28Z,2026-02-13T06:00:00Z,3744380.00,0.00,1770953400,expected_expiration-150m,1770953400,0.35,0.36,0.355,0.36,111
KXNBAGAME-26MAR04ATLMIL-MIL,KXNBAGAME-26MAR04ATLMIL,KXNBAGAME,game_winner,Atlanta at Milwaukee Winner?,Milwaukee,Milwaukee,no,0,finalized,2026-03-02T17:07:00Z,2026-03-05T05:20:23Z,2026-03-05T05:30:00Z,5718584.00,0.00,1772679600,expected_expiration-150m,,,,,,0
KXNBAGAME-26MAR04ATLMIL-ATL,KXNBAGAME-26MAR04ATLMIL,KXNBAGAME,game_winner,Atlanta at Milwaukee Winner?,Atlanta,Atlanta,yes,1,finalized,2026-03-02T17:07:00Z,2026-03-05T05:20:23Z,2026-03-05T05:30:00Z,5765485.00,0.00,1772679600,expected_expiration-150m,,,,,,0
KXNBAGAME-26FEB11PORMIN-POR,KXNBAGAME-26FEB11PORMIN,KXNBAGAME,game_winner,Portland at Minnesota Winner?,Portland,Portland,no,0,finalized,2026-02-09T22:06:00Z,2026-02-12T03:41:52Z,2026-02-12T04:00:00Z,542996.00,0.00,1770859800,expected_expiration-150m,1770859800,0.17,0.19,0.18,0.19,107
KXNBAGAME-26FEB11OKCPHX-OKC,KXNBAGAME-26FEB11OKCPHX,KXNBAGAME,game_winner,Oklahoma City at Phoenix Winner?,Oklahoma City,Oklahoma City,yes,1,finalized,2026-02-09T22:06:00Z,2026-02-12T04:40:45Z,2026-02-12T05:00:00Z,721264.00,0.00,1770863400,expected_expiration-150m,1770863400,0.82,0.83,0.825,0.83,111
KXNBAGAME-26FEB12MILOKC-MIL,KXNBAGAME-26FEB12MILOKC,KXNBAGAME,game_winner,Milwaukee at Oklahoma City Winner?,Milwaukee,Milwaukee,yes,1,finalized,2026-02-10T22:06:00Z,2026-02-13T03:01:29Z,2026-02-13T03:30:00Z,6325481.00,0.00,1770944400,expected_expiration-150m,1770944400,0.21,0.22,0.215,0.22,111
KXNBAGAME-26FEB11SACUTA-UTA,KXNBAGAME-26FEB11SACUTA,KXNBAGAME,game_winner,Sacramento at Utah Winner?,Utah,Utah,yes,1,finalized,2026-02-09T22:06:00Z,2026-02-12T04:27:39Z,2026-02-12T05:00:00Z,826559.00,0.00,1770863400,expected_expiration-150m,1770863400,0.83,0.84,0.835,0.84,110
KXNBAGAME-26FEB11PORMIN-MIN,KXNBAGAME-26FEB11PORMIN,KXNBAGAME,game_winner,Portland at Minnesota Winner?,Minnesota,Minnesota,yes,1,finalized,2026-02-09T22:06:00Z,2026-02-12T03:41:52Z,2026-02-12T04:00:00Z,572827.00,0.00,1770859800,expected_expiration-150m,1770859800,0.8,0.83,0.815,0.82,107
KXNBAGAME-26FEB11MIANOP-NOP,KXNBAGAME-26FEB11MIANOP,KXNBAGAME,game_winner,Miami at New Orleans Winner?,New Orleans,New Orleans,no,0,finalized,2026-02-09T22:06:00Z,2026-02-12T03:37:49Z,2026-02-12T04:00:00Z,2224313.00,0.00,1770859800,expected_expiration-150m,1770859800,0.38,0.39,0.385,0.39,106
KXNBAGAME-26FEB11SASGSW-GSW,KXNBAGAME-26FEB11SASGSW,KXNBAGAME,game_winner,San Antonio at Golden State Winner?,Golden State,Golden State,no,0,finalized,2026-02-09T22:06:00Z,2026-02-12T05:57:33Z,2026-02-12T06:00:00Z,8549330.00,0.00,1770867000,expected_expiration-150m,1770867000,0.39,0.4,0.395,0.4,111
KXNBAGAME-26FEB11NYKPHI-PHI,KXNBAGAME-26FEB11NYKPHI,KXNBAGAME,game_winner,New York at Philadelphia Winner?,Philadelphia,Philadelphia,no,0,finalized,2026-02-09T22:06:00Z,2026-02-12T03:10:37Z,2026-02-12T03:30:00Z,1355669.00,0.00,1770858000,expected_expiration-150m,1770858000,0.21,0.22,0.215,0.22,111
KXNBAGAME-26FEB11INDBKN-BKN,KXNBAGAME-26FEB11INDBKN,KXNBAGAME,game_winner,Indiana at Brooklyn Winner?,Brooklyn,Brooklyn,no,0,finalized,2026-02-09T22:06:00Z,2026-02-12T03:08:00Z,2026-02-12T03:30:00Z,1638320.00,0.00,1770858000,expected_expiration-150m,1770858000,0.86,0.87,0.865,0.87,108
KXNBAGAME-26FEB11CHIBOS-CHI,KXNBAGAME-26FEB11CHIBOS,KXNBAGAME,game_winner,Chicago at Boston Winner?,Chicago,Chicago,no,0,finalized,2026-02-09T22:06:00Z,2026-02-12T02:54:01Z,2026-02-12T03:30:00Z,834918.00,0.00,1770858000,expected_expiration-150m,1770858000,0.19,0.2,0.195,0.2,111
KXNBAGAME-26FEB11SASGSW-SAS,KXNBAGAME-26FEB11SASGSW,KXNBAGAME,game_winner,San Antonio at Golden State Winner?,San Antonio,San Antonio,yes,1,finalized,2026-02-09T22:06:00Z,2026-02-12T05:57:33Z,2026-02-12T06:00:00Z,14221941.00,0.00,1770867000,expected_expiration-150m,1770867000,0.6,0.61,0.605,0.61,111
KXNBAGAME-26FEB11DETTOR-TOR,KXNBAGAME-26FEB11DETTOR,KXNBAGAME,game_winner,Detroit at Toronto Winner?,Toronto,Toronto,no,0,finalized,2026-02-09T22:06:00Z,2026-02-12T03:20:35Z,2026-02-12T03:30:00Z,1426756.00,0.00,1770858000,expected_expiration-150m,1770858000,0.29,0.3,0.295,0.29,111
KXNBAGAME-26FEB19ATLPHI-ATL,KXNBAGAME-26FEB19ATLPHI,KXNBAGAME,game_winner,Atlanta at Philadelphia Winner?,Atlanta,Atlanta,yes,1,finalized,2026-02-16T15:37:00Z,2026-02-20T02:50:45Z,2026-02-20T03:00:00Z,2307899.00,0.00,1771547400,expected_expiration-150m,1771547400,0.52,0.53,0.525,0.53,111
KXNBAGAME-26FEB11ATLCHA-CHA,KXNBAGAME-26FEB11ATLCHA,KXNBAGAME,game_winner,Atlanta at Charlotte Winner?,Charlotte,Charlotte,yes,1,finalized,2026-02-09T19:06:00Z,2026-02-12T02:44:03Z,2026-02-12T03:00:00Z,3417305.00,0.00,1770856200,expected_expiration-150m,1770856200,0.61,0.63,0.62,0.63,111
KXNBAGAME-26FEB11NYKPHI-NYK,KXNBAGAME-26FEB11NYKPHI,KXNBAGAME,game_winner,New York at Philadelphia Winner?,New York,New York,yes,1,finalized,2026-02-09T22:06:00Z,2026-02-12T03:10:37Z,2026-02-12T03:30:00Z,2278895.00,0.00,1770858000,expected_expiration-150m,1770858000,0.77,0.78,0.775,0.78,111
KXNBAGAME-26FEB11DETTOR-DET,KXNBAGAME-26FEB11DETTOR,KXNBAGAME,game_winner,Detroit at Toronto Winner?,Detroit,Detroit,yes,1,finalized,2026-02-09T22:06:00Z,2026-02-12T03:20:35Z,2026-02-12T03:30:00Z,2162008.00,0.00,1770858000,expected_expiration-150m,1770858000,0.7,0.71,0.705,0.71,111
KXNBAGAME-26FEB11MILORL-ORL,KXNBAGAME-26FEB11MILORL,KXNBAGAME,game_winner,Milwaukee at Orlando Winner?,Orlando,Orlando,no,0,finalized,2026-02-09T19:06:00Z,2026-02-12T02:41:33Z,2026-02-12T03:00:00Z,1975549.00,0.00,1770856200,expected_expiration-150m,1770856200,0.8,0.81,0.805,0.81,107
KXNBAGAME-26FEB11MIANOP-MIA,KXNBAGAME-26FEB11MIANOP,KXNBAGAME,game_winner,Miami at New Orleans Winner?,Miami,Miami,yes,1,finalized,2026-02-09T22:06:00Z,2026-02-12T03:37:49Z,2026-02-12T04:00:00Z,1887619.00,0.00,1770859800,expected_expiration-150m,1770859800,0.61,0.64,0.625,0.64,110
KXNBAGAME-26FEB11INDBKN-IND,KXNBAGAME-26FEB11INDBKN,KXNBAGAME,game_winner,Indiana at Brooklyn Winner?,Indiana,Indiana,yes,1,finalized,2026-02-09T22:06:00Z,2026-02-12T03:08:00Z,2026-02-12T03:30:00Z,2467763.00,0.00,1770858000,expected_expiration-150m,1770858000,0.13,0.14,0.135,0.13,111
KXNBAGAME-26FEB10SASLAL-SAS,KXNBAGAME-26FEB10SASLAL,KXNBAGAME,game_winner,San Antonio at Los Angeles L Winner?,San Antonio,San Antonio,yes,1,finalized,2026-02-09T01:06:00Z,2026-02-11T06:03:27Z,2026-02-11T06:30:00Z,4101114.00,0.00,1770782400,expected_expiration-150m,1770782400,0.92,0.93,0.925,0.93,111
KXNBAGAME-26FEB11MILORL-MIL,KXNBAGAME-26FEB11MILORL,KXNBAGAME,game_winner,Milwaukee at Orlando Winner?,Milwaukee,Milwaukee,yes,1,finalized,2026-02-09T19:06:00Z,2026-02-12T02:41:33Z,2026-02-12T03:00:00Z,2823126.00,0.00,1770856200,expected_expiration-150m,1770856200,0.19,0.2,0.195,0.2,110
KXNBAGAME-26FEB11CHIBOS-BOS,KXNBAGAME-26FEB11CHIBOS,KXNBAGAME,game_winner,Chicago at Boston Winner?,Boston,Boston,yes,1,finalized,2026-02-09T22:06:00Z,2026-02-12T02:54:01Z,2026-02-12T03:30:00Z,559508.00,0.00,1770858000,expected_expiration-150m,1770858000,0.81,0.82,0.815,0.81,106
KXNBAGAME-26FEB23SASDET-DET,KXNBAGAME-26FEB23SASDET,KXNBAGAME,game_winner,San Antonio at Detroit Winner?,Detroit,Detroit,no,0,finalized,2026-02-21T14:06:00Z,2026-02-24T03:12:23Z,2026-02-24T03:00:00Z,8489219.00,0.00,1771893000,expected_expiration-150m,,,,,,0
KXNBAGAME-26FEB10SASLAL-LAL,KXNBAGAME-26FEB10SASLAL,KXNBAGAME,game_winner,San Antonio at Los Angeles L Winner?,Los Angeles L,Los Angeles L,no,0,finalized,2026-02-09T01:06:00Z,2026-02-11T06:03:27Z,2026-02-11T06:30:00Z,7995796.00,0.00,1770782400,expected_expiration-150m,1770782400,0.06,0.08,0.07,0.07,111
KXNBAGAME-26FEB11ATLCHA-ATL,KXNBAGAME-26FEB11ATLCHA,KXNBAGAME,game_winner,Atlanta at Charlotte Winner?,Atlanta,Atlanta,no,0,finalized,2026-02-09T19:06:00Z,2026-02-12T02:44:03Z,2026-02-12T03:00:00Z,3155606.00,0.00,1770856200,expected_expiration-150m,1770856200,0.37,0.39,0.38,0.39,111
KXNBAGAME-26FEB11SACUTA-SAC,KXNBAGAME-26FEB11SACUTA,KXNBAGAME,game_winner,Sacramento at Utah Winner?,Sacramento,Sacramento,no,0,finalized,2026-02-09T22:06:00Z,2026-02-12T04:27:39Z,2026-02-12T05:00:00Z,442818.00,0.00,1770863400,expected_expiration-150m,1770863400,0.16,0.17,0.165,0.17,108
KXNBAGAME-26FEB10INDNYK-IND,KXNBAGAME-26FEB10INDNYK,KXNBAGAME,game_winner,Indiana at New York Winner?,Indiana,Indiana,yes,1,finalized,2026-02-08T22:06:00Z,2026-02-11T03:35:29Z,2026-02-11T03:30:00Z,9364292.00,0.00,1770771600,expected_expiration-150m,1770771600,0.21,0.23,0.22,0.23,111
KXNBAGAME-26FEB09MEMGSW-MEM,KXNBAGAME-26FEB09MEMGSW,KXNBAGAME,game_winner,Memphis at Golden State Winner?,Memphis,Memphis,no,0,finalized,2026-02-07T22:06:00Z,2026-02-10T05:57:26Z,2026-02-10T06:00:00Z,5443189.00,0.00,1770694200,expected_expiration-150m,1770694200,0.37,0.38,0.375,0.38,111
KXNBAGAME-26FEB11WASCLE-WAS,KXNBAGAME-26FEB11WASCLE,KXNBAGAME,game_winner,Washington at Cleveland Winner?,Washington,Washington,no,0,finalized,2026-02-09T19:06:00Z,2026-02-12T02:58:04Z,2026-02-12T03:00:00Z,3949597.00,0.00,1770856200,expected_expiration-150m,1770856200,0.02,0.03,0.025,0.03,111
KXNBAGAME-26FEB10DALPHX-PHX,KXNBAGAME-26FEB10DALPHX,KXNBAGAME,game_winner,Dallas at Phoenix Winner?,Phoenix,Phoenix,yes,1,finalized,2026-02-08T22:06:00Z,2026-02-11T04:27:27Z,2026-02-11T05:00:00Z,1593312.00,0.00,1770777000,expected_expiration-150m,1770777000,0.87,0.88,0.875,0.88,111
KXNBAGAME-26FEB19BKNCLE-BKN,KXNBAGAME-26FEB19BKNCLE,KXNBAGAME,game_winner,Brooklyn at Cleveland Winner?,Brooklyn,Brooklyn,no,0,finalized,2026-02-16T15:37:00Z,2026-02-20T02:31:05Z,2026-02-20T03:00:00Z,1029680.00,0.00,1771547400,expected_expiration-150m,1771547400,0.04,0.05,0.045,0.05,111
KXNBAGAME-26FEB09PHIPOR-POR,KXNBAGAME-26FEB09PHIPOR,KXNBAGAME,game_winner,Philadelphia at Portland Winner?,Portland,Portland,yes,1,finalized,2026-02-07T22:06:00Z,2026-02-10T05:57:26Z,2026-02-10T06:00:00Z,1748661.00,0.00,1770694200,expected_expiration-150m,1770694200,0.66,0.67,0.665,0.67,111
KXNBAGAME-26FEB22ORLLAC-LAC,KXNBAGAME-26FEB22ORLLAC,KXNBAGAME,game_winner,Orlando at Los Angeles C Winner?,Los Angeles C,Los Angeles C,no,0,finalized,2026-02-20T17:07:00Z,2026-02-23T04:50:23Z,2026-02-23T05:00:00Z,7154245.00,0.00,1771813800,expected_expiration-150m,,,,,,0
KXNBAGAME-26FEB09OKCLAL-OKC,KXNBAGAME-26FEB09OKCLAL,KXNBAGAME,game_winner,Oklahoma City at Los Angeles L Winner?,Oklahoma City,Oklahoma City,yes,1,finalized,2026-02-07T22:06:00Z,2026-02-10T06:00:37Z,2026-02-10T06:00:00Z,8598943.00,0.00,1770694200,expected_expiration-150m,1770694200,0.68,0.69,0.685,0.69,111
KXNBAGAME-26FEB09PHIPOR-PHI,KXNBAGAME-26FEB09PHIPOR,KXNBAGAME,game_winner,Philadelphia at Portland Winner?,Philadelphia,Philadelphia,no,0,finalized,2026-02-07T22:06:00Z,2026-02-10T05:57:26Z,2026-02-10T06:00:00Z,4321385.00,0.00,1770694200,expected_expiration-150m,1770694200,0.33,0.34,0.335,0.34,111
KXNBAGAME-26FEB10DALPHX-DAL,KXNBAGAME-26FEB10DALPHX,KXNBAGAME,game_winner,Dallas at Phoenix Winner?,Dallas,Dallas,no,0,finalized,2026-02-08T22:06:00Z,2026-02-11T04:27:27Z,2026-02-11T05:00:00Z,3409414.00,0.00,1770777000,expected_expiration-150m,1770777000,0.12,0.13,0.125,0.13,111
KXNBAGAME-26FEB09SACNOP-SAC,KXNBAGAME-26FEB09SACNOP,KXNBAGAME,game_winner,Sacramento at New Orleans Winner?,Sacramento,Sacramento,no,0,finalized,2026-02-07T22:06:00Z,2026-02-10T03:43:32Z,2026-02-10T04:00:00Z,1095556.00,0.00,1770687000,expected_expiration-150m,1770687000,0.19,0.2,0.195,0.2,111
KXNBAGAME-26FEB10INDNYK-NYK,KXNBAGAME-26FEB10INDNYK,KXNBAGAME,game_winner,Indiana at New York Winner?,New York,New York,no,0,finalized,2026-02-08T22:06:00Z,2026-02-11T03:35:29Z,2026-02-11T03:30:00Z,10178740.00,0.00,1770771600,expected_expiration-150m,1770771600,0.79,0.8,0.795,0.8,111
KXNBAGAME-26FEB09ATLMIN-MIN,KXNBAGAME-26FEB09ATLMIN,KXNBAGAME,game_winner,Atlanta at Minnesota Winner?,Minnesota,Minnesota,yes,1,finalized,2026-02-07T22:06:00Z,2026-02-10T03:45:38Z,2026-02-10T04:00:00Z,825383.00,0.00,1770687000,expected_expiration-150m,1770687000,0.8,0.81,0.805,0.81,111
KXNBAGAME-26FEB09MEMGSW-GSW,KXNBAGAME-26FEB09MEMGSW,KXNBAGAME,game_winner,Memphis at Golden State Winner?,Golden State,Golden State,yes,1,finalized,2026-02-07T22:06:00Z,2026-02-10T05:57:26Z,2026-02-10T06:00:00Z,4806012.00,0.00,1770694200,expected_expiration-150m,1770694200,0.63,0.64,0.635,0.64,111
KXNBAGAME-26FEB09UTAMIA-MIA,KXNBAGAME-26FEB09UTAMIA,KXNBAGAME,game_winner,Utah at Miami Winner?,Miami,Miami,no,0,finalized,2026-02-07T22:06:00Z,2026-02-10T03:25:36Z,2026-02-10T03:30:00Z,3742859.00,0.00,1770685200,expected_expiration-150m,1770685200,0.88,0.89,0.885,0.89,111
KXNBAGAME-26FEB09CLEDEN-CLE,KXNBAGAME-26FEB09CLEDEN,KXNBAGAME,game_winner,Cleveland at Denver Winner?,Cleveland,Cleveland,yes,1,finalized,2026-02-07T22:06:00Z,2026-02-10T04:50:31Z,2026-02-10T05:00:00Z,6298295.00,0.00,1770690600,expected_expiration-150m,1770690600,0.35,0.36,0.355,0.36,111
KXNBAGAME-26FEB09ATLMIN-ATL,KXNBAGAME-26FEB09ATLMIN,KXNBAGAME,game_winner,Atlanta at Minnesota Winner?,Atlanta,Atlanta,no,0,finalized,2026-02-07T22:06:00Z,2026-02-10T03:45:38Z,2026-02-10T04:00:00Z,564153.00,0.00,1770687000,expected_expiration-150m,1770687000,0.19,0.2,0.195,0.2,108
KXNBAGAME-26FEB11WASCLE-CLE,KXNBAGAME-26FEB11WASCLE,KXNBAGAME,game_winner,Washington at Cleveland Winner?,Cleveland,Cleveland,yes,1,finalized,2026-02-09T19:06:00Z,2026-02-12T02:58:04Z,2026-02-12T03:00:00Z,1312937.00,0.00,1770856200,expected_expiration-150m,1770856200,0.97,0.98,0.975,0.98,111
KXNBAGAME-26FEB09OKCLAL-LAL,KXNBAGAME-26FEB09OKCLAL,KXNBAGAME,game_winner,Oklahoma City at Los Angeles L Winner?,Los Angeles L,Los Angeles L,no,0,finalized,2026-02-07T22:06:00Z,2026-02-10T06:00:37Z,2026-02-10T06:00:00Z,13212378.00,0.00,1770694200,expected_expiration-150m,1770694200,0.31,0.32,0.315,0.32,111
KXNBAGAME-26FEB09DETCHA-DET,KXNBAGAME-26FEB09DETCHA,KXNBAGAME,game_winner,Detroit at Charlotte Winner?,Detroit,Detroit,yes,1,finalized,2026-02-07T19:06:00Z,2026-02-10T02:53:51Z,2026-02-10T03:00:00Z,8346222.00,0.00,1770683400,expected_expiration-150m,1770683400,0.54,0.55,0.545,0.55,111
KXNBAGAME-26FEB09DETCHA-CHA,KXNBAGAME-26FEB09DETCHA,KXNBAGAME,game_winner,Detroit at Charlotte Winner?,Charlotte,Charlotte,no,0,finalized,2026-02-07T19:06:00Z,2026-02-10T02:53:51Z,2026-02-10T03:00:00Z,5742951.00,0.00,1770683400,expected_expiration-150m,1770683400,0.45,0.46,0.455,0.45,111
KXNBAGAME-26FEB09CHIBKN-BKN,KXNBAGAME-26FEB09CHIBKN,KXNBAGAME,game_winner,Chicago at Brooklyn Winner?,Brooklyn,Brooklyn,yes,1,finalized,2026-02-07T22:06:00Z,2026-02-10T03:17:43Z,2026-02-10T03:30:00Z,3078961.00,0.00,1770685200,expected_expiration-150m,1770685200,0.39,0.4,0.395,0.4,108
KXNBAGAME-26FEB08MIAWAS-WAS,KXNBAGAME-26FEB08MIAWAS,KXNBAGAME,game_winner,Miami at Washington Winner?,Washington,Washington,no,0,finalized,2026-02-06T16:06:00Z,2026-02-08T21:35:28Z,2026-02-08T22:00:00Z,1586766.00,0.00,1770579000,expected_expiration-150m,1770579000,0.29,0.31,0.3,0.31,111
KXNBAGAME-26FEB08LACMIN-MIN,KXNBAGAME-26FEB08LACMIN,KXNBAGAME,game_winner,Los Angeles C at Minnesota Winner?,Minnesota,Minnesota,no,0,finalized,2026-02-06T16:06:00Z,2026-02-08T22:45:28Z,2026-02-08T23:00:00Z,4285264.00,0.00,1770582600,expected_expiration-150m,1770582600,0.65,0.66,0.655,0.66,111
KXNBAGAME-26FEB09UTAMIA-UTA,KXNBAGAME-26FEB09UTAMIA,KXNBAGAME,game_winner,Utah at Miami Winner?,Utah,Utah,yes,1,finalized,2026-02-07T22:06:00Z,2026-02-10T03:25:36Z,2026-02-10T03:30:00Z,4851178.00,0.00,1770685200,expected_expiration-150m,1770685200,0.11,0.12,0.11499999999999999,0.12,111
KXNBAGAME-26FEB08INDTOR-TOR,KXNBAGAME-26FEB08INDTOR,KXNBAGAME,game_winner,Indiana at Toronto Winner?,Toronto,Toronto,yes,1,finalized,2026-02-06T16:06:00Z,2026-02-08T22:45:27Z,2026-02-08T23:00:00Z,2195115.00,0.00,1770582600,expected_expiration-150m,1770582600,0.79,0.8,0.795,0.8,111
KXNBAGAME-26FEB08MIAWAS-MIA,KXNBAGAME-26FEB08MIAWAS,KXNBAGAME,game_winner,Miami at Washington Winner?,Miami,Miami,yes,1,finalized,2026-02-06T16:06:00Z,2026-02-08T21:35:28Z,2026-02-08T22:00:00Z,709112.00,0.00,1770579000,expected_expiration-150m,1770579000,0.7,0.71,0.705,0.71,111
KXNBAGAME-26FEB08NYKBOS-NYK,KXNBAGAME-26FEB08NYKBOS,KXNBAGAME,game_winner,New York at Boston Winner?,New York,New York,yes,1,finalized,2026-02-06T13:06:00Z,2026-02-08T20:10:50Z,2026-02-08T20:30:00Z,3841252.00,0.00,1770573600,expected_expiration-150m,1770573600,0.52,0.53,0.525,0.53,111
KXNBAGAME-26FEB09CHIBKN-CHI,KXNBAGAME-26FEB09CHIBKN,KXNBAGAME,game_winner,Chicago at Brooklyn Winner?,Chicago,Chicago,no,0,finalized,2026-02-07T22:06:00Z,2026-02-10T03:17:43Z,2026-02-10T03:30:00Z,4097864.00,0.00,1770685200,expected_expiration-150m,1770685200,0.61,0.62,0.615,0.62,111
KXNBAGAME-26FEB11LACHOU-LAC,KXNBAGAME-26FEB11LACHOU,KXNBAGAME,game_winner,Los Angeles C at Houston Winner?,Los Angeles C,Los Angeles C,yes,1,finalized,2026-02-09T22:06:00Z,2026-02-12T03:47:41Z,2026-02-12T04:00:00Z,3275522.00,0.00,1770859800,expected_expiration-150m,1770859800,0.21,0.22,0.215,0.22,110
KXNBAGAME-26FEB08INDTOR-IND,KXNBAGAME-26FEB08INDTOR,KXNBAGAME,game_winner,Indiana at Toronto Winner?,Indiana,Indiana,no,0,finalized,2026-02-06T16:06:00Z,2026-02-08T22:45:27Z,2026-02-08T23:00:00Z,1245248.00,0.00,1770582600,expected_expiration-150m,1770582600,0.2,0.21,0.20500000000000002,0.21,111
KXNBAGAME-26FEB08NYKBOS-BOS,KXNBAGAME-26FEB08NYKBOS,KXNBAGAME,game_winner,New York at Boston Winner?,Boston,Boston,no,0,finalized,2026-02-06T13:06:00Z,2026-02-08T20:10:50Z,2026-02-08T20:30:00Z,4777624.00,0.00,1770573600,expected_expiration-150m,1770573600,0.48,0.49,0.485,0.49,111
KXNBAGAME-26FEB07CLESAC-CLE,KXNBAGAME-26FEB07CLESAC,KXNBAGAME,game_winner,Cleveland at Sacramento Winner?,Cleveland,Cleveland,yes,1,finalized,2026-02-05T22:06:00Z,2026-02-08T05:35:27Z,2026-02-08T06:00:00Z,5480924.00,0.00,1770521400,expected_expiration-150m,1770521400,0.76,0.77,0.765,0.77,111
KXNBAGAME-26FEB07MEMPOR-POR,KXNBAGAME-26FEB07MEMPOR,KXNBAGAME,game_winner,Memphis at Portland Winner?,Portland,Portland,yes,1,finalized,2026-02-05T22:06:00Z,2026-02-08T05:29:52Z,2026-02-08T06:00:00Z,2265497.00,0.00,1770521400,expected_expiration-150m,1770521400,0.76,0.77,0.765,0.77,111
KXNBAGAME-26FEB08LACMIN-LAC,KXNBAGAME-26FEB08LACMIN,KXNBAGAME,game_winner,Los Angeles C at Minnesota Winner?,Los Angeles C,Los Angeles C,yes,1,finalized,2026-02-06T16:06:00Z,2026-02-08T22:45:28Z,2026-02-08T23:00:00Z,3042720.00,0.00,1770582600,expected_expiration-150m,1770582600,0.35,0.36,0.355,0.36,111
KXNBAGAME-26FEB07CLESAC-SAC,KXNBAGAME-26FEB07CLESAC,KXNBAGAME,game_winner,Cleveland at Sacramento Winner?,Sacramento,Sacramento,no,0,finalized,2026-02-05T22:06:00Z,2026-02-08T05:35:27Z,2026-02-08T06:00:00Z,5247027.00,0.00,1770521400,expected_expiration-150m,1770521400,0.24,0.25,0.245,0.23,111
KXNBAGAME-26FEB07PHIPHX-PHX,KXNBAGAME-26FEB07PHIPHX,KXNBAGAME,game_winner,Philadelphia at Phoenix Winner?,Phoenix,Phoenix,no,0,finalized,2026-02-05T22:06:00Z,2026-02-08T05:05:25Z,2026-02-08T05:00:00Z,2602663.00,0.00,1770517800,expected_expiration-150m,1770517800,0.51,0.52,0.515,0.52,111
KXNBAGAME-26FEB07MEMPOR-MEM,KXNBAGAME-26FEB07MEMPOR,KXNBAGAME,game_winner,Memphis at Portland Winner?,Memphis,Memphis,no,0,finalized,2026-02-05T22:06:00Z,2026-02-08T05:29:52Z,2026-02-08T06:00:00Z,2598074.00,0.00,1770521400,expected_expiration-150m,1770521400,0.23,0.24,0.235,0.24,111
KXNBAGAME-26FEB09SACNOP-NOP,KXNBAGAME-26FEB09SACNOP,KXNBAGAME,game_winner,Sacramento at New Orleans Winner?,New Orleans,New Orleans,yes,1,finalized,2026-02-07T22:06:00Z,2026-02-10T03:43:32Z,2026-02-10T04:00:00Z,290738.00,0.00,1770687000,expected_expiration-150m,1770687000,0.8,0.81,0.805,0.81,99
KXNBAGAME-26FEB07CHAATL-CHA,KXNBAGAME-26FEB07CHAATL,KXNBAGAME,game_winner,Charlotte at Atlanta Winner?,Charlotte,Charlotte,yes,1,finalized,2026-02-05T22:06:00Z,2026-02-08T03:13:32Z,2026-02-08T03:30:00Z,4154138.00,0.00,1770512400,expected_expiration-150m,1770512400,0.43,0.45,0.44,0.44,111
KXNBAGAME-26FEB07GSWLAL-LAL,KXNBAGAME-26FEB07GSWLAL,KXNBAGAME,game_winner,Golden State at Los Angeles L Winner?,Los Angeles L,Los Angeles L,yes,1,finalized,2026-02-05T22:06:00Z,2026-02-08T04:15:31Z,2026-02-08T04:30:00Z,6403135.00,0.00,1770516000,expected_expiration-150m,1770516000,0.51,0.52,0.515,0.52,111
KXNBAGAME-26FEB07UTAORL-UTA,KXNBAGAME-26FEB07UTAORL,KXNBAGAME,game_winner,Utah at Orlando Winner?,Utah,Utah,no,0,finalized,2026-02-05T19:06:00Z,2026-02-08T02:45:43Z,2026-02-08T03:00:00Z,4420601.00,0.00,1770510600,expected_expiration-150m,1770510600,0.27,0.29,0.28,0.29,111
KXNBAGAME-26FEB09MILORL-ORL,KXNBAGAME-26FEB09MILORL,KXNBAGAME,game_winner,Milwaukee at Orlando Winner?,Orlando,Orlando,yes,1,finalized,2026-02-07T22:06:00Z,2026-02-10T03:13:44Z,2026-02-10T03:30:00Z,1191126.00,0.00,1770685200,expected_expiration-150m,1770685200,0.74,0.75,0.745,0.75,111
KXNBAGAME-26FEB07CHAATL-ATL,KXNBAGAME-26FEB07CHAATL,KXNBAGAME,game_winner,Charlotte at Atlanta Winner?,Atlanta,Atlanta,no,0,finalized,2026-02-05T22:06:00Z,2026-02-08T03:13:32Z,2026-02-08T03:30:00Z,2808902.00,0.00,1770512400,expected_expiration-150m,1770512400,0.56,0.57,0.565,0.56,111
KXNBAGAME-26FEB09MILORL-MIL,KXNBAGAME-26FEB09MILORL,KXNBAGAME,game_winner,Milwaukee at Orlando Winner?,Milwaukee,Milwaukee,no,0,finalized,2026-02-07T22:06:00Z,2026-02-10T03:13:44Z,2026-02-10T03:30:00Z,1701619.00,0.00,1770685200,expected_expiration-150m,1770685200,0.24,0.26,0.25,0.26,111
KXNBAGAME-26FEB07UTAORL-ORL,KXNBAGAME-26FEB07UTAORL,KXNBAGAME,game_winner,Utah at Orlando Winner?,Orlando,Orlando,yes,1,finalized,2026-02-05T19:06:00Z,2026-02-08T02:45:43Z,2026-02-08T03:00:00Z,4821850.00,0.00,1770510600,expected_expiration-150m,1770510600,0.72,0.73,0.725,0.73,111
KXNBAGAME-26FEB07WASBKN-BKN,KXNBAGAME-26FEB07WASBKN,KXNBAGAME,game_winner,Washington at Brooklyn Winner?,Brooklyn,Brooklyn,yes,1,finalized,2026-02-05T16:06:00Z,2026-02-07T22:32:04Z,2026-02-07T23:00:00Z,1158133.00,0.00,1770496200,expected_expiration-150m,1770496200,0.86,0.88,0.87,0.88,111
KXNBAGAME-26FEB07HOUOKC-OKC,KXNBAGAME-26FEB07HOUOKC,KXNBAGAME,game_winner,Houston at Oklahoma City Winner?,Oklahoma City,Oklahoma City,no,0,finalized,2026-02-05T16:06:00Z,2026-02-07T23:23:48Z,2026-02-07T23:30:00Z,6297895.00,0.00,1770498000,expected_expiration-150m,1770498000,0.58,0.59,0.585,0.58,111
KXNBAGAME-26FEB07PHIPHX-PHI,KXNBAGAME-26FEB07PHIPHX,KXNBAGAME,game_winner,Philadelphia at Phoenix Winner?,Philadelphia,Philadelphia,yes,1,finalized,2026-02-05T22:06:00Z,2026-02-08T05:05:25Z,2026-02-08T05:00:00Z,2469958.00,0.00,1770517800,expected_expiration-150m,1770517800,0.48,0.49,0.485,0.49,111
KXNBAGAME-26FEB06MEMPOR-POR,KXNBAGAME-26FEB06MEMPOR,KXNBAGAME,game_winner,Memphis at Portland Winner?,Portland,Portland,yes,1,finalized,2026-02-05T01:07:00Z,2026-02-07T05:31:33Z,2026-02-07T06:00:00Z,3011827.00,0.00,1770435000,expected_expiration-150m,1770435000,0.62,0.63,0.625,0.63,111
KXNBAGAME-26FEB20DENPOR-POR,KXNBAGAME-26FEB20DENPOR,KXNBAGAME,game_winner,Denver at Portland Winner?,Portland,Portland,no,0,finalized,2026-02-18T17:06:00Z,2026-02-21T05:46:19Z,2026-02-21T06:00:00Z,2078655.00,0.00,1771644600,expected_expiration-150m,,,,,,0
KXNBAGAME-26FEB20DENPOR-DEN,KXNBAGAME-26FEB20DENPOR,KXNBAGAME,game_winner,Denver at Portland Winner?,Denver,Denver,yes,1,finalized,2026-02-18T17:06:00Z,2026-02-21T05:46:19Z,2026-02-21T06:00:00Z,6214681.00,0.00,1771644600,expected_expiration-150m,,,,,,0
KXNBAGAME-26FEB07HOUOKC-HOU,KXNBAGAME-26FEB07HOUOKC,KXNBAGAME,game_winner,Houston at Oklahoma City Winner?,Houston,Houston,yes,1,finalized,2026-02-05T16:06:00Z,2026-02-07T23:23:48Z,2026-02-07T23:30:00Z,7114960.00,0.00,1770498000,expected_expiration-150m,1770498000,0.41,0.42,0.415,0.42,111
KXNBAGAME-26FEB06MEMPOR-MEM,KXNBAGAME-26FEB06MEMPOR,KXNBAGAME,game_winner,Memphis at Portland Winner?,Memphis,Memphis,no,0,finalized,2026-02-05T01:07:00Z,2026-02-07T05:31:33Z,2026-02-07T06:00:00Z,5945713.00,0.00,1770435000,expected_expiration-150m,1770435000,0.37,0.39,0.38,0.39,111
KXNBAGAME-26FEB06INDMIL-IND,KXNBAGAME-26FEB06INDMIL,KXNBAGAME,game_winner,Indiana at Milwaukee Winner?,Indiana,Indiana,no,0,finalized,2026-02-05T01:07:00Z,2026-02-07T03:30:20Z,2026-02-07T04:00:00Z,2248691.00,0.00,1770427800,expected_expiration-150m,1770427800,0.47,0.48,0.475,0.48,111
KXNBAGAME-26FEB07GSWLAL-GSW,KXNBAGAME-26FEB07GSWLAL,KXNBAGAME,game_winner,Golden State at Los Angeles L Winner?,Golden State,Golden State,no,0,finalized,2026-02-05T22:06:00Z,2026-02-08T04:15:31Z,2026-02-08T04:30:00Z,2981250.00,0.00,1770516000,expected_expiration-150m,1770516000,0.48,0.49,0.485,0.49,111
KXNBAGAME-26FEB19PHXSAS-SAS,KXNBAGAME-26FEB19PHXSAS,KXNBAGAME,game_winner,Phoenix at San Antonio Winner?,San Antonio,San Antonio,yes,1,finalized,2026-02-16T15:37:00Z,2026-02-20T03:56:24Z,2026-02-20T04:30:00Z,1331622.00,0.00,1771552800,expected_expiration-150m,,,,,,0
KXNBAGAME-26FEB09CLEDEN-DEN,KXNBAGAME-26FEB09CLEDEN,KXNBAGAME,game_winner,Cleveland at Denver Winner?,Denver,Denver,no,0,finalized,2026-02-07T22:06:00Z,2026-02-10T04:50:31Z,2026-02-10T05:00:00Z,5696082.00,0.00,1770690600,expected_expiration-150m,1770690600,0.64,0.65,0.645,0.65,111
KXNBAGAME-26FEB06MIABOS-BOS,KXNBAGAME-26FEB06MIABOS,KXNBAGAME,game_winner,Miami at Boston Winner?,Boston,Boston,yes,1,finalized,2026-02-05T01:07:00Z,2026-02-07T03:15:35Z,2026-02-07T03:30:00Z,8394342.00,0.00,1770426000,expected_expiration-150m,1770426000,0.41,0.42,0.415,0.42,111
KXNBAGAME-26FEB06NOPMIN-NOP,KXNBAGAME-26FEB06NOPMIN,KXNBAGAME,game_winner,New Orleans at Minnesota Winner?,New Orleans,New Orleans,yes,1,finalized,2026-02-05T01:07:00Z,2026-02-07T03:33:27Z,2026-02-07T04:00:00Z,4218544.00,0.00,1770427800,expected_expiration-150m,1770427800,0.26,0.28,0.27,0.28,111
KXNBAGAME-26FEB06NYKDET-NYK,KXNBAGAME-26FEB06NYKDET,KXNBAGAME,game_winner,New York at Detroit Winner?,New York,New York,no,0,finalized,2026-02-05T01:06:00Z,2026-02-07T03:15:34Z,2026-02-07T03:30:00Z,5048905.00,0.00,1770426000,expected_expiration-150m,1770426000,0.39,0.4,0.395,0.4,111
KXNBAGAME-26FEB05PHILAL-PHI,KXNBAGAME-26FEB05PHILAL,KXNBAGAME,game_winner,Philadelphia at Los Angeles L Winner?,Philadelphia,Philadelphia,no,0,finalized,2026-02-03T22:06:00Z,2026-02-06T05:57:25Z,2026-02-06T06:00:00Z,8329908.00,0.00,1770348600,expected_expiration-150m,1770348600,0.57,0.58,0.575,0.58,111
KXNBAGAME-26FEB05PHILAL-LAL,KXNBAGAME-26FEB05PHILAL,KXNBAGAME,game_winner,Philadelphia at Los Angeles L Winner?,Los Angeles L,Los Angeles L,yes,1,finalized,2026-02-03T22:06:00Z,2026-02-06T05:57:25Z,2026-02-06T06:00:00Z,9644065.00,0.00,1770348600,expected_expiration-150m,1770348600,0.42,0.43,0.425,0.43,111
KXNBAGAME-26FEB05GSWPHX-PHX,KXNBAGAME-26FEB05GSWPHX,KXNBAGAME,game_winner,Golden State at Phoenix Winner?,Phoenix,Phoenix,no,0,finalized,2026-02-03T22:06:00Z,2026-02-06T05:35:24Z,2026-02-06T06:00:00Z,4928273.00,0.00,1770348600,expected_expiration-150m,1770348600,0.7,0.71,0.705,0.71,111
KXNBAGAME-26FEB19ORLSAC-SAC,KXNBAGAME-26FEB19ORLSAC,KXNBAGAME,game_winner,Orlando at Sacramento Winner?,Sacramento,Sacramento,no,0,finalized,2026-02-16T15:37:00Z,2026-02-20T05:44:20Z,2026-02-20T06:00:00Z,3341116.00,0.00,1771558200,expected_expiration-150m,,,,,,0
KXNBAGAME-26FEB06NOPMIN-MIN,KXNBAGAME-26FEB06NOPMIN,KXNBAGAME,game_winner,New Orleans at Minnesota Winner?,Minnesota,Minnesota,no,0,finalized,2026-02-05T01:07:00Z,2026-02-07T03:33:27Z,2026-02-07T04:00:00Z,5553331.00,0.00,1770427800,expected_expiration-150m,1770427800,0.74,0.75,0.745,0.75,111
KXNBAGAME-26FEB05GSWPHX-GSW,KXNBAGAME-26FEB05GSWPHX,KXNBAGAME,game_winner,Golden State at Phoenix Winner?,Golden State,Golden State,yes,1,finalized,2026-02-03T22:06:00Z,2026-02-06T05:35:24Z,2026-02-06T06:00:00Z,4306531.00,0.00,1770348600,expected_expiration-150m,1770348600,0.29,0.3,0.295,0.3,111
KXNBAGAME-26FEB05CHITOR-CHI,KXNBAGAME-26FEB05CHITOR,KXNBAGAME,game_winner,Chicago at Toronto Winner?,Chicago,Chicago,no,0,finalized,2026-02-03T22:06:00Z,2026-02-06T03:03:34Z,2026-02-06T03:30:00Z,1783930.00,0.00,1770339600,expected_expiration-150m,1770339600,0.15,0.17,0.16,0.16,111
KXNBAGAME-26FEB06MIABOS-MIA,KXNBAGAME-26FEB06MIABOS,KXNBAGAME,game_winner,Miami at Boston Winner?,Miami,Miami,no,0,finalized,2026-02-05T01:07:00Z,2026-02-07T03:15:35Z,2026-02-07T03:30:00Z,5145159.00,0.00,1770426000,expected_expiration-150m,1770426000,0.59,0.61,0.6,0.58,111
KXNBAGAME-26FEB07DALSAS-DAL,KXNBAGAME-26FEB07DALSAS,KXNBAGAME,game_winner,Dallas at San Antonio Winner?,Dallas,Dallas,no,0,finalized,2026-02-05T19:06:00Z,2026-02-08T01:41:42Z,2026-02-08T02:00:00Z,3608703.00,0.00,1770507000,expected_expiration-150m,1770507000,0.17,0.18,0.175,0.18,111
KXNBAGAME-26FEB07WASBKN-WAS,KXNBAGAME-26FEB07WASBKN,KXNBAGAME,game_winner,Washington at Brooklyn Winner?,Washington,Washington,no,0,finalized,2026-02-05T16:06:00Z,2026-02-07T22:32:04Z,2026-02-07T23:00:00Z,2622261.00,0.00,1770496200,expected_expiration-150m,1770496200,0.12,0.13,0.125,0.13,111
KXNBAGAME-26FEB05UTAATL-UTA,KXNBAGAME-26FEB05UTAATL,KXNBAGAME,game_winner,Utah at Atlanta Winner?,Utah,Utah,no,0,finalized,2026-02-03T22:06:00Z,2026-02-06T03:05:31Z,2026-02-06T03:30:00Z,2936144.00,0.00,1770339600,expected_expiration-150m,1770339600,0.31,0.32,0.315,0.32,111
KXNBAGAME-26FEB05SASDAL-SAS,KXNBAGAME-26FEB05SASDAL,KXNBAGAME,game_winner,San Antonio at Dallas Winner?,San Antonio,San Antonio,yes,1,finalized,2026-02-03T22:06:00Z,2026-02-06T04:05:28Z,2026-02-06T04:30:00Z,2959769.00,0.00,1770343200,expected_expiration-150m,1770343200,0.79,0.8,0.795,0.79,111
KXNBAGAME-26FEB05BKNORL-ORL,KXNBAGAME-26FEB05BKNORL,KXNBAGAME,game_winner,Brooklyn at Orlando Winner?,Orlando,Orlando,yes,1,finalized,2026-02-03T19:06:00Z,2026-02-06T02:53:32Z,2026-02-06T03:00:00Z,802034.00,0.00,1770337800,expected_expiration-150m,1770337800,0.81,0.82,0.815,0.82,111
KXNBAGAME-26FEB07DALSAS-SAS,KXNBAGAME-26FEB07DALSAS,KXNBAGAME,game_winner,Dallas at San Antonio Winner?,San Antonio,San Antonio,yes,1,finalized,2026-02-05T19:06:00Z,2026-02-08T01:41:42Z,2026-02-08T02:00:00Z,2032740.00,0.00,1770507000,expected_expiration-150m,1770507000,0.82,0.83,0.825,0.83,111
KXNBAGAME-26FEB06INDMIL-MIL,KXNBAGAME-26FEB06INDMIL,KXNBAGAME,game_winner,Indiana at Milwaukee Winner?,Milwaukee,Milwaukee,yes,1,finalized,2026-02-05T01:07:00Z,2026-02-07T03:30:20Z,2026-02-07T04:00:00Z,2681084.00,0.00,1770427800,expected_expiration-150m,1770427800,0.52,0.53,0.525,0.53,111
KXNBAGAME-26FEB05WASDET-DET,KXNBAGAME-26FEB05WASDET,KXNBAGAME,game_winner,Washington at Detroit Winner?,Detroit,Detroit,no,0,finalized,2026-02-03T19:06:00Z,2026-02-06T02:45:39Z,2026-02-06T03:00:00Z,5847476.00,0.00,1770337800,expected_expiration-150m,1770337800,0.76,0.77,0.765,0.77,111
KXNBAGAME-26FEB04CLELAC-LAC,KXNBAGAME-26FEB04CLELAC,KXNBAGAME,game_winner,Cleveland at Los Angeles C Winner?,Los Angeles C,Los Angeles C,no,0,finalized,2026-02-03T01:06:00Z,2026-02-05T06:00:39Z,2026-02-05T06:30:00Z,1500309.00,0.00,1770264000,expected_expiration-150m,1770264000,0.25,0.26,0.255,0.26,111
KXNBAGAME-26FEB06LACSAC-SAC,KXNBAGAME-26FEB06LACSAC,KXNBAGAME,game_winner,Los Angeles C at Sacramento Winner?,Sacramento,Sacramento,no,0,finalized,2026-02-05T01:07:00Z,2026-02-07T05:51:22Z,2026-02-07T06:00:00Z,6579545.00,0.00,1770435000,expected_expiration-150m,1770435000,0.37,0.38,0.375,0.38,111
KXNBAGAME-26FEB04OKCSAS-SAS,KXNBAGAME-26FEB04OKCSAS,KXNBAGAME,game_winner,Oklahoma City at San Antonio Winner?,San Antonio,San Antonio,yes,1,finalized,2026-02-02T22:06:00Z,2026-02-05T05:10:31Z,2026-02-05T05:30:00Z,4430241.00,0.00,1770260400,expected_expiration-150m,1770260400,0.87,0.89,0.88,0.87,111
KXNBAGAME-26FEB05CHAHOU-HOU,KXNBAGAME-26FEB05CHAHOU,KXNBAGAME,game_winner,Charlotte at Houston Winner?,Houston,Houston,no,0,finalized,2026-02-03T22:06:00Z,2026-02-06T03:50:28Z,2026-02-06T04:00:00Z,3170027.00,0.00,1770341400,expected_expiration-150m,1770341400,0.43,0.44,0.435,0.44,111
KXNBAGAME-26FEB04MEMSAC-SAC,KXNBAGAME-26FEB04MEMSAC,KXNBAGAME,game_winner,Memphis at Sacramento Winner?,Sacramento,Sacramento,no,0,finalized,2026-02-02T22:06:00Z,2026-02-05T05:57:28Z,2026-02-05T06:00:00Z,4398881.00,0.00,1770262200,expected_expiration-150m,1770262200,0.62,0.63,0.625,0.63,111
KXNBAGAME-26FEB05UTAATL-ATL,KXNBAGAME-26FEB05UTAATL,KXNBAGAME,game_winner,Utah at Atlanta Winner?,Atlanta,Atlanta,yes,1,finalized,2026-02-03T22:06:00Z,2026-02-06T03:05:31Z,2026-02-06T03:30:00Z,3832755.00,0.00,1770339600,expected_expiration-150m,1770339600,0.69,0.7,0.695,0.7,111
KXNBAGAME-26FEB04OKCSAS-OKC,KXNBAGAME-26FEB04OKCSAS,KXNBAGAME,game_winner,Oklahoma City at San Antonio Winner?,Oklahoma City,Oklahoma City,no,0,finalized,2026-02-02T22:06:00Z,2026-02-05T05:10:31Z,2026-02-05T05:30:00Z,7396503.00,0.00,1770260400,expected_expiration-150m,1770260400,0.13,0.14,0.135,0.14,111
KXNBAGAME-26FEB04BOSHOU-HOU,KXNBAGAME-26FEB04BOSHOU,KXNBAGAME,game_winner,Boston at Houston Winner?,Houston,Houston,no,0,finalized,2026-02-02T22:06:00Z,2026-02-05T03:35:31Z,2026-02-05T04:00:00Z,2345434.00,0.00,1770255000,expected_expiration-150m,1770255000,0.76,0.78,0.77,0.76,111
KXNBAGAME-26FEB04MEMSAC-MEM,KXNBAGAME-26FEB04MEMSAC,KXNBAGAME,game_winner,Memphis at Sacramento Winner?,Memphis,Memphis,yes,1,finalized,2026-02-02T22:06:00Z,2026-02-05T05:57:28Z,2026-02-05T06:00:00Z,4983999.00,0.00,1770262200,expected_expiration-150m,1770262200,0.37,0.38,0.375,0.38,111
KXNBAGAME-26FEB05WASDET-WAS,KXNBAGAME-26FEB05WASDET,KXNBAGAME,game_winner,Washington at Detroit Winner?,Washington,Washington,yes,1,finalized,2026-02-03T19:06:00Z,2026-02-06T02:45:39Z,2026-02-06T03:00:00Z,7495937.00,0.00,1770337800,expected_expiration-150m,1770337800,0.24,0.25,0.245,0.25,111
KXNBAGAME-26FEB04MINTOR-TOR,KXNBAGAME-26FEB04MINTOR,KXNBAGAME,game_winner,Minnesota at Toronto Winner?,Toronto,Toronto,no,0,finalized,2026-02-02T22:06:00Z,2026-02-05T03:17:36Z,2026-02-05T03:30:00Z,2710598.00,0.00,1770253200,expected_expiration-150m,1770253200,0.47,0.48,0.475,0.48,111
KXNBAGAME-26FEB04BOSHOU-BOS,KXNBAGAME-26FEB04BOSHOU,KXNBAGAME,game_winner,Boston at Houston Winner?,Boston,Boston,yes,1,finalized,2026-02-02T22:06:00Z,2026-02-05T03:35:31Z,2026-02-05T04:00:00Z,2469055.00,0.00,1770255000,expected_expiration-150m,1770255000,0.24,0.25,0.245,0.25,111
KXNBAGAME-26FEB04NOPMIL-NOP,KXNBAGAME-26FEB04NOPMIL,KXNBAGAME,game_winner,New Orleans at Milwaukee Winner?,New Orleans,New Orleans,no,0,finalized,2026-02-02T22:06:00Z,2026-02-05T04:00:41Z,2026-02-05T04:00:00Z,3098894.00,0.00,1770255000,expected_expiration-150m,1770255000,0.75,0.77,0.76,0.76,111
KXNBAGAME-26FEB11LACHOU-HOU,KXNBAGAME-26FEB11LACHOU,KXNBAGAME,game_winner,Los Angeles C at Houston Winner?,Houston,Houston,no,0,finalized,2026-02-09T22:06:00Z,2026-02-12T03:47:41Z,2026-02-12T04:00:00Z,2574999.00,0.00,1770859800,expected_expiration-150m,,,,,,0
KXNBAGAME-26FEB03BOSDAL-DAL,KXNBAGAME-26FEB03BOSDAL,KXNBAGAME,game_winner,Boston at Dallas Winner?,Dallas,Dallas,no,0,finalized,2026-02-02T07:06:00Z,2026-02-04T03:43:26Z,2026-02-04T04:00:00Z,1296557.00,0.00,1770168600,expected_expiration-150m,1770168600,0.29,0.3,0.295,0.3,111
KXNBAGAME-26FEB07DENCHI-DEN,KXNBAGAME-26FEB07DENCHI,KXNBAGAME,game_winner,Denver at Chicago Winner?,Denver,Denver,yes,1,finalized,2026-02-05T22:06:00Z,2026-02-08T03:40:26Z,2026-02-08T04:00:00Z,2948149.00,0.00,1770514200,expected_expiration-150m,1770514200,0.84,0.85,0.845,0.85,111
KXNBAGAME-26FEB03PHXPOR-POR,KXNBAGAME-26FEB03PHXPOR,KXNBAGAME,game_winner,Phoenix at Portland Winner?,Portland,Portland,no,0,finalized,2026-02-02T07:06:00Z,2026-02-04T06:51:29Z,2026-02-04T07:00:00Z,5162207.00,0.00,1770179400,expected_expiration-150m,1770179400,0.76,0.77,0.765,0.77,111
KXNBAGAME-26FEB05SASDAL-DAL,KXNBAGAME-26FEB05SASDAL,KXNBAGAME,game_winner,San Antonio at Dallas Winner?,Dallas,Dallas,no,0,finalized,2026-02-03T22:06:00Z,2026-02-06T04:05:28Z,2026-02-06T04:30:00Z,3972691.00,0.00,1770343200,expected_expiration-150m,1770343200,0.2,0.21,0.20500000000000002,0.21,111
KXNBAGAME-26FEB03ORLOKC-ORL,KXNBAGAME-26FEB03ORLOKC,KXNBAGAME,game_winner,Orlando at Oklahoma City Winner?,Orlando,Orlando,no,0,finalized,2026-02-02T07:06:00Z,2026-02-04T03:40:27Z,2026-02-04T04:00:00Z,461508.00,0.00,1770168600,expected_expiration-150m,1770168600,0.04,0.05,0.045,0.05,111
KXNBAGAME-26FEB05CHAHOU-CHA,KXNBAGAME-26FEB05CHAHOU,KXNBAGAME,game_winner,Charlotte at Houston Winner?,Charlotte,Charlotte,yes,1,finalized,2026-02-03T22:06:00Z,2026-02-06T03:50:28Z,2026-02-06T04:00:00Z,2074152.00,0.00,1770341400,expected_expiration-150m,1770341400,0.54,0.57,0.5549999999999999,0.56,111
KXNBAGAME-26FEB03ATLMIA-MIA,KXNBAGAME-26FEB03ATLMIA,KXNBAGAME,game_winner,Atlanta at Miami Winner?,Miami,Miami,no,0,finalized,2026-02-02T07:06:00Z,2026-02-04T03:57:25Z,2026-02-04T03:30:00Z,1588566.00,0.00,1770166800,expected_expiration-150m,1770166800,0.44,0.46,0.45,0.45,111
KXNBAGAME-26FEB04MINTOR-MIN,KXNBAGAME-26FEB04MINTOR,KXNBAGAME,game_winner,Minnesota at Toronto Winner?,Minnesota,Minnesota,yes,1,finalized,2026-02-02T22:06:00Z,2026-02-05T03:17:36Z,2026-02-05T03:30:00Z,3157781.00,0.00,1770253200,expected_expiration-150m,1770253200,0.52,0.53,0.525,0.53,111
KXNBAGAME-26FEB03ORLOKC-OKC,KXNBAGAME-26FEB03ORLOKC,KXNBAGAME,game_winner,Orlando at Oklahoma City Winner?,Oklahoma City,Oklahoma City,yes,1,finalized,2026-02-02T07:06:00Z,2026-02-04T03:40:27Z,2026-02-04T04:00:00Z,567008.00,0.00,1770168600,expected_expiration-150m,1770168600,0.95,0.96,0.955,0.95,111
KXNBAGAME-26FEB04DENNYK-NYK,KXNBAGAME-26FEB04DENNYK,KXNBAGAME,game_winner,Denver at New York Winner?,New York,New York,yes,1,finalized,2026-02-02T19:05:00Z,2026-02-05T03:25:34Z,2026-02-05T03:00:00Z,7371968.00,0.00,1770251400,expected_expiration-150m,1770251400,0.6,0.61,0.605,0.61,111
KXNBAGAME-26FEB04DENNYK-DEN,KXNBAGAME-26FEB04DENNYK,KXNBAGAME,game_winner,Denver at New York Winner?,Denver,Denver,no,0,finalized,2026-02-02T19:05:00Z,2026-02-05T03:25:34Z,2026-02-05T03:00:00Z,9056334.00,0.00,1770251400,expected_expiration-150m,1770251400,0.38,0.39,0.385,0.39,111
KXNBAGAME-26FEB03BOSDAL-BOS,KXNBAGAME-26FEB03BOSDAL,KXNBAGAME,game_winner,Boston at Dallas Winner?,Boston,Boston,yes,1,finalized,2026-02-02T07:06:00Z,2026-02-04T03:43:26Z,2026-02-04T04:00:00Z,1443827.00,0.00,1770168600,expected_expiration-150m,1770168600,0.7,0.71,0.705,0.71,111
KXNBAGAME-26FEB04CLELAC-CLE,KXNBAGAME-26FEB04CLELAC,KXNBAGAME,game_winner,Cleveland at Los Angeles C Winner?,Cleveland,Cleveland,yes,1,finalized,2026-02-03T01:06:00Z,2026-02-05T06:00:39Z,2026-02-05T06:30:00Z,2550804.00,0.00,1770264000,expected_expiration-150m,1770264000,0.75,0.76,0.755,0.76,111
KXNBAGAME-26FEB03CHIMIL-CHI,KXNBAGAME-26FEB03CHIMIL,KXNBAGAME,game_winner,Chicago at Milwaukee Winner?,Chicago,Chicago,no,0,finalized,2026-02-02T07:06:00Z,2026-02-04T03:35:29Z,2026-02-04T04:00:00Z,1035979.00,0.00,1770168600,expected_expiration-150m,1770168600,0.38,0.39,0.385,0.39,111
KXNBAGAME-26FEB03LALBKN-LAL,KXNBAGAME-26FEB03LALBKN,KXNBAGAME,game_winner,Los Angeles L at Brooklyn Winner?,Los Angeles L,Los Angeles L,yes,1,finalized,2026-02-02T07:06:00Z,2026-02-04T03:10:37Z,2026-02-04T03:30:00Z,1720953.00,0.00,1770166800,expected_expiration-150m,1770166800,0.9,0.91,0.905,0.91,111
KXNBAGAME-26FEB10LACHOU-LAC,KXNBAGAME-26FEB10LACHOU,KXNBAGAME,game_winner,Los Angeles C at Houston Winner?,Los Angeles C,Los Angeles C,no,0,finalized,2026-02-08T22:06:00Z,2026-02-11T03:40:17Z,2026-02-11T04:00:00Z,3848929.00,0.00,1770773400,expected_expiration-150m,,,,,,0
KXNBAGAME-26FEB10LACHOU-HOU,KXNBAGAME-26FEB10LACHOU,KXNBAGAME,game_winner,Los Angeles C at Houston Winner?,Houston,Houston,yes,1,finalized,2026-02-08T22:06:00Z,2026-02-11T03:40:17Z,2026-02-11T04:00:00Z,2146192.00,0.00,1770773400,expected_expiration-150m,,,,,,0
KXNBAGAME-26FEB03DENDET-DET,KXNBAGAME-26FEB03DENDET,KXNBAGAME,game_winner,Denver at Detroit Winner?,Detroit,Detroit,yes,1,finalized,2026-02-02T07:06:00Z,2026-02-04T03:00:58Z,2026-02-04T03:00:00Z,3041885.00,0.00,1770165000,expected_expiration-150m,1770165000,0.77,0.78,0.775,0.78,111
KXNBAGAME-26FEB03UTAIND-UTA,KXNBAGAME-26FEB03UTAIND,KXNBAGAME,game_winner,Utah at Indiana Winner?,Utah,Utah,yes,1,finalized,2026-02-02T07:06:00Z,2026-02-04T02:28:06Z,2026-02-04T03:00:00Z,3155408.00,0.00,1770165000,expected_expiration-150m,1770165000,0.48,0.49,0.485,0.49,111
KXNBAGAME-26FEB03PHIGSW-GSW,KXNBAGAME-26FEB03PHIGSW,KXNBAGAME,game_winner,Philadelphia at Golden State Winner?,Golden State,Golden State,no,0,finalized,2026-02-02T07:06:00Z,2026-02-04T05:33:26Z,2026-02-04T06:00:00Z,4216787.00,0.00,1770175800,expected_expiration-150m,1770175800,0.6,0.61,0.605,0.61,111
KXNBAGAME-26FEB03PHIGSW-PHI,KXNBAGAME-26FEB03PHIGSW,KXNBAGAME,game_winner,Philadelphia at Golden State Winner?,Philadelphia,Philadelphia,yes,1,finalized,2026-02-02T07:06:00Z,2026-02-04T05:33:26Z,2026-02-04T06:00:00Z,8240267.00,0.00,1770175800,expected_expiration-150m,1770175800,0.4,0.41,0.405,0.4,111
KXNBAGAME-26FEB03LALBKN-BKN,KXNBAGAME-26FEB03LALBKN,KXNBAGAME,game_winner,Los Angeles L at Brooklyn Winner?,Brooklyn,Brooklyn,no,0,finalized,2026-02-02T07:06:00Z,2026-02-04T03:10:37Z,2026-02-04T03:30:00Z,430530.00,0.00,1770166800,expected_expiration-150m,1770166800,0.09,0.1,0.095,0.1,111
KXNBAGAME-26FEB02HOUIND-IND,KXNBAGAME-26FEB02HOUIND,KXNBAGAME,game_winner,Houston at Indiana Winner?,Indiana,Indiana,no,0,finalized,2026-02-01T05:36:00Z,2026-02-03T02:47:24Z,2026-02-03T03:00:00Z,4381323.00,0.00,1770078600,expected_expiration-150m,1770078600,0.4,0.41,0.405,0.41,111
KXNBAGAME-26FEB02HOUIND-HOU,KXNBAGAME-26FEB02HOUIND,KXNBAGAME,game_winner,Houston at Indiana Winner?,Houston,Houston,yes,1,finalized,2026-02-01T05:36:00Z,2026-02-03T02:47:24Z,2026-02-03T03:00:00Z,5313593.00,0.00,1770078600,expected_expiration-150m,1770078600,0.59,0.61,0.6,0.61,111
KXNBAGAME-26FEB02PHILAC-PHI,KXNBAGAME-26FEB02PHILAC,KXNBAGAME,game_winner,Philadelphia at Los Angeles C Winner?,Philadelphia,Philadelphia,yes,1,finalized,2026-02-01T05:36:00Z,2026-02-03T05:40:26Z,2026-02-03T06:00:00Z,6991179.00,0.00,1770089400,expected_expiration-150m,1770089400,0.68,0.7,0.69,0.7,111
KXNBAGAME-26FEB02MINMEM-MEM,KXNBAGAME-26FEB02MINMEM,KXNBAGAME,game_winner,Minnesota at Memphis Winner?,Memphis,Memphis,yes,1,finalized,2026-02-01T05:36:00Z,2026-02-03T03:43:23Z,2026-02-03T03:30:00Z,4242290.00,0.00,1770080400,expected_expiration-150m,1770080400,0.27,0.29,0.28,0.29,111
KXNBAGAME-26FEB03DENDET-DEN,KXNBAGAME-26FEB03DENDET,KXNBAGAME,game_winner,Denver at Detroit Winner?,Denver,Denver,no,0,finalized,2026-02-02T07:06:00Z,2026-02-04T03:00:58Z,2026-02-04T03:00:00Z,4259481.00,0.00,1770165000,expected_expiration-150m,1770165000,0.22,0.23,0.225,0.23,111
KXNBAGAME-26FEB03NYKWAS-WAS,KXNBAGAME-26FEB03NYKWAS,KXNBAGAME,game_winner,New York at Washington Winner?,Washington,Washington,no,0,finalized,2026-02-02T07:06:00Z,2026-02-04T02:47:49Z,2026-02-04T03:00:00Z,832803.00,0.00,1770165000,expected_expiration-150m,1770165000,0.06,0.07,0.065,0.07,111
KXNBAGAME-26FEB03PHXPOR-PHX,KXNBAGAME-26FEB03PHXPOR,KXNBAGAME,game_winner,Phoenix at Portland Winner?,Phoenix,Phoenix,yes,1,finalized,2026-02-02T07:06:00Z,2026-02-04T06:51:29Z,2026-02-04T07:00:00Z,7713166.00,0.00,1770179400,expected_expiration-150m,1770179400,0.24,0.26,0.25,0.25,111
KXNBAGAME-26FEB03UTAIND-IND,KXNBAGAME-26FEB03UTAIND,KXNBAGAME,game_winner,Utah at Indiana Winner?,Indiana,Indiana,no,0,finalized,2026-02-02T07:06:00Z,2026-02-04T02:28:06Z,2026-02-04T03:00:00Z,2785729.00,0.00,1770165000,expected_expiration-150m,1770165000,0.52,0.53,0.525,0.53,111
KXNBAGAME-26FEB02PHILAC-LAC,KXNBAGAME-26FEB02PHILAC,KXNBAGAME,game_winner,Philadelphia at Los Angeles C Winner?,Los Angeles C,Los Angeles C,no,0,finalized,2026-02-01T05:36:00Z,2026-02-03T05:40:26Z,2026-02-03T06:00:00Z,5413240.00,0.00,1770089400,expected_expiration-150m,1770089400,0.3,0.32,0.31,0.32,111
KXNBAGAME-26FEB03ATLMIA-ATL,KXNBAGAME-26FEB03ATLMIA,KXNBAGAME,game_winner,Atlanta at Miami Winner?,Atlanta,Atlanta,yes,1,finalized,2026-02-02T07:06:00Z,2026-02-04T03:57:25Z,2026-02-04T03:30:00Z,1630680.00,0.00,1770166800,expected_expiration-150m,1770166800,0.54,0.55,0.545,0.56,111
KXNBAGAME-26FEB01LALNYK-NYK,KXNBAGAME-26FEB01LALNYK,KXNBAGAME,game_winner,Los Angeles L at New York Winner?,New York,New York,yes,1,finalized,2026-01-31T04:48:00Z,2026-02-02T02:30:38Z,2026-02-02T03:00:00Z,4043736.00,0.00,1769992200,expected_expiration-150m,1769992200,0.58,0.59,0.585,0.59,111
KXNBAGAME-26FEB02NOPCHA-NOP,KXNBAGAME-26FEB02NOPCHA,KXNBAGAME,game_winner,New Orleans at Charlotte Winner?,New Orleans,New Orleans,no,0,finalized,2026-02-01T05:36:00Z,2026-02-02T22:35:26Z,2026-02-03T03:00:00Z,4765843.00,0.00,1770078600,expected_expiration-150m,,,,,,0
KXNBAGAME-26FEB02MINMEM-MIN,KXNBAGAME-26FEB02MINMEM,KXNBAGAME,game_winner,Minnesota at Memphis Winner?,Minnesota,Minnesota,no,0,finalized,2026-02-01T05:36:00Z,2026-02-03T03:43:23Z,2026-02-03T03:30:00Z,6303337.00,0.00,1770080400,expected_expiration-150m,1770080400,0.72,0.73,0.725,0.73,111
KXNBAGAME-26FEB01OKCDEN-DEN,KXNBAGAME-26FEB01OKCDEN,KXNBAGAME,game_winner,Oklahoma City at Denver Winner?,Denver,Denver,no,0,finalized,2026-01-31T04:48:00Z,2026-02-02T05:10:00Z,2026-02-02T05:30:00Z,5540849.00,0.00,1770001200,expected_expiration-150m,1770001200,0.24,0.25,0.245,0.25,111
KXNBAGAME-26FEB05BKNORL-BKN,KXNBAGAME-26FEB05BKNORL,KXNBAGAME,game_winner,Brooklyn at Orlando Winner?,Brooklyn,Brooklyn,no,0,finalized,2026-02-03T19:06:00Z,2026-02-06T02:53:32Z,2026-02-06T03:00:00Z,422252.00,0.00,1770337800,expected_expiration-150m,1770337800,0.18,0.19,0.185,0.18,111
KXNBAGAME-26FEB01LACPHX-PHX,KXNBAGAME-26FEB01LACPHX,KXNBAGAME,game_winner,Los Angeles C at Phoenix Winner?,Phoenix,Phoenix,no,0,finalized,2026-01-31T04:48:00Z,2026-02-02T03:50:19Z,2026-02-02T04:00:00Z,3916740.00,0.00,1769995800,expected_expiration-150m,1769995800,0.54,0.56,0.55,0.55,111
KXNBAGAME-26FEB01CLEPOR-POR,KXNBAGAME-26FEB01CLEPOR,KXNBAGAME,game_winner,Cleveland at Portland Winner?,Portland,Portland,no,0,finalized,2026-01-31T04:48:00Z,2026-02-02T04:25:27Z,2026-02-02T05:00:00Z,1424161.00,0.00,1769999400,expected_expiration-150m,1769999400,0.21,0.22,0.215,0.22,111
KXNBAGAME-26FEB01BKNDET-DET,KXNBAGAME-26FEB01BKNDET,KXNBAGAME,game_winner,Brooklyn at Detroit Winner?,Detroit,Detroit,yes,1,finalized,2026-01-31T04:48:00Z,2026-02-02T01:33:43Z,2026-02-02T02:00:00Z,1346805.00,0.00,1769988600,expected_expiration-150m,1769988600,0.89,0.9,0.895,0.9,111
KXNBAGAME-26FEB01UTATOR-UTA,KXNBAGAME-26FEB01UTATOR,KXNBAGAME,game_winner,Utah at Toronto Winner?,Utah,Utah,no,0,finalized,2026-01-31T04:48:00Z,2026-02-02T01:57:35Z,2026-02-02T02:00:00Z,2507863.00,0.00,1769988600,expected_expiration-150m,1769988600,0.21,0.23,0.22,0.22,111
KXNBAGAME-26FEB01CHIMIA-MIA,KXNBAGAME-26FEB01CHIMIA,KXNBAGAME,game_winner,Chicago at Miami Winner?,Miami,Miami,yes,1,finalized,2026-01-31T04:48:00Z,2026-02-02T01:35:44Z,2026-02-02T02:00:00Z,1504874.00,0.00,1769988600,expected_expiration-150m,1769988600,0.87,0.88,0.875,0.88,111
KXNBAGAME-26FEB01CHIMIA-CHI,KXNBAGAME-26FEB01CHIMIA,KXNBAGAME,game_winner,Chicago at Miami Winner?,Chicago,Chicago,no,0,finalized,2026-01-31T04:48:00Z,2026-02-02T01:35:44Z,2026-02-02T02:00:00Z,2064143.00,0.00,1769988600,expected_expiration-150m,1769988600,0.12,0.14,0.13,0.14,111
KXNBAGAME-26FEB01LALNYK-LAL,KXNBAGAME-26FEB01LALNYK,KXNBAGAME,game_winner,Los Angeles L at New York Winner?,Los Angeles L,Los Angeles L,no,0,finalized,2026-01-31T04:48:00Z,2026-02-02T02:30:38Z,2026-02-02T03:00:00Z,7567740.00,0.00,1769992200,expected_expiration-150m,1769992200,0.41,0.43,0.42,0.43,111
KXNBAGAME-26JAN31MINMEM-MIN,KXNBAGAME-26JAN31MINMEM,KXNBAGAME,game_winner,Minnesota at Memphis Winner?,Minnesota,Minnesota,yes,1,finalized,2026-01-31T04:47:00Z,2026-02-01T03:27:27Z,2026-02-01T04:00:00Z,1142769.00,0.00,1769909400,expected_expiration-150m,1769909400,0.85,0.86,0.855,0.86,111
KXNBAGAME-26FEB01LACPHX-LAC,KXNBAGAME-26FEB01LACPHX,KXNBAGAME,game_winner,Los Angeles C at Phoenix Winner?,Los Angeles C,Los Angeles C,yes,1,finalized,2026-01-31T04:48:00Z,2026-02-02T03:50:19Z,2026-02-02T04:00:00Z,4169983.00,0.00,1769995800,expected_expiration-150m,1769995800,0.44,0.46,0.45,0.46,111
KXNBAGAME-26JAN31DALHOU-HOU,KXNBAGAME-26JAN31DALHOU,KXNBAGAME,game_winner,Dallas at Houston Winner?,Houston,Houston,yes,1,finalized,2026-01-31T04:47:00Z,2026-02-01T04:10:05Z,2026-02-01T04:30:00Z,3001292.00,0.00,1769911200,expected_expiration-150m,1769911200,0.76,0.77,0.765,0.77,111
KXNBAGAME-26FEB01SACWAS-SAC,KXNBAGAME-26FEB01SACWAS,KXNBAGAME,game_winner,Sacramento at Washington Winner?,Sacramento,Sacramento,no,0,finalized,2026-01-31T04:48:00Z,2026-02-02T01:39:58Z,2026-02-02T02:00:00Z,3077296.00,0.00,1769988600,expected_expiration-150m,1769988600,0.33,0.34,0.335,0.35,111
KXNBAGAME-26JAN31ATLIND-IND,KXNBAGAME-26JAN31ATLIND,KXNBAGAME,game_winner,Atlanta at Indiana Winner?,Indiana,Indiana,yes,1,finalized,2026-01-31T04:47:00Z,2026-02-01T02:37:28Z,2026-02-01T03:00:00Z,3922135.00,0.00,1769905800,expected_expiration-150m,1769905800,0.39,0.4,0.395,0.4,111
KXNBAGAME-26JAN31DALHOU-DAL,KXNBAGAME-26JAN31DALHOU,KXNBAGAME,game_winner,Dallas at Houston Winner?,Dallas,Dallas,no,0,finalized,2026-01-31T04:47:00Z,2026-02-01T04:10:05Z,2026-02-01T04:30:00Z,4311283.00,0.00,1769911200,expected_expiration-150m,1769911200,0.23,0.24,0.235,0.24,111
KXNBAGAME-26JAN31CHIMIA-MIA,KXNBAGAME-26JAN31CHIMIA,KXNBAGAME,game_winner,Chicago at Miami Winner?,Miami,Miami,no,0,finalized,2026-01-31T04:47:00Z,2026-02-01T04:00:17Z,2026-02-01T04:00:00Z,3579548.00,0.00,1769909400,expected_expiration-150m,1769909400,0.56,0.58,0.5700000000000001,0.57,111
KXNBAGAME-26FEB01UTATOR-TOR,KXNBAGAME-26FEB01UTATOR,KXNBAGAME,game_winner,Utah at Toronto Winner?,Toronto,Toronto,yes,1,finalized,2026-01-31T04:48:00Z,2026-02-02T01:57:35Z,2026-02-02T02:00:00Z,2887240.00,0.00,1769988600,expected_expiration-150m,1769988600,0.78,0.79,0.785,0.79,111
KXNBAGAME-26JAN31CHIMIA-CHI,KXNBAGAME-26JAN31CHIMIA,KXNBAGAME,game_winner,Chicago at Miami Winner?,Chicago,Chicago,yes,1,finalized,2026-01-31T04:47:00Z,2026-02-01T04:00:17Z,2026-02-01T04:00:00Z,3890598.00,0.00,1769909400,expected_expiration-150m,1769909400,0.43,0.45,0.44,0.44,111
KXNBAGAME-26FEB01CLEPOR-CLE,KXNBAGAME-26FEB01CLEPOR,KXNBAGAME,game_winner,Cleveland at Portland Winner?,Cleveland,Cleveland,yes,1,finalized,2026-01-31T04:48:00Z,2026-02-02T04:25:27Z,2026-02-02T05:00:00Z,2152083.00,0.00,1769999400,expected_expiration-150m,1769999400,0.77,0.79,0.78,0.79,111
KXNBAGAME-26FEB01SACWAS-WAS,KXNBAGAME-26FEB01SACWAS,KXNBAGAME,game_winner,Sacramento at Washington Winner?,Washington,Washington,yes,1,finalized,2026-01-31T04:48:00Z,2026-02-02T01:39:58Z,2026-02-02T02:00:00Z,3080953.00,0.00,1769988600,expected_expiration-150m,1769988600,0.65,0.67,0.66,0.67,111
KXNBAGAME-26FEB01OKCDEN-OKC,KXNBAGAME-26FEB01OKCDEN,KXNBAGAME,game_winner,Oklahoma City at Denver Winner?,Oklahoma City,Oklahoma City,yes,1,finalized,2026-01-31T04:48:00Z,2026-02-02T05:10:00Z,2026-02-02T05:30:00Z,3235102.00,0.00,1770001200,expected_expiration-150m,1770001200,0.75,0.76,0.755,0.76,111
KXNBAGAME-26JAN31NOPPHI-PHI,KXNBAGAME-26JAN31NOPPHI,KXNBAGAME,game_winner,New Orleans at Philadelphia Winner?,Philadelphia,Philadelphia,yes,1,finalized,2026-01-31T04:47:00Z,2026-02-01T03:01:06Z,2026-02-01T03:30:00Z,3762970.00,0.00,1769907600,expected_expiration-150m,1769907600,0.62,0.63,0.625,0.63,111
KXNBAGAME-26JAN31SASCHA-SAS,KXNBAGAME-26JAN31SASCHA,KXNBAGAME,game_winner,San Antonio at Charlotte Winner?,San Antonio,San Antonio,no,0,finalized,2026-01-31T04:47:00Z,2026-01-31T19:47:32Z,2026-01-31T20:00:00Z,7953887.00,0.00,1769880600,expected_expiration-150m,1769880600,0.66,0.67,0.665,0.66,111
KXNBAGAME-26FEB01MILBOS-BOS,KXNBAGAME-26FEB01MILBOS,KXNBAGAME,game_winner,Milwaukee at Boston Winner?,Boston,Boston,yes,1,finalized,2026-01-31T04:47:00Z,2026-02-01T23:15:48Z,2026-02-01T23:30:00Z,2524924.00,0.00,1769979600,expected_expiration-150m,1769979600,0.76,0.77,0.765,0.77,111
KXNBAGAME-26JAN31ATLIND-ATL,KXNBAGAME-26JAN31ATLIND,KXNBAGAME,game_winner,Atlanta at Indiana Winner?,Atlanta,Atlanta,no,0,finalized,2026-01-31T04:47:00Z,2026-02-01T02:37:28Z,2026-02-01T03:00:00Z,7154059.00,0.00,1769905800,expected_expiration-150m,1769905800,0.6,0.61,0.605,0.61,111
KXNBAGAME-26JAN31NOPPHI-NOP,KXNBAGAME-26JAN31NOPPHI,KXNBAGAME,game_winner,New Orleans at Philadelphia Winner?,New Orleans,New Orleans,no,0,finalized,2026-01-31T04:47:00Z,2026-02-01T03:01:06Z,2026-02-01T03:30:00Z,2345762.00,0.00,1769907600,expected_expiration-150m,1769907600,0.38,0.39,0.385,0.39,111
KXNBAGAME-26FEB07DENCHI-CHI,KXNBAGAME-26FEB07DENCHI,KXNBAGAME,game_winner,Denver at Chicago Winner?,Chicago,Chicago,no,0,finalized,2026-02-05T22:06:00Z,2026-02-08T03:40:26Z,2026-02-08T04:00:00Z,1952401.00,0.00,1770514200,expected_expiration-150m,,,,,,0
KXNBAGAME-26FEB01ORLSAS-ORL,KXNBAGAME-26FEB01ORLSAS,KXNBAGAME,game_winner,Orlando at San Antonio Winner?,Orlando,Orlando,no,0,finalized,2026-01-31T04:47:00Z,2026-02-02T04:39:50Z,2026-02-02T00:00:00Z,2431038.00,0.00,1769981400,expected_expiration-150m,1769981400,0.44,0.45,0.445,0.45,111
KXNBAGAME-26JAN30BKNUTA-BKN,KXNBAGAME-26JAN30BKNUTA,KXNBAGAME,game_winner,Brooklyn at Utah Winner?,Brooklyn,Brooklyn,yes,1,finalized,2026-01-28T19:06:00Z,2026-01-31T05:09:52Z,2026-01-31T05:30:00Z,2932607.00,0.00,1769828400,expected_expiration-150m,1769828400,0.37,0.38,0.375,0.38,111
KXNBAGAME-26JAN30CLEPHX-PHX,KXNBAGAME-26JAN30CLEPHX,KXNBAGAME,game_winner,Cleveland at Phoenix Winner?,Phoenix,Phoenix,yes,1,finalized,2026-01-28T19:06:00Z,2026-01-31T04:40:14Z,2026-01-31T05:00:00Z,1655638.00,0.00,1769826600,expected_expiration-150m,1769826600,0.54,0.56,0.55,0.55,111
KXNBAGAME-26FEB01MILBOS-MIL,KXNBAGAME-26FEB01MILBOS,KXNBAGAME,game_winner,Milwaukee at Boston Winner?,Milwaukee,Milwaukee,no,0,finalized,2026-01-31T04:47:00Z,2026-02-01T23:15:48Z,2026-02-01T23:30:00Z,2801689.00,0.00,1769979600,expected_expiration-150m,1769979600,0.24,0.25,0.245,0.25,111
KXNBAGAME-26FEB03CHIMIL-MIL,KXNBAGAME-26FEB03CHIMIL,KXNBAGAME,game_winner,Chicago at Milwaukee Winner?,Milwaukee,Milwaukee,yes,1,finalized,2026-02-02T07:06:00Z,2026-02-04T03:35:29Z,2026-02-04T04:00:00Z,965782.00,0.00,1770168600,expected_expiration-150m,1770168600,0.61,0.63,0.62,0.61,111
KXNBAGAME-26JAN30CLEPHX-CLE,KXNBAGAME-26JAN30CLEPHX,KXNBAGAME,game_winner,Cleveland at Phoenix Winner?,Cleveland,Cleveland,no,0,finalized,2026-01-28T19:06:00Z,2026-01-31T04:40:14Z,2026-01-31T05:00:00Z,2131316.00,0.00,1769826600,expected_expiration-150m,1769826600,0.45,0.46,0.455,0.46,111
KXNBAGAME-26FEB01ORLSAS-SAS,KXNBAGAME-26FEB01ORLSAS,KXNBAGAME,game_winner,Orlando at San Antonio Winner?,San Antonio,San Antonio,yes,1,finalized,2026-01-31T04:47:00Z,2026-02-02T04:39:50Z,2026-02-02T00:00:00Z,4602619.00,0.00,1769981400,expected_expiration-150m,1769981400,0.55,0.56,0.555,0.56,111
KXNBAGAME-26JAN30TORORL-TOR,KXNBAGAME-26JAN30TORORL,KXNBAGAME,game_winner,Toronto at Orlando Winner?,Toronto,Toronto,no,0,finalized,2026-01-28T16:06:00Z,2026-01-31T03:37:28Z,2026-01-31T03:30:00Z,4408345.00,0.00,1769821200,expected_expiration-150m,1769821200,0.44,0.45,0.445,0.45,111
KXNBAGAME-26JAN30LACDEN-LAC,KXNBAGAME-26JAN30LACDEN,KXNBAGAME,game_winner,Los Angeles C at Denver Winner?,Los Angeles C,Los Angeles C,no,0,finalized,2026-01-28T19:06:00Z,2026-01-31T04:37:29Z,2026-01-31T05:00:00Z,3941765.00,0.00,1769826600,expected_expiration-150m,1769826600,0.43,0.45,0.44,0.45,111
KXNBAGAME-26FEB06LACSAC-LAC,KXNBAGAME-26FEB06LACSAC,KXNBAGAME,game_winner,Los Angeles C at Sacramento Winner?,Los Angeles C,Los Angeles C,yes,1,finalized,2026-02-05T01:07:00Z,2026-02-07T05:51:22Z,2026-02-07T06:00:00Z,8305975.00,0.00,1770435000,expected_expiration-150m,,,,,,0
KXNBAGAME-26JAN30DETGSW-GSW,KXNBAGAME-26JAN30DETGSW,KXNBAGAME,game_winner,Detroit at Golden State Winner?,Golden State,Golden State,no,0,finalized,2026-01-28T19:06:00Z,2026-01-31T06:11:22Z,2026-01-31T06:00:00Z,7694410.00,0.00,1769830200,expected_expiration-150m,1769830200,0.5,0.51,0.505,0.51,111
KXNBAGAME-26JAN30TORORL-ORL,KXNBAGAME-26JAN30TORORL,KXNBAGAME,game_winner,Toronto at Orlando Winner?,Orlando,Orlando,yes,1,finalized,2026-01-28T16:06:00Z,2026-01-31T03:37:28Z,2026-01-31T03:30:00Z,3123127.00,0.00,1769821200,expected_expiration-150m,1769821200,0.55,0.56,0.555,0.56,111
KXNBAGAME-26JAN30SACBOS-SAC,KXNBAGAME-26JAN30SACBOS,KXNBAGAME,game_winner,Sacramento at Boston Winner?,Sacramento,Sacramento,no,0,finalized,2026-01-28T16:06:00Z,2026-01-31T02:55:39Z,2026-01-31T03:30:00Z,2711821.00,0.00,1769821200,expected_expiration-150m,1769821200,0.09,0.1,0.095,0.1,111
KXNBAGAME-26JAN30MEMNOP-NOP,KXNBAGAME-26JAN30MEMNOP,KXNBAGAME,game_winner,Memphis at New Orleans Winner?,New Orleans,New Orleans,yes,1,finalized,2026-01-28T16:06:00Z,2026-01-31T03:07:38Z,2026-01-31T03:30:00Z,1124392.00,0.00,1769821200,expected_expiration-150m,1769821200,0.5,0.51,0.505,0.5,111
KXNBAGAME-26JAN30MEMNOP-MEM,KXNBAGAME-26JAN30MEMNOP,KXNBAGAME,game_winner,Memphis at New Orleans Winner?,Memphis,Memphis,no,0,finalized,2026-01-28T16:06:00Z,2026-01-31T03:07:38Z,2026-01-31T03:30:00Z,1768561.00,0.00,1769821200,expected_expiration-150m,1769821200,0.52,0.53,0.525,0.53,111
KXNBAGAME-26JAN30LALWAS-LAL,KXNBAGAME-26JAN30LALWAS,KXNBAGAME,game_winner,Los Angeles L at Washington Winner?,Los Angeles L,Los Angeles L,yes,1,finalized,2026-01-28T16:06:00Z,2026-01-31T02:23:45Z,2026-01-31T03:00:00Z,1762960.00,0.00,1769819400,expected_expiration-150m,1769819400,0.93,0.95,0.94,0.95,111
KXNBAGAME-26JAN29OKCMIN-OKC,KXNBAGAME-26JAN29OKCMIN,KXNBAGAME,game_winner,Oklahoma City at Minnesota Winner?,Oklahoma City,Oklahoma City,no,0,finalized,2026-01-27T19:06:00Z,2026-01-30T05:15:25Z,2026-01-30T05:30:00Z,5308586.00,0.00,1769742000,expected_expiration-150m,1769742000,0.52,0.53,0.525,0.53,111
KXNBAGAME-26FEB06NYKDET-DET,KXNBAGAME-26FEB06NYKDET,KXNBAGAME,game_winner,New York at Detroit Winner?,Detroit,Detroit,yes,1,finalized,2026-02-05T01:06:00Z,2026-02-07T03:15:34Z,2026-02-07T03:30:00Z,2711985.00,0.00,1770426000,expected_expiration-150m,,,,,,0
KXNBAGAME-26JAN29BKNDEN-DEN,KXNBAGAME-26JAN29BKNDEN,KXNBAGAME,game_winner,Brooklyn at Denver Winner?,Denver,Denver,yes,1,finalized,2026-01-27T19:06:00Z,2026-01-30T04:41:28Z,2026-01-30T05:00:00Z,2122550.00,0.00,1769740200,expected_expiration-150m,1769740200,0.69,0.7,0.695,0.68,111
KXNBAGAME-26JAN30PORNYK-POR,KXNBAGAME-26JAN30PORNYK,KXNBAGAME,game_winner,Portland at New York Winner?,Portland,Portland,no,0,finalized,2026-01-28T16:06:00Z,2026-01-31T03:11:31Z,2026-01-31T03:30:00Z,1543210.00,0.00,1769821200,expected_expiration-150m,1769821200,0.17,0.19,0.18,0.17,111
KXNBAGAME-26JAN30PORNYK-NYK,KXNBAGAME-26JAN30PORNYK,KXNBAGAME,game_winner,Portland at New York Winner?,New York,New York,yes,1,finalized,2026-01-28T16:06:00Z,2026-01-31T03:11:31Z,2026-01-31T03:30:00Z,2024317.00,0.00,1769821200,expected_expiration-150m,1769821200,0.82,0.83,0.825,0.83,111
KXNBAGAME-26FEB05CHITOR-TOR,KXNBAGAME-26FEB05CHITOR,KXNBAGAME,game_winner,Chicago at Toronto Winner?,Toronto,Toronto,yes,1,finalized,2026-02-03T22:06:00Z,2026-02-06T03:03:34Z,2026-02-06T03:30:00Z,1614682.00,0.00,1770339600,expected_expiration-150m,,,,,,0
KXNBAGAME-26JAN29BKNDEN-BKN,KXNBAGAME-26JAN29BKNDEN,KXNBAGAME,game_winner,Brooklyn at Denver Winner?,Brooklyn,Brooklyn,no,0,finalized,2026-01-27T19:06:00Z,2026-01-30T04:41:28Z,2026-01-30T05:00:00Z,1702548.00,0.00,1769740200,expected_expiration-150m,1769740200,0.29,0.31,0.3,0.32,111
KXNBAGAME-26JAN30SACBOS-BOS,KXNBAGAME-26JAN30SACBOS,KXNBAGAME,game_winner,Sacramento at Boston Winner?,Boston,Boston,yes,1,finalized,2026-01-28T16:06:00Z,2026-01-31T02:55:39Z,2026-01-31T03:30:00Z,1218399.00,0.00,1769821200,expected_expiration-150m,1769821200,0.9,0.91,0.905,0.91,111
KXNBAGAME-26JAN30DETGSW-DET,KXNBAGAME-26JAN30DETGSW,KXNBAGAME,game_winner,Detroit at Golden State Winner?,Detroit,Detroit,yes,1,finalized,2026-01-28T19:06:00Z,2026-01-31T06:11:22Z,2026-01-31T06:00:00Z,8265172.00,0.00,1769830200,expected_expiration-150m,1769830200,0.5,0.51,0.505,0.51,111
KXNBAGAME-26JAN30BKNUTA-UTA,KXNBAGAME-26JAN30BKNUTA,KXNBAGAME,game_winner,Brooklyn at Utah Winner?,Utah,Utah,no,0,finalized,2026-01-28T19:06:00Z,2026-01-31T05:09:52Z,2026-01-31T05:30:00Z,3546218.00,0.00,1769828400,expected_expiration-150m,1769828400,0.62,0.63,0.625,0.63,111
KXNBAGAME-26JAN29CHADAL-DAL,KXNBAGAME-26JAN29CHADAL,KXNBAGAME,game_winner,Charlotte at Dallas Winner?,Dallas,Dallas,no,0,finalized,2026-01-27T19:06:00Z,2026-01-30T04:33:33Z,2026-01-30T04:30:00Z,2999880.00,0.00,1769738400,expected_expiration-150m,1769738400,0.21,0.22,0.215,0.22,111
KXNBAGAME-26JAN29OKCMIN-MIN,KXNBAGAME-26JAN29OKCMIN,KXNBAGAME,game_winner,Oklahoma City at Minnesota Winner?,Minnesota,Minnesota,yes,1,finalized,2026-01-27T19:06:00Z,2026-01-30T05:15:25Z,2026-01-30T05:30:00Z,3904325.00,0.00,1769742000,expected_expiration-150m,1769742000,0.48,0.5,0.49,0.48,111
KXNBAGAME-26FEB01BKNDET-BKN,KXNBAGAME-26FEB01BKNDET,KXNBAGAME,game_winner,Brooklyn at Detroit Winner?,Brooklyn,Brooklyn,no,0,finalized,2026-01-31T04:48:00Z,2026-02-02T01:33:43Z,2026-02-02T02:00:00Z,1550787.00,0.00,1769988600,expected_expiration-150m,1769988600,0.09,0.1,0.095,0.1,111
KXNBAGAME-26FEB02NOPCHA-CHA,KXNBAGAME-26FEB02NOPCHA,KXNBAGAME,game_winner,New Orleans at Charlotte Winner?,Charlotte,Charlotte,yes,1,finalized,2026-02-01T05:36:00Z,2026-02-02T22:35:26Z,2026-02-03T03:00:00Z,8274339.00,0.00,1770078600,expected_expiration-150m,,,,,,0
KXNBAGAME-26JAN29MIACHI-CHI,KXNBAGAME-26JAN29MIACHI,KXNBAGAME,game_winner,Miami at Chicago Winner?,Chicago,Chicago,no,0,finalized,2026-01-27T16:06:00Z,2026-01-30T03:45:42Z,2026-01-30T04:00:00Z,2963617.00,0.00,1769736600,expected_expiration-150m,1769736600,0.45,0.46,0.455,0.46,111
KXNBAGAME-26JAN29MILWAS-MIL,KXNBAGAME-26JAN29MILWAS,KXNBAGAME,game_winner,Milwaukee at Washington Winner?,Milwaukee,Milwaukee,no,0,finalized,2026-01-27T16:06:00Z,2026-01-30T02:55:47Z,2026-01-30T03:00:00Z,3222535.00,0.00,1769733000,expected_expiration-150m,1769733000,0.48,0.49,0.485,0.49,111
KXNBAGAME-26JAN28MINDAL-MIN,KXNBAGAME-26JAN28MINDAL,KXNBAGAME,game_winner,Minnesota at Dallas Winner?,Minnesota,Minnesota,yes,1,finalized,2026-01-26T19:06:00Z,2026-01-29T04:03:30.102761Z,2026-01-29T04:30:00Z,1801141.00,0.00,1769652000,expected_expiration-150m,1769652000,0.72,0.73,0.725,0.73,111
KXNBAGAME-26JAN29MILWAS-WAS,KXNBAGAME-26JAN29MILWAS,KXNBAGAME,game_winner,Milwaukee at Washington Winner?,Washington,Washington,yes,1,finalized,2026-01-27T16:06:00Z,2026-01-30T02:55:47Z,2026-01-30T03:00:00Z,2898508.00,0.00,1769733000,expected_expiration-150m,1769733000,0.54,0.55,0.545,0.55,111
KXNBAGAME-26JAN29CHADAL-CHA,KXNBAGAME-26JAN29CHADAL,KXNBAGAME,game_winner,Charlotte at Dallas Winner?,Charlotte,Charlotte,yes,1,finalized,2026-01-27T19:06:00Z,2026-01-30T04:33:33Z,2026-01-30T04:30:00Z,2909367.00,0.00,1769738400,expected_expiration-150m,1769738400,0.78,0.79,0.785,0.79,111
KXNBAGAME-26JAN29HOUATL-HOU,KXNBAGAME-26JAN29HOUATL,KXNBAGAME,game_winner,Houston at Atlanta Winner?,Houston,Houston,yes,1,finalized,2026-01-27T16:06:00Z,2026-01-30T03:30:19Z,2026-01-30T04:00:00Z,1811266.00,0.00,1769736600,expected_expiration-150m,1769736600,0.6,0.61,0.605,0.61,111
KXNBAGAME-26JAN29HOUATL-ATL,KXNBAGAME-26JAN29HOUATL,KXNBAGAME,game_winner,Houston at Atlanta Winner?,Atlanta,Atlanta,no,0,finalized,2026-01-27T16:06:00Z,2026-01-30T03:30:19Z,2026-01-30T04:00:00Z,2241376.00,0.00,1769736600,expected_expiration-150m,1769736600,0.39,0.41,0.4,0.41,111
KXNBAGAME-26JAN29MIACHI-MIA,KXNBAGAME-26JAN29MIACHI,KXNBAGAME,game_winner,Miami at Chicago Winner?,Miami,Miami,yes,1,finalized,2026-01-27T16:06:00Z,2026-01-30T03:45:42Z,2026-01-30T04:00:00Z,2327105.00,0.00,1769736600,expected_expiration-150m,1769736600,0.54,0.55,0.545,0.55,111
KXNBAGAME-26JAN28GSWUTA-UTA,KXNBAGAME-26JAN28GSWUTA,KXNBAGAME,game_winner,Golden State at Utah Winner?,Utah,Utah,no,0,finalized,2026-01-26T19:06:00Z,2026-01-29T04:43:25.166492Z,2026-01-29T05:00:00Z,2506271.00,0.00,1769653800,expected_expiration-150m,1769653800,0.18,0.19,0.185,0.19,111
KXNBAGAME-26JAN29SACPHI-SAC,KXNBAGAME-26JAN29SACPHI,KXNBAGAME,game_winner,Sacramento at Philadelphia Winner?,Sacramento,Sacramento,no,0,finalized,2026-01-27T16:06:00Z,2026-01-30T02:50:13Z,2026-01-30T03:00:00Z,3556057.00,0.00,1769733000,expected_expiration-150m,1769733000,0.19,0.2,0.195,0.19,111
KXNBAGAME-26JAN28SASHOU-SAS,KXNBAGAME-26JAN28SASHOU,KXNBAGAME,game_winner,San Antonio at Houston Winner?,San Antonio,San Antonio,yes,1,finalized,2026-01-26T19:06:00Z,2026-01-29T05:15:22.226497Z,2026-01-29T05:30:00Z,7954754.00,0.00,1769655600,expected_expiration-150m,1769655600,0.37,0.38,0.375,0.38,111
KXNBAGAME-26JAN28CHAMEM-MEM,KXNBAGAME-26JAN28CHAMEM,KXNBAGAME,game_winner,Charlotte at Memphis Winner?,Memphis,Memphis,no,0,finalized,2026-01-26T16:06:00Z,2026-01-29T03:31:38.729582Z,2026-01-29T04:00:00Z,781226.00,0.00,1769650200,expected_expiration-150m,1769650200,0.22,0.23,0.225,0.23,111
KXNBAGAME-26JAN28CHAMEM-CHA,KXNBAGAME-26JAN28CHAMEM,KXNBAGAME,game_winner,Charlotte at Memphis Winner?,Charlotte,Charlotte,yes,1,finalized,2026-01-26T16:06:00Z,2026-01-29T03:31:38.729582Z,2026-01-29T04:00:00Z,1230718.00,0.00,1769650200,expected_expiration-150m,1769650200,0.77,0.78,0.775,0.78,111
KXNBAGAME-26JAN28ATLBOS-ATL,KXNBAGAME-26JAN28ATLBOS,KXNBAGAME,game_winner,Atlanta at Boston Winner?,Atlanta,Atlanta,yes,1,finalized,2026-01-26T16:06:00Z,2026-01-29T03:00:34.762605Z,2026-01-29T03:30:00Z,2202300.00,0.00,1769648400,expected_expiration-150m,1769648400,0.63,0.64,0.635,0.64,111
KXNBAGAME-26JAN28LALCLE-LAL,KXNBAGAME-26JAN28LALCLE,KXNBAGAME,game_winner,Los Angeles L at Cleveland Winner?,Los Angeles L,Los Angeles L,no,0,finalized,2026-01-26T16:06:00Z,2026-01-29T02:40:01.846438Z,2026-01-29T03:00:00Z,6603747.00,0.00,1769646600,expected_expiration-150m,1769646600,0.39,0.41,0.4,0.41,111
KXNBAGAME-26JAN31SASCHA-CHA,KXNBAGAME-26JAN31SASCHA,KXNBAGAME,game_winner,San Antonio at Charlotte Winner?,Charlotte,Charlotte,yes,1,finalized,2026-01-31T04:47:00Z,2026-01-31T19:47:32Z,2026-01-31T20:00:00Z,4263675.00,0.00,1769880600,expected_expiration-150m,1769880600,0.33,0.34,0.335,0.34,111
KXNBAGAME-26JAN29DETPHX-PHX,KXNBAGAME-26JAN29DETPHX,KXNBAGAME,game_winner,Detroit at Phoenix Winner?,Phoenix,Phoenix,yes,1,finalized,2026-01-27T19:06:00Z,2026-01-30T04:47:38Z,2026-01-30T05:00:00Z,1733482.00,0.00,1769740200,expected_expiration-150m,1769740200,0.42,0.43,0.425,0.45,111
KXNBAGAME-26JAN28ORLMIA-MIA,KXNBAGAME-26JAN28ORLMIA,KXNBAGAME,game_winner,Orlando at Miami Winner?,Miami,Miami,no,0,finalized,2026-01-26T16:06:00Z,2026-01-29T03:11:38.541091Z,2026-01-29T03:30:00Z,1806132.00,0.00,1769648400,expected_expiration-150m,1769648400,0.58,0.6,0.59,0.6,111
KXNBAGAME-26JAN28LALCLE-CLE,KXNBAGAME-26JAN28LALCLE,KXNBAGAME,game_winner,Los Angeles L at Cleveland Winner?,Cleveland,Cleveland,yes,1,finalized,2026-01-26T16:06:00Z,2026-01-29T02:40:01.846438Z,2026-01-29T03:00:00Z,2620690.00,0.00,1769646600,expected_expiration-150m,1769646600,0.6,0.61,0.605,0.61,111
KXNBAGAME-26JAN28ORLMIA-ORL,KXNBAGAME-26JAN28ORLMIA,KXNBAGAME,game_winner,Orlando at Miami Winner?,Orlando,Orlando,yes,1,finalized,2026-01-26T16:06:00Z,2026-01-29T03:11:38.541091Z,2026-01-29T03:30:00Z,1659171.00,0.00,1769648400,expected_expiration-150m,1769648400,0.4,0.42,0.41000000000000003,0.4,111
KXNBAGAME-26JAN27LACUTA-UTA,KXNBAGAME-26JAN27LACUTA,KXNBAGAME,game_winner,Los Angeles C at Utah Winner?,Utah,Utah,no,0,finalized,2026-01-25T19:06:00Z,2026-01-28T05:39:40.423537Z,2026-01-28T06:00:00Z,3847367.00,0.00,1769571000,expected_expiration-150m,1769571000,0.32,0.33,0.325,0.33,111
KXNBAGAME-26JAN28NYKTOR-TOR,KXNBAGAME-26JAN28NYKTOR,KXNBAGAME,game_winner,New York at Toronto Winner?,Toronto,Toronto,no,0,finalized,2026-01-26T16:06:00Z,2026-01-29T03:05:37.143018Z,2026-01-29T03:30:00Z,1510413.00,0.00,1769648400,expected_expiration-150m,1769648400,0.66,0.67,0.665,0.67,111
KXNBAGAME-26JAN27LACUTA-LAC,KXNBAGAME-26JAN27LACUTA,KXNBAGAME,game_winner,Los Angeles C at Utah Winner?,Los Angeles C,Los Angeles C,yes,1,finalized,2026-01-25T19:06:00Z,2026-01-28T05:39:40.423537Z,2026-01-28T06:00:00Z,2689257.00,0.00,1769571000,expected_expiration-150m,1769571000,0.69,0.7,0.695,0.69,111
KXNBAGAME-26FEB04NOPMIL-MIL,KXNBAGAME-26FEB04NOPMIL,KXNBAGAME,game_winner,New Orleans at Milwaukee Winner?,Milwaukee,Milwaukee,yes,1,finalized,2026-02-02T22:06:00Z,2026-02-05T04:00:41Z,2026-02-05T04:00:00Z,4269638.00,0.00,1770255000,expected_expiration-150m,,,,,,0
KXNBAGAME-26JAN27DETDEN-DET,KXNBAGAME-26JAN27DETDEN,KXNBAGAME,game_winner,Detroit at Denver Winner?,Detroit,Detroit,yes,1,finalized,2026-01-25T19:06:00Z,2026-01-28T04:33:25.081038Z,2026-01-28T05:00:00Z,3386023.00,0.00,1769567400,expected_expiration-150m,1769567400,0.78,0.79,0.785,0.8,111
KXNBAGAME-26JAN27DETDEN-DEN,KXNBAGAME-26JAN27DETDEN,KXNBAGAME,game_winner,Detroit at Denver Winner?,Denver,Denver,no,0,finalized,2026-01-25T19:06:00Z,2026-01-28T04:33:25.081038Z,2026-01-28T05:00:00Z,5199710.00,0.00,1769567400,expected_expiration-150m,1769567400,0.21,0.22,0.215,0.22,111
KXNBAGAME-26JAN27BKNPHX-PHX,KXNBAGAME-26JAN27BKNPHX,KXNBAGAME,game_winner,Brooklyn at Phoenix Winner?,Phoenix,Phoenix,yes,1,finalized,2026-01-25T19:06:00Z,2026-01-28T05:05:32.458423Z,2026-01-28T05:00:00Z,3728055.00,0.00,1769567400,expected_expiration-150m,1769567400,0.8,0.81,0.805,0.81,111
KXNBAGAME-26JAN28MINDAL-DAL,KXNBAGAME-26JAN28MINDAL,KXNBAGAME,game_winner,Minnesota at Dallas Winner?,Dallas,Dallas,no,0,finalized,2026-01-26T19:06:00Z,2026-01-29T04:03:30.102761Z,2026-01-29T04:30:00Z,2033982.00,0.00,1769652000,expected_expiration-150m,1769652000,0.27,0.28,0.275,0.28,111
KXNBAGAME-26JAN30LACDEN-DEN,KXNBAGAME-26JAN30LACDEN,KXNBAGAME,game_winner,Los Angeles C at Denver Winner?,Denver,Denver,yes,1,finalized,2026-01-28T19:06:00Z,2026-01-31T04:37:29Z,2026-01-31T05:00:00Z,5018403.00,0.00,1769826600,expected_expiration-150m,1769826600,0.55,0.56,0.555,0.56,111
KXNBAGAME-26JAN28CHIIND-IND,KXNBAGAME-26JAN28CHIIND,KXNBAGAME,game_winner,Chicago at Indiana Winner?,Indiana,Indiana,yes,1,finalized,2026-01-26T16:06:00Z,2026-01-29T02:35:49.440066Z,2026-01-29T03:00:00Z,2079408.00,0.00,1769646600,expected_expiration-150m,1769646600,0.29,0.3,0.295,0.3,111
KXNBAGAME-26JAN28GSWUTA-GSW,KXNBAGAME-26JAN28GSWUTA,KXNBAGAME,game_winner,Golden State at Utah Winner?,Golden State,Golden State,yes,1,finalized,2026-01-26T19:06:00Z,2026-01-29T04:43:25.166492Z,2026-01-29T05:00:00Z,1693833.00,0.00,1769653800,expected_expiration-150m,1769653800,0.81,0.82,0.815,0.82,111
KXNBAGAME-26JAN28SASHOU-HOU,KXNBAGAME-26JAN28SASHOU,KXNBAGAME,game_winner,San Antonio at Houston Winner?,Houston,Houston,no,0,finalized,2026-01-26T19:06:00Z,2026-01-29T05:15:22.226497Z,2026-01-29T05:30:00Z,5604934.00,0.00,1769655600,expected_expiration-150m,1769655600,0.62,0.63,0.625,0.61,111
KXNBAGAME-26JAN27MILPHI-PHI,KXNBAGAME-26JAN27MILPHI,KXNBAGAME,game_winner,Milwaukee at Philadelphia Winner?,Philadelphia,Philadelphia,yes,1,finalized,2026-01-25T16:06:00Z,2026-01-28T03:39:45.039459Z,2026-01-28T04:00:00Z,1335877.00,0.00,1769563800,expected_expiration-150m,1769563800,0.8,0.81,0.805,0.81,111
KXNBAGAME-26JAN27PORWAS-POR,KXNBAGAME-26JAN27PORWAS,KXNBAGAME,game_winner,Portland at Washington Winner?,Portland,Portland,no,0,finalized,2026-01-25T16:06:00Z,2026-01-28T02:42:16.681661Z,2026-01-28T03:00:00Z,5070889.00,0.00,1769560200,expected_expiration-150m,1769560200,0.68,0.7,0.69,0.68,111
KXNBAGAME-26FEB03NYKWAS-NYK,KXNBAGAME-26FEB03NYKWAS,KXNBAGAME,game_winner,New York at Washington Winner?,New York,New York,yes,1,finalized,2026-02-02T07:06:00Z,2026-02-04T02:47:49Z,2026-02-04T03:00:00Z,1414854.00,0.00,1770165000,expected_expiration-150m,,,,,,0
KXNBAGAME-26JAN28NYKTOR-NYK,KXNBAGAME-26JAN28NYKTOR,KXNBAGAME,game_winner,New York at Toronto Winner?,New York,New York,yes,1,finalized,2026-01-26T16:06:00Z,2026-01-29T03:05:37.143018Z,2026-01-29T03:30:00Z,2272644.00,0.00,1769648400,expected_expiration-150m,1769648400,0.34,0.35,0.345,0.34,111
KXNBAGAME-26JAN27PORWAS-WAS,KXNBAGAME-26JAN27PORWAS,KXNBAGAME,game_winner,Portland at Washington Winner?,Washington,Washington,yes,1,finalized,2026-01-25T16:06:00Z,2026-01-28T02:42:16.681661Z,2026-01-28T03:00:00Z,3047278.00,0.00,1769560200,expected_expiration-150m,1769560200,0.32,0.33,0.325,0.32,111
KXNBAGAME-26JAN26LALCHI-LAL,KXNBAGAME-26JAN26LALCHI,KXNBAGAME,game_winner,Los Angeles L at Chicago Winner?,Los Angeles L,Los Angeles L,yes,1,finalized,2026-01-24T16:06:00Z,2026-01-27T03:30:19.635729Z,2026-01-27T04:00:00Z,5554442.00,0.00,1769477400,expected_expiration-150m,1769477400,0.48,0.5,0.49,0.5,111
KXNBAGAME-26JAN26GSWMIN-MIN,KXNBAGAME-26JAN26GSWMIN,KXNBAGAME,game_winner,Golden State at Minnesota Winner?,Minnesota,Minnesota,yes,1,finalized,2026-01-24T19:06:00Z,2026-01-27T05:05:27.039639Z,2026-01-27T05:30:00Z,3457785.00,0.00,1769482800,expected_expiration-150m,1769482800,0.62,0.63,0.625,0.64,111
KXNBAGAME-26JAN27SACNYK-SAC,KXNBAGAME-26JAN27SACNYK,KXNBAGAME,game_winner,Sacramento at New York Winner?,Sacramento,Sacramento,no,0,finalized,2026-01-25T16:06:00Z,2026-01-28T03:00:31.768321Z,2026-01-28T03:30:00Z,4152286.00,0.00,1769562000,expected_expiration-150m,1769562000,0.09,0.1,0.095,0.1,111
KXNBAGAME-26JAN31MINMEM-MEM,KXNBAGAME-26JAN31MINMEM,KXNBAGAME,game_winner,Minnesota at Memphis Winner?,Memphis,Memphis,no,0,finalized,2026-01-31T04:47:00Z,2026-02-01T03:27:27Z,2026-02-01T04:00:00Z,1022258.00,0.00,1769909400,expected_expiration-150m,1769909400,0.14,0.15,0.14500000000000002,0.15,111
KXNBAGAME-26JAN29DETPHX-DET,KXNBAGAME-26JAN29DETPHX,KXNBAGAME,game_winner,Detroit at Phoenix Winner?,Detroit,Detroit,no,0,finalized,2026-01-27T19:06:00Z,2026-01-30T04:47:38Z,2026-01-30T05:00:00Z,3441941.00,0.00,1769740200,expected_expiration-150m,1769740200,0.57,0.58,0.575,0.57,111
KXNBAGAME-26JAN28ATLBOS-BOS,KXNBAGAME-26JAN28ATLBOS,KXNBAGAME,game_winner,Atlanta at Boston Winner?,Boston,Boston,no,0,finalized,2026-01-26T16:06:00Z,2026-01-29T03:00:34.762605Z,2026-01-29T03:30:00Z,3758127.00,0.00,1769648400,expected_expiration-150m,1769648400,0.36,0.37,0.365,0.37,111
KXNBAGAME-26JAN30LALWAS-WAS,KXNBAGAME-26JAN30LALWAS,KXNBAGAME,game_winner,Los Angeles L at Washington Winner?,Washington,Washington,no,0,finalized,2026-01-28T16:06:00Z,2026-01-31T02:23:45Z,2026-01-31T03:00:00Z,1803682.00,0.00,1769819400,expected_expiration-150m,1769819400,0.05,0.06,0.055,0.06,111
KXNBAGAME-26JAN27BKNPHX-BKN,KXNBAGAME-26JAN27BKNPHX,KXNBAGAME,game_winner,Brooklyn at Phoenix Winner?,Brooklyn,Brooklyn,no,0,finalized,2026-01-25T19:06:00Z,2026-01-28T05:05:32.458423Z,2026-01-28T05:00:00Z,2605288.00,0.00,1769567400,expected_expiration-150m,1769567400,0.19,0.2,0.195,0.19,111
KXNBAGAME-26JAN28CHIIND-CHI,KXNBAGAME-26JAN28CHIIND,KXNBAGAME,game_winner,Chicago at Indiana Winner?,Chicago,Chicago,no,0,finalized,2026-01-26T16:06:00Z,2026-01-29T02:35:49.440066Z,2026-01-29T03:00:00Z,3964102.00,0.00,1769646600,expected_expiration-150m,1769646600,0.71,0.73,0.72,0.72,111
KXNBAGAME-26JAN27NOPOKC-OKC,KXNBAGAME-26JAN27NOPOKC,KXNBAGAME,game_winner,New Orleans at Oklahoma City Winner?,Oklahoma City,Oklahoma City,yes,1,finalized,2026-01-25T16:06:00Z,2026-01-28T03:37:30.908777Z,2026-01-28T04:00:00Z,1785386.00,0.00,1769563800,expected_expiration-150m,1769563800,0.87,0.88,0.875,0.88,111
KXNBAGAME-26JAN27NOPOKC-NOP,KXNBAGAME-26JAN27NOPOKC,KXNBAGAME,game_winner,New Orleans at Oklahoma City Winner?,New Orleans,New Orleans,no,0,finalized,2026-01-25T16:06:00Z,2026-01-28T03:37:30.908777Z,2026-01-28T04:00:00Z,2668341.00,0.00,1769563800,expected_expiration-150m,1769563800,0.12,0.13,0.125,0.13,111
KXNBAGAME-26JAN26GSWMIN-GSW,KXNBAGAME-26JAN26GSWMIN,KXNBAGAME,game_winner,Golden State at Minnesota Winner?,Golden State,Golden State,no,0,finalized,2026-01-24T19:06:00Z,2026-01-27T05:05:27.039639Z,2026-01-27T05:30:00Z,6876103.00,0.00,1769482800,expected_expiration-150m,1769482800,0.35,0.37,0.36,0.37,111
KXNBAGAME-26JAN29SACPHI-PHI,KXNBAGAME-26JAN29SACPHI,KXNBAGAME,game_winner,Sacramento at Philadelphia Winner?,Philadelphia,Philadelphia,yes,1,finalized,2026-01-27T16:06:00Z,2026-01-30T02:50:13Z,2026-01-30T03:00:00Z,4637327.00,0.00,1769733000,expected_expiration-150m,1769733000,0.81,0.82,0.815,0.82,111
KXNBAGAME-26JAN27SACNYK-NYK,KXNBAGAME-26JAN27SACNYK,KXNBAGAME,game_winner,Sacramento at New York Winner?,New York,New York,yes,1,finalized,2026-01-25T16:06:00Z,2026-01-28T03:00:31.768321Z,2026-01-28T03:30:00Z,1963118.00,0.00,1769562000,expected_expiration-150m,1769562000,0.9,0.91,0.905,0.91,111
KXNBAGAME-26JAN26PORBOS-POR,KXNBAGAME-26JAN26PORBOS,KXNBAGAME,game_winner,Portland at Boston Winner?,Portland,Portland,no,0,finalized,2026-01-24T16:06:00Z,2026-01-27T04:00:29.685444Z,2026-01-27T04:00:00Z,1905456.00,0.00,1769477400,expected_expiration-150m,1769477400,0.11,0.12,0.11499999999999999,0.12,111
KXNBAGAME-26JAN26MEMHOU-MEM,KXNBAGAME-26JAN26MEMHOU,KXNBAGAME,game_winner,Memphis at Houston Winner?,Memphis,Memphis,no,0,finalized,2026-01-24T16:06:00Z,2026-01-27T03:35:28.839424Z,2026-01-27T04:00:00Z,3324904.00,0.00,1769477400,expected_expiration-150m,1769477400,0.18,0.19,0.185,0.19,111
KXNBAGAME-26JAN26LALCHI-CHI,KXNBAGAME-26JAN26LALCHI,KXNBAGAME,game_winner,Los Angeles L at Chicago Winner?,Chicago,Chicago,no,0,finalized,2026-01-24T16:06:00Z,2026-01-27T03:30:19.635729Z,2026-01-27T04:00:00Z,4380544.00,0.00,1769477400,expected_expiration-150m,1769477400,0.51,0.52,0.515,0.52,111
KXNBAGAME-26JAN26MEMHOU-HOU,KXNBAGAME-26JAN26MEMHOU,KXNBAGAME,game_winner,Memphis at Houston Winner?,Houston,Houston,yes,1,finalized,2026-01-24T16:06:00Z,2026-01-27T03:35:28.839424Z,2026-01-27T04:00:00Z,3020696.00,0.00,1769477400,expected_expiration-150m,1769477400,0.81,0.82,0.815,0.82,111
KXNBAGAME-26JAN26INDATL-IND,KXNBAGAME-26JAN26INDATL,KXNBAGAME,game_winner,Indiana at Atlanta Winner?,Indiana,Indiana,no,0,finalized,2026-01-24T16:06:00Z,2026-01-26T21:01:03.942239Z,2026-01-27T03:30:00Z,4681897.00,0.00,1769475600,expected_expiration-150m,,,,,,0
KXNBAGAME-26JAN26PORBOS-BOS,KXNBAGAME-26JAN26PORBOS,KXNBAGAME,game_winner,Portland at Boston Winner?,Boston,Boston,yes,1,finalized,2026-01-24T16:06:00Z,2026-01-27T04:00:29.685444Z,2026-01-27T04:00:00Z,1566875.00,0.00,1769477400,expected_expiration-150m,1769477400,0.88,0.89,0.885,0.88,111
KXNBAGAME-26JAN25BKNLAC-BKN,KXNBAGAME-26JAN25BKNLAC,KXNBAGAME,game_winner,Brooklyn at Los Angeles C Winner?,Brooklyn,Brooklyn,no,0,finalized,2026-01-23T19:06:00Z,2026-01-26T04:30:29.90375Z,2026-01-26T05:00:00Z,1980311.00,0.00,1769394600,expected_expiration-150m,1769394600,0.07,0.08,0.07500000000000001,0.07,111
KXNBAGAME-26JAN25BKNLAC-LAC,KXNBAGAME-26JAN25BKNLAC,KXNBAGAME,game_winner,Brooklyn at Los Angeles C Winner?,Los Angeles C,Los Angeles C,yes,1,finalized,2026-01-23T19:06:00Z,2026-01-26T04:30:29.90375Z,2026-01-26T05:00:00Z,805029.00,0.00,1769394600,expected_expiration-150m,1769394600,0.93,0.94,0.935,0.94,111
KXNBAGAME-26JAN25MIAPHX-MIA,KXNBAGAME-26JAN25MIAPHX,KXNBAGAME,game_winner,Miami at Phoenix Winner?,Miami,Miami,yes,1,finalized,2026-01-23T16:06:00Z,2026-01-26T03:57:24.467434Z,2026-01-26T04:00:00Z,3571311.00,0.00,1769391000,expected_expiration-150m,1769391000,0.48,0.49,0.485,0.48,111
KXNBAGAME-26JAN25TOROKC-TOR,KXNBAGAME-26JAN25TOROKC,KXNBAGAME,game_winner,Toronto at Oklahoma City Winner?,Toronto,Toronto,yes,1,finalized,2026-01-23T16:06:00Z,2026-01-26T03:01:29.197747Z,2026-01-26T03:00:00Z,5443460.00,0.00,1769387400,expected_expiration-150m,1769387400,0.2,0.21,0.20500000000000002,0.21,111
KXNBAGAME-26JAN25TOROKC-OKC,KXNBAGAME-26JAN25TOROKC,KXNBAGAME,game_winner,Toronto at Oklahoma City Winner?,Oklahoma City,Oklahoma City,no,0,finalized,2026-01-23T16:06:00Z,2026-01-26T03:01:29.197747Z,2026-01-26T03:00:00Z,3057326.00,0.00,1769387400,expected_expiration-150m,1769387400,0.79,0.81,0.8,0.81,111
KXNBAGAME-26JAN27MILPHI-MIL,KXNBAGAME-26JAN27MILPHI,KXNBAGAME,game_winner,Milwaukee at Philadelphia Winner?,Milwaukee,Milwaukee,no,0,finalized,2026-01-25T16:06:00Z,2026-01-28T03:39:45.039459Z,2026-01-28T04:00:00Z,1989355.00,0.00,1769563800,expected_expiration-150m,1769563800,0.2,0.21,0.20500000000000002,0.21,111
KXNBAGAME-26JAN25NOPSAS-NOP,KXNBAGAME-26JAN25NOPSAS,KXNBAGAME,game_winner,New Orleans at San Antonio Winner?,New Orleans,New Orleans,yes,1,finalized,2026-01-23T16:06:00Z,2026-01-26T02:33:33.865893Z,2026-01-26T03:00:00Z,3152197.00,0.00,1769387400,expected_expiration-150m,1769387400,0.16,0.18,0.16999999999999998,0.18,111
KXNBAGAME-26JAN25DALMIL-MIL,KXNBAGAME-26JAN25DALMIL,KXNBAGAME,game_winner,Dallas at Milwaukee Winner?,Milwaukee,Milwaukee,scalar,,finalized,2026-01-23T16:06:00Z,2026-02-02T20:39:47Z,2026-01-26T03:00:00Z,475659.00,0.00,1769387400,expected_expiration-150m,1769387400,0.5,0.54,0.52,,111
KXNBAGAME-26JAN26ORLCLE-ORL,KXNBAGAME-26JAN26ORLCLE,KXNBAGAME,game_winner,Orlando at Cleveland Winner?,Orlando,Orlando,no,0,finalized,2026-01-24T16:06:00Z,2026-01-27T02:55:32.215734Z,2026-01-27T03:00:00Z,4409862.00,0.00,1769473800,expected_expiration-150m,1769473800,0.38,0.4,0.39,0.38,111
KXNBAGAME-26JAN25SACDET-SAC,KXNBAGAME-26JAN25SACDET,KXNBAGAME,game_winner,Sacramento at Detroit Winner?,Sacramento,Sacramento,no,0,finalized,2026-01-23T13:06:00Z,2026-01-25T23:00:31.708095Z,2026-01-25T23:00:00Z,2804131.00,0.00,1769373000,expected_expiration-150m,1769373000,0.19,0.22,0.20500000000000002,0.22,111
KXNBAGAME-26JAN26INDATL-ATL,KXNBAGAME-26JAN26INDATL,KXNBAGAME,game_winner,Indiana at Atlanta Winner?,Atlanta,Atlanta,yes,1,finalized,2026-01-24T16:06:00Z,2026-01-26T21:01:03.942239Z,2026-01-27T03:30:00Z,6300440.00,0.00,1769475600,expected_expiration-150m,,,,,,0
KXNBAGAME-26JAN25DALMIL-DAL,KXNBAGAME-26JAN25DALMIL,KXNBAGAME,game_winner,Dallas at Milwaukee Winner?,Dallas,Dallas,scalar,,finalized,2026-01-23T16:06:00Z,2026-02-02T20:39:47Z,2026-01-26T03:00:00Z,569572.00,0.00,1769387400,expected_expiration-150m,1769387400,0.47,0.51,0.49,0.47,111
KXNBAGAME-26JAN25DENMEM-MEM,KXNBAGAME-26JAN25DENMEM,KXNBAGAME,game_winner,Denver at Memphis Winner?,Memphis,Memphis,scalar,,finalized,2026-01-23T13:06:00Z,2026-02-02T18:53:37Z,2026-01-25T23:30:00Z,268856.00,0.00,1769374800,expected_expiration-150m,1769374800,0.53,0.57,0.55,,108
KXNBAGAME-26JAN24LALDAL-LAL,KXNBAGAME-26JAN24LALDAL,KXNBAGAME,game_winner,Los Angeles L at Dallas Winner?,Los Angeles L,Los Angeles L,yes,1,finalized,2026-01-22T19:06:00Z,2026-01-25T04:21:24.946181Z,2026-01-25T04:30:00Z,8087379.00,0.00,1769306400,expected_expiration-150m,1769306400,0.67,0.68,0.675,0.68,111
KXNBAGAME-26JAN26PHICHA-CHA,KXNBAGAME-26JAN26PHICHA,KXNBAGAME,game_winner,Philadelphia at Charlotte Winner?,Charlotte,Charlotte,yes,1,finalized,2026-01-24T16:06:00Z,2026-01-26T22:53:39.013771Z,2026-01-27T03:00:00Z,3293831.00,0.00,1769473800,expected_expiration-150m,,,,,,0
KXNBAGAME-26JAN25NOPSAS-SAS,KXNBAGAME-26JAN25NOPSAS,KXNBAGAME,game_winner,New Orleans at San Antonio Winner?,San Antonio,San Antonio,no,0,finalized,2026-01-23T16:06:00Z,2026-01-26T02:33:33.865893Z,2026-01-26T03:00:00Z,4050491.00,0.00,1769387400,expected_expiration-150m,1769387400,0.82,0.84,0.83,0.83,111
KXNBAGAME-26JAN24LALDAL-DAL,KXNBAGAME-26JAN24LALDAL,KXNBAGAME,game_winner,Los Angeles L at Dallas Winner?,Dallas,Dallas,no,0,finalized,2026-01-22T19:06:00Z,2026-01-25T04:21:24.946181Z,2026-01-25T04:30:00Z,5417852.00,0.00,1769306400,expected_expiration-150m,1769306400,0.32,0.33,0.325,0.33,111
KXNBAGAME-26JAN24BOSCHI-CHI,KXNBAGAME-26JAN24BOSCHI,KXNBAGAME,game_winner,Boston at Chicago Winner?,Chicago,Chicago,yes,1,finalized,2026-01-22T16:06:00Z,2026-01-25T03:33:25.314961Z,2026-01-25T04:00:00Z,4525583.00,0.00,1769304600,expected_expiration-150m,1769304600,0.47,0.49,0.48,0.48,111
KXNBAGAME-26JAN24MIAUTA-UTA,KXNBAGAME-26JAN24MIAUTA,KXNBAGAME,game_winner,Miami at Utah Winner?,Utah,Utah,no,0,finalized,2026-01-22T19:06:00Z,2026-01-25T05:19:36.956191Z,2026-01-25T05:30:00Z,2869954.00,0.00,1769310000,expected_expiration-150m,1769310000,0.24,0.25,0.245,0.25,111
KXNBAGAME-26JAN24MIAUTA-MIA,KXNBAGAME-26JAN24MIAUTA,KXNBAGAME,game_winner,Miami at Utah Winner?,Miami,Miami,yes,1,finalized,2026-01-22T19:06:00Z,2026-01-25T05:19:36.956191Z,2026-01-25T05:30:00Z,1341391.00,0.00,1769310000,expected_expiration-150m,1769310000,0.76,0.77,0.765,0.77,111
KXNBAGAME-26JAN24CLEORL-ORL,KXNBAGAME-26JAN24CLEORL,KXNBAGAME,game_winner,Cleveland at Orlando Winner?,Orlando,Orlando,no,0,finalized,2026-01-22T16:06:00Z,2026-01-25T02:49:45.236842Z,2026-01-25T03:00:00Z,3892287.00,0.00,1769301000,expected_expiration-150m,1769301000,0.54,0.55,0.545,0.55,111
KXNBAGAME-26JAN24BOSCHI-BOS,KXNBAGAME-26JAN24BOSCHI,KXNBAGAME,game_winner,Boston at Chicago Winner?,Boston,Boston,no,0,finalized,2026-01-22T16:06:00Z,2026-01-25T03:33:25.314961Z,2026-01-25T04:00:00Z,5381595.00,0.00,1769304600,expected_expiration-150m,1769304600,0.52,0.53,0.525,0.53,111
KXNBAGAME-26JAN25DENMEM-DEN,KXNBAGAME-26JAN25DENMEM,KXNBAGAME,game_winner,Denver at Memphis Winner?,Denver,Denver,scalar,,finalized,2026-01-23T13:06:00Z,2026-02-02T18:53:37Z,2026-01-25T23:30:00Z,1388005.00,0.00,1769374800,expected_expiration-150m,1769374800,0.43,0.47,0.44999999999999996,0.43,111
KXNBAGAME-26JAN24WASCHA-WAS,KXNBAGAME-26JAN24WASCHA,KXNBAGAME,game_winner,Washington at Charlotte Winner?,Washington,Washington,no,0,finalized,2026-01-22T16:06:00Z,2026-01-24T19:35:24.158611Z,2026-01-25T02:00:00Z,3123168.00,0.00,1769297400,expected_expiration-150m,,,,,,0
KXNBAGAME-26JAN25MIAPHX-PHX,KXNBAGAME-26JAN25MIAPHX,KXNBAGAME,game_winner,Miami at Phoenix Winner?,Phoenix,Phoenix,no,0,finalized,2026-01-23T16:06:00Z,2026-01-26T03:57:24.467434Z,2026-01-26T04:00:00Z,4512782.00,0.00,1769391000,expected_expiration-150m,1769391000,0.52,0.53,0.525,0.53,111
KXNBAGAME-26JAN24NYKPHI-PHI,KXNBAGAME-26JAN24NYKPHI,KXNBAGAME,game_winner,New York at Philadelphia Winner?,Philadelphia,Philadelphia,no,0,finalized,2026-01-22T13:07:00Z,2026-01-24T23:07:26.704418Z,2026-01-24T23:00:00Z,7356169.00,0.00,1769286600,expected_expiration-150m,1769286600,0.43,0.45,0.44,0.45,111
KXNBAGAME-26JAN24GSWMIN-GSW,KXNBAGAME-26JAN24GSWMIN,KXNBAGAME,game_winner,Golden State at Minnesota Winner?,Golden State,Golden State,yes,1,finalized,2026-01-22T16:06:00Z,2026-01-26T01:01:32.405378Z,2026-01-25T01:30:00Z,3637770.00,0.00,1769295600,expected_expiration-150m,1769295600,0.34,0.36,0.35,0.36,111
KXNBAGAME-26JAN23TORPOR-TOR,KXNBAGAME-26JAN23TORPOR,KXNBAGAME,game_winner,Toronto at Portland Winner?,Toronto,Toronto,yes,1,finalized,2026-01-21T19:06:00Z,2026-01-24T05:31:24.090541Z,2026-01-24T06:00:00Z,2788227.00,0.00,1769225400,expected_expiration-150m,1769225400,0.75,0.76,0.755,0.76,111
KXNBAGAME-26JAN23TORPOR-POR,KXNBAGAME-26JAN23TORPOR,KXNBAGAME,game_winner,Toronto at Portland Winner?,Portland,Portland,no,0,finalized,2026-01-21T19:06:00Z,2026-01-24T05:31:24.090541Z,2026-01-24T06:00:00Z,4480059.00,0.00,1769225400,expected_expiration-150m,1769225400,0.24,0.25,0.245,0.25,111
KXNBAGAME-26JAN24NYKPHI-NYK,KXNBAGAME-26JAN24NYKPHI,KXNBAGAME,game_winner,New York at Philadelphia Winner?,New York,New York,yes,1,finalized,2026-01-22T13:07:00Z,2026-01-24T23:07:26.704418Z,2026-01-24T23:00:00Z,6476659.00,0.00,1769286600,expected_expiration-150m,1769286600,0.57,0.59,0.58,0.59,111
KXNBAGAME-26JAN23DENMIL-DEN,KXNBAGAME-26JAN23DENMIL,KXNBAGAME,game_winner,Denver at Milwaukee Winner?,Denver,Denver,yes,1,finalized,2026-01-21T19:06:00Z,2026-01-24T05:25:25.33116Z,2026-01-24T05:30:00Z,10210883.00,0.00,1769223600,expected_expiration-150m,1769223600,0.3,0.31,0.305,0.31,111
KXNBAGAME-26JAN24WASCHA-CHA,KXNBAGAME-26JAN24WASCHA,KXNBAGAME,game_winner,Washington at Charlotte Winner?,Charlotte,Charlotte,yes,1,finalized,2026-01-22T16:06:00Z,2026-01-24T19:35:24.158611Z,2026-01-25T02:00:00Z,1713512.00,0.00,1769297400,expected_expiration-150m,,,,,,0
KXNBAGAME-26JAN23INDOKC-IND,KXNBAGAME-26JAN23INDOKC,KXNBAGAME,game_winner,Indiana at Oklahoma City Winner?,Indiana,Indiana,yes,1,finalized,2026-01-21T16:06:00Z,2026-01-24T03:49:41.509949Z,2026-01-24T04:00:00Z,4497661.00,0.00,1769218200,expected_expiration-150m,1769218200,0.15,0.16,0.155,0.16,111
KXNBAGAME-26JAN24GSWMIN-MIN,KXNBAGAME-26JAN24GSWMIN,KXNBAGAME,game_winner,Golden State at Minnesota Winner?,Minnesota,Minnesota,no,0,finalized,2026-01-22T16:06:00Z,2026-01-26T01:01:32.405378Z,2026-01-25T01:30:00Z,4005882.00,0.00,1769295600,expected_expiration-150m,1769295600,0.64,0.65,0.645,,109
KXNBAGAME-26JAN23INDOKC-OKC,KXNBAGAME-26JAN23INDOKC,KXNBAGAME,game_winner,Indiana at Oklahoma City Winner?,Oklahoma City,Oklahoma City,no,0,finalized,2026-01-21T16:06:00Z,2026-01-24T03:49:41.509949Z,2026-01-24T04:00:00Z,5105776.00,0.00,1769218200,expected_expiration-150m,1769218200,0.84,0.85,0.845,0.85,111
KXNBAGAME-26JAN23NOPMEM-NOP,KXNBAGAME-26JAN23NOPMEM,KXNBAGAME,game_winner,New Orleans at Memphis Winner?,New Orleans,New Orleans,yes,1,finalized,2026-01-21T16:06:00Z,2026-01-24T03:51:25.330852Z,2026-01-24T04:00:00Z,1310616.00,0.00,1769218200,expected_expiration-150m,1769218200,0.34,0.36,0.35,0.35,111
KXNBAGAME-26JAN23NOPMEM-MEM,KXNBAGAME-26JAN23NOPMEM,KXNBAGAME,game_winner,New Orleans at Memphis Winner?,Memphis,Memphis,no,0,finalized,2026-01-21T16:06:00Z,2026-01-24T03:51:25.330852Z,2026-01-24T04:00:00Z,1367887.00,0.00,1769218200,expected_expiration-150m,1769218200,0.65,0.66,0.655,0.66,111
KXNBAGAME-26JAN23SACCLE-SAC,KXNBAGAME-26JAN23SACCLE,KXNBAGAME,game_winner,Sacramento at Cleveland Winner?,Sacramento,Sacramento,no,0,finalized,2026-01-21T16:06:00Z,2026-01-24T03:09:46.149888Z,2026-01-24T03:30:00Z,3181662.00,0.00,1769216400,expected_expiration-150m,1769216400,0.1,0.12,0.11,0.11,111
KXNBAGAME-26JAN23PHXATL-PHX,KXNBAGAME-26JAN23PHXATL,KXNBAGAME,game_winner,Phoenix at Atlanta Winner?,Phoenix,Phoenix,no,0,finalized,2026-01-21T16:06:00Z,2026-01-24T02:51:35.393866Z,2026-01-24T03:30:00Z,2977412.00,0.00,1769216400,expected_expiration-150m,1769216400,0.56,0.57,0.565,0.55,111
KXNBAGAME-26JAN23DENMIL-MIL,KXNBAGAME-26JAN23DENMIL,KXNBAGAME,game_winner,Denver at Milwaukee Winner?,Milwaukee,Milwaukee,no,0,finalized,2026-01-21T19:06:00Z,2026-01-24T05:25:25.33116Z,2026-01-24T05:30:00Z,5292188.00,0.00,1769223600,expected_expiration-150m,1769223600,0.69,0.7,0.695,0.68,111
KXNBAGAME-26JAN23PHXATL-ATL,KXNBAGAME-26JAN23PHXATL,KXNBAGAME,game_winner,Phoenix at Atlanta Winner?,Atlanta,Atlanta,yes,1,finalized,2026-01-21T16:06:00Z,2026-01-24T02:51:35.393866Z,2026-01-24T03:30:00Z,1555888.00,0.00,1769216400,expected_expiration-150m,1769216400,0.44,0.45,0.445,0.45,111
KXNBAGAME-26JAN23BOSBKN-BOS,KXNBAGAME-26JAN23BOSBKN,KXNBAGAME,game_winner,Boston at Brooklyn Winner?,Boston,Boston,yes,1,finalized,2026-01-21T16:06:00Z,2026-01-24T03:45:28.10239Z,2026-01-24T03:30:00Z,7992673.00,0.00,1769216400,expected_expiration-150m,1769216400,0.71,0.72,0.715,0.72,111
KXNBAGAME-26JAN23HOUDET-DET,KXNBAGAME-26JAN23HOUDET,KXNBAGAME,game_winner,Houston at Detroit Winner?,Detroit,Detroit,no,0,finalized,2026-01-21T16:06:00Z,2026-01-24T02:57:37.172447Z,2026-01-24T03:00:00Z,6913336.00,0.00,1769214600,expected_expiration-150m,1769214600,0.53,0.54,0.535,0.54,111
KXNBAGAME-26JAN24CLEORL-CLE,KXNBAGAME-26JAN24CLEORL,KXNBAGAME,game_winner,Cleveland at Orlando Winner?,Cleveland,Cleveland,yes,1,finalized,2026-01-22T16:06:00Z,2026-01-25T02:49:45.236842Z,2026-01-25T03:00:00Z,4825362.00,0.00,1769301000,expected_expiration-150m,1769301000,0.45,0.46,0.455,0.46,111
KXNBAGAME-26JAN22MIAPOR-MIA,KXNBAGAME-26JAN22MIAPOR,KXNBAGAME,game_winner,Miami at Portland Winner?,Miami,Miami,no,0,finalized,2026-01-20T19:07:00Z,2026-01-23T05:33:26.380251Z,2026-01-23T06:00:00Z,3101995.00,0.00,1769139000,expected_expiration-150m,1769139000,0.36,0.37,0.365,0.37,111
KXNBAGAME-26JAN22LALLAC-LAL,KXNBAGAME-26JAN22LALLAC,KXNBAGAME,game_winner,Los Angeles L at Los Angeles C Winner?,Los Angeles L,Los Angeles L,no,0,finalized,2026-01-20T19:07:00Z,2026-01-23T05:49:38.685756Z,2026-01-23T06:00:00Z,11524742.00,0.00,1769139000,expected_expiration-150m,1769139000,0.47,0.49,0.48,0.49,111
KXNBAGAME-26JAN22MIAPOR-POR,KXNBAGAME-26JAN22MIAPOR,KXNBAGAME,game_winner,Miami at Portland Winner?,Portland,Portland,yes,1,finalized,2026-01-20T19:07:00Z,2026-01-23T05:33:26.380251Z,2026-01-23T06:00:00Z,2780851.00,0.00,1769139000,expected_expiration-150m,1769139000,0.62,0.64,0.63,0.64,111
KXNBAGAME-26JAN22SASUTA-UTA,KXNBAGAME-26JAN22SASUTA,KXNBAGAME,game_winner,San Antonio at Utah Winner?,Utah,Utah,no,0,finalized,2026-01-20T19:07:00Z,2026-01-23T04:41:25.867769Z,2026-01-23T05:00:00Z,6054729.00,0.00,1769135400,expected_expiration-150m,1769135400,0.18,0.19,0.185,0.19,111
KXNBAGAME-26JAN22SASUTA-SAS,KXNBAGAME-26JAN22SASUTA,KXNBAGAME,game_winner,San Antonio at Utah Winner?,San Antonio,San Antonio,yes,1,finalized,2026-01-20T19:07:00Z,2026-01-23T04:41:25.867769Z,2026-01-23T05:00:00Z,2392187.00,0.00,1769135400,expected_expiration-150m,1769135400,0.81,0.82,0.815,0.82,111
KXNBAGAME-26JAN22LALLAC-LAC,KXNBAGAME-26JAN22LALLAC,KXNBAGAME,game_winner,Los Angeles L at Los Angeles C Winner?,Los Angeles C,Los Angeles C,yes,1,finalized,2026-01-20T19:07:00Z,2026-01-23T05:49:38.685756Z,2026-01-23T06:00:00Z,6560381.00,0.00,1769139000,expected_expiration-150m,1769139000,0.52,0.53,0.525,0.53,111
KXNBAGAME-26JAN22CHAORL-CHA,KXNBAGAME-26JAN22CHAORL,KXNBAGAME,game_winner,Charlotte at Orlando Winner?,Charlotte,Charlotte,yes,1,finalized,2026-01-20T16:06:00Z,2026-01-23T02:39:57.664698Z,2026-01-23T03:00:00Z,1894815.00,0.00,1769128200,expected_expiration-150m,1769128200,0.62,0.64,0.63,0.64,111
KXNBAGAME-26JAN23BOSBKN-BKN,KXNBAGAME-26JAN23BOSBKN,KXNBAGAME,game_winner,Boston at Brooklyn Winner?,Brooklyn,Brooklyn,no,0,finalized,2026-01-21T16:06:00Z,2026-01-24T03:45:28.10239Z,2026-01-24T03:30:00Z,5357968.00,0.00,1769216400,expected_expiration-150m,1769216400,0.28,0.29,0.28500000000000003,0.29,111
KXNBAGAME-26JAN22CHAORL-ORL,KXNBAGAME-26JAN22CHAORL,KXNBAGAME,game_winner,Charlotte at Orlando Winner?,Orlando,Orlando,no,0,finalized,2026-01-20T16:06:00Z,2026-01-23T02:39:57.664698Z,2026-01-23T03:00:00Z,2414564.00,0.00,1769128200,expected_expiration-150m,1769128200,0.37,0.38,0.375,0.37,111
KXNBAGAME-26JAN22GSWDAL-DAL,KXNBAGAME-26JAN22GSWDAL,KXNBAGAME,game_winner,Golden State at Dallas Winner?,Dallas,Dallas,yes,1,finalized,2026-01-20T16:06:00Z,2026-01-23T03:33:28.391327Z,2026-01-23T03:30:00Z,5147182.00,0.00,1769130000,expected_expiration-150m,1769130000,0.34,0.35,0.345,0.35,111
KXNBAGAME-26JAN22GSWDAL-GSW,KXNBAGAME-26JAN22GSWDAL,KXNBAGAME,game_winner,Golden State at Dallas Winner?,Golden State,Golden State,no,0,finalized,2026-01-20T16:06:00Z,2026-01-23T03:33:28.391327Z,2026-01-23T03:30:00Z,4387309.00,0.00,1769130000,expected_expiration-150m,1769130000,0.66,0.67,0.665,0.66,111
KXNBAGAME-26JAN22HOUPHI-PHI,KXNBAGAME-26JAN22HOUPHI,KXNBAGAME,game_winner,Houston at Philadelphia Winner?,Philadelphia,Philadelphia,yes,1,finalized,2026-01-20T16:06:00Z,2026-01-23T03:01:30.86383Z,2026-01-23T03:00:00Z,5660619.00,0.00,1769128200,expected_expiration-150m,1769128200,0.42,0.43,0.425,0.43,111
KXNBAGAME-26JAN22CHIMIN-MIN,KXNBAGAME-26JAN22CHIMIN,KXNBAGAME,game_winner,Chicago at Minnesota Winner?,Minnesota,Minnesota,no,0,finalized,2026-01-20T16:06:00Z,2026-01-23T03:39:40.743328Z,2026-01-23T04:00:00Z,3990963.00,0.00,1769131800,expected_expiration-150m,1769131800,0.88,0.89,0.885,0.89,111
KXNBAGAME-26JAN22CHIMIN-CHI,KXNBAGAME-26JAN22CHIMIN,KXNBAGAME,game_winner,Chicago at Minnesota Winner?,Chicago,Chicago,yes,1,finalized,2026-01-20T16:06:00Z,2026-01-23T03:39:40.743328Z,2026-01-23T04:00:00Z,5013720.00,0.00,1769131800,expected_expiration-150m,1769131800,0.12,0.13,0.125,0.13,111
KXNBAGAME-26JAN22DENWAS-WAS,KXNBAGAME-26JAN22DENWAS,KXNBAGAME,game_winner,Denver at Washington Winner?,Washington,Washington,no,0,finalized,2026-01-20T16:06:00Z,2026-01-23T02:39:59.267766Z,2026-01-23T03:00:00Z,2362083.00,0.00,1769128200,expected_expiration-150m,1769128200,0.2,0.22,0.21000000000000002,0.2,111
KXNBAGAME-26JAN23SACCLE-CLE,KXNBAGAME-26JAN23SACCLE,KXNBAGAME,game_winner,Sacramento at Cleveland Winner?,Cleveland,Cleveland,yes,1,finalized,2026-01-21T16:06:00Z,2026-01-24T03:09:46.149888Z,2026-01-24T03:30:00Z,1005980.00,0.00,1769216400,expected_expiration-150m,1769216400,0.89,0.9,0.895,0.9,111
KXNBAGAME-26JAN25SACDET-DET,KXNBAGAME-26JAN25SACDET,KXNBAGAME,game_winner,Sacramento at Detroit Winner?,Detroit,Detroit,yes,1,finalized,2026-01-23T13:06:00Z,2026-01-25T23:00:31.708095Z,2026-01-25T23:00:00Z,1165871.00,0.00,1769373000,expected_expiration-150m,1769373000,0.8,0.81,0.805,0.8,111
KXNBAGAME-26JAN22DENWAS-DEN,KXNBAGAME-26JAN22DENWAS,KXNBAGAME,game_winner,Denver at Washington Winner?,Denver,Denver,yes,1,finalized,2026-01-20T16:06:00Z,2026-01-23T02:39:59.267766Z,2026-01-23T03:00:00Z,3891140.00,0.00,1769128200,expected_expiration-150m,1769128200,0.78,0.8,0.79,0.8,111
KXNBAGAME-26JAN21OKCMIL-OKC,KXNBAGAME-26JAN21OKCMIL,KXNBAGAME,game_winner,Oklahoma City at Milwaukee Winner?,Oklahoma City,Oklahoma City,yes,1,finalized,2026-01-19T19:07:00Z,2026-01-22T05:17:24.346651Z,2026-01-22T05:30:00Z,1621909.00,0.00,1769050800,expected_expiration-150m,1769050800,0.9,0.92,0.91,0.9,111
KXNBAGAME-26JAN21TORSAC-TOR,KXNBAGAME-26JAN21TORSAC,KXNBAGAME,game_winner,Toronto at Sacramento Winner?,Toronto,Toronto,yes,1,finalized,2026-01-19T19:07:00Z,2026-01-22T05:43:21.96969Z,2026-01-22T06:00:00Z,6716413.00,0.00,1769052600,expected_expiration-150m,1769052600,0.66,0.67,0.665,0.67,111
KXNBAGAME-26JAN21OKCMIL-MIL,KXNBAGAME-26JAN21OKCMIL,KXNBAGAME,game_winner,Oklahoma City at Milwaukee Winner?,Milwaukee,Milwaukee,no,0,finalized,2026-01-19T19:07:00Z,2026-01-22T05:17:24.346651Z,2026-01-22T05:30:00Z,2713398.00,0.00,1769050800,expected_expiration-150m,1769050800,0.09,0.1,0.095,0.1,111
KXNBAGAME-26JAN22HOUPHI-HOU,KXNBAGAME-26JAN22HOUPHI,KXNBAGAME,game_winner,Houston at Philadelphia Winner?,Houston,Houston,no,0,finalized,2026-01-20T16:06:00Z,2026-01-23T03:01:30.86383Z,2026-01-23T03:00:00Z,6523561.00,0.00,1769128200,expected_expiration-150m,1769128200,0.57,0.58,0.575,0.58,111
KXNBAGAME-26JAN21DETNOP-DET,KXNBAGAME-26JAN21DETNOP,KXNBAGAME,game_winner,Detroit at New Orleans Winner?,Detroit,Detroit,yes,1,finalized,2026-01-19T16:06:00Z,2026-01-22T03:31:28.502537Z,2026-01-22T04:00:00Z,2385741.00,0.00,1769045400,expected_expiration-150m,1769045400,0.82,0.84,0.83,0.84,111
KXNBAGAME-26JAN21DETNOP-NOP,KXNBAGAME-26JAN21DETNOP,KXNBAGAME,game_winner,Detroit at New Orleans Winner?,New Orleans,New Orleans,no,0,finalized,2026-01-19T16:06:00Z,2026-01-22T03:31:28.502537Z,2026-01-22T04:00:00Z,1850688.00,0.00,1769045400,expected_expiration-150m,1769045400,0.16,0.18,0.16999999999999998,0.18,111
KXNBAGAME-26JAN21BKNNYK-NYK,KXNBAGAME-26JAN21BKNNYK,KXNBAGAME,game_winner,Brooklyn at New York Winner?,New York,New York,yes,1,finalized,2026-01-19T16:06:00Z,2026-01-22T03:03:30.818995Z,2026-01-22T03:30:00Z,704575.00,0.00,1769043600,expected_expiration-150m,1769043600,0.89,0.9,0.895,0.89,111
KXNBAGAME-26JAN21INDBOS-IND,KXNBAGAME-26JAN21INDBOS,KXNBAGAME,game_winner,Indiana at Boston Winner?,Indiana,Indiana,no,0,finalized,2026-01-19T16:06:00Z,2026-01-22T03:07:25.057957Z,2026-01-22T03:30:00Z,1230053.00,0.00,1769043600,expected_expiration-150m,1769043600,0.21,0.22,0.215,0.22,111
KXNBAGAME-26JAN21TORSAC-SAC,KXNBAGAME-26JAN21TORSAC,KXNBAGAME,game_winner,Toronto at Sacramento Winner?,Sacramento,Sacramento,no,0,finalized,2026-01-19T19:07:00Z,2026-01-22T05:43:21.96969Z,2026-01-22T06:00:00Z,5100811.00,0.00,1769052600,expected_expiration-150m,1769052600,0.33,0.34,0.335,0.34,111
KXNBAGAME-26JAN21CLECHA-CLE,KXNBAGAME-26JAN21CLECHA,KXNBAGAME,game_winner,Cleveland at Charlotte Winner?,Cleveland,Cleveland,yes,1,finalized,2026-01-19T16:06:00Z,2026-01-22T03:00:23.489849Z,2026-01-22T03:00:00Z,4324885.00,0.00,1769041800,expected_expiration-150m,1769041800,0.81,0.82,0.815,0.82,111
KXNBAGAME-26JAN21BKNNYK-BKN,KXNBAGAME-26JAN21BKNNYK,KXNBAGAME,game_winner,Brooklyn at New York Winner?,Brooklyn,Brooklyn,no,0,finalized,2026-01-19T16:06:00Z,2026-01-22T03:03:30.818995Z,2026-01-22T03:30:00Z,1614981.00,0.00,1769043600,expected_expiration-150m,1769043600,0.1,0.11,0.10500000000000001,0.11,111
KXNBAGAME-26JAN20MIASAC-SAC,KXNBAGAME-26JAN20MIASAC,KXNBAGAME,game_winner,Miami at Sacramento Winner?,Sacramento,Sacramento,no,0,finalized,2026-01-18T19:06:00Z,2026-01-21T05:31:26.562085Z,2026-01-21T06:00:00Z,1797679.00,0.00,1768966200,expected_expiration-150m,1768966200,0.29,0.3,0.295,0.3,111
KXNBAGAME-26JAN21CLECHA-CHA,KXNBAGAME-26JAN21CLECHA,KXNBAGAME,game_winner,Cleveland at Charlotte Winner?,Charlotte,Charlotte,no,0,finalized,2026-01-19T16:06:00Z,2026-01-22T03:00:23.489849Z,2026-01-22T03:00:00Z,4039892.00,0.00,1769041800,expected_expiration-150m,1769041800,0.19,0.2,0.195,0.19,111
KXNBAGAME-26JAN20TORGSW-TOR,KXNBAGAME-26JAN20TORGSW,KXNBAGAME,game_winner,Toronto at Golden State Winner?,Toronto,Toronto,yes,1,finalized,2026-01-18T19:06:00Z,2026-01-21T05:55:23.348984Z,2026-01-21T06:00:00Z,2560147.00,0.00,1768966200,expected_expiration-150m,1768966200,0.63,0.64,0.635,0.64,111
KXNBAGAME-26JAN20TORGSW-GSW,KXNBAGAME-26JAN20TORGSW,KXNBAGAME,game_winner,Toronto at Golden State Winner?,Golden State,Golden State,no,0,finalized,2026-01-18T19:06:00Z,2026-01-21T05:55:23.348984Z,2026-01-21T06:00:00Z,3279713.00,0.00,1768966200,expected_expiration-150m,1768966200,0.37,0.39,0.38,0.39,111
KXNBAGAME-26JAN20MIASAC-MIA,KXNBAGAME-26JAN20MIASAC,KXNBAGAME,game_winner,Miami at Sacramento Winner?,Miami,Miami,yes,1,finalized,2026-01-18T19:06:00Z,2026-01-21T05:31:26.562085Z,2026-01-21T06:00:00Z,1508257.00,0.00,1768966200,expected_expiration-150m,1768966200,0.7,0.72,0.71,0.72,111
KXNBAGAME-26JAN21ATLMEM-ATL,KXNBAGAME-26JAN21ATLMEM,KXNBAGAME,game_winner,Atlanta at Memphis Winner?,Atlanta,Atlanta,yes,1,finalized,2026-01-19T16:06:00Z,2026-01-22T03:45:27.27288Z,2026-01-22T04:00:00Z,3858560.00,0.00,1769045400,expected_expiration-150m,1769045400,0.46,0.47,0.46499999999999997,0.47,111
KXNBAGAME-26JAN21ATLMEM-MEM,KXNBAGAME-26JAN21ATLMEM,KXNBAGAME,game_winner,Atlanta at Memphis Winner?,Memphis,Memphis,no,0,finalized,2026-01-19T16:06:00Z,2026-01-22T03:45:27.27288Z,2026-01-22T04:00:00Z,4499915.00,0.00,1769045400,expected_expiration-150m,1769045400,0.52,0.55,0.535,0.55,111
KXNBAGAME-26JAN21INDBOS-BOS,KXNBAGAME-26JAN21INDBOS,KXNBAGAME,game_winner,Indiana at Boston Winner?,Boston,Boston,yes,1,finalized,2026-01-19T16:06:00Z,2026-01-22T03:07:25.057957Z,2026-01-22T03:30:00Z,1169922.00,0.00,1769043600,expected_expiration-150m,1769043600,0.79,0.8,0.795,0.79,111
KXNBAGAME-26JAN20LALDEN-LAL,KXNBAGAME-26JAN20LALDEN,KXNBAGAME,game_winner,Los Angeles L at Denver Winner?,Los Angeles L,Los Angeles L,yes,1,finalized,2026-01-18T19:06:00Z,2026-01-21T05:43:24.983027Z,2026-01-21T06:00:00Z,7364441.00,0.00,1768966200,expected_expiration-150m,1768966200,0.5,0.51,0.505,0.51,111
KXNBAGAME-26JAN20LACCHI-CHI,KXNBAGAME-26JAN20LACCHI,KXNBAGAME,game_winner,Los Angeles C at Chicago Winner?,Chicago,Chicago,yes,1,finalized,2026-01-18T16:06:00Z,2026-01-21T03:27:27.74281Z,2026-01-21T04:00:00Z,1143876.00,0.00,1768959000,expected_expiration-150m,1768959000,0.46,0.48,0.47,0.47,111
KXNBAGAME-26JAN20MINUTA-UTA,KXNBAGAME-26JAN20MINUTA,KXNBAGAME,game_winner,Minnesota at Utah Winner?,Utah,Utah,yes,1,finalized,2026-01-18T19:06:00Z,2026-01-21T04:45:25.889439Z,2026-01-21T05:00:00Z,6506108.00,0.00,1768962600,expected_expiration-150m,1768962600,0.11,0.12,0.11499999999999999,0.12,111
KXNBAGAME-26JAN20SASHOU-HOU,KXNBAGAME-26JAN20SASHOU,KXNBAGAME,game_winner,San Antonio at Houston Winner?,Houston,Houston,yes,1,finalized,2026-01-18T16:06:00Z,2026-01-21T04:03:30.135573Z,2026-01-21T04:00:00Z,4023255.00,0.00,1768959000,expected_expiration-150m,1768959000,0.61,0.62,0.615,0.62,111
KXNBAGAME-26JAN20LACCHI-LAC,KXNBAGAME-26JAN20LACCHI,KXNBAGAME,game_winner,Los Angeles C at Chicago Winner?,Los Angeles C,Los Angeles C,no,0,finalized,2026-01-18T16:06:00Z,2026-01-21T03:27:27.74281Z,2026-01-21T04:00:00Z,1615141.00,0.00,1768959000,expected_expiration-150m,1768959000,0.51,0.52,0.515,0.52,111
KXNBAGAME-26JAN20PHXPHI-PHI,KXNBAGAME-26JAN20PHXPHI,KXNBAGAME,game_winner,Phoenix at Philadelphia Winner?,Philadelphia,Philadelphia,no,0,finalized,2026-01-18T16:06:00Z,2026-01-21T02:51:35.998975Z,2026-01-21T03:00:00Z,3582469.00,0.00,1768955400,expected_expiration-150m,1768955400,0.5,0.51,0.505,0.51,111
KXNBAGAME-26JAN19MIAGSW-MIA,KXNBAGAME-26JAN19MIAGSW,KXNBAGAME,game_winner,Miami at Golden State Winner?,Miami,Miami,no,0,finalized,2026-01-17T19:06:00Z,2026-01-20T05:43:23.731919Z,2026-01-20T06:00:00Z,4574098.00,0.00,1768879800,expected_expiration-150m,1768879800,0.44,0.45,0.445,0.44,111
KXNBAGAME-26JAN20PHXPHI-PHX,KXNBAGAME-26JAN20PHXPHI,KXNBAGAME,game_winner,Phoenix at Philadelphia Winner?,Phoenix,Phoenix,yes,1,finalized,2026-01-18T16:06:00Z,2026-01-21T02:51:35.998975Z,2026-01-21T03:00:00Z,3618139.00,0.00,1768955400,expected_expiration-150m,1768955400,0.5,0.51,0.505,0.51,111
KXNBAGAME-26JAN20LALDEN-DEN,KXNBAGAME-26JAN20LALDEN,KXNBAGAME,game_winner,Los Angeles L at Denver Winner?,Denver,Denver,no,0,finalized,2026-01-18T19:06:00Z,2026-01-21T05:43:24.983027Z,2026-01-21T06:00:00Z,5599641.00,0.00,1768966200,expected_expiration-150m,1768966200,0.5,0.51,0.505,0.51,111
KXNBAGAME-26JAN20MINUTA-MIN,KXNBAGAME-26JAN20MINUTA,KXNBAGAME,game_winner,Minnesota at Utah Winner?,Minnesota,Minnesota,no,0,finalized,2026-01-18T19:06:00Z,2026-01-21T04:45:25.889439Z,2026-01-21T05:00:00Z,3722128.00,0.00,1768962600,expected_expiration-150m,1768962600,0.88,0.89,0.885,0.88,111
KXNBAGAME-26JAN19MIAGSW-GSW,KXNBAGAME-26JAN19MIAGSW,KXNBAGAME,game_winner,Miami at Golden State Winner?,Golden State,Golden State,yes,1,finalized,2026-01-17T19:06:00Z,2026-01-20T05:43:23.731919Z,2026-01-20T06:00:00Z,4243336.00,0.00,1768879800,expected_expiration-150m,1768879800,0.55,0.56,0.555,0.56,111
KXNBAGAME-26JAN19BOSDET-BOS,KXNBAGAME-26JAN19BOSDET,KXNBAGAME,game_winner,Boston at Detroit Winner?,Boston,Boston,no,0,finalized,2026-01-17T16:06:00Z,2026-01-20T04:09:38.62514Z,2026-01-20T04:00:00Z,4276966.00,0.00,1768872600,expected_expiration-150m,1768872600,0.53,0.55,0.54,0.55,111
KXNBAGAME-26JAN19PHXBKN-PHX,KXNBAGAME-26JAN19PHXBKN,KXNBAGAME,game_winner,Phoenix at Brooklyn Winner?,Phoenix,Phoenix,yes,1,finalized,2026-01-17T16:06:00Z,2026-01-20T03:05:22.809718Z,2026-01-20T03:30:00Z,1568339.00,0.00,1768870800,expected_expiration-150m,1768870800,0.91,0.92,0.915,0.92,110
KXNBAGAME-26JAN19BOSDET-DET,KXNBAGAME-26JAN19BOSDET,KXNBAGAME,game_winner,Boston at Detroit Winner?,Detroit,Detroit,yes,1,finalized,2026-01-17T16:06:00Z,2026-01-20T04:09:38.62514Z,2026-01-20T04:00:00Z,4583002.00,0.00,1768872600,expected_expiration-150m,1768872600,0.45,0.47,0.45999999999999996,0.46,111
KXNBAGAME-26JAN23HOUDET-HOU,KXNBAGAME-26JAN23HOUDET,KXNBAGAME,game_winner,Houston at Detroit Winner?,Houston,Houston,yes,1,finalized,2026-01-21T16:06:00Z,2026-01-24T02:57:37.172447Z,2026-01-24T03:00:00Z,5547600.00,0.00,1769214600,expected_expiration-150m,1769214600,0.47,0.48,0.475,0.48,111
KXNBAGAME-26JAN19LACWAS-WAS,KXNBAGAME-26JAN19LACWAS,KXNBAGAME,game_winner,Los Angeles C at Washington Winner?,Washington,Washington,no,0,finalized,2026-01-17T13:06:00Z,2026-01-19T22:41:35.751765Z,2026-01-19T23:00:00Z,3364827.00,0.00,1768854600,expected_expiration-150m,1768854600,0.41,0.42,0.415,0.42,111
KXNBAGAME-26JAN19UTASAS-UTA,KXNBAGAME-26JAN19UTASAS,KXNBAGAME,game_winner,Utah at San Antonio Winner?,Utah,Utah,no,0,finalized,2026-01-17T13:06:00Z,2026-01-20T00:43:29.695489Z,2026-01-20T01:00:00Z,2945086.00,0.00,1768861800,expected_expiration-150m,1768861800,0.09,0.1,0.095,0.1,111
KXNBAGAME-26JAN26PHICHA-PHI,KXNBAGAME-26JAN26PHICHA,KXNBAGAME,game_winner,Philadelphia at Charlotte Winner?,Philadelphia,Philadelphia,no,0,finalized,2026-01-24T16:06:00Z,2026-01-26T22:53:39.013771Z,2026-01-27T03:00:00Z,4330986.00,0.00,1769473800,expected_expiration-150m,,,,,,0
KXNBAGAME-26JAN19DALNYK-NYK,KXNBAGAME-26JAN19DALNYK,KXNBAGAME,game_winner,Dallas at New York Winner?,New York,New York,no,0,finalized,2026-01-17T13:06:00Z,2026-01-20T00:47:29.077595Z,2026-01-20T01:00:00Z,3745633.00,0.00,1768861800,expected_expiration-150m,1768861800,0.73,0.74,0.735,0.74,111
KXNBAGAME-26JAN19DALNYK-DAL,KXNBAGAME-26JAN19DALNYK,KXNBAGAME,game_winner,Dallas at New York Winner?,Dallas,Dallas,yes,1,finalized,2026-01-17T13:06:00Z,2026-01-20T00:47:29.077595Z,2026-01-20T01:00:00Z,5804608.00,0.00,1768861800,expected_expiration-150m,1768861800,0.28,0.29,0.28500000000000003,0.29,111
KXNBAGAME-26JAN19OKCCLE-OKC,KXNBAGAME-26JAN19OKCCLE,KXNBAGAME,game_winner,Oklahoma City at Cleveland Winner?,Oklahoma City,Oklahoma City,yes,1,finalized,2026-01-17T13:06:00Z,2026-01-19T22:19:57.212501Z,2026-01-19T22:30:00Z,2788051.00,0.00,1768852800,expected_expiration-150m,1768852800,0.77,0.78,0.775,0.78,111
KXNBAGAME-26JAN19UTASAS-SAS,KXNBAGAME-26JAN19UTASAS,KXNBAGAME,game_winner,Utah at San Antonio Winner?,San Antonio,San Antonio,yes,1,finalized,2026-01-17T13:06:00Z,2026-01-20T00:43:29.695489Z,2026-01-20T01:00:00Z,1339872.00,0.00,1768861800,expected_expiration-150m,1768861800,0.9,0.91,0.905,0.91,111
KXNBAGAME-26JAN19MILATL-MIL,KXNBAGAME-26JAN19MILATL,KXNBAGAME,game_winner,Milwaukee at Atlanta Winner?,Milwaukee,Milwaukee,yes,1,finalized,2026-01-17T10:06:00Z,2026-01-19T20:48:07.704657Z,2026-01-19T21:00:00Z,5471297.00,0.00,1768847400,expected_expiration-150m,1768847400,0.49,0.51,0.5,0.51,111
KXNBAGAME-26JAN19MILATL-ATL,KXNBAGAME-26JAN19MILATL,KXNBAGAME,game_winner,Milwaukee at Atlanta Winner?,Atlanta,Atlanta,no,0,finalized,2026-01-17T10:06:00Z,2026-01-19T20:48:07.704657Z,2026-01-19T21:00:00Z,5155929.00,0.00,1768847400,expected_expiration-150m,1768847400,0.51,0.52,0.515,0.52,111
KXNBAGAME-26JAN19OKCCLE-CLE,KXNBAGAME-26JAN19OKCCLE,KXNBAGAME,game_winner,Oklahoma City at Cleveland Winner?,Cleveland,Cleveland,no,0,finalized,2026-01-17T13:06:00Z,2026-01-19T22:19:57.212501Z,2026-01-19T22:30:00Z,2355318.00,0.00,1768852800,expected_expiration-150m,1768852800,0.22,0.23,0.225,0.23,111
KXNBAGAME-26JAN18PORSAC-POR,KXNBAGAME-26JAN18PORSAC,KXNBAGAME,game_winner,Portland at Sacramento Winner?,Portland,Portland,yes,1,finalized,2026-01-16T19:06:00Z,2026-01-19T04:39:46.187215Z,2026-01-19T05:00:00Z,4142857.00,0.00,1768789800,expected_expiration-150m,1768789800,0.6,0.61,0.605,0.61,111
KXNBAGAME-26JAN18TORLAL-TOR,KXNBAGAME-26JAN18TORLAL,KXNBAGAME,game_winner,Toronto at Los Angeles L Winner?,Toronto,Toronto,no,0,finalized,2026-01-16T19:06:00Z,2026-01-19T05:00:41.296048Z,2026-01-19T05:30:00Z,4330914.00,0.00,1768791600,expected_expiration-150m,1768791600,0.61,0.62,0.615,0.62,111
KXNBAGAME-26JAN18PORSAC-SAC,KXNBAGAME-26JAN18PORSAC,KXNBAGAME,game_winner,Portland at Sacramento Winner?,Sacramento,Sacramento,no,0,finalized,2026-01-16T19:06:00Z,2026-01-19T04:39:46.187215Z,2026-01-19T05:00:00Z,4301694.00,0.00,1768789800,expected_expiration-150m,1768789800,0.4,0.42,0.41000000000000003,0.41,111
KXNBAGAME-26JAN19LACWAS-LAC,KXNBAGAME-26JAN19LACWAS,KXNBAGAME,game_winner,Los Angeles C at Washington Winner?,Los Angeles C,Los Angeles C,yes,1,finalized,2026-01-17T13:06:00Z,2026-01-19T22:41:35.751765Z,2026-01-19T23:00:00Z,4003240.00,0.00,1768854600,expected_expiration-150m,1768854600,0.58,0.59,0.585,0.59,111
KXNBAGAME-26JAN26ORLCLE-CLE,KXNBAGAME-26JAN26ORLCLE,KXNBAGAME,game_winner,Orlando at Cleveland Winner?,Cleveland,Cleveland,yes,1,finalized,2026-01-24T16:06:00Z,2026-01-27T02:55:32.215734Z,2026-01-27T03:00:00Z,4342924.00,0.00,1769473800,expected_expiration-150m,,,,,,0
KXNBAGAME-26JAN18CHADEN-DEN,KXNBAGAME-26JAN18CHADEN,KXNBAGAME,game_winner,Charlotte at Denver Winner?,Denver,Denver,no,0,finalized,2026-01-16T16:06:00Z,2026-01-19T03:27:28.839735Z,2026-01-19T04:00:00Z,2597744.00,0.00,1768786200,expected_expiration-150m,1768786200,0.25,0.26,0.255,0.26,111
KXNBAGAME-26JAN18NOPHOU-NOP,KXNBAGAME-26JAN18NOPHOU,KXNBAGAME,game_winner,New Orleans at Houston Winner?,New Orleans,New Orleans,no,0,finalized,2026-01-16T16:06:00Z,2026-01-19T02:25:29.374455Z,2026-01-19T03:00:00Z,2596880.00,0.00,1768782600,expected_expiration-150m,1768782600,0.09,0.1,0.095,0.1,111
KXNBAGAME-26JAN18NOPHOU-HOU,KXNBAGAME-26JAN18NOPHOU,KXNBAGAME,game_winner,New Orleans at Houston Winner?,Houston,Houston,yes,1,finalized,2026-01-16T16:06:00Z,2026-01-19T02:25:29.374455Z,2026-01-19T03:00:00Z,730039.00,0.00,1768782600,expected_expiration-150m,1768782600,0.9,0.91,0.905,0.91,111
KXNBAGAME-26JAN18BKNCHI-BKN,KXNBAGAME-26JAN18BKNCHI,KXNBAGAME,game_winner,Brooklyn at Chicago Winner?,Brooklyn,Brooklyn,no,0,finalized,2026-01-16T16:06:00Z,2026-01-19T02:21:30.308134Z,2026-01-19T03:00:00Z,667650.00,0.00,1768782600,expected_expiration-150m,1768782600,0.19,0.2,0.195,0.2,111
KXNBAGAME-26JAN18CHADEN-CHA,KXNBAGAME-26JAN18CHADEN,KXNBAGAME,game_winner,Charlotte at Denver Winner?,Charlotte,Charlotte,yes,1,finalized,2026-01-16T16:06:00Z,2026-01-19T03:27:28.839735Z,2026-01-19T04:00:00Z,957215.00,0.00,1768786200,expected_expiration-150m,1768786200,0.74,0.75,0.745,0.75,111
KXNBAGAME-26JAN19INDPHI-PHI,KXNBAGAME-26JAN19INDPHI,KXNBAGAME,game_winner,Indiana at Philadelphia Winner?,Philadelphia,Philadelphia,yes,1,finalized,2026-01-17T16:06:00Z,2026-01-20T02:35:26.792137Z,2026-01-20T03:00:00Z,3175060.00,0.00,1768869000,expected_expiration-150m,1768869000,0.74,0.75,0.745,0.75,111
KXNBAGAME-26JAN18BKNCHI-CHI,KXNBAGAME-26JAN18BKNCHI,KXNBAGAME,game_winner,Brooklyn at Chicago Winner?,Chicago,Chicago,yes,1,finalized,2026-01-16T16:06:00Z,2026-01-19T02:21:30.308134Z,2026-01-19T03:00:00Z,770052.00,0.00,1768782600,expected_expiration-150m,1768782600,0.79,0.81,0.8,0.81,111
KXNBAGAME-26JAN17LALPOR-LAL,KXNBAGAME-26JAN17LALPOR,KXNBAGAME,game_winner,Los Angeles L at Portland Winner?,Los Angeles L,Los Angeles L,no,0,finalized,2026-01-15T19:06:00Z,2026-01-18T05:53:23.130406Z,2026-01-18T06:00:00Z,4390380.00,0.00,1768707000,expected_expiration-150m,1768707000,0.39,0.4,0.395,0.4,111
KXNBAGAME-26JAN17WASDEN-WAS,KXNBAGAME-26JAN17WASDEN,KXNBAGAME,game_winner,Washington at Denver Winner?,Washington,Washington,no,0,finalized,2026-01-15T19:06:00Z,2026-01-18T04:45:24.716717Z,2026-01-18T05:00:00Z,2727841.00,0.00,1768703400,expected_expiration-150m,1768703400,0.11,0.13,0.12,0.13,111
KXNBAGAME-26JAN19PHXBKN-BKN,KXNBAGAME-26JAN19PHXBKN,KXNBAGAME,game_winner,Phoenix at Brooklyn Winner?,Brooklyn,Brooklyn,no,0,finalized,2026-01-17T16:06:00Z,2026-01-20T03:05:22.809718Z,2026-01-20T03:30:00Z,2052909.00,0.00,1768870800,expected_expiration-150m,1768870800,0.08,0.09,0.08499999999999999,0.09,111
KXNBAGAME-26JAN17CHAGSW-GSW,KXNBAGAME-26JAN17CHAGSW,KXNBAGAME,game_winner,Charlotte at Golden State Winner?,Golden State,Golden State,yes,1,finalized,2026-01-15T19:06:00Z,2026-01-18T04:07:30.616465Z,2026-01-18T04:30:00Z,1006354.00,0.00,1768701600,expected_expiration-150m,1768701600,0.74,0.75,0.745,0.75,111
KXNBAGAME-26JAN17WASDEN-DEN,KXNBAGAME-26JAN17WASDEN,KXNBAGAME,game_winner,Washington at Denver Winner?,Denver,Denver,yes,1,finalized,2026-01-15T19:06:00Z,2026-01-18T04:45:24.716717Z,2026-01-18T05:00:00Z,4151262.00,0.00,1768703400,expected_expiration-150m,1768703400,0.87,0.88,0.875,0.88,111
KXNBAGAME-26JAN17OKCMIA-OKC,KXNBAGAME-26JAN17OKCMIA,KXNBAGAME,game_winner,Oklahoma City at Miami Winner?,Oklahoma City,Oklahoma City,no,0,finalized,2026-01-15T16:06:00Z,2026-01-18T03:49:52.93432Z,2026-01-18T04:00:00Z,2771778.00,0.00,1768699800,expected_expiration-150m,1768699800,0.82,0.84,0.83,0.84,111
KXNBAGAME-26JAN17OKCMIA-MIA,KXNBAGAME-26JAN17OKCMIA,KXNBAGAME,game_winner,Oklahoma City at Miami Winner?,Miami,Miami,yes,1,finalized,2026-01-15T16:06:00Z,2026-01-18T03:49:52.93432Z,2026-01-18T04:00:00Z,3674439.00,0.00,1768699800,expected_expiration-150m,1768699800,0.17,0.19,0.18,0.19,111
KXNBAGAME-26JAN17CHAGSW-CHA,KXNBAGAME-26JAN17CHAGSW,KXNBAGAME,game_winner,Charlotte at Golden State Winner?,Charlotte,Charlotte,no,0,finalized,2026-01-15T19:06:00Z,2026-01-18T04:07:30.616465Z,2026-01-18T04:30:00Z,1189489.00,0.00,1768701600,expected_expiration-150m,1768701600,0.25,0.27,0.26,0.27,111
KXNBAGAME-26JAN18ORLMEM-ORL,KXNBAGAME-26JAN18ORLMEM,KXNBAGAME,game_winner,Orlando at Memphis Winner?,Orlando,Orlando,no,0,finalized,2026-01-16T10:06:00Z,2026-01-18T19:37:25.702757Z,2026-01-18T20:00:00Z,3107752.00,0.00,1768757400,expected_expiration-150m,1768757400,0.3,0.31,0.305,0.31,111
KXNBAGAME-26JAN18ORLMEM-MEM,KXNBAGAME-26JAN18ORLMEM,KXNBAGAME,game_winner,Orlando at Memphis Winner?,Memphis,Memphis,yes,1,finalized,2026-01-16T10:06:00Z,2026-01-18T19:37:25.702757Z,2026-01-18T20:00:00Z,1852538.00,0.00,1768757400,expected_expiration-150m,1768757400,0.68,0.7,0.69,0.7,111
KXNBAGAME-26JAN17MINSAS-MIN,KXNBAGAME-26JAN17MINSAS,KXNBAGAME,game_winner,Minnesota at San Antonio Winner?,Minnesota,Minnesota,no,0,finalized,2026-01-15T16:06:00Z,2026-01-18T03:53:24.157012Z,2026-01-18T04:00:00Z,2991254.00,0.00,1768699800,expected_expiration-150m,1768699800,0.36,0.38,0.37,0.38,111
KXNBAGAME-26JAN17INDDET-IND,KXNBAGAME-26JAN17INDDET,KXNBAGAME,game_winner,Indiana at Detroit Winner?,Indiana,Indiana,no,0,finalized,2026-01-15T16:06:00Z,2026-01-18T03:05:33.711352Z,2026-01-18T03:30:00Z,1179036.00,0.00,1768698000,expected_expiration-150m,1768698000,0.02,0.04,0.03,0.04,111
KXNBAGAME-26JAN17PHXNYK-NYK,KXNBAGAME-26JAN17PHXNYK,KXNBAGAME,game_winner,Phoenix at New York Winner?,New York,New York,no,0,finalized,2026-01-15T16:06:00Z,2026-01-18T03:23:31.852572Z,2026-01-18T03:30:00Z,3374176.00,0.00,1768698000,expected_expiration-150m,1768698000,0.61,0.63,0.62,0.63,111
KXNBAGAME-26JAN17MINSAS-SAS,KXNBAGAME-26JAN17MINSAS,KXNBAGAME,game_winner,Minnesota at San Antonio Winner?,San Antonio,San Antonio,yes,1,finalized,2026-01-15T16:06:00Z,2026-01-18T03:53:24.157012Z,2026-01-18T04:00:00Z,2096238.00,0.00,1768699800,expected_expiration-150m,1768699800,0.62,0.64,0.63,0.64,111
KXNBAGAME-26JAN17PHXNYK-PHX,KXNBAGAME-26JAN17PHXNYK,KXNBAGAME,game_winner,Phoenix at New York Winner?,Phoenix,Phoenix,yes,1,finalized,2026-01-15T16:06:00Z,2026-01-18T03:23:31.852572Z,2026-01-18T03:30:00Z,2889402.00,0.00,1768698000,expected_expiration-150m,1768698000,0.38,0.39,0.385,0.39,111
KXNBAGAME-26JAN18TORLAL-LAL,KXNBAGAME-26JAN18TORLAL,KXNBAGAME,game_winner,Toronto at Los Angeles L Winner?,Los Angeles L,Los Angeles L,yes,1,finalized,2026-01-16T19:06:00Z,2026-01-19T05:00:41.296048Z,2026-01-19T05:30:00Z,4908034.00,0.00,1768791600,expected_expiration-150m,1768791600,0.39,0.4,0.395,0.4,111
KXNBAGAME-26JAN17UTADAL-UTA,KXNBAGAME-26JAN17UTADAL,KXNBAGAME,game_winner,Utah at Dallas Winner?,Utah,Utah,no,0,finalized,2026-01-15T13:06:00Z,2026-01-18T00:55:44.054409Z,2026-01-18T01:00:00Z,1483405.00,0.00,1768689000,expected_expiration-150m,1768689000,0.26,0.27,0.265,0.27,111
KXNBAGAME-26JAN17BOSATL-ATL,KXNBAGAME-26JAN17BOSATL,KXNBAGAME,game_winner,Boston at Atlanta Winner?,Atlanta,Atlanta,no,0,finalized,2026-01-15T16:06:00Z,2026-01-18T02:57:43.353456Z,2026-01-18T03:30:00Z,705103.00,0.00,1768698000,expected_expiration-150m,1768698000,0.3,0.31,0.305,0.31,111
KXNBAGAME-26JAN17INDDET-DET,KXNBAGAME-26JAN17INDDET,KXNBAGAME,game_winner,Indiana at Detroit Winner?,Detroit,Detroit,yes,1,finalized,2026-01-15T16:06:00Z,2026-01-18T03:05:33.711352Z,2026-01-18T03:30:00Z,353437.00,0.00,1768698000,expected_expiration-150m,1768698000,0.96,0.98,0.97,0.96,111
KXNBAGAME-26JAN16MINHOU-MIN,KXNBAGAME-26JAN16MINHOU,KXNBAGAME,game_winner,Minnesota at Houston Winner?,Minnesota,Minnesota,no,0,finalized,2026-01-14T19:06:00Z,2026-01-17T05:35:22.778558Z,2026-01-17T05:30:00Z,6877414.00,0.00,1768618800,expected_expiration-150m,1768618800,0.59,0.6,0.595,0.59,111
KXNBAGAME-26JAN17UTADAL-DAL,KXNBAGAME-26JAN17UTADAL,KXNBAGAME,game_winner,Utah at Dallas Winner?,Dallas,Dallas,yes,1,finalized,2026-01-15T13:06:00Z,2026-01-18T00:55:44.054409Z,2026-01-18T01:00:00Z,1268747.00,0.00,1768689000,expected_expiration-150m,1768689000,0.73,0.75,0.74,0.75,111
KXNBAGAME-26JAN16LACTOR-TOR,KXNBAGAME-26JAN16LACTOR,KXNBAGAME,game_winner,Los Angeles C at Toronto Winner?,Toronto,Toronto,no,0,finalized,2026-01-14T16:06:00Z,2026-01-17T03:19:43.063043Z,2026-01-17T03:30:00Z,5153318.00,0.00,1768611600,expected_expiration-150m,1768611600,0.72,0.73,0.725,0.73,100
KXNBAGAME-26JAN17BOSATL-BOS,KXNBAGAME-26JAN17BOSATL,KXNBAGAME,game_winner,Boston at Atlanta Winner?,Boston,Boston,yes,1,finalized,2026-01-15T16:06:00Z,2026-01-18T02:57:43.353456Z,2026-01-18T03:30:00Z,736558.00,0.00,1768698000,expected_expiration-150m,1768698000,0.69,0.71,0.7,0.69,111
KXNBAGAME-26JAN16MINHOU-HOU,KXNBAGAME-26JAN16MINHOU,KXNBAGAME,game_winner,Minnesota at Houston Winner?,Houston,Houston,yes,1,finalized,2026-01-14T19:06:00Z,2026-01-17T05:35:22.778558Z,2026-01-17T05:30:00Z,8321667.00,0.00,1768618800,expected_expiration-150m,1768618800,0.4,0.42,0.41000000000000003,0.42,111
KXNBAGAME-26JAN16CHIBKN-BKN,KXNBAGAME-26JAN16CHIBKN,KXNBAGAME,game_winner,Chicago at Brooklyn Winner?,Brooklyn,Brooklyn,yes,1,finalized,2026-01-14T16:06:00Z,2026-01-17T03:15:28.424736Z,2026-01-17T03:30:00Z,2137659.00,0.00,1768611600,expected_expiration-150m,1768611600,0.58,0.59,0.585,0.59,100
KXNBAGAME-26JAN17LALPOR-POR,KXNBAGAME-26JAN17LALPOR,KXNBAGAME,game_winner,Los Angeles L at Portland Winner?,Portland,Portland,yes,1,finalized,2026-01-15T19:06:00Z,2026-01-18T05:53:23.130406Z,2026-01-18T06:00:00Z,2205671.00,0.00,1768707000,expected_expiration-150m,1768707000,0.6,0.61,0.605,0.61,111
KXNBAGAME-26JAN19INDPHI-IND,KXNBAGAME-26JAN19INDPHI,KXNBAGAME,game_winner,Indiana at Philadelphia Winner?,Indiana,Indiana,no,0,finalized,2026-01-17T16:06:00Z,2026-01-20T02:35:26.792137Z,2026-01-20T03:00:00Z,2410763.00,0.00,1768869000,expected_expiration-150m,1768869000,0.25,0.26,0.255,0.26,111
KXNBAGAME-26JAN16WASSAC-WAS,KXNBAGAME-26JAN16WASSAC,KXNBAGAME,game_winner,Washington at Sacramento Winner?,Washington,Washington,no,0,finalized,2026-01-14T19:06:00Z,2026-01-17T05:55:24.948223Z,2026-01-17T06:00:00Z,4460044.00,0.00,1768620600,expected_expiration-150m,1768620600,0.22,0.23,0.225,0.23,111
KXNBAGAME-26JAN16NOPIND-NOP,KXNBAGAME-26JAN16NOPIND,KXNBAGAME,game_winner,New Orleans at Indiana Winner?,New Orleans,New Orleans,no,0,finalized,2026-01-14T16:06:00Z,2026-01-17T02:25:35.632726Z,2026-01-17T03:00:00Z,2626847.00,0.00,1768609800,expected_expiration-150m,1768609800,0.41,0.42,0.415,0.42,100
KXNBAGAME-26JAN16CLEPHI-PHI,KXNBAGAME-26JAN16CLEPHI,KXNBAGAME,game_winner,Cleveland at Philadelphia Winner?,Philadelphia,Philadelphia,no,0,finalized,2026-01-14T16:06:00Z,2026-01-17T02:43:27.058217Z,2026-01-17T03:00:00Z,4863825.00,0.00,1768609800,expected_expiration-150m,1768609800,0.64,0.65,0.645,0.65,99
KXNBAGAME-26JAN16NOPIND-IND,KXNBAGAME-26JAN16NOPIND,KXNBAGAME,game_winner,New Orleans at Indiana Winner?,Indiana,Indiana,yes,1,finalized,2026-01-14T16:06:00Z,2026-01-17T02:25:35.632726Z,2026-01-17T03:00:00Z,1431818.00,0.00,1768609800,expected_expiration-150m,1768609800,0.58,0.6,0.59,0.6,99
KXNBAGAME-26JAN16LACTOR-LAC,KXNBAGAME-26JAN16LACTOR,KXNBAGAME,game_winner,Los Angeles C at Toronto Winner?,Los Angeles C,Los Angeles C,yes,1,finalized,2026-01-14T16:06:00Z,2026-01-17T03:19:43.063043Z,2026-01-17T03:30:00Z,5477575.00,0.00,1768611600,expected_expiration-150m,1768611600,0.27,0.28,0.275,0.28,100
KXNBAGAME-26JAN15CHALAL-LAL,KXNBAGAME-26JAN15CHALAL,KXNBAGAME,game_winner,Charlotte at Los Angeles L Winner?,Los Angeles L,Los Angeles L,no,0,finalized,2026-01-13T19:06:00Z,2026-01-16T06:05:23.038664Z,2026-01-16T06:30:00Z,9318173.00,0.00,1768536000,expected_expiration-150m,1768536000,0.74,0.75,0.745,0.75,111
KXNBAGAME-26JAN15ATLPOR-POR,KXNBAGAME-26JAN15ATLPOR,KXNBAGAME,game_winner,Atlanta at Portland Winner?,Portland,Portland,yes,1,finalized,2026-01-13T19:06:00Z,2026-01-16T05:35:23.561052Z,2026-01-16T06:00:00Z,3226198.00,0.00,1768534200,expected_expiration-150m,1768534200,0.44,0.46,0.45,0.45,111
KXNBAGAME-26JAN16CHIBKN-CHI,KXNBAGAME-26JAN16CHIBKN,KXNBAGAME,game_winner,Chicago at Brooklyn Winner?,Chicago,Chicago,no,0,finalized,2026-01-14T16:06:00Z,2026-01-17T03:15:28.424736Z,2026-01-17T03:30:00Z,4489133.00,0.00,1768611600,expected_expiration-150m,1768611600,0.41,0.42,0.415,0.42,100
KXNBAGAME-26JAN15UTADAL-UTA,KXNBAGAME-26JAN15UTADAL,KXNBAGAME,game_winner,Utah at Dallas Winner?,Utah,Utah,no,0,finalized,2026-01-13T19:06:00Z,2026-01-16T03:59:58.420473Z,2026-01-16T04:30:00Z,1374995.00,0.00,1768528800,expected_expiration-150m,1768528800,0.44,0.45,0.445,0.45,111
KXNBAGAME-26JAN16CLEPHI-CLE,KXNBAGAME-26JAN16CLEPHI,KXNBAGAME,game_winner,Cleveland at Philadelphia Winner?,Cleveland,Cleveland,yes,1,finalized,2026-01-14T16:06:00Z,2026-01-17T02:43:27.058217Z,2026-01-17T03:00:00Z,5917598.00,0.00,1768609800,expected_expiration-150m,1768609800,0.36,0.37,0.365,0.37,99
KXNBAGAME-26JAN15ATLPOR-ATL,KXNBAGAME-26JAN15ATLPOR,KXNBAGAME,game_winner,Atlanta at Portland Winner?,Atlanta,Atlanta,no,0,finalized,2026-01-13T19:06:00Z,2026-01-16T05:35:23.561052Z,2026-01-16T06:00:00Z,2130100.00,0.00,1768534200,expected_expiration-150m,1768534200,0.55,0.56,0.555,0.56,111
KXNBAGAME-26JAN15MILSAS-MIL,KXNBAGAME-26JAN15MILSAS,KXNBAGAME,game_winner,Milwaukee at San Antonio Winner?,Milwaukee,Milwaukee,no,0,finalized,2026-01-13T16:06:00Z,2026-01-16T03:33:27.235539Z,2026-01-16T04:00:00Z,1260721.00,0.00,1768527000,expected_expiration-150m,1768527000,0.38,0.39,0.385,0.39,111
KXNBAGAME-26JAN15CHALAL-CHA,KXNBAGAME-26JAN15CHALAL,KXNBAGAME,game_winner,Charlotte at Los Angeles L Winner?,Charlotte,Charlotte,yes,1,finalized,2026-01-13T19:06:00Z,2026-01-16T06:05:23.038664Z,2026-01-16T06:30:00Z,3908645.00,0.00,1768536000,expected_expiration-150m,1768536000,0.26,0.27,0.265,0.27,111
KXNBAGAME-26JAN15UTADAL-DAL,KXNBAGAME-26JAN15UTADAL,KXNBAGAME,game_winner,Utah at Dallas Winner?,Dallas,Dallas,yes,1,finalized,2026-01-13T19:06:00Z,2026-01-16T03:59:58.420473Z,2026-01-16T04:30:00Z,798521.00,0.00,1768528800,expected_expiration-150m,1768528800,0.56,0.57,0.565,0.57,111
KXNBAGAME-26JAN15BOSMIA-BOS,KXNBAGAME-26JAN15BOSMIA,KXNBAGAME,game_winner,Boston at Miami Winner?,Boston,Boston,yes,1,finalized,2026-01-13T16:06:00Z,2026-01-16T03:13:33.476011Z,2026-01-16T03:30:00Z,4769528.00,0.00,1768525200,expected_expiration-150m,1768525200,0.26,0.28,0.27,0.28,111
KXNBAGAME-26JAN15OKCHOU-OKC,KXNBAGAME-26JAN15OKCHOU,KXNBAGAME,game_winner,Oklahoma City at Houston Winner?,Oklahoma City,Oklahoma City,yes,1,finalized,2026-01-13T16:06:00Z,2026-01-16T03:07:32.283368Z,2026-01-16T03:30:00Z,3969365.00,0.00,1768525200,expected_expiration-150m,1768525200,0.64,0.65,0.645,0.65,111
KXNBAGAME-26JAN15NYKGSW-NYK,KXNBAGAME-26JAN15NYKGSW,KXNBAGAME,game_winner,New York at Golden State Winner?,New York,New York,no,0,finalized,2026-01-13T19:06:00Z,2026-01-16T05:57:27.990042Z,2026-01-16T06:00:00Z,7622223.00,0.00,1768534200,expected_expiration-150m,1768534200,0.56,0.57,0.565,0.57,111
KXNBAGAME-26JAN15NYKGSW-GSW,KXNBAGAME-26JAN15NYKGSW,KXNBAGAME,game_winner,New York at Golden State Winner?,Golden State,Golden State,yes,1,finalized,2026-01-13T19:06:00Z,2026-01-16T05:57:27.990042Z,2026-01-16T06:00:00Z,4994222.00,0.00,1768534200,expected_expiration-150m,1768534200,0.43,0.45,0.44,0.45,111
KXNBAGAME-26JAN15PHXDET-DET,KXNBAGAME-26JAN15PHXDET,KXNBAGAME,game_winner,Phoenix at Detroit Winner?,Detroit,Detroit,yes,1,finalized,2026-01-13T16:06:00Z,2026-01-16T03:03:36.547292Z,2026-01-16T03:00:00Z,5790228.00,0.00,1768523400,expected_expiration-150m,1768523400,0.71,0.72,0.715,0.72,111
KXNBAGAME-26JAN15PHXDET-PHX,KXNBAGAME-26JAN15PHXDET,KXNBAGAME,game_winner,Phoenix at Detroit Winner?,Phoenix,Phoenix,no,0,finalized,2026-01-13T16:06:00Z,2026-01-16T03:03:36.547292Z,2026-01-16T03:00:00Z,6411152.00,0.00,1768523400,expected_expiration-150m,1768523400,0.28,0.29,0.28500000000000003,0.29,111
KXNBAGAME-26JAN14NYKSAC-SAC,KXNBAGAME-26JAN14NYKSAC,KXNBAGAME,game_winner,New York at Sacramento Winner?,Sacramento,Sacramento,yes,1,finalized,2026-01-12T19:06:00Z,2026-01-15T05:51:22.249664Z,2026-01-15T06:00:00Z,5187375.00,0.00,1768447800,expected_expiration-150m,1768447800,0.37,0.39,0.38,0.39,111
KXNBAGAME-26JAN14NYKSAC-NYK,KXNBAGAME-26JAN14NYKSAC,KXNBAGAME,game_winner,New York at Sacramento Winner?,New York,New York,no,0,finalized,2026-01-12T19:06:00Z,2026-01-15T05:51:22.249664Z,2026-01-15T06:00:00Z,4123805.00,0.00,1768447800,expected_expiration-150m,1768447800,0.62,0.63,0.625,0.63,111
KXNBAGAME-26JAN15MILSAS-SAS,KXNBAGAME-26JAN15MILSAS,KXNBAGAME,game_winner,Milwaukee at San Antonio Winner?,San Antonio,San Antonio,yes,1,finalized,2026-01-13T16:06:00Z,2026-01-16T03:33:27.235539Z,2026-01-16T04:00:00Z,1394959.00,0.00,1768527000,expected_expiration-150m,1768527000,0.63,0.64,0.635,0.64,111
KXNBAGAME-26JAN15OKCHOU-HOU,KXNBAGAME-26JAN15OKCHOU,KXNBAGAME,game_winner,Oklahoma City at Houston Winner?,Houston,Houston,no,0,finalized,2026-01-13T16:06:00Z,2026-01-16T03:07:32.283368Z,2026-01-16T03:30:00Z,3685701.00,0.00,1768525200,expected_expiration-150m,1768525200,0.35,0.36,0.355,0.36,111
KXNBAGAME-26JAN14WASLAC-WAS,KXNBAGAME-26JAN14WASLAC,KXNBAGAME,game_winner,Washington at Los Angeles C Winner?,Washington,Washington,no,0,finalized,2026-01-12T19:06:00Z,2026-01-15T06:11:25.531842Z,2026-01-15T06:30:00Z,3396950.00,0.00,1768449600,expected_expiration-150m,1768449600,0.11,0.12,0.11499999999999999,0.12,111
KXNBAGAME-26JAN14WASLAC-LAC,KXNBAGAME-26JAN14WASLAC,KXNBAGAME,game_winner,Washington at Los Angeles C Winner?,Los Angeles C,Los Angeles C,yes,1,finalized,2026-01-12T19:06:00Z,2026-01-15T06:11:25.531842Z,2026-01-15T06:30:00Z,1202260.00,0.00,1768449600,expected_expiration-150m,1768449600,0.88,0.9,0.89,0.9,111
KXNBAGAME-26JAN14DENDAL-DEN,KXNBAGAME-26JAN14DENDAL,KXNBAGAME,game_winner,Denver at Dallas Winner?,Denver,Denver,yes,1,finalized,2026-01-12T19:06:00Z,2026-01-15T05:13:27.438687Z,2026-01-15T05:30:00Z,4900762.00,0.00,1768446000,expected_expiration-150m,1768446000,0.53,0.55,0.54,0.54,111
KXNBAGAME-26JAN15MEMORL-MEM,KXNBAGAME-26JAN15MEMORL,KXNBAGAME,game_winner,Memphis at Orlando Winner?,Memphis,Memphis,no,0,finalized,2026-01-13T10:06:00Z,2026-01-15T21:51:32.54269Z,2026-01-15T22:00:00Z,4601085.00,0.00,1768505400,expected_expiration-150m,1768505400,0.47,0.48,0.475,0.48,111
KXNBAGAME-26JAN15MEMORL-ORL,KXNBAGAME-26JAN15MEMORL,KXNBAGAME,game_winner,Memphis at Orlando Winner?,Orlando,Orlando,yes,1,finalized,2026-01-13T10:06:00Z,2026-01-15T21:51:32.54269Z,2026-01-15T22:00:00Z,6539188.00,0.00,1768505400,expected_expiration-150m,1768505400,0.54,0.55,0.545,0.55,111
KXNBAGAME-26JAN14BKNNOP-BKN,KXNBAGAME-26JAN14BKNNOP,KXNBAGAME,game_winner,Brooklyn at New Orleans Winner?,Brooklyn,Brooklyn,no,0,finalized,2026-01-12T16:06:00Z,2026-01-15T03:39:43.774494Z,2026-01-15T04:00:00Z,2510452.00,0.00,1768440600,expected_expiration-150m,1768440600,0.53,0.55,0.54,0.55,111
KXNBAGAME-26JAN14DENDAL-DAL,KXNBAGAME-26JAN14DENDAL,KXNBAGAME,game_winner,Denver at Dallas Winner?,Dallas,Dallas,no,0,finalized,2026-01-12T19:06:00Z,2026-01-15T05:13:27.438687Z,2026-01-15T05:30:00Z,4495343.00,0.00,1768446000,expected_expiration-150m,1768446000,0.46,0.47,0.46499999999999997,0.47,111
KXNBAGAME-26JAN14BKNNOP-NOP,KXNBAGAME-26JAN14BKNNOP,KXNBAGAME,game_winner,Brooklyn at New Orleans Winner?,New Orleans,New Orleans,yes,1,finalized,2026-01-12T16:06:00Z,2026-01-15T03:39:43.774494Z,2026-01-15T04:00:00Z,2837593.00,0.00,1768440600,expected_expiration-150m,1768440600,0.45,0.47,0.45999999999999996,0.47,111
KXNBAGAME-26JAN14CLEPHI-PHI,KXNBAGAME-26JAN14CLEPHI,KXNBAGAME,game_winner,Cleveland at Philadelphia Winner?,Philadelphia,Philadelphia,no,0,finalized,2026-01-12T16:06:00Z,2026-01-15T02:39:52.513649Z,2026-01-15T03:00:00Z,4136478.00,0.00,1768437000,expected_expiration-150m,1768437000,0.23,0.24,0.235,0.24,111
KXNBAGAME-26JAN14TORIND-IND,KXNBAGAME-26JAN14TORIND,KXNBAGAME,game_winner,Toronto at Indiana Winner?,Indiana,Indiana,no,0,finalized,2026-01-12T16:06:00Z,2026-01-15T02:37:34.699032Z,2026-01-15T03:00:00Z,2754665.00,0.00,1768437000,expected_expiration-150m,1768437000,0.29,0.3,0.295,0.3,111
KXNBAGAME-26JAN14TORIND-TOR,KXNBAGAME-26JAN14TORIND,KXNBAGAME,game_winner,Toronto at Indiana Winner?,Toronto,Toronto,yes,1,finalized,2026-01-12T16:06:00Z,2026-01-15T02:37:34.699032Z,2026-01-15T03:00:00Z,4801502.00,0.00,1768437000,expected_expiration-150m,1768437000,0.7,0.72,0.71,0.72,111
KXNBAGAME-26JAN14CLEPHI-CLE,KXNBAGAME-26JAN14CLEPHI,KXNBAGAME,game_winner,Cleveland at Philadelphia Winner?,Cleveland,Cleveland,yes,1,finalized,2026-01-12T16:06:00Z,2026-01-15T02:39:52.513649Z,2026-01-15T03:00:00Z,1951961.00,0.00,1768437000,expected_expiration-150m,1768437000,0.77,0.78,0.775,0.78,111
KXNBAGAME-26JAN13ATLLAL-LAL,KXNBAGAME-26JAN13ATLLAL,KXNBAGAME,game_winner,Atlanta at Los Angeles L Winner?,Los Angeles L,Los Angeles L,yes,1,finalized,2026-01-11T19:06:00Z,2026-01-14T05:57:21.602989Z,2026-01-14T06:30:00Z,5359338.00,0.00,1768363200,expected_expiration-150m,1768363200,0.62,0.63,0.625,0.63,111
KXNBAGAME-26JAN14UTACHI-UTA,KXNBAGAME-26JAN14UTACHI,KXNBAGAME,game_winner,Utah at Chicago Winner?,Utah,Utah,no,0,finalized,2026-01-12T16:06:00Z,2026-01-15T03:41:23.645806Z,2026-01-15T04:00:00Z,4084894.00,0.00,1768440600,expected_expiration-150m,1768440600,0.34,0.36,0.35,0.36,111
KXNBAGAME-26JAN13MINMIL-MIN,KXNBAGAME-26JAN13MINMIL,KXNBAGAME,game_winner,Minnesota at Milwaukee Winner?,Minnesota,Minnesota,yes,1,finalized,2026-01-11T16:06:00Z,2026-01-14T03:41:25.51912Z,2026-01-14T04:00:00Z,856394.00,0.00,1768354200,expected_expiration-150m,1768354200,0.58,0.59,0.585,0.59,111
KXNBAGAME-26JAN13MINMIL-MIL,KXNBAGAME-26JAN13MINMIL,KXNBAGAME,game_winner,Minnesota at Milwaukee Winner?,Milwaukee,Milwaukee,no,0,finalized,2026-01-11T16:06:00Z,2026-01-14T03:41:25.51912Z,2026-01-14T04:00:00Z,1398883.00,0.00,1768354200,expected_expiration-150m,1768354200,0.42,0.43,0.425,0.43,111
KXNBAGAME-26JAN13CHIHOU-HOU,KXNBAGAME-26JAN13CHIHOU,KXNBAGAME,game_winner,Chicago at Houston Winner?,Houston,Houston,yes,1,finalized,2026-01-11T16:06:00Z,2026-01-14T03:35:39.992195Z,2026-01-14T04:00:00Z,1547600.00,0.00,1768354200,expected_expiration-150m,1768354200,0.86,0.87,0.865,0.85,111
KXNBAGAME-26JAN16WASSAC-SAC,KXNBAGAME-26JAN16WASSAC,KXNBAGAME,game_winner,Washington at Sacramento Winner?,Sacramento,Sacramento,yes,1,finalized,2026-01-14T19:06:00Z,2026-01-17T05:55:24.948223Z,2026-01-17T06:00:00Z,2377067.00,0.00,1768620600,expected_expiration-150m,1768620600,0.77,0.78,0.775,0.78,111
KXNBAGAME-26JAN13CHIHOU-CHI,KXNBAGAME-26JAN13CHIHOU,KXNBAGAME,game_winner,Chicago at Houston Winner?,Chicago,Chicago,no,0,finalized,2026-01-11T16:06:00Z,2026-01-14T03:35:39.992195Z,2026-01-14T04:00:00Z,4421701.00,0.00,1768354200,expected_expiration-150m,1768354200,0.13,0.14,0.135,0.14,111
KXNBAGAME-26JAN13PHXMIA-PHX,KXNBAGAME-26JAN13PHXMIA,KXNBAGAME,game_winner,Phoenix at Miami Winner?,Phoenix,Phoenix,no,0,finalized,2026-01-11T16:06:00Z,2026-01-14T03:21:34.95832Z,2026-01-14T03:30:00Z,5180828.00,0.00,1768352400,expected_expiration-150m,1768352400,0.31,0.32,0.315,0.32,111
KXNBAGAME-26JAN13PHXMIA-MIA,KXNBAGAME-26JAN13PHXMIA,KXNBAGAME,game_winner,Phoenix at Miami Winner?,Miami,Miami,yes,1,finalized,2026-01-11T16:06:00Z,2026-01-14T03:21:34.95832Z,2026-01-14T03:30:00Z,3418855.00,0.00,1768352400,expected_expiration-150m,1768352400,0.68,0.7,0.69,0.7,111
KXNBAGAME-26JAN13DENNOP-NOP,KXNBAGAME-26JAN13DENNOP,KXNBAGAME,game_winner,Denver at New Orleans Winner?,New Orleans,New Orleans,no,0,finalized,2026-01-11T16:06:00Z,2026-01-14T03:55:26.512166Z,2026-01-14T04:00:00Z,2255154.00,0.00,1768354200,expected_expiration-150m,1768354200,0.43,0.44,0.435,0.44,111
KXNBAGAME-26JAN13DENNOP-DEN,KXNBAGAME-26JAN13DENNOP,KXNBAGAME,game_winner,Denver at New Orleans Winner?,Denver,Denver,yes,1,finalized,2026-01-11T16:06:00Z,2026-01-14T03:55:26.512166Z,2026-01-14T04:00:00Z,3440061.00,0.00,1768354200,expected_expiration-150m,1768354200,0.56,0.58,0.5700000000000001,0.58,111
KXNBAGAME-26JAN13ATLLAL-ATL,KXNBAGAME-26JAN13ATLLAL,KXNBAGAME,game_winner,Atlanta at Los Angeles L Winner?,Atlanta,Atlanta,no,0,finalized,2026-01-11T19:06:00Z,2026-01-14T05:57:21.602989Z,2026-01-14T06:30:00Z,3744329.00,0.00,1768363200,expected_expiration-150m,1768363200,0.37,0.38,0.375,0.38,111
KXNBAGAME-26JAN12CHALAC-LAC,KXNBAGAME-26JAN12CHALAC,KXNBAGAME,game_winner,Charlotte at Los Angeles C Winner?,Los Angeles C,Los Angeles C,yes,1,finalized,2026-01-10T19:06:00Z,2026-01-13T05:53:27.75636Z,2026-01-13T06:30:00Z,3562471.00,0.00,1768276800,expected_expiration-150m,1768276800,0.56,0.58,0.5700000000000001,0.58,111
KXNBAGAME-26JAN13SASOKC-SAS,KXNBAGAME-26JAN13SASOKC,KXNBAGAME,game_winner,San Antonio at Oklahoma City Winner?,San Antonio,San Antonio,no,0,finalized,2026-01-11T16:06:00Z,2026-01-14T03:47:25.174778Z,2026-01-14T04:00:00Z,8107551.00,0.00,1768354200,expected_expiration-150m,1768354200,0.32,0.34,0.33,0.33,111
KXNBAGAME-26JAN12CHALAC-CHA,KXNBAGAME-26JAN12CHALAC,KXNBAGAME,game_winner,Charlotte at Los Angeles C Winner?,Charlotte,Charlotte,no,0,finalized,2026-01-10T19:06:00Z,2026-01-13T05:53:27.75636Z,2026-01-13T06:30:00Z,5666320.00,0.00,1768276800,expected_expiration-150m,1768276800,0.42,0.43,0.425,0.43,111
KXNBAGAME-26JAN12LALSAC-SAC,KXNBAGAME-26JAN12LALSAC,KXNBAGAME,game_winner,Los Angeles L at Sacramento Winner?,Sacramento,Sacramento,yes,1,finalized,2026-01-10T19:06:00Z,2026-01-13T05:35:21.005882Z,2026-01-13T06:00:00Z,6650194.00,0.00,1768275000,expected_expiration-150m,1768275000,0.22,0.23,0.225,0.23,111
KXNBAGAME-26JAN12BKNDAL-DAL,KXNBAGAME-26JAN12BKNDAL,KXNBAGAME,game_winner,Brooklyn at Dallas Winner?,Dallas,Dallas,yes,1,finalized,2026-01-10T19:06:00Z,2026-01-13T04:01:24.453949Z,2026-01-13T04:30:00Z,2123119.00,0.00,1768269600,expected_expiration-150m,1768269600,0.7,0.71,0.705,0.73,111
KXNBAGAME-26JAN12LALSAC-LAL,KXNBAGAME-26JAN12LALSAC,KXNBAGAME,game_winner,Los Angeles L at Sacramento Winner?,Los Angeles L,Los Angeles L,no,0,finalized,2026-01-10T19:06:00Z,2026-01-13T05:35:21.005882Z,2026-01-13T06:00:00Z,7215808.00,0.00,1768275000,expected_expiration-150m,1768275000,0.77,0.78,0.775,0.78,111
KXNBAGAME-26JAN12BOSIND-IND,KXNBAGAME-26JAN12BOSIND,KXNBAGAME,game_winner,Boston at Indiana Winner?,Indiana,Indiana,yes,1,finalized,2026-01-10T16:06:00Z,2026-01-13T02:55:31.164094Z,2026-01-13T03:30:00Z,2830165.00,0.00,1768266000,expected_expiration-150m,1768266000,0.31,0.32,0.315,0.32,111
KXNBAGAME-26JAN12BKNDAL-BKN,KXNBAGAME-26JAN12BKNDAL,KXNBAGAME,game_winner,Brooklyn at Dallas Winner?,Brooklyn,Brooklyn,no,0,finalized,2026-01-10T19:06:00Z,2026-01-13T04:01:24.453949Z,2026-01-13T04:30:00Z,2903564.00,0.00,1768269600,expected_expiration-150m,1768269600,0.29,0.3,0.295,0.29,111
KXNBAGAME-26JAN12BOSIND-BOS,KXNBAGAME-26JAN12BOSIND,KXNBAGAME,game_winner,Boston at Indiana Winner?,Boston,Boston,no,0,finalized,2026-01-10T16:06:00Z,2026-01-13T02:55:31.164094Z,2026-01-13T03:30:00Z,5113948.00,0.00,1768266000,expected_expiration-150m,1768266000,0.68,0.69,0.685,0.69,111
KXNBAGAME-26JAN12PHITOR-TOR,KXNBAGAME-26JAN12PHITOR,KXNBAGAME,game_winner,Philadelphia at Toronto Winner?,Toronto,Toronto,no,0,finalized,2026-01-10T16:06:00Z,2026-01-13T03:05:21.98055Z,2026-01-13T03:30:00Z,2166923.00,0.00,1768266000,expected_expiration-150m,1768266000,0.3,0.31,0.305,0.31,111
KXNBAGAME-26JAN12UTACLE-UTA,KXNBAGAME-26JAN12UTACLE,KXNBAGAME,game_winner,Utah at Cleveland Winner?,Utah,Utah,yes,1,finalized,2026-01-10T16:06:00Z,2026-01-13T02:29:53.772131Z,2026-01-13T03:00:00Z,7656404.00,0.00,1768264200,expected_expiration-150m,1768264200,0.37,0.38,0.375,0.37,111
KXNBAGAME-26JAN20SASHOU-SAS,KXNBAGAME-26JAN20SASHOU,KXNBAGAME,game_winner,San Antonio at Houston Winner?,San Antonio,San Antonio,no,0,finalized,2026-01-18T16:06:00Z,2026-01-21T04:03:30.135573Z,2026-01-21T04:00:00Z,6586627.00,0.00,1768959000,expected_expiration-150m,,,,,,0
KXNBAGAME-26JAN11ATLGSW-GSW,KXNBAGAME-26JAN11ATLGSW,KXNBAGAME,game_winner,Atlanta at Golden State Winner?,Golden State,Golden State,no,0,finalized,2026-01-09T19:06:00Z,2026-01-12T04:23:24.969322Z,2026-01-12T04:30:00Z,2931538.00,0.00,1768183200,expected_expiration-150m,1768183200,0.63,0.65,0.64,0.65,111
KXNBAGAME-26JAN13PORGSW-GSW,KXNBAGAME-26JAN13PORGSW,KXNBAGAME,game_winner,Portland at Golden State Winner?,Golden State,Golden State,yes,1,finalized,2026-01-11T19:06:00Z,2026-01-14T06:45:24.361864Z,2026-01-14T07:00:00Z,981947.00,0.00,1768365000,expected_expiration-150m,1768365000,0.89,0.91,0.9,0.91,111
KXNBAGAME-26JAN11HOUSAC-SAC,KXNBAGAME-26JAN11HOUSAC,KXNBAGAME,game_winner,Houston at Sacramento Winner?,Sacramento,Sacramento,yes,1,finalized,2026-01-09T19:06:00Z,2026-01-12T05:09:33.283024Z,2026-01-12T05:00:00Z,5088569.00,0.00,1768185000,expected_expiration-150m,1768185000,0.18,0.19,0.185,0.19,111
KXNBAGAME-26JAN11HOUSAC-HOU,KXNBAGAME-26JAN11HOUSAC,KXNBAGAME,game_winner,Houston at Sacramento Winner?,Houston,Houston,no,0,finalized,2026-01-09T19:06:00Z,2026-01-12T05:09:33.283024Z,2026-01-12T05:00:00Z,4767923.00,0.00,1768185000,expected_expiration-150m,1768185000,0.81,0.83,0.8200000000000001,0.83,111
KXNBAGAME-26JAN11MIAOKC-OKC,KXNBAGAME-26JAN11MIAOKC,KXNBAGAME,game_winner,Miami at Oklahoma City Winner?,Oklahoma City,Oklahoma City,yes,1,finalized,2026-01-09T16:06:00Z,2026-01-12T02:37:32.692517Z,2026-01-12T03:00:00Z,1012065.00,0.00,1768177800,expected_expiration-150m,1768177800,0.79,0.81,0.8,0.81,111
KXNBAGAME-26JAN11ATLGSW-ATL,KXNBAGAME-26JAN11ATLGSW,KXNBAGAME,game_winner,Atlanta at Golden State Winner?,Atlanta,Atlanta,yes,1,finalized,2026-01-09T19:06:00Z,2026-01-12T04:23:24.969322Z,2026-01-12T04:30:00Z,1575540.00,0.00,1768183200,expected_expiration-150m,1768183200,0.35,0.37,0.36,0.35,111
KXNBAGAME-26JAN11WASPHX-WAS,KXNBAGAME-26JAN11WASPHX,KXNBAGAME,game_winner,Washington at Phoenix Winner?,Washington,Washington,no,0,finalized,2026-01-09T16:06:00Z,2026-01-12T03:39:48.152059Z,2026-01-12T04:00:00Z,1166497.00,0.00,1768181400,expected_expiration-150m,1768181400,0.12,0.14,0.13,0.14,111
KXNBAGAME-26JAN11WASPHX-PHX,KXNBAGAME-26JAN11WASPHX,KXNBAGAME,game_winner,Washington at Phoenix Winner?,Phoenix,Phoenix,yes,1,finalized,2026-01-09T16:06:00Z,2026-01-12T03:39:48.152059Z,2026-01-12T04:00:00Z,408647.00,0.00,1768181400,expected_expiration-150m,1768181400,0.87,0.89,0.88,0.88,111
KXNBAGAME-26JAN11MIAOKC-MIA,KXNBAGAME-26JAN11MIAOKC,KXNBAGAME,game_winner,Miami at Oklahoma City Winner?,Miami,Miami,no,0,finalized,2026-01-09T16:06:00Z,2026-01-12T02:37:32.692517Z,2026-01-12T03:00:00Z,2975939.00,0.00,1768177800,expected_expiration-150m,1768177800,0.2,0.21,0.20500000000000002,0.21,111
KXNBAGAME-26JAN12PHITOR-PHI,KXNBAGAME-26JAN12PHITOR,KXNBAGAME,game_winner,Philadelphia at Toronto Winner?,Philadelphia,Philadelphia,yes,1,finalized,2026-01-10T16:06:00Z,2026-01-13T03:05:21.98055Z,2026-01-13T03:30:00Z,1027612.00,0.00,1768266000,expected_expiration-150m,1768266000,0.69,0.7,0.695,0.7,111
KXNBAGAME-26JAN12UTACLE-CLE,KXNBAGAME-26JAN12UTACLE,KXNBAGAME,game_winner,Utah at Cleveland Winner?,Cleveland,Cleveland,no,0,finalized,2026-01-10T16:06:00Z,2026-01-13T02:29:53.772131Z,2026-01-13T03:00:00Z,3046031.00,0.00,1768264200,expected_expiration-150m,1768264200,0.62,0.63,0.625,0.63,111
KXNBAGAME-26JAN11MILDEN-DEN,KXNBAGAME-26JAN11MILDEN,KXNBAGAME,game_winner,Milwaukee at Denver Winner?,Denver,Denver,yes,1,finalized,2026-01-09T16:06:00Z,2026-01-12T03:43:23.914228Z,2026-01-12T04:00:00Z,3334486.00,0.00,1768181400,expected_expiration-150m,1768181400,0.38,0.39,0.385,0.39,111
KXNBAGAME-26JAN11NYKPOR-POR,KXNBAGAME-26JAN11NYKPOR,KXNBAGAME,game_winner,New York at Portland Winner?,Portland,Portland,no,0,finalized,2026-01-09T16:06:00Z,2026-01-12T01:33:44.94984Z,2026-01-12T02:00:00Z,2429024.00,0.00,1768174200,expected_expiration-150m,1768174200,0.32,0.33,0.325,0.33,111
KXNBAGAME-26JAN11SASMIN-MIN,KXNBAGAME-26JAN11SASMIN,KXNBAGAME,game_winner,San Antonio at Minnesota Winner?,Minnesota,Minnesota,yes,1,finalized,2026-01-09T16:06:00Z,2026-01-12T02:39:50.814538Z,2026-01-12T03:00:00Z,3934662.00,0.00,1768177800,expected_expiration-150m,1768177800,0.42,0.44,0.43,0.44,111
KXNBAGAME-26JAN11NYKPOR-NYK,KXNBAGAME-26JAN11NYKPOR,KXNBAGAME,game_winner,New York at Portland Winner?,New York,New York,yes,1,finalized,2026-01-09T16:06:00Z,2026-01-12T01:33:44.94984Z,2026-01-12T02:00:00Z,1281865.00,0.00,1768174200,expected_expiration-150m,1768174200,0.67,0.68,0.675,0.68,111
KXNBAGAME-26JAN11PHITOR-PHI,KXNBAGAME-26JAN11PHITOR,KXNBAGAME,game_winner,Philadelphia at Toronto Winner?,Philadelphia,Philadelphia,no,0,finalized,2026-01-09T16:06:00Z,2026-01-12T02:27:35.087598Z,2026-01-12T02:00:00Z,3460439.00,0.00,1768174200,expected_expiration-150m,1768174200,0.4,0.42,0.41000000000000003,0.42,111
KXNBAGAME-26JAN11BKNMEM-MEM,KXNBAGAME-26JAN11BKNMEM,KXNBAGAME,game_winner,Brooklyn at Memphis Winner?,Memphis,Memphis,yes,1,finalized,2026-01-09T13:06:00Z,2026-01-11T23:09:53.209182Z,2026-01-11T23:30:00Z,2006841.00,0.00,1768165200,expected_expiration-150m,1768165200,0.89,0.9,0.895,0.89,111
KXNBAGAME-26JAN11PHITOR-TOR,KXNBAGAME-26JAN11PHITOR,KXNBAGAME,game_winner,Philadelphia at Toronto Winner?,Toronto,Toronto,yes,1,finalized,2026-01-09T16:06:00Z,2026-01-12T02:27:35.087598Z,2026-01-12T02:00:00Z,3400230.00,0.00,1768174200,expected_expiration-150m,1768174200,0.58,0.59,0.585,0.6,111
KXNBAGAME-26JAN11BKNMEM-BKN,KXNBAGAME-26JAN11BKNMEM,KXNBAGAME,game_winner,Brooklyn at Memphis Winner?,Brooklyn,Brooklyn,no,0,finalized,2026-01-09T13:06:00Z,2026-01-11T23:09:53.209182Z,2026-01-11T23:30:00Z,2575247.00,0.00,1768165200,expected_expiration-150m,1768165200,0.11,0.12,0.11499999999999999,0.12,111
KXNBAGAME-26JAN11NOPORL-NOP,KXNBAGAME-26JAN11NOPORL,KXNBAGAME,game_winner,New Orleans at Orlando Winner?,New Orleans,New Orleans,no,0,finalized,2026-01-09T13:06:00Z,2026-01-11T22:43:48.769748Z,2026-01-11T23:00:00Z,2702723.00,0.00,1768163400,expected_expiration-150m,1768163400,0.24,0.25,0.245,0.25,111
KXNBAGAME-26JAN10CHAUTA-UTA,KXNBAGAME-26JAN10CHAUTA,KXNBAGAME,game_winner,Charlotte at Utah Winner?,Utah,Utah,no,0,finalized,2026-01-08T19:06:00Z,2026-01-11T04:59:52.949276Z,2026-01-11T05:30:00Z,1600057.00,0.00,1768100400,expected_expiration-150m,1768100400,0.03,0.04,0.035,0.04,111
KXNBAGAME-26JAN11MILDEN-MIL,KXNBAGAME-26JAN11MILDEN,KXNBAGAME,game_winner,Milwaukee at Denver Winner?,Milwaukee,Milwaukee,no,0,finalized,2026-01-09T16:06:00Z,2026-01-12T03:43:23.914228Z,2026-01-12T04:00:00Z,3017985.00,0.00,1768181400,expected_expiration-150m,1768181400,0.64,0.65,0.645,0.65,111
KXNBAGAME-26JAN10LACDET-LAC,KXNBAGAME-26JAN10LACDET,KXNBAGAME,game_winner,Los Angeles C at Detroit Winner?,Los Angeles C,Los Angeles C,yes,1,finalized,2026-01-08T16:07:00Z,2026-01-11T03:39:43.590855Z,2026-01-11T03:30:00Z,3325265.00,0.00,1768093200,expected_expiration-150m,1768093200,0.31,0.32,0.315,0.32,111
KXNBAGAME-26JAN10CHAUTA-CHA,KXNBAGAME-26JAN10CHAUTA,KXNBAGAME,game_winner,Charlotte at Utah Winner?,Charlotte,Charlotte,yes,1,finalized,2026-01-08T19:06:00Z,2026-01-11T04:59:52.949276Z,2026-01-11T05:30:00Z,359110.00,0.00,1768100400,expected_expiration-150m,1768100400,0.96,0.97,0.965,0.96,111
KXNBAGAME-26JAN10SASBOS-SAS,KXNBAGAME-26JAN10SASBOS,KXNBAGAME,game_winner,San Antonio at Boston Winner?,San Antonio,San Antonio,yes,1,finalized,2026-01-08T16:06:00Z,2026-01-11T03:31:23.035506Z,2026-01-11T04:00:00Z,3159746.00,0.00,1768095000,expected_expiration-150m,1768095000,0.44,0.46,0.45,0.46,111
KXNBAGAME-26JAN10SASBOS-BOS,KXNBAGAME-26JAN10SASBOS,KXNBAGAME,game_winner,San Antonio at Boston Winner?,Boston,Boston,no,0,finalized,2026-01-08T16:06:00Z,2026-01-11T03:31:23.035506Z,2026-01-11T04:00:00Z,2227193.00,0.00,1768095000,expected_expiration-150m,1768095000,0.54,0.56,0.55,0.54,111
KXNBAGAME-26JAN10DALCHI-DAL,KXNBAGAME-26JAN10DALCHI,KXNBAGAME,game_winner,Dallas at Chicago Winner?,Dallas,Dallas,no,0,finalized,2026-01-08T16:06:00Z,2026-01-11T03:29:44.015097Z,2026-01-11T04:00:00Z,1036885.00,0.00,1768095000,expected_expiration-150m,1768095000,0.27,0.29,0.28,0.28,111
KXNBAGAME-26JAN10DALCHI-CHI,KXNBAGAME-26JAN10DALCHI,KXNBAGAME,game_winner,Dallas at Chicago Winner?,Chicago,Chicago,yes,1,finalized,2026-01-08T16:06:00Z,2026-01-11T03:29:44.015097Z,2026-01-11T04:00:00Z,494484.00,0.00,1768095000,expected_expiration-150m,1768095000,0.71,0.73,0.72,0.72,110
KXNBAGAME-26JAN13PORGSW-POR,KXNBAGAME-26JAN13PORGSW,KXNBAGAME,game_winner,Portland at Golden State Winner?,Portland,Portland,no,0,finalized,2026-01-11T19:06:00Z,2026-01-14T06:45:24.361864Z,2026-01-14T07:00:00Z,4802610.00,0.00,1768365000,expected_expiration-150m,1768365000,0.1,0.11,0.10500000000000001,0.11,111
KXNBAGAME-26JAN11NOPORL-ORL,KXNBAGAME-26JAN11NOPORL,KXNBAGAME,game_winner,New Orleans at Orlando Winner?,Orlando,Orlando,yes,1,finalized,2026-01-09T13:06:00Z,2026-01-11T22:43:48.769748Z,2026-01-11T23:00:00Z,3642249.00,0.00,1768163400,expected_expiration-150m,1768163400,0.76,0.77,0.765,0.77,111
KXNBAGAME-26JAN10MIAIND-IND,KXNBAGAME-26JAN10MIAIND,KXNBAGAME,game_winner,Miami at Indiana Winner?,Indiana,Indiana,yes,1,finalized,2026-01-08T16:06:00Z,2026-01-11T02:33:26.472279Z,2026-01-11T03:00:00Z,1689846.00,0.00,1768091400,expected_expiration-150m,1768091400,0.59,0.6,0.595,0.6,111
KXNBAGAME-26JAN10MINCLE-MIN,KXNBAGAME-26JAN10MINCLE,KXNBAGAME,game_winner,Minnesota at Cleveland Winner?,Minnesota,Minnesota,no,0,finalized,2026-01-08T10:06:00Z,2026-01-10T20:43:33.823501Z,2026-01-10T21:00:00Z,3763896.00,0.00,1768069800,expected_expiration-150m,1768069800,0.48,0.5,0.49,0.5,111
KXNBAGAME-26JAN11SASMIN-SAS,KXNBAGAME-26JAN11SASMIN,KXNBAGAME,game_winner,San Antonio at Minnesota Winner?,San Antonio,San Antonio,no,0,finalized,2026-01-09T16:06:00Z,2026-01-12T02:39:50.814538Z,2026-01-12T03:00:00Z,2908414.00,0.00,1768177800,expected_expiration-150m,1768177800,0.57,0.58,0.575,0.57,111
KXNBAGAME-26JAN10LACDET-DET,KXNBAGAME-26JAN10LACDET,KXNBAGAME,game_winner,Los Angeles C at Detroit Winner?,Detroit,Detroit,no,0,finalized,2026-01-08T16:07:00Z,2026-01-11T03:39:43.590855Z,2026-01-11T03:30:00Z,3166616.00,0.00,1768093200,expected_expiration-150m,1768093200,0.68,0.69,0.685,0.7,111
KXNBAGAME-26JAN09MILLAL-MIL,KXNBAGAME-26JAN09MILLAL,KXNBAGAME,game_winner,Milwaukee at Los Angeles L Winner?,Milwaukee,Milwaukee,yes,1,finalized,2026-01-07T19:06:00Z,2026-01-10T06:00:00.053281Z,2026-01-10T06:30:00Z,3990760.00,0.00,1768017600,expected_expiration-150m,1768017600,0.49,0.5,0.495,0.5,111
KXNBAGAME-26JAN09HOUPOR-HOU,KXNBAGAME-26JAN09HOUPOR,KXNBAGAME,game_winner,Houston at Portland Winner?,Houston,Houston,no,0,finalized,2026-01-07T19:06:00Z,2026-01-10T05:41:27.280419Z,2026-01-10T06:00:00Z,2209603.00,0.00,1768015800,expected_expiration-150m,1768015800,0.61,0.63,0.62,0.63,111
KXNBAGAME-26JAN09ATLDEN-DEN,KXNBAGAME-26JAN09ATLDEN,KXNBAGAME,game_winner,Atlanta at Denver Winner?,Denver,Denver,no,0,finalized,2026-01-07T19:06:00Z,2026-01-10T04:23:34.521946Z,2026-01-10T05:00:00Z,4608115.00,0.00,1768012200,expected_expiration-150m,1768012200,0.44,0.45,0.445,0.45,111
KXNBAGAME-26JAN10MIAIND-MIA,KXNBAGAME-26JAN10MIAIND,KXNBAGAME,game_winner,Miami at Indiana Winner?,Miami,Miami,no,0,finalized,2026-01-08T16:06:00Z,2026-01-11T02:33:26.472279Z,2026-01-11T03:00:00Z,2729047.00,0.00,1768091400,expected_expiration-150m,1768091400,0.4,0.41,0.405,0.41,111
KXNBAGAME-26JAN09MILLAL-LAL,KXNBAGAME-26JAN09MILLAL,KXNBAGAME,game_winner,Milwaukee at Los Angeles L Winner?,Los Angeles L,Los Angeles L,no,0,finalized,2026-01-07T19:06:00Z,2026-01-10T06:00:00.053281Z,2026-01-10T06:30:00Z,8087291.00,0.00,1768017600,expected_expiration-150m,1768017600,0.5,0.51,0.505,0.51,111
KXNBAGAME-26JAN09SACGSW-SAC,KXNBAGAME-26JAN09SACGSW,KXNBAGAME,game_winner,Sacramento at Golden State Winner?,Sacramento,Sacramento,no,0,finalized,2026-01-07T19:06:00Z,2026-01-10T05:39:51.150823Z,2026-01-10T06:00:00Z,4239854.00,0.00,1768015800,expected_expiration-150m,1768015800,0.12,0.13,0.125,0.13,111
KXNBAGAME-26JAN09SACGSW-GSW,KXNBAGAME-26JAN09SACGSW,KXNBAGAME,game_winner,Sacramento at Golden State Winner?,Golden State,Golden State,yes,1,finalized,2026-01-07T19:06:00Z,2026-01-10T05:39:51.150823Z,2026-01-10T06:00:00Z,1202646.00,0.00,1768015800,expected_expiration-150m,1768015800,0.87,0.88,0.875,0.88,111
KXNBAGAME-26JAN13SASOKC-OKC,KXNBAGAME-26JAN13SASOKC,KXNBAGAME,game_winner,San Antonio at Oklahoma City Winner?,Oklahoma City,Oklahoma City,yes,1,finalized,2026-01-11T16:06:00Z,2026-01-14T03:47:25.174778Z,2026-01-14T04:00:00Z,2061949.00,0.00,1768354200,expected_expiration-150m,1768354200,0.66,0.69,0.675,0.69,111
KXNBAGAME-26JAN09LACBKN-LAC,KXNBAGAME-26JAN09LACBKN,KXNBAGAME,game_winner,Los Angeles C at Brooklyn Winner?,Los Angeles C,Los Angeles C,yes,1,finalized,2026-01-07T16:06:00Z,2026-01-10T03:07:38.62855Z,2026-01-10T03:30:00Z,1210180.00,0.00,1768006800,expected_expiration-150m,1768006800,0.83,0.84,0.835,0.84,111
KXNBAGAME-26JAN09HOUPOR-POR,KXNBAGAME-26JAN09HOUPOR,KXNBAGAME,game_winner,Houston at Portland Winner?,Portland,Portland,yes,1,finalized,2026-01-07T19:06:00Z,2026-01-10T05:41:27.280419Z,2026-01-10T06:00:00Z,4753589.00,0.00,1768015800,expected_expiration-150m,1768015800,0.38,0.39,0.385,0.39,111
KXNBAGAME-26JAN09NYKPHX-PHX,KXNBAGAME-26JAN09NYKPHX,KXNBAGAME,game_winner,New York at Phoenix Winner?,Phoenix,Phoenix,yes,1,finalized,2026-01-07T19:06:00Z,2026-01-10T04:45:30.296751Z,2026-01-10T05:00:00Z,3844119.00,0.00,1768012200,expected_expiration-150m,1768012200,0.58,0.59,0.585,0.59,111
KXNBAGAME-26JAN09OKCMEM-MEM,KXNBAGAME-26JAN09OKCMEM,KXNBAGAME,game_winner,Oklahoma City at Memphis Winner?,Memphis,Memphis,no,0,finalized,2026-01-07T16:06:00Z,2026-01-10T03:43:36.230784Z,2026-01-10T04:00:00Z,3740662.00,0.00,1768008600,expected_expiration-150m,1768008600,0.43,0.44,0.435,0.44,111
KXNBAGAME-26JAN09LACBKN-BKN,KXNBAGAME-26JAN09LACBKN,KXNBAGAME,game_winner,Los Angeles C at Brooklyn Winner?,Brooklyn,Brooklyn,no,0,finalized,2026-01-07T16:06:00Z,2026-01-10T03:07:38.62855Z,2026-01-10T03:30:00Z,1484569.00,0.00,1768006800,expected_expiration-150m,1768006800,0.16,0.17,0.165,0.17,111
KXNBAGAME-26JAN09PHIORL-ORL,KXNBAGAME-26JAN09PHIORL,KXNBAGAME,game_winner,Philadelphia at Orlando Winner?,Orlando,Orlando,no,0,finalized,2026-01-07T16:06:00Z,2026-01-10T02:43:42.358721Z,2026-01-10T03:00:00Z,2049470.00,0.00,1768005000,expected_expiration-150m,1768005000,0.45,0.46,0.455,0.46,111
KXNBAGAME-26JAN09ATLDEN-ATL,KXNBAGAME-26JAN09ATLDEN,KXNBAGAME,game_winner,Atlanta at Denver Winner?,Atlanta,Atlanta,yes,1,finalized,2026-01-07T19:06:00Z,2026-01-10T04:23:34.521946Z,2026-01-10T05:00:00Z,1903616.00,0.00,1768012200,expected_expiration-150m,1768012200,0.55,0.57,0.56,0.57,111
KXNBAGAME-26JAN09PHIORL-PHI,KXNBAGAME-26JAN09PHIORL,KXNBAGAME,game_winner,Philadelphia at Orlando Winner?,Philadelphia,Philadelphia,yes,1,finalized,2026-01-07T16:06:00Z,2026-01-10T02:43:42.358721Z,2026-01-10T03:00:00Z,1915594.00,0.00,1768005000,expected_expiration-150m,1768005000,0.54,0.55,0.545,0.55,111
KXNBAGAME-26JAN09TORBOS-TOR,KXNBAGAME-26JAN09TORBOS,KXNBAGAME,game_winner,Toronto at Boston Winner?,Toronto,Toronto,no,0,finalized,2026-01-07T16:06:00Z,2026-01-10T02:40:14.536914Z,2026-01-10T03:00:00Z,5093499.00,0.00,1768005000,expected_expiration-150m,1768005000,0.13,0.15,0.14,0.15,111
KXNBAGAME-26JAN09TORBOS-BOS,KXNBAGAME-26JAN09TORBOS,KXNBAGAME,game_winner,Toronto at Boston Winner?,Boston,Boston,yes,1,finalized,2026-01-07T16:06:00Z,2026-01-10T02:40:14.536914Z,2026-01-10T03:00:00Z,1630053.00,0.00,1768005000,expected_expiration-150m,1768005000,0.85,0.87,0.86,0.87,111
KXNBAGAME-26JAN09NOPWAS-WAS,KXNBAGAME-26JAN09NOPWAS,KXNBAGAME,game_winner,New Orleans at Washington Winner?,Washington,Washington,no,0,finalized,2026-01-07T16:06:00Z,2026-01-10T02:40:14.609821Z,2026-01-10T03:00:00Z,1373980.00,0.00,1768005000,expected_expiration-150m,1768005000,0.33,0.35,0.33999999999999997,0.35,111
KXNBAGAME-26JAN09OKCMEM-OKC,KXNBAGAME-26JAN09OKCMEM,KXNBAGAME,game_winner,Oklahoma City at Memphis Winner?,Oklahoma City,Oklahoma City,yes,1,finalized,2026-01-07T16:06:00Z,2026-01-10T03:43:36.230784Z,2026-01-10T04:00:00Z,5143086.00,0.00,1768008600,expected_expiration-150m,1768008600,0.55,0.57,0.56,0.55,111
KXNBAGAME-26JAN08MIACHI-MIA,KXNBAGAME-26JAN08MIACHI,KXNBAGAME,game_winner,Miami at Chicago Winner?,Miami,Miami,scalar,,finalized,2026-01-06T16:06:00Z,2026-01-14T03:38:24.841Z,2026-01-09T04:00:00Z,563825.00,0.00,1767922200,expected_expiration-150m,1767922200,0.68,0.7,0.69,0.7,111
KXNBAGAME-26JAN08DALUTA-UTA,KXNBAGAME-26JAN08DALUTA,KXNBAGAME,game_winner,Dallas at Utah Winner?,Utah,Utah,yes,1,finalized,2026-01-06T19:06:00Z,2026-01-09T04:25:21.170631Z,2026-01-09T05:00:00Z,4870259.00,0.00,1767925800,expected_expiration-150m,1767925800,0.51,0.54,0.525,0.52,111
KXNBAGAME-26JAN08MIACHI-CHI,KXNBAGAME-26JAN08MIACHI,KXNBAGAME,game_winner,Miami at Chicago Winner?,Chicago,Chicago,scalar,,finalized,2026-01-06T16:06:00Z,2026-01-14T03:38:24.841Z,2026-01-09T04:00:00Z,821947.00,0.00,1767922200,expected_expiration-150m,1767922200,0.31,0.32,0.315,0.32,111
KXNBAGAME-26JAN08CLEMIN-CLE,KXNBAGAME-26JAN08CLEMIN,KXNBAGAME,game_winner,Cleveland at Minnesota Winner?,Cleveland,Cleveland,no,0,finalized,2026-01-06T16:06:00Z,2026-01-09T03:45:28.294383Z,2026-01-09T04:00:00Z,3453251.00,0.00,1767922200,expected_expiration-150m,1767922200,0.38,0.4,0.39,0.4,111
KXNBAGAME-26JAN09NOPWAS-NOP,KXNBAGAME-26JAN09NOPWAS,KXNBAGAME,game_winner,New Orleans at Washington Winner?,New Orleans,New Orleans,yes,1,finalized,2026-01-07T16:06:00Z,2026-01-10T02:40:14.609821Z,2026-01-10T03:00:00Z,891524.00,0.00,1768005000,expected_expiration-150m,1768005000,0.66,0.67,0.665,0.67,111
KXNBAGAME-26JAN08INDCHA-CHA,KXNBAGAME-26JAN08INDCHA,KXNBAGAME,game_winner,Indiana at Charlotte Winner?,Charlotte,Charlotte,no,0,finalized,2026-01-06T16:06:00Z,2026-01-09T02:45:44.600553Z,2026-01-09T03:00:00Z,5728324.00,0.00,1767918600,expected_expiration-150m,1767918600,0.5,0.51,0.505,0.51,111
KXNBAGAME-26JAN08CLEMIN-MIN,KXNBAGAME-26JAN08CLEMIN,KXNBAGAME,game_winner,Cleveland at Minnesota Winner?,Minnesota,Minnesota,yes,1,finalized,2026-01-06T16:06:00Z,2026-01-09T03:45:28.294383Z,2026-01-09T04:00:00Z,3071960.00,0.00,1767922200,expected_expiration-150m,1767922200,0.6,0.62,0.61,0.62,111
KXNBAGAME-26JAN07LALSAS-SAS,KXNBAGAME-26JAN07LALSAS,KXNBAGAME,game_winner,Los Angeles L at San Antonio Winner?,San Antonio,San Antonio,yes,1,finalized,2026-01-05T19:06:00Z,2026-01-08T05:15:52.109972Z,2026-01-08T05:30:00Z,2941647.00,0.00,1767841200,expected_expiration-150m,1767841200,0.74,0.75,0.745,0.75,111
KXNBAGAME-26JAN15BOSMIA-MIA,KXNBAGAME-26JAN15BOSMIA,KXNBAGAME,game_winner,Boston at Miami Winner?,Miami,Miami,no,0,finalized,2026-01-13T16:06:00Z,2026-01-16T03:13:33.476011Z,2026-01-16T03:30:00Z,3049941.00,0.00,1768525200,expected_expiration-150m,,,,,,0
KXNBAGAME-26JAN08DALUTA-DAL,KXNBAGAME-26JAN08DALUTA,KXNBAGAME,game_winner,Dallas at Utah Winner?,Dallas,Dallas,no,0,finalized,2026-01-06T19:06:00Z,2026-01-09T04:25:21.170631Z,2026-01-09T05:00:00Z,2969445.00,0.00,1767925800,expected_expiration-150m,1767925800,0.46,0.49,0.475,0.48,111
KXNBAGAME-26JAN07MILGSW-MIL,KXNBAGAME-26JAN07MILGSW,KXNBAGAME,game_winner,Milwaukee at Golden State Winner?,Milwaukee,Milwaukee,no,0,finalized,2026-01-05T19:06:00Z,2026-01-08T05:35:24.011955Z,2026-01-08T06:00:00Z,4240266.00,0.00,1767843000,expected_expiration-150m,1767843000,0.26,0.28,0.27,0.28,111
KXNBAGAME-26JAN07LALSAS-LAL,KXNBAGAME-26JAN07LALSAS,KXNBAGAME,game_winner,Los Angeles L at San Antonio Winner?,Los Angeles L,Los Angeles L,no,0,finalized,2026-01-05T19:06:00Z,2026-01-08T05:15:52.109972Z,2026-01-08T05:30:00Z,8895569.00,0.00,1767841200,expected_expiration-150m,1767841200,0.25,0.26,0.255,0.26,111
KXNBAGAME-26JAN07NOPATL-NOP,KXNBAGAME-26JAN07NOPATL,KXNBAGAME,game_winner,New Orleans at Atlanta Winner?,New Orleans,New Orleans,no,0,finalized,2026-01-05T16:06:00Z,2026-01-08T03:01:22.951955Z,2026-01-08T03:30:00Z,543171.00,0.00,1767834000,expected_expiration-150m,1767834000,0.15,0.16,0.155,0.16,111
KXNBAGAME-26JAN07MILGSW-GSW,KXNBAGAME-26JAN07MILGSW,KXNBAGAME,game_winner,Milwaukee at Golden State Winner?,Golden State,Golden State,yes,1,finalized,2026-01-05T19:06:00Z,2026-01-08T05:35:24.011955Z,2026-01-08T06:00:00Z,2234292.00,0.00,1767843000,expected_expiration-150m,1767843000,0.72,0.74,0.73,0.74,111
KXNBAGAME-26JAN08INDCHA-IND,KXNBAGAME-26JAN08INDCHA,KXNBAGAME,game_winner,Indiana at Charlotte Winner?,Indiana,Indiana,yes,1,finalized,2026-01-06T16:06:00Z,2026-01-09T02:45:44.600553Z,2026-01-09T03:00:00Z,3179735.00,0.00,1767918600,expected_expiration-150m,1767918600,0.48,0.49,0.485,0.49,111
KXNBAGAME-26JAN07PHXMEM-PHX,KXNBAGAME-26JAN07PHXMEM,KXNBAGAME,game_winner,Phoenix at Memphis Winner?,Phoenix,Phoenix,yes,1,finalized,2026-01-05T16:06:00Z,2026-01-08T03:40:52.539277Z,2026-01-08T04:00:00Z,271608.00,0.00,1767835800,expected_expiration-150m,1767835800,0.7,0.71,0.705,0.72,111
KXNBAGAME-26JAN07PHXMEM-MEM,KXNBAGAME-26JAN07PHXMEM,KXNBAGAME,game_winner,Phoenix at Memphis Winner?,Memphis,Memphis,no,0,finalized,2026-01-05T16:06:00Z,2026-01-08T03:40:52.539277Z,2026-01-08T04:00:00Z,421045.00,0.00,1767835800,expected_expiration-150m,1767835800,0.29,0.3,0.295,0.3,111
KXNBAGAME-26JAN07HOUPOR-POR,KXNBAGAME-26JAN07HOUPOR,KXNBAGAME,game_winner,Houston at Portland Winner?,Portland,Portland,yes,1,finalized,2026-01-05T19:06:00Z,2026-01-08T05:47:19.393674Z,2026-01-08T06:00:00Z,5511886.00,0.00,1767843000,expected_expiration-150m,1767843000,0.29,0.31,0.3,0.31,110
KXNBAGAME-26JAN07HOUPOR-HOU,KXNBAGAME-26JAN07HOUPOR,KXNBAGAME,game_winner,Houston at Portland Winner?,Houston,Houston,no,0,finalized,2026-01-05T19:06:00Z,2026-01-08T05:47:19.393674Z,2026-01-08T06:00:00Z,7273850.00,0.00,1767843000,expected_expiration-150m,1767843000,0.69,0.71,0.7,0.71,110
KXNBAGAME-26JAN07LACNYK-NYK,KXNBAGAME-26JAN07LACNYK,KXNBAGAME,game_winner,Los Angeles C at New York Winner?,New York,New York,yes,1,finalized,2026-01-05T16:06:00Z,2026-01-08T02:55:38.176353Z,2026-01-08T03:30:00Z,2344197.00,0.00,1767834000,expected_expiration-150m,1767834000,0.69,0.7,0.695,0.7,111
KXNBAGAME-26JAN07LACNYK-LAC,KXNBAGAME-26JAN07LACNYK,KXNBAGAME,game_winner,Los Angeles C at New York Winner?,Los Angeles C,Los Angeles C,no,0,finalized,2026-01-05T16:06:00Z,2026-01-08T02:55:38.176353Z,2026-01-08T03:30:00Z,2113791.00,0.00,1767834000,expected_expiration-150m,1767834000,0.3,0.31,0.305,0.31,111
KXNBAGAME-26JAN07ORLBKN-BKN,KXNBAGAME-26JAN07ORLBKN,KXNBAGAME,game_winner,Orlando at Brooklyn Winner?,Brooklyn,Brooklyn,no,0,finalized,2026-01-05T16:06:00Z,2026-01-08T03:31:29.924644Z,2026-01-08T03:30:00Z,3578038.00,0.00,1767834000,expected_expiration-150m,1767834000,0.53,0.54,0.535,0.54,111
KXNBAGAME-26JAN07DENBOS-DEN,KXNBAGAME-26JAN07DENBOS,KXNBAGAME,game_winner,Denver at Boston Winner?,Denver,Denver,yes,1,finalized,2026-01-05T16:06:00Z,2026-01-08T02:42:50.851344Z,2026-01-08T03:00:00Z,7207335.00,0.00,1767832200,expected_expiration-150m,1767832200,0.26,0.27,0.265,0.27,111
KXNBAGAME-26JAN07NOPATL-ATL,KXNBAGAME-26JAN07NOPATL,KXNBAGAME,game_winner,New Orleans at Atlanta Winner?,Atlanta,Atlanta,yes,1,finalized,2026-01-05T16:06:00Z,2026-01-08T03:01:22.951955Z,2026-01-08T03:30:00Z,179651.00,0.00,1767834000,expected_expiration-150m,1767834000,0.84,0.86,0.85,0.86,111
KXNBAGAME-26JAN14UTACHI-CHI,KXNBAGAME-26JAN14UTACHI,KXNBAGAME,game_winner,Utah at Chicago Winner?,Chicago,Chicago,yes,1,finalized,2026-01-12T16:06:00Z,2026-01-15T03:41:23.645806Z,2026-01-15T04:00:00Z,2835256.00,0.00,1768440600,expected_expiration-150m,,,,,,0
KXNBAGAME-26JAN07DENBOS-BOS,KXNBAGAME-26JAN07DENBOS,KXNBAGAME,game_winner,Denver at Boston Winner?,Boston,Boston,no,0,finalized,2026-01-05T16:06:00Z,2026-01-08T02:42:50.851344Z,2026-01-08T03:00:00Z,2855235.00,0.00,1767832200,expected_expiration-150m,1767832200,0.73,0.75,0.74,0.73,111
KXNBAGAME-26JAN07UTAOKC-OKC,KXNBAGAME-26JAN07UTAOKC,KXNBAGAME,game_winner,Utah at Oklahoma City Winner?,Oklahoma City,Oklahoma City,yes,1,finalized,2026-01-05T16:06:00Z,2026-01-08T03:57:20.258395Z,2026-01-08T04:00:00Z,6085474.00,0.00,1767835800,expected_expiration-150m,1767835800,0.9,0.92,0.91,0.91,111
KXNBAGAME-26JAN07TORCHA-TOR,KXNBAGAME-26JAN07TORCHA,KXNBAGAME,game_winner,Toronto at Charlotte Winner?,Toronto,Toronto,yes,1,finalized,2026-01-05T16:06:00Z,2026-01-08T02:43:38.173809Z,2026-01-08T03:00:00Z,3055856.00,0.00,1767832200,expected_expiration-150m,1767832200,0.57,0.59,0.58,0.59,111
KXNBAGAME-26JAN07UTAOKC-UTA,KXNBAGAME-26JAN07UTAOKC,KXNBAGAME,game_winner,Utah at Oklahoma City Winner?,Utah,Utah,no,0,finalized,2026-01-05T16:06:00Z,2026-01-08T03:57:20.258395Z,2026-01-08T04:00:00Z,8953351.00,0.00,1767835800,expected_expiration-150m,1767835800,0.08,0.1,0.09,0.1,111
KXNBAGAME-26JAN10MINCLE-CLE,KXNBAGAME-26JAN10MINCLE,KXNBAGAME,game_winner,Minnesota at Cleveland Winner?,Cleveland,Cleveland,yes,1,finalized,2026-01-08T10:06:00Z,2026-01-10T20:43:33.823501Z,2026-01-10T21:00:00Z,2113218.00,0.00,1768069800,expected_expiration-150m,1768069800,0.5,0.51,0.505,0.51,111
KXNBAGAME-26JAN07ORLBKN-ORL,KXNBAGAME-26JAN07ORLBKN,KXNBAGAME,game_winner,Orlando at Brooklyn Winner?,Orlando,Orlando,yes,1,finalized,2026-01-05T16:06:00Z,2026-01-08T03:31:29.924644Z,2026-01-08T03:30:00Z,3994451.00,0.00,1767834000,expected_expiration-150m,1767834000,0.46,0.47,0.46499999999999997,0.47,111
KXNBAGAME-26JAN07TORCHA-CHA,KXNBAGAME-26JAN07TORCHA,KXNBAGAME,game_winner,Toronto at Charlotte Winner?,Charlotte,Charlotte,no,0,finalized,2026-01-05T16:06:00Z,2026-01-08T02:43:38.173809Z,2026-01-08T03:00:00Z,2276116.00,0.00,1767832200,expected_expiration-150m,1767832200,0.41,0.42,0.415,0.42,111
KXNBAGAME-26JAN07WASPHI-WAS,KXNBAGAME-26JAN07WASPHI,KXNBAGAME,game_winner,Washington at Philadelphia Winner?,Washington,Washington,no,0,finalized,2026-01-05T16:06:00Z,2026-01-08T02:26:06.587823Z,2026-01-08T03:00:00Z,2479898.00,0.00,1767832200,expected_expiration-150m,1767832200,0.06,0.07,0.065,0.06,111
KXNBAGAME-26JAN07WASPHI-PHI,KXNBAGAME-26JAN07WASPHI,KXNBAGAME,game_winner,Washington at Philadelphia Winner?,Philadelphia,Philadelphia,yes,1,finalized,2026-01-05T16:06:00Z,2026-01-08T02:26:06.587823Z,2026-01-08T03:00:00Z,868634.00,0.00,1767832200,expected_expiration-150m,1767832200,0.93,0.94,0.935,0.94,111
KXNBAGAME-26JAN06DALSAC-SAC,KXNBAGAME-26JAN06DALSAC,KXNBAGAME,game_winner,Dallas at Sacramento Winner?,Sacramento,Sacramento,no,0,finalized,2026-01-04T19:06:00Z,2026-01-07T06:49:59.938422Z,2026-01-07T07:00:00Z,6779054.00,0.00,1767760200,expected_expiration-150m,1767760200,0.41,0.43,0.42,0.43,111
KXNBAGAME-26JAN06DALSAC-DAL,KXNBAGAME-26JAN06DALSAC,KXNBAGAME,game_winner,Dallas at Sacramento Winner?,Dallas,Dallas,yes,1,finalized,2026-01-04T19:06:00Z,2026-01-07T06:49:59.938422Z,2026-01-07T07:00:00Z,6965113.00,0.00,1767760200,expected_expiration-150m,1767760200,0.57,0.58,0.575,0.58,111
KXNBAGAME-26JAN06SASMEM-SAS,KXNBAGAME-26JAN06SASMEM,KXNBAGAME,game_winner,San Antonio at Memphis Winner?,San Antonio,San Antonio,no,0,finalized,2026-01-04T16:06:00Z,2026-01-07T03:54:31.222916Z,2026-01-07T04:00:00Z,3686953.00,0.00,1767749400,expected_expiration-150m,1767749400,0.74,0.75,0.745,0.76,111
KXNBAGAME-26JAN06MIAMIN-MIA,KXNBAGAME-26JAN06MIAMIN,KXNBAGAME,game_winner,Miami at Minnesota Winner?,Miami,Miami,no,0,finalized,2026-01-04T16:06:00Z,2026-01-07T03:34:31.431188Z,2026-01-07T04:00:00Z,2360717.00,0.00,1767749400,expected_expiration-150m,1767749400,0.49,0.5,0.495,0.5,111
KXNBAGAME-26JAN07CHIDET-CHI,KXNBAGAME-26JAN07CHIDET,KXNBAGAME,game_winner,Chicago at Detroit Winner?,Chicago,Chicago,no,0,finalized,2026-01-05T16:06:00Z,2026-01-08T02:23:56.907887Z,2026-01-08T03:00:00Z,1353982.00,0.00,1767832200,expected_expiration-150m,1767832200,0.21,0.23,0.22,0.21,111
KXNBAGAME-26JAN07CHIDET-DET,KXNBAGAME-26JAN07CHIDET,KXNBAGAME,game_winner,Chicago at Detroit Winner?,Detroit,Detroit,yes,1,finalized,2026-01-05T16:06:00Z,2026-01-08T02:23:56.907887Z,2026-01-08T03:00:00Z,1061200.00,0.00,1767832200,expected_expiration-150m,1767832200,0.77,0.79,0.78,0.78,111
KXNBAGAME-26JAN06SASMEM-MEM,KXNBAGAME-26JAN06SASMEM,KXNBAGAME,game_winner,San Antonio at Memphis Winner?,Memphis,Memphis,yes,1,finalized,2026-01-04T16:06:00Z,2026-01-07T03:54:31.222916Z,2026-01-07T04:00:00Z,2447231.00,0.00,1767749400,expected_expiration-150m,1767749400,0.25,0.26,0.255,0.26,111
KXNBAGAME-26JAN06CLEIND-IND,KXNBAGAME-26JAN06CLEIND,KXNBAGAME,game_winner,Cleveland at Indiana Winner?,Indiana,Indiana,no,0,finalized,2026-01-04T16:06:00Z,2026-01-07T02:34:34.298429Z,2026-01-07T03:00:00Z,3207275.00,0.00,1767745800,expected_expiration-150m,1767745800,0.46,0.47,0.46499999999999997,0.47,111
KXNBAGAME-26JAN05PHXHOU-PHX,KXNBAGAME-26JAN05PHXHOU,KXNBAGAME,game_winner,Phoenix vs Houston Winner?,Phoenix,Phoenix,no,0,finalized,2026-01-03T19:06:00Z,2026-01-06T03:50:20.942795Z,2026-01-06T04:00:00Z,5559753.00,0.00,1767663000,expected_expiration-150m,1767663000,0.31,0.33,0.32,0.33,111
KXNBAGAME-26JAN05PHXHOU-HOU,KXNBAGAME-26JAN05PHXHOU,KXNBAGAME,game_winner,Phoenix vs Houston Winner?,Houston,Houston,yes,1,finalized,2026-01-03T19:06:00Z,2026-01-06T03:50:20.942795Z,2026-01-06T04:00:00Z,3461755.00,0.00,1767663000,expected_expiration-150m,1767663000,0.68,0.69,0.685,0.69,111
KXNBAGAME-26JAN05UTAPOR-UTA,KXNBAGAME-26JAN05UTAPOR,KXNBAGAME,game_winner,Utah vs Portland Winner?,Utah,Utah,no,0,finalized,2026-01-03T19:06:00Z,2026-01-06T05:34:30.127152Z,2026-01-06T06:00:00Z,1812423.00,0.00,1767670200,expected_expiration-150m,1767670200,0.23,0.25,0.24,0.25,111
KXNBAGAME-26JAN06MIAMIN-MIN,KXNBAGAME-26JAN06MIAMIN,KXNBAGAME,game_winner,Miami at Minnesota Winner?,Minnesota,Minnesota,yes,1,finalized,2026-01-04T16:06:00Z,2026-01-07T03:34:31.431188Z,2026-01-07T04:00:00Z,1457856.00,0.00,1767749400,expected_expiration-150m,1767749400,0.5,0.51,0.505,0.51,111
KXNBAGAME-26JAN05UTAPOR-POR,KXNBAGAME-26JAN05UTAPOR,KXNBAGAME,game_winner,Utah vs Portland Winner?,Portland,Portland,yes,1,finalized,2026-01-03T19:06:00Z,2026-01-06T05:34:30.127152Z,2026-01-06T06:00:00Z,851959.00,0.00,1767670200,expected_expiration-150m,1767670200,0.75,0.77,0.76,0.77,111
KXNBAGAME-26JAN05GSWLAC-LAC,KXNBAGAME-26JAN05GSWLAC,KXNBAGAME,game_winner,Golden State vs Los Angeles C Winner?,Los Angeles C,Los Angeles C,yes,1,finalized,2026-01-03T19:06:00Z,2026-01-06T05:49:40.419233Z,2026-01-06T06:00:00Z,7445628.00,0.00,1767670200,expected_expiration-150m,1767670200,0.44,0.45,0.445,0.45,111
KXNBAGAME-26JAN05GSWLAC-GSW,KXNBAGAME-26JAN05GSWLAC,KXNBAGAME,game_winner,Golden State vs Los Angeles C Winner?,Golden State,Golden State,no,0,finalized,2026-01-03T19:06:00Z,2026-01-06T05:49:40.419233Z,2026-01-06T06:00:00Z,10913097.00,0.00,1767670200,expected_expiration-150m,1767670200,0.55,0.57,0.56,0.57,111
KXNBAGAME-26JAN05DENPHI-PHI,KXNBAGAME-26JAN05DENPHI,KXNBAGAME,game_winner,Denver vs Philadelphia Winner?,Philadelphia,Philadelphia,no,0,finalized,2026-01-03T19:06:00Z,2026-01-06T04:24:31.049215Z,2026-01-06T04:30:00Z,4998612.00,0.00,1767664800,expected_expiration-150m,1767664800,0.82,0.83,0.825,0.83,111
KXNBAGAME-26JAN06CLEIND-CLE,KXNBAGAME-26JAN06CLEIND,KXNBAGAME,game_winner,Cleveland at Indiana Winner?,Cleveland,Cleveland,yes,1,finalized,2026-01-04T16:06:00Z,2026-01-07T02:34:34.298429Z,2026-01-07T03:00:00Z,4730687.00,0.00,1767745800,expected_expiration-150m,1767745800,0.53,0.54,0.535,0.54,111
KXNBAGAME-26JAN05ATLTOR-ATL,KXNBAGAME-26JAN05ATLTOR,KXNBAGAME,game_winner,Atlanta vs Toronto Winner?,Atlanta,Atlanta,no,0,finalized,2026-01-03T16:07:00Z,2026-01-06T03:04:42.933987Z,2026-01-06T03:30:00Z,1481102.00,0.00,1767661200,expected_expiration-150m,1767661200,0.25,0.27,0.26,0.28,111
KXNBAGAME-26JAN05DENPHI-DEN,KXNBAGAME-26JAN05DENPHI,KXNBAGAME,game_winner,Denver vs Philadelphia Winner?,Denver,Denver,yes,1,finalized,2026-01-03T19:06:00Z,2026-01-06T04:24:31.049215Z,2026-01-06T04:30:00Z,11539340.00,0.00,1767664800,expected_expiration-150m,1767664800,0.17,0.18,0.175,0.18,111
KXNBAGAME-26JAN05CHIBOS-BOS,KXNBAGAME-26JAN05CHIBOS,KXNBAGAME,game_winner,Chicago vs Boston Winner?,Boston,Boston,yes,1,finalized,2026-01-03T16:07:00Z,2026-01-06T02:50:06.156975Z,2026-01-06T03:30:00Z,774423.00,0.00,1767661200,expected_expiration-150m,1767661200,0.86,0.88,0.87,0.88,111
KXNBAGAME-26JAN05CHAOKC-OKC,KXNBAGAME-26JAN05CHAOKC,KXNBAGAME,game_winner,Charlotte vs Oklahoma City Winner?,Oklahoma City,Oklahoma City,no,0,finalized,2026-01-03T16:06:00Z,2026-01-06T03:40:13.083364Z,2026-01-06T04:00:00Z,3633278.00,0.00,1767663000,expected_expiration-150m,1767663000,0.84,0.86,0.85,0.86,111
KXNBAGAME-26JAN05CHIBOS-CHI,KXNBAGAME-26JAN05CHIBOS,KXNBAGAME,game_winner,Chicago vs Boston Winner?,Chicago,Chicago,no,0,finalized,2026-01-03T16:07:00Z,2026-01-06T02:50:06.156975Z,2026-01-06T03:30:00Z,1628130.00,0.00,1767661200,expected_expiration-150m,1767661200,0.12,0.14,0.13,0.12,111
KXNBAGAME-26JAN05NYKDET-NYK,KXNBAGAME-26JAN05NYKDET,KXNBAGAME,game_winner,New York vs Detroit Winner?,New York,New York,no,0,finalized,2026-01-03T16:06:00Z,2026-01-06T02:40:29.216971Z,2026-01-06T03:00:00Z,4133145.00,0.00,1767659400,expected_expiration-150m,1767659400,0.47,0.48,0.475,0.48,111
KXNBAGAME-26JAN05NYKDET-DET,KXNBAGAME-26JAN05NYKDET,KXNBAGAME,game_winner,New York vs Detroit Winner?,Detroit,Detroit,yes,1,finalized,2026-01-03T16:06:00Z,2026-01-06T02:40:29.216971Z,2026-01-06T03:00:00Z,3202087.00,0.00,1767659400,expected_expiration-150m,1767659400,0.51,0.52,0.515,0.52,111
KXNBAGAME-26JAN04MEMLAL-MEM,KXNBAGAME-26JAN04MEMLAL,KXNBAGAME,game_winner,Memphis vs Los Angeles L Winner?,Memphis,Memphis,no,0,finalized,2026-01-02T19:07:00Z,2026-01-05T05:24:31.876997Z,2026-01-05T05:30:00Z,3928406.00,0.00,1767582000,expected_expiration-150m,1767582000,0.34,0.36,0.35,0.36,111
KXNBAGAME-26JAN05ATLTOR-TOR,KXNBAGAME-26JAN05ATLTOR,KXNBAGAME,game_winner,Atlanta vs Toronto Winner?,Toronto,Toronto,yes,1,finalized,2026-01-03T16:07:00Z,2026-01-06T03:04:42.933987Z,2026-01-06T03:30:00Z,2078798.00,0.00,1767661200,expected_expiration-150m,1767661200,0.73,0.75,0.74,0.75,111
KXNBAGAME-26JAN04MILSAC-SAC,KXNBAGAME-26JAN04MILSAC,KXNBAGAME,game_winner,Milwaukee vs Sacramento Winner?,Sacramento,Sacramento,no,0,finalized,2026-01-02T19:06:00Z,2026-01-05T05:04:28.994566Z,2026-01-05T05:00:00Z,1881880.00,0.00,1767580200,expected_expiration-150m,1767580200,0.29,0.3,0.295,0.3,111
KXNBAGAME-26JAN04MILSAC-MIL,KXNBAGAME-26JAN04MILSAC,KXNBAGAME,game_winner,Milwaukee vs Sacramento Winner?,Milwaukee,Milwaukee,yes,1,finalized,2026-01-02T19:06:00Z,2026-01-05T05:04:28.994566Z,2026-01-05T05:00:00Z,1504995.00,0.00,1767580200,expected_expiration-150m,1767580200,0.7,0.71,0.705,0.71,111
KXNBAGAME-26JAN04MEMLAL-LAL,KXNBAGAME-26JAN04MEMLAL,KXNBAGAME,game_winner,Memphis vs Los Angeles L Winner?,Los Angeles L,Los Angeles L,yes,1,finalized,2026-01-02T19:07:00Z,2026-01-05T05:24:31.876997Z,2026-01-05T05:30:00Z,6864574.00,0.00,1767582000,expected_expiration-150m,1767582000,0.65,0.66,0.655,0.66,111
KXNBAGAME-26JAN04MINWAS-WAS,KXNBAGAME-26JAN04MINWAS,KXNBAGAME,game_winner,Minnesota vs Washington Winner?,Washington,Washington,no,0,finalized,2026-01-02T16:06:00Z,2026-01-05T01:30:40.138487Z,2026-01-05T02:00:00Z,907568.00,0.00,1767569400,expected_expiration-150m,1767569400,0.14,0.15,0.14500000000000002,0.15,111
KXNBAGAME-26JAN04NOPMIA-NOP,KXNBAGAME-26JAN04NOPMIA,KXNBAGAME,game_winner,New Orleans vs Miami Winner?,New Orleans,New Orleans,no,0,finalized,2026-01-02T16:06:00Z,2026-01-05T01:30:40.076151Z,2026-01-05T02:00:00Z,1080393.00,0.00,1767569400,expected_expiration-150m,1767569400,0.18,0.2,0.19,0.19,111
KXNBAGAME-26JAN06ORLWAS-WAS,KXNBAGAME-26JAN06ORLWAS,KXNBAGAME,game_winner,Orlando at Washington Winner?,Washington,Washington,yes,1,finalized,2026-01-04T16:06:00Z,2026-01-07T02:40:29.078228Z,2026-01-07T03:00:00Z,2806543.00,0.00,1767745800,expected_expiration-150m,1767745800,0.35,0.36,0.355,0.36,111
KXNBAGAME-26JAN06ORLWAS-ORL,KXNBAGAME-26JAN06ORLWAS,KXNBAGAME,game_winner,Orlando at Washington Winner?,Orlando,Orlando,no,0,finalized,2026-01-04T16:06:00Z,2026-01-07T02:40:29.078228Z,2026-01-07T03:00:00Z,3883751.00,0.00,1767745800,expected_expiration-150m,1767745800,0.63,0.65,0.64,0.65,111
KXNBAGAME-26JAN04MINWAS-MIN,KXNBAGAME-26JAN04MINWAS,KXNBAGAME,game_winner,Minnesota vs Washington Winner?,Minnesota,Minnesota,yes,1,finalized,2026-01-02T16:06:00Z,2026-01-05T01:30:40.138487Z,2026-01-05T02:00:00Z,1193155.00,0.00,1767569400,expected_expiration-150m,1767569400,0.85,0.86,0.855,0.86,111
KXNBAGAME-26JAN04NOPMIA-MIA,KXNBAGAME-26JAN04NOPMIA,KXNBAGAME,game_winner,New Orleans vs Miami Winner?,Miami,Miami,yes,1,finalized,2026-01-02T16:06:00Z,2026-01-05T01:30:40.076151Z,2026-01-05T02:00:00Z,1489595.00,0.00,1767569400,expected_expiration-150m,1767569400,0.81,0.82,0.815,0.82,111
KXNBAGAME-26JAN04OKCPHX-PHX,KXNBAGAME-26JAN04OKCPHX,KXNBAGAME,game_winner,Oklahoma City vs Phoenix Winner?,Phoenix,Phoenix,yes,1,finalized,2026-01-02T16:06:00Z,2026-01-05T03:44:35.155626Z,2026-01-05T04:00:00Z,3577500.00,0.00,1767576600,expected_expiration-150m,1767576600,0.08,0.1,0.09,0.1,111
KXNBAGAME-26JAN04OKCPHX-OKC,KXNBAGAME-26JAN04OKCPHX,KXNBAGAME,game_winner,Oklahoma City vs Phoenix Winner?,Oklahoma City,Oklahoma City,no,0,finalized,2026-01-02T16:06:00Z,2026-01-05T03:44:35.155626Z,2026-01-05T04:00:00Z,4924569.00,0.00,1767576600,expected_expiration-150m,1767576600,0.9,0.92,0.91,0.92,111
KXNBAGAME-26JAN04DENBKN-DEN,KXNBAGAME-26JAN04DENBKN,KXNBAGAME,game_winner,Denver vs Brooklyn Winner?,Denver,Denver,no,0,finalized,2026-01-02T13:06:00Z,2026-01-04T23:14:44.424968Z,2026-01-04T23:30:00Z,3158831.00,0.00,1767560400,expected_expiration-150m,1767560400,0.37,0.39,0.38,0.39,111
KXNBAGAME-26JAN04INDORL-IND,KXNBAGAME-26JAN04INDORL,KXNBAGAME,game_winner,Indiana vs Orlando Winner?,Indiana,Indiana,no,0,finalized,2026-01-02T13:06:00Z,2026-01-04T22:40:42.879978Z,2026-01-04T23:00:00Z,1412786.00,0.00,1767558600,expected_expiration-150m,1767558600,0.47,0.48,0.475,0.47,111
KXNBAGAME-26JAN04DETCLE-CLE,KXNBAGAME-26JAN04DETCLE,KXNBAGAME,game_winner,Detroit vs Cleveland Winner?,Cleveland,Cleveland,no,0,finalized,2026-01-02T13:06:00Z,2026-01-04T21:50:45.651002Z,2026-01-04T22:00:00Z,2842730.00,0.00,1767555000,expected_expiration-150m,1767555000,0.7,0.71,0.705,0.71,111
KXNBAGAME-26JAN04DENBKN-BKN,KXNBAGAME-26JAN04DENBKN,KXNBAGAME,game_winner,Denver vs Brooklyn Winner?,Brooklyn,Brooklyn,yes,1,finalized,2026-01-02T13:06:00Z,2026-01-04T23:14:44.424968Z,2026-01-04T23:30:00Z,1651477.00,0.00,1767560400,expected_expiration-150m,1767560400,0.61,0.63,0.62,0.63,111
KXNBAGAME-26JAN03BOSLAC-BOS,KXNBAGAME-26JAN03BOSLAC,KXNBAGAME,game_winner,Boston vs Los Angeles C Winner?,Boston,Boston,yes,1,finalized,2026-01-01T19:06:00Z,2026-01-04T06:00:46.906965Z,2026-01-04T06:30:00Z,4494006.00,0.00,1767499200,expected_expiration-150m,1767499200,0.6,0.62,0.61,0.62,111
KXNBAGAME-26JAN03UTAGSW-UTA,KXNBAGAME-26JAN03UTAGSW,KXNBAGAME,game_winner,Utah vs Golden State Winner?,Utah,Utah,no,0,finalized,2026-01-01T19:06:00Z,2026-01-04T06:04:29.552846Z,2026-01-04T06:00:00Z,5508929.00,0.00,1767497400,expected_expiration-150m,1767497400,0.19,0.21,0.2,0.19,111
KXNBAGAME-26JAN03UTAGSW-GSW,KXNBAGAME-26JAN03UTAGSW,KXNBAGAME,game_winner,Utah vs Golden State Winner?,Golden State,Golden State,yes,1,finalized,2026-01-01T19:06:00Z,2026-01-04T06:04:29.552846Z,2026-01-04T06:00:00Z,2965951.00,0.00,1767497400,expected_expiration-150m,1767497400,0.79,0.81,0.8,0.81,111
KXNBAGAME-26JAN03HOUDAL-HOU,KXNBAGAME-26JAN03HOUDAL,KXNBAGAME,game_winner,Houston vs Dallas Winner?,Houston,Houston,no,0,finalized,2026-01-01T19:06:00Z,2026-01-04T04:01:08.176006Z,2026-01-04T04:30:00Z,2644992.00,0.00,1767492000,expected_expiration-150m,1767492000,0.79,0.81,0.8,0.81,111
KXNBAGAME-26JAN04INDORL-ORL,KXNBAGAME-26JAN04INDORL,KXNBAGAME,game_winner,Indiana vs Orlando Winner?,Orlando,Orlando,yes,1,finalized,2026-01-02T13:06:00Z,2026-01-04T22:40:42.879978Z,2026-01-04T23:00:00Z,1989824.00,0.00,1767558600,expected_expiration-150m,1767558600,0.53,0.54,0.535,0.54,111
KXNBAGAME-26JAN03PHINYK-PHI,KXNBAGAME-26JAN03PHINYK,KXNBAGAME,game_winner,Philadelphia vs New York Winner?,Philadelphia,Philadelphia,yes,1,finalized,2026-01-01T16:06:00Z,2026-01-04T03:04:38.205113Z,2026-01-04T03:30:00Z,2655886.00,0.00,1767488400,expected_expiration-150m,1767488400,0.38,0.39,0.385,0.39,111
KXNBAGAME-26JAN03HOUDAL-DAL,KXNBAGAME-26JAN03HOUDAL,KXNBAGAME,game_winner,Houston vs Dallas Winner?,Dallas,Dallas,yes,1,finalized,2026-01-01T19:06:00Z,2026-01-04T04:01:08.176006Z,2026-01-04T04:30:00Z,2326694.00,0.00,1767492000,expected_expiration-150m,1767492000,0.2,0.21,0.20500000000000002,0.22,111
KXNBAGAME-26JAN04DETCLE-DET,KXNBAGAME-26JAN04DETCLE,KXNBAGAME,game_winner,Detroit vs Cleveland Winner?,Detroit,Detroit,yes,1,finalized,2026-01-02T13:06:00Z,2026-01-04T21:50:45.651002Z,2026-01-04T22:00:00Z,3144601.00,0.00,1767555000,expected_expiration-150m,1767555000,0.29,0.31,0.3,0.31,111
KXNBAGAME-26JAN03CHACHI-CHI,KXNBAGAME-26JAN03CHACHI,KXNBAGAME,game_winner,Charlotte vs Chicago Winner?,Chicago,Chicago,no,0,finalized,2026-01-01T16:06:00Z,2026-01-04T03:34:39.937902Z,2026-01-04T04:00:00Z,1422424.00,0.00,1767490200,expected_expiration-150m,1767490200,0.7,0.71,0.705,0.71,111
KXNBAGAME-26JAN03PHINYK-NYK,KXNBAGAME-26JAN03PHINYK,KXNBAGAME,game_winner,Philadelphia vs New York Winner?,New York,New York,no,0,finalized,2026-01-01T16:06:00Z,2026-01-04T03:04:38.205113Z,2026-01-04T03:30:00Z,3531417.00,0.00,1767488400,expected_expiration-150m,1767488400,0.62,0.64,0.63,0.64,111
KXNBAGAME-26JAN03ATLTOR-ATL,KXNBAGAME-26JAN03ATLTOR,KXNBAGAME,game_winner,Atlanta vs Toronto Winner?,Atlanta,Atlanta,no,0,finalized,2026-01-01T16:06:00Z,2026-01-04T03:10:25.916908Z,2026-01-04T03:30:00Z,1405752.00,0.00,1767488400,expected_expiration-150m,1767488400,0.38,0.39,0.385,0.39,111
KXNBAGAME-26JAN06LALNOP-NOP,KXNBAGAME-26JAN06LALNOP,KXNBAGAME,game_winner,Los Angeles L at New Orleans Winner?,New Orleans,New Orleans,no,0,finalized,2026-01-04T16:06:00Z,2026-01-07T03:40:22.813257Z,2026-01-07T04:00:00Z,2928113.00,0.00,1767749400,expected_expiration-150m,1767749400,0.24,0.25,0.245,0.25,111
KXNBAGAME-26JAN03PORSAS-POR,KXNBAGAME-26JAN03PORSAS,KXNBAGAME,game_winner,Portland vs San Antonio Winner?,Portland,Portland,yes,1,finalized,2026-01-01T16:06:00Z,2026-01-04T03:54:30.761223Z,2026-01-04T04:00:00Z,2585077.00,0.00,1767490200,expected_expiration-150m,1767490200,0.44,0.46,0.45,0.45,111
KXNBAGAME-26JAN03MINMIA-MIN,KXNBAGAME-26JAN03MINMIA,KXNBAGAME,game_winner,Minnesota vs Miami Winner?,Minnesota,Minnesota,yes,1,finalized,2026-01-01T13:06:00Z,2026-01-04T00:50:03.78115Z,2026-01-04T01:00:00Z,2460207.00,0.00,1767479400,expected_expiration-150m,1767479400,0.67,0.68,0.675,0.68,111
KXNBAGAME-26JAN03PORSAS-SAS,KXNBAGAME-26JAN03PORSAS,KXNBAGAME,game_winner,Portland vs San Antonio Winner?,San Antonio,San Antonio,no,0,finalized,2026-01-01T16:06:00Z,2026-01-04T03:54:30.761223Z,2026-01-04T04:00:00Z,3318685.00,0.00,1767490200,expected_expiration-150m,1767490200,0.55,0.56,0.555,0.56,111
KXNBAGAME-26JAN02OKCGSW-OKC,KXNBAGAME-26JAN02OKCGSW,KXNBAGAME,game_winner,Oklahoma City vs Golden State Winner?,Oklahoma City,Oklahoma City,yes,1,finalized,2025-12-31T19:06:00Z,2026-01-03T05:50:01.9806Z,2026-01-03T06:00:00Z,2338143.00,0.00,1767411000,expected_expiration-150m,1767411000,0.93,0.94,0.935,0.94,111
KXNBAGAME-26JAN02OKCGSW-GSW,KXNBAGAME-26JAN02OKCGSW,KXNBAGAME,game_winner,Oklahoma City vs Golden State Winner?,Golden State,Golden State,no,0,finalized,2025-12-31T19:06:00Z,2026-01-03T05:50:01.9806Z,2026-01-03T06:00:00Z,3740685.00,0.00,1767411000,expected_expiration-150m,1767411000,0.06,0.07,0.065,0.07,111
KXNBAGAME-26JAN03MINMIA-MIA,KXNBAGAME-26JAN03MINMIA,KXNBAGAME,game_winner,Minnesota vs Miami Winner?,Miami,Miami,no,0,finalized,2026-01-01T13:06:00Z,2026-01-04T00:50:03.78115Z,2026-01-04T01:00:00Z,2386191.00,0.00,1767479400,expected_expiration-150m,1767479400,0.33,0.34,0.335,0.34,111
KXNBAGAME-26JAN02MEMLAL-LAL,KXNBAGAME-26JAN02MEMLAL,KXNBAGAME,game_winner,Memphis vs Los Angeles L Winner?,Los Angeles L,Los Angeles L,yes,1,finalized,2025-12-31T19:06:00Z,2026-01-03T06:24:28.39596Z,2026-01-03T06:30:00Z,4623264.00,0.00,1767412800,expected_expiration-150m,1767412800,0.73,0.74,0.735,0.74,111
KXNBAGAME-26JAN02SACPHX-SAC,KXNBAGAME-26JAN02SACPHX,KXNBAGAME,game_winner,Sacramento vs Phoenix Winner?,Sacramento,Sacramento,no,0,finalized,2025-12-31T19:06:00Z,2026-01-03T04:50:34.62933Z,2026-01-03T05:00:00Z,1765059.00,0.00,1767407400,expected_expiration-150m,1767407400,0.18,0.2,0.19,0.2,111
KXNBAGAME-26JAN03CHACHI-CHA,KXNBAGAME-26JAN03CHACHI,KXNBAGAME,game_winner,Charlotte vs Chicago Winner?,Charlotte,Charlotte,yes,1,finalized,2026-01-01T16:06:00Z,2026-01-04T03:34:39.937902Z,2026-01-04T04:00:00Z,1150111.00,0.00,1767490200,expected_expiration-150m,1767490200,0.29,0.3,0.295,0.3,111
KXNBAGAME-26JAN02ORLCHI-ORL,KXNBAGAME-26JAN02ORLCHI,KXNBAGAME,game_winner,Orlando vs Chicago Winner?,Orlando,Orlando,no,0,finalized,2025-12-31T16:06:00Z,2026-01-03T03:40:48.194246Z,2026-01-03T04:00:00Z,1990372.00,0.00,1767403800,expected_expiration-150m,1767403800,0.72,0.73,0.725,0.72,111
KXNBAGAME-26JAN09NYKPHX-NYK,KXNBAGAME-26JAN09NYKPHX,KXNBAGAME,game_winner,New York at Phoenix Winner?,New York,New York,no,0,finalized,2026-01-07T19:06:00Z,2026-01-10T04:45:30.296751Z,2026-01-10T05:00:00Z,5898606.00,0.00,1768012200,expected_expiration-150m,,,,,,0
KXNBAGAME-26JAN02PORNOP-POR,KXNBAGAME-26JAN02PORNOP,KXNBAGAME,game_winner,Portland vs New Orleans Winner?,Portland,Portland,yes,1,finalized,2025-12-31T16:06:00Z,2026-01-03T03:44:38.419359Z,2026-01-03T04:00:00Z,1255466.00,0.00,1767403800,expected_expiration-150m,1767403800,0.61,0.62,0.615,0.62,111
KXNBAGAME-26JAN03BOSLAC-LAC,KXNBAGAME-26JAN03BOSLAC,KXNBAGAME,game_winner,Boston vs Los Angeles C Winner?,Los Angeles C,Los Angeles C,no,0,finalized,2026-01-01T19:06:00Z,2026-01-04T06:00:46.906965Z,2026-01-04T06:30:00Z,3186490.00,0.00,1767499200,expected_expiration-150m,1767499200,0.39,0.41,0.4,0.4,111
KXNBAGAME-26JAN02ORLCHI-CHI,KXNBAGAME-26JAN02ORLCHI,KXNBAGAME,game_winner,Orlando vs Chicago Winner?,Chicago,Chicago,yes,1,finalized,2025-12-31T16:06:00Z,2026-01-03T03:40:48.194246Z,2026-01-03T04:00:00Z,2826029.00,0.00,1767403800,expected_expiration-150m,1767403800,0.27,0.28,0.275,0.28,111
KXNBAGAME-26JAN02CHAMIL-MIL,KXNBAGAME-26JAN02CHAMIL,KXNBAGAME,game_winner,Charlotte vs Milwaukee Winner?,Milwaukee,Milwaukee,yes,1,finalized,2025-12-31T16:06:00Z,2026-01-03T03:50:11.081626Z,2026-01-03T04:00:00Z,3871363.00,0.00,1767403800,expected_expiration-150m,1767403800,0.59,0.6,0.595,0.61,111
KXNBAGAME-26JAN02PORNOP-NOP,KXNBAGAME-26JAN02PORNOP,KXNBAGAME,game_winner,Portland vs New Orleans Winner?,New Orleans,New Orleans,no,0,finalized,2025-12-31T16:06:00Z,2026-01-03T03:44:38.419359Z,2026-01-03T04:00:00Z,676995.00,0.00,1767403800,expected_expiration-150m,1767403800,0.38,0.39,0.385,0.39,111
KXNBAGAME-26JAN02MEMLAL-MEM,KXNBAGAME-26JAN02MEMLAL,KXNBAGAME,game_winner,Memphis vs Los Angeles L Winner?,Memphis,Memphis,no,0,finalized,2025-12-31T19:06:00Z,2026-01-03T06:24:28.39596Z,2026-01-03T06:30:00Z,3952637.00,0.00,1767412800,expected_expiration-150m,1767412800,0.28,0.29,0.28500000000000003,0.29,111
KXNBAGAME-26JAN02ATLNYK-NYK,KXNBAGAME-26JAN02ATLNYK,KXNBAGAME,game_winner,Atlanta vs New York Winner?,New York,New York,no,0,finalized,2025-12-31T16:06:00Z,2026-01-03T03:20:15.789882Z,2026-01-03T03:30:00Z,2915851.00,0.00,1767402000,expected_expiration-150m,1767402000,0.55,0.56,0.555,0.55,111
KXNBAGAME-26JAN02ATLNYK-ATL,KXNBAGAME-26JAN02ATLNYK,KXNBAGAME,game_winner,Atlanta vs New York Winner?,Atlanta,Atlanta,yes,1,finalized,2025-12-31T16:06:00Z,2026-01-03T03:20:15.789882Z,2026-01-03T03:30:00Z,2463982.00,0.00,1767402000,expected_expiration-150m,1767402000,0.44,0.45,0.445,0.45,111
KXNBAGAME-26JAN02SASIND-SAS,KXNBAGAME-26JAN02SASIND,KXNBAGAME,game_winner,San Antonio vs Indiana Winner?,San Antonio,San Antonio,yes,1,finalized,2025-12-31T16:06:00Z,2026-01-03T02:50:38.341923Z,2026-01-03T03:00:00Z,3861307.00,0.00,1767400200,expected_expiration-150m,1767400200,0.6,0.62,0.61,0.6,111
KXNBAGAME-26JAN05CHAOKC-CHA,KXNBAGAME-26JAN05CHAOKC,KXNBAGAME,game_winner,Charlotte vs Oklahoma City Winner?,Charlotte,Charlotte,yes,1,finalized,2026-01-03T16:06:00Z,2026-01-06T03:40:13.083364Z,2026-01-06T04:00:00Z,4228605.00,0.00,1767663000,expected_expiration-150m,1767663000,0.14,0.16,0.15000000000000002,0.16,111
KXNBAGAME-26JAN02SASIND-IND,KXNBAGAME-26JAN02SASIND,KXNBAGAME,game_winner,San Antonio vs Indiana Winner?,Indiana,Indiana,no,0,finalized,2025-12-31T16:06:00Z,2026-01-03T02:50:38.341923Z,2026-01-03T03:00:00Z,1818230.00,0.00,1767400200,expected_expiration-150m,1767400200,0.38,0.4,0.39,0.4,111
KXNBAGAME-26JAN03ATLTOR-TOR,KXNBAGAME-26JAN03ATLTOR,KXNBAGAME,game_winner,Atlanta vs Toronto Winner?,Toronto,Toronto,yes,1,finalized,2026-01-01T16:06:00Z,2026-01-04T03:10:25.916908Z,2026-01-04T03:30:00Z,1029526.00,0.00,1767488400,expected_expiration-150m,1767488400,0.6,0.62,0.61,0.61,111
KXNBAGAME-26JAN02BKNWAS-WAS,KXNBAGAME-26JAN02BKNWAS,KXNBAGAME,game_winner,Brooklyn vs Washington Winner?,Washington,Washington,yes,1,finalized,2025-12-31T16:06:00Z,2026-01-03T02:55:12.448076Z,2026-01-03T03:00:00Z,1508543.00,0.00,1767400200,expected_expiration-150m,1767400200,0.65,0.67,0.66,0.65,111
KXNBAGAME-26JAN02BKNWAS-BKN,KXNBAGAME-26JAN02BKNWAS,KXNBAGAME,game_winner,Brooklyn vs Washington Winner?,Brooklyn,Brooklyn,no,0,finalized,2025-12-31T16:06:00Z,2026-01-03T02:55:12.448076Z,2026-01-03T03:00:00Z,1203482.00,0.00,1767400200,expected_expiration-150m,1767400200,0.34,0.35,0.345,0.35,111
KXNBAGAME-26JAN02CHAMIL-CHA,KXNBAGAME-26JAN02CHAMIL,KXNBAGAME,game_winner,Charlotte vs Milwaukee Winner?,Charlotte,Charlotte,no,0,finalized,2025-12-31T16:06:00Z,2026-01-03T03:50:11.081626Z,2026-01-03T04:00:00Z,2530214.00,0.00,1767403800,expected_expiration-150m,1767403800,0.4,0.41,0.405,0.41,111
KXNBAGAME-26JAN02DENCLE-DEN,KXNBAGAME-26JAN02DENCLE,KXNBAGAME,game_winner,Denver vs Cleveland Winner?,Denver,Denver,no,0,finalized,2025-12-31T16:06:00Z,2026-01-03T03:14:43.842069Z,2026-01-03T03:30:00Z,6719933.00,0.00,1767402000,expected_expiration-150m,1767402000,0.14,0.15,0.14500000000000002,0.15,111
KXNBAGAME-26JAN02DENCLE-CLE,KXNBAGAME-26JAN02DENCLE,KXNBAGAME,game_winner,Denver vs Cleveland Winner?,Cleveland,Cleveland,yes,1,finalized,2025-12-31T16:06:00Z,2026-01-03T03:14:43.842069Z,2026-01-03T03:30:00Z,2155824.00,0.00,1767402000,expected_expiration-150m,1767402000,0.85,0.86,0.855,0.86,111
KXNBAGAME-26JAN01UTALAC-UTA,KXNBAGAME-26JAN01UTALAC,KXNBAGAME,game_winner,Utah vs Los Angeles C Winner?,Utah,Utah,no,0,finalized,2025-12-30T19:06:00Z,2026-01-02T06:14:31.694373Z,2026-01-02T06:30:00Z,8924179.00,0.00,1767326400,expected_expiration-150m,1767326400,0.05,0.06,0.055,0.06,111
KXNBAGAME-26JAN01HOUBKN-HOU,KXNBAGAME-26JAN01HOUBKN,KXNBAGAME,game_winner,Houston vs Brooklyn Winner?,Houston,Houston,yes,1,finalized,2025-12-30T19:06:00Z,2026-01-02T01:30:39.591094Z,2026-01-02T02:00:00Z,1718429.00,0.00,1767310200,expected_expiration-150m,1767310200,0.87,0.88,0.875,0.88,111
KXNBAGAME-26JAN01PHIDAL-PHI,KXNBAGAME-26JAN01PHIDAL,KXNBAGAME,game_winner,Philadelphia vs Dallas Winner?,Philadelphia,Philadelphia,yes,1,finalized,2025-12-30T19:06:00Z,2026-01-02T03:54:50.795351Z,2026-01-02T04:30:00Z,2912600.00,0.00,1767319200,expected_expiration-150m,1767319200,0.48,0.49,0.485,0.48,111
KXNBAGAME-26JAN01PHIDAL-DAL,KXNBAGAME-26JAN01PHIDAL,KXNBAGAME,game_winner,Philadelphia vs Dallas Winner?,Dallas,Dallas,no,0,finalized,2025-12-30T19:06:00Z,2026-01-02T03:54:50.795351Z,2026-01-02T04:30:00Z,2851587.00,0.00,1767319200,expected_expiration-150m,1767319200,0.51,0.52,0.515,0.52,111
KXNBAGAME-26JAN01HOUBKN-BKN,KXNBAGAME-26JAN01HOUBKN,KXNBAGAME,game_winner,Houston vs Brooklyn Winner?,Brooklyn,Brooklyn,no,0,finalized,2025-12-30T19:06:00Z,2026-01-02T01:30:39.591094Z,2026-01-02T02:00:00Z,2509000.00,0.00,1767310200,expected_expiration-150m,1767310200,0.12,0.13,0.125,0.13,111
KXNBAGAME-26JAN02SACPHX-PHX,KXNBAGAME-26JAN02SACPHX,KXNBAGAME,game_winner,Sacramento vs Phoenix Winner?,Phoenix,Phoenix,yes,1,finalized,2025-12-31T19:06:00Z,2026-01-03T04:50:34.62933Z,2026-01-03T05:00:00Z,628582.00,0.00,1767407400,expected_expiration-150m,1767407400,0.81,0.82,0.815,0.82,111
KXNBAGAME-25DEC31POROKC-OKC,KXNBAGAME-25DEC31POROKC,KXNBAGAME,game_winner,Portland vs Oklahoma City Winner?,Oklahoma City,Oklahoma City,yes,1,finalized,2025-12-29T16:06:00Z,2026-01-01T03:30:31.530117Z,2026-01-01T04:00:00Z,426721.00,0.00,1767231000,expected_expiration-150m,1767231000,0.94,0.95,0.945,0.95,111
KXNBAGAME-25DEC31NYKSAS-SAS,KXNBAGAME-25DEC31NYKSAS,KXNBAGAME,game_winner,New York vs San Antonio Winner?,San Antonio,San Antonio,yes,1,finalized,2025-12-29T16:06:00Z,2026-01-01T03:10:05.711367Z,2026-01-01T03:00:00Z,5058408.00,0.00,1767227400,expected_expiration-150m,1767227400,0.55,0.56,0.555,0.55,111
KXNBAGAME-26JAN01BOSSAC-BOS,KXNBAGAME-26JAN01BOSSAC,KXNBAGAME,game_winner,Boston vs Sacramento Winner?,Boston,Boston,yes,1,finalized,2025-12-30T19:06:00Z,2026-01-02T05:39:56.996156Z,2026-01-02T06:00:00Z,2773680.00,0.00,1767324600,expected_expiration-150m,1767324600,0.74,0.75,0.745,0.75,111
KXNBAGAME-25DEC31POROKC-POR,KXNBAGAME-25DEC31POROKC,KXNBAGAME,game_winner,Portland vs Oklahoma City Winner?,Portland,Portland,no,0,finalized,2025-12-29T16:06:00Z,2026-01-01T03:30:31.530117Z,2026-01-01T04:00:00Z,1619790.00,0.00,1767231000,expected_expiration-150m,1767231000,0.05,0.06,0.055,0.06,111
KXNBAGAME-25DEC31NOPCHI-CHI,KXNBAGAME-25DEC31NOPCHI,KXNBAGAME,game_winner,New Orleans vs Chicago Winner?,Chicago,Chicago,yes,1,finalized,2025-12-29T16:06:00Z,2026-01-01T02:40:18.272084Z,2026-01-01T03:00:00Z,2482657.00,0.00,1767227400,expected_expiration-150m,1767227400,0.59,0.6,0.595,0.6,111
KXNBAGAME-25DEC31WASMIL-WAS,KXNBAGAME-25DEC31WASMIL,KXNBAGAME,game_winner,Washington vs Milwaukee Winner?,Washington,Washington,yes,1,finalized,2025-12-29T16:06:00Z,2026-01-01T03:34:29.408154Z,2026-01-01T04:00:00Z,2922625.00,0.00,1767231000,expected_expiration-150m,1767231000,0.1,0.12,0.11,0.12,111
KXNBAGAME-25DEC31NOPCHI-NOP,KXNBAGAME-25DEC31NOPCHI,KXNBAGAME,game_winner,New Orleans vs Chicago Winner?,New Orleans,New Orleans,no,0,finalized,2025-12-29T16:06:00Z,2026-01-01T02:40:18.272084Z,2026-01-01T03:00:00Z,2202676.00,0.00,1767227400,expected_expiration-150m,1767227400,0.4,0.41,0.405,0.4,111
KXNBAGAME-26JAN01MIADET-MIA,KXNBAGAME-26JAN01MIADET,KXNBAGAME,game_winner,Miami vs Detroit Winner?,Miami,Miami,yes,1,finalized,2025-12-30T16:06:00Z,2026-01-02T02:54:30.647911Z,2026-01-02T03:00:00Z,3783248.00,0.00,1767313800,expected_expiration-150m,1767313800,0.31,0.32,0.315,0.32,111
KXNBAGAME-25DEC31DENTOR-DEN,KXNBAGAME-25DEC31DENTOR,KXNBAGAME,game_winner,Denver vs Toronto Winner?,Denver,Denver,yes,1,finalized,2025-12-29T16:06:00Z,2026-01-01T03:14:38.311436Z,2026-01-01T03:30:00Z,3421916.00,0.00,1767229200,expected_expiration-150m,1767229200,0.43,0.46,0.445,0.46,111
KXNBAGAME-26JAN01MIADET-DET,KXNBAGAME-26JAN01MIADET,KXNBAGAME,game_winner,Miami vs Detroit Winner?,Detroit,Detroit,no,0,finalized,2025-12-30T16:06:00Z,2026-01-02T02:54:30.647911Z,2026-01-02T03:00:00Z,5417987.00,0.00,1767313800,expected_expiration-150m,1767313800,0.69,0.71,0.7,0.71,111
KXNBAGAME-25DEC31NYKSAS-NYK,KXNBAGAME-25DEC31NYKSAS,KXNBAGAME,game_winner,New York vs San Antonio Winner?,New York,New York,no,0,finalized,2025-12-29T16:06:00Z,2026-01-01T03:10:05.711367Z,2026-01-01T03:00:00Z,4590017.00,0.00,1767227400,expected_expiration-150m,1767227400,0.44,0.45,0.445,0.44,111
KXNBAGAME-25DEC31DENTOR-TOR,KXNBAGAME-25DEC31DENTOR,KXNBAGAME,game_winner,Denver vs Toronto Winner?,Toronto,Toronto,no,0,finalized,2025-12-29T16:06:00Z,2026-01-01T03:14:38.311436Z,2026-01-01T03:30:00Z,2523461.00,0.00,1767229200,expected_expiration-150m,1767229200,0.56,0.57,0.565,0.57,111
KXNBAGAME-25DEC31PHXCLE-PHX,KXNBAGAME-25DEC31PHXCLE,KXNBAGAME,game_winner,Phoenix vs Cleveland Winner?,Phoenix,Phoenix,no,0,finalized,2025-12-29T13:06:00Z,2025-12-31T23:14:46.624602Z,2025-12-31T23:30:00Z,2190404.00,0.00,1767214800,expected_expiration-150m,1767214800,0.15,0.16,0.155,0.16,111
KXNBAGAME-25DEC31MINATL-MIN,KXNBAGAME-25DEC31MINATL,KXNBAGAME,game_winner,Minnesota vs Atlanta Winner?,Minnesota,Minnesota,no,0,finalized,2025-12-29T13:06:00Z,2025-12-31T22:30:19.439336Z,2025-12-31T23:00:00Z,1997316.00,0.00,1767213000,expected_expiration-150m,1767213000,0.58,0.6,0.59,0.59,111
KXNBAGAME-25DEC31ORLIND-ORL,KXNBAGAME-25DEC31ORLIND,KXNBAGAME,game_winner,Orlando vs Indiana Winner?,Orlando,Orlando,yes,1,finalized,2025-12-29T13:06:00Z,2025-12-31T23:00:05.286855Z,2025-12-31T23:00:00Z,3139724.00,0.00,1767213000,expected_expiration-150m,1767213000,0.71,0.72,0.715,0.72,111
KXNBAGAME-25DEC31GSWCHA-GSW,KXNBAGAME-25DEC31GSWCHA,KXNBAGAME,game_winner,Golden State vs Charlotte Winner?,Golden State,Golden State,yes,1,finalized,2025-12-29T10:06:00Z,2025-12-31T20:40:21.072856Z,2025-12-31T21:00:00Z,1746634.00,0.00,1767205800,expected_expiration-150m,1767205800,0.73,0.75,0.74,0.75,111
KXNBAGAME-25DEC31WASMIL-MIL,KXNBAGAME-25DEC31WASMIL,KXNBAGAME,game_winner,Washington vs Milwaukee Winner?,Milwaukee,Milwaukee,no,0,finalized,2025-12-29T16:06:00Z,2026-01-01T03:34:29.408154Z,2026-01-01T04:00:00Z,2412241.00,0.00,1767231000,expected_expiration-150m,1767231000,0.88,0.9,0.89,0.9,111
KXNBAGAME-25DEC30BOSUTA-UTA,KXNBAGAME-25DEC30BOSUTA,KXNBAGAME,game_winner,Boston vs Utah Winner?,Utah,Utah,no,0,finalized,2025-12-28T19:06:00Z,2025-12-31T04:40:09.292448Z,2025-12-31T05:00:00Z,4497571.00,0.00,1767148200,expected_expiration-150m,1767148200,0.29,0.3,0.295,0.3,111
KXNBAGAME-25DEC31ORLIND-IND,KXNBAGAME-25DEC31ORLIND,KXNBAGAME,game_winner,Orlando vs Indiana Winner?,Indiana,Indiana,no,0,finalized,2025-12-29T13:06:00Z,2025-12-31T23:00:05.286855Z,2025-12-31T23:00:00Z,2145010.00,0.00,1767213000,expected_expiration-150m,1767213000,0.28,0.29,0.28500000000000003,0.29,111
KXNBAGAME-26JAN01UTALAC-LAC,KXNBAGAME-26JAN01UTALAC,KXNBAGAME,game_winner,Utah vs Los Angeles C Winner?,Los Angeles C,Los Angeles C,yes,1,finalized,2025-12-30T19:06:00Z,2026-01-02T06:14:31.694373Z,2026-01-02T06:30:00Z,3028299.00,0.00,1767326400,expected_expiration-150m,1767326400,0.94,0.95,0.945,0.95,111
KXNBAGAME-25DEC31MINATL-ATL,KXNBAGAME-25DEC31MINATL,KXNBAGAME,game_winner,Minnesota vs Atlanta Winner?,Atlanta,Atlanta,yes,1,finalized,2025-12-29T13:06:00Z,2025-12-31T22:30:19.439336Z,2025-12-31T23:00:00Z,1553250.00,0.00,1767213000,expected_expiration-150m,1767213000,0.41,0.42,0.415,0.41,111
KXNBAGAME-25DEC30BOSUTA-BOS,KXNBAGAME-25DEC30BOSUTA,KXNBAGAME,game_winner,Boston vs Utah Winner?,Boston,Boston,yes,1,finalized,2025-12-28T19:06:00Z,2025-12-31T04:40:09.292448Z,2025-12-31T05:00:00Z,2178612.00,0.00,1767148200,expected_expiration-150m,1767148200,0.69,0.7,0.695,0.7,111
KXNBAGAME-25DEC30DETLAL-DET,KXNBAGAME-25DEC30DETLAL,KXNBAGAME,game_winner,Detroit vs Los Angeles L Winner?,Detroit,Detroit,yes,1,finalized,2025-12-28T19:06:00Z,2025-12-31T06:39:50.876355Z,2025-12-31T06:30:00Z,3382644.00,0.00,1767153600,expected_expiration-150m,1767153600,0.56,0.57,0.565,0.57,111
KXNBAGAME-25DEC30SACLAC-LAC,KXNBAGAME-25DEC30SACLAC,KXNBAGAME,game_winner,Sacramento vs Los Angeles C Winner?,Los Angeles C,Los Angeles C,yes,1,finalized,2025-12-28T19:06:00Z,2025-12-31T06:30:15.093783Z,2025-12-31T07:00:00Z,819540.00,0.00,1767155400,expected_expiration-150m,1767155400,0.81,0.82,0.815,0.82,111
KXNBAGAME-25DEC30PHIMEM-MEM,KXNBAGAME-25DEC30PHIMEM,KXNBAGAME,game_winner,Philadelphia vs Memphis Winner?,Memphis,Memphis,no,0,finalized,2025-12-28T16:06:00Z,2025-12-31T04:00:39.591077Z,2025-12-31T04:00:00Z,4176708.00,0.00,1767144600,expected_expiration-150m,1767144600,0.5,0.51,0.505,0.5,111
KXNBAGAME-25DEC30DETLAL-LAL,KXNBAGAME-25DEC30DETLAL,KXNBAGAME,game_winner,Detroit vs Los Angeles L Winner?,Los Angeles L,Los Angeles L,no,0,finalized,2025-12-28T19:06:00Z,2025-12-31T06:39:50.876355Z,2025-12-31T06:30:00Z,6148441.00,0.00,1767153600,expected_expiration-150m,1767153600,0.44,0.45,0.445,0.45,111
KXNBAGAME-25DEC29DALPOR-DAL,KXNBAGAME-25DEC29DALPOR,KXNBAGAME,game_winner,Dallas vs Portland Winner?,Dallas,Dallas,no,0,finalized,2025-12-27T19:06:00Z,2025-12-30T06:29:49.813669Z,2025-12-30T06:30:00Z,7152416.00,0.00,1767067200,expected_expiration-150m,1767067200,0.33,0.34,0.335,0.34,111
KXNBAGAME-26JAN06LALNOP-LAL,KXNBAGAME-26JAN06LALNOP,KXNBAGAME,game_winner,Los Angeles L at New Orleans Winner?,Los Angeles L,Los Angeles L,yes,1,finalized,2026-01-04T16:06:00Z,2026-01-07T03:40:22.813257Z,2026-01-07T04:00:00Z,5271267.00,0.00,1767749400,expected_expiration-150m,,,,,,0
KXNBAGAME-25DEC31GSWCHA-CHA,KXNBAGAME-25DEC31GSWCHA,KXNBAGAME,game_winner,Golden State vs Charlotte Winner?,Charlotte,Charlotte,no,0,finalized,2025-12-29T10:06:00Z,2025-12-31T20:40:21.072856Z,2025-12-31T21:00:00Z,2987951.00,0.00,1767205800,expected_expiration-150m,1767205800,0.25,0.27,0.26,0.27,111
KXNBAGAME-25DEC29DALPOR-POR,KXNBAGAME-25DEC29DALPOR,KXNBAGAME,game_winner,Dallas vs Portland Winner?,Portland,Portland,yes,1,finalized,2025-12-27T19:06:00Z,2025-12-30T06:29:49.813669Z,2025-12-30T06:30:00Z,5683275.00,0.00,1767067200,expected_expiration-150m,1767067200,0.66,0.68,0.67,0.68,111
KXNBAGAME-25DEC30SACLAC-SAC,KXNBAGAME-25DEC30SACLAC,KXNBAGAME,game_winner,Sacramento vs Los Angeles C Winner?,Sacramento,Sacramento,no,0,finalized,2025-12-28T19:06:00Z,2025-12-31T06:30:15.093783Z,2025-12-31T07:00:00Z,2269985.00,0.00,1767155400,expected_expiration-150m,1767155400,0.18,0.19,0.185,0.19,111
KXNBAGAME-25DEC29ATLOKC-OKC,KXNBAGAME-25DEC29ATLOKC,KXNBAGAME,game_winner,Atlanta vs Oklahoma City Winner?,Oklahoma City,Oklahoma City,yes,1,finalized,2025-12-27T16:06:00Z,2025-12-30T04:00:14.288924Z,2025-12-30T04:00:00Z,1267458.00,0.00,1767058200,expected_expiration-150m,1767058200,0.92,0.93,0.925,0.91,110
KXNBAGAME-25DEC29NYKNOP-NYK,KXNBAGAME-25DEC29NYKNOP,KXNBAGAME,game_winner,New York vs New Orleans Winner?,New York,New York,yes,1,finalized,2025-12-27T16:06:00Z,2025-12-30T04:00:14.193291Z,2025-12-30T04:00:00Z,2781611.00,0.00,1767058200,expected_expiration-150m,1767058200,0.64,0.66,0.65,0.66,111
KXNBAGAME-25DEC29MINCHI-MIN,KXNBAGAME-25DEC29MINCHI,KXNBAGAME,game_winner,Minnesota vs Chicago Winner?,Minnesota,Minnesota,yes,1,finalized,2025-12-27T16:06:00Z,2025-12-30T03:44:38.096512Z,2025-12-30T04:00:00Z,487711.00,0.00,1767058200,expected_expiration-150m,1767058200,0.57,0.58,0.575,0.58,111
KXNBAGAME-25DEC29ATLOKC-ATL,KXNBAGAME-25DEC29ATLOKC,KXNBAGAME,game_winner,Atlanta vs Oklahoma City Winner?,Atlanta,Atlanta,no,0,finalized,2025-12-27T16:06:00Z,2025-12-30T04:00:14.288924Z,2025-12-30T04:00:00Z,3246438.00,0.00,1767058200,expected_expiration-150m,1767058200,0.07,0.09,0.08,0.07,111
KXNBAGAME-25DEC30PHIMEM-PHI,KXNBAGAME-25DEC30PHIMEM,KXNBAGAME,game_winner,Philadelphia vs Memphis Winner?,Philadelphia,Philadelphia,yes,1,finalized,2025-12-28T16:06:00Z,2025-12-31T04:00:39.591077Z,2025-12-31T04:00:00Z,5310699.00,0.00,1767144600,expected_expiration-150m,1767144600,0.5,0.51,0.505,0.51,111
KXNBAGAME-25DEC29INDHOU-HOU,KXNBAGAME-25DEC29INDHOU,KXNBAGAME,game_winner,Indiana vs Houston Winner?,Houston,Houston,yes,1,finalized,2025-12-27T16:06:00Z,2025-12-30T03:35:10.572484Z,2025-12-30T04:00:00Z,260908.00,0.00,1767058200,expected_expiration-150m,1767058200,0.86,0.87,0.865,0.87,111
KXNBAGAME-25DEC29ORLTOR-TOR,KXNBAGAME-25DEC29ORLTOR,KXNBAGAME,game_winner,Orlando vs Toronto Winner?,Toronto,Toronto,yes,1,finalized,2025-12-27T16:06:00Z,2025-12-30T03:20:08.120115Z,2025-12-30T03:30:00Z,2582757.00,0.00,1767056400,expected_expiration-150m,1767056400,0.36,0.37,0.365,0.37,111
KXNBAGAME-25DEC31PHXCLE-CLE,KXNBAGAME-25DEC31PHXCLE,KXNBAGAME,game_winner,Phoenix vs Cleveland Winner?,Cleveland,Cleveland,yes,1,finalized,2025-12-29T13:06:00Z,2025-12-31T23:14:46.624602Z,2025-12-31T23:30:00Z,585309.00,0.00,1767214800,expected_expiration-150m,1767214800,0.84,0.85,0.845,0.85,111
KXNBAGAME-25DEC29INDHOU-IND,KXNBAGAME-25DEC29INDHOU,KXNBAGAME,game_winner,Indiana vs Houston Winner?,Indiana,Indiana,no,0,finalized,2025-12-27T16:06:00Z,2025-12-30T03:35:10.572484Z,2025-12-30T04:00:00Z,794022.00,0.00,1767058200,expected_expiration-150m,1767058200,0.13,0.14,0.135,0.14,111
KXNBAGAME-25DEC29NYKNOP-NOP,KXNBAGAME-25DEC29NYKNOP,KXNBAGAME,game_winner,New York vs New Orleans Winner?,New Orleans,New Orleans,no,0,finalized,2025-12-27T16:06:00Z,2025-12-30T04:00:14.193291Z,2025-12-30T04:00:00Z,1811485.00,0.00,1767058200,expected_expiration-150m,1767058200,0.34,0.36,0.35,0.36,111
KXNBAGAME-25DEC29DENMIA-MIA,KXNBAGAME-25DEC29DENMIA,KXNBAGAME,game_winner,Denver vs Miami Winner?,Miami,Miami,yes,1,finalized,2025-12-27T16:06:00Z,2025-12-30T03:00:55.333392Z,2025-12-30T03:30:00Z,1441714.00,0.00,1767056400,expected_expiration-150m,1767056400,0.6,0.61,0.605,0.61,111
KXNBAGAME-25DEC29CLESAS-SAS,KXNBAGAME-25DEC29CLESAS,KXNBAGAME,game_winner,Cleveland vs San Antonio Winner?,San Antonio,San Antonio,no,0,finalized,2025-12-27T16:06:00Z,2025-12-30T04:09:48.148631Z,2025-12-30T04:00:00Z,3743838.00,0.00,1767058200,expected_expiration-150m,1767058200,0.44,0.45,0.445,0.45,111
KXNBAGAME-25DEC29CLESAS-CLE,KXNBAGAME-25DEC29CLESAS,KXNBAGAME,game_winner,Cleveland vs San Antonio Winner?,Cleveland,Cleveland,yes,1,finalized,2025-12-27T16:06:00Z,2025-12-30T04:09:48.148631Z,2025-12-30T04:00:00Z,2041612.00,0.00,1767058200,expected_expiration-150m,1767058200,0.54,0.55,0.545,0.55,111
KXNBAGAME-26JAN01BOSSAC-SAC,KXNBAGAME-26JAN01BOSSAC,KXNBAGAME,game_winner,Boston vs Sacramento Winner?,Sacramento,Sacramento,no,0,finalized,2025-12-30T19:06:00Z,2026-01-02T05:39:56.996156Z,2026-01-02T06:00:00Z,4186613.00,0.00,1767324600,expected_expiration-150m,1767324600,0.26,0.27,0.265,0.27,111
KXNBAGAME-25DEC29ORLTOR-ORL,KXNBAGAME-25DEC29ORLTOR,KXNBAGAME,game_winner,Orlando vs Toronto Winner?,Orlando,Orlando,no,0,finalized,2025-12-27T16:06:00Z,2025-12-30T03:20:08.120115Z,2025-12-30T03:30:00Z,1448589.00,0.00,1767056400,expected_expiration-150m,1767056400,0.61,0.62,0.615,0.62,111
KXNBAGAME-25DEC29GSWBKN-GSW,KXNBAGAME-25DEC29GSWBKN,KXNBAGAME,game_winner,Golden State vs Brooklyn Winner?,Golden State,Golden State,yes,1,finalized,2025-12-27T16:06:00Z,2025-12-30T03:15:10.566233Z,2025-12-30T03:30:00Z,2238740.00,0.00,1767056400,expected_expiration-150m,1767056400,0.47,0.48,0.475,0.48,111
KXNBAGAME-25DEC29MILCHA-MIL,KXNBAGAME-25DEC29MILCHA,KXNBAGAME,game_winner,Milwaukee vs Charlotte Winner?,Milwaukee,Milwaukee,yes,1,finalized,2025-12-27T16:06:00Z,2025-12-30T02:35:22.573715Z,2025-12-30T03:00:00Z,2247353.00,0.00,1767054600,expected_expiration-150m,1767054600,0.61,0.62,0.615,0.62,111
KXNBAGAME-25DEC29MILCHA-CHA,KXNBAGAME-25DEC29MILCHA,KXNBAGAME,game_winner,Milwaukee vs Charlotte Winner?,Charlotte,Charlotte,no,0,finalized,2025-12-27T16:06:00Z,2025-12-30T02:35:22.573715Z,2025-12-30T03:00:00Z,1814252.00,0.00,1767054600,expected_expiration-150m,1767054600,0.39,0.4,0.395,0.38,111
KXNBAGAME-25DEC28SACLAL-SAC,KXNBAGAME-25DEC28SACLAL,KXNBAGAME,game_winner,Sacramento vs Los Angeles L Winner?,Sacramento,Sacramento,no,0,finalized,2025-12-26T19:06:00Z,2025-12-29T05:14:31.067292Z,2025-12-29T05:30:00Z,4041823.00,0.00,1766977200,expected_expiration-150m,1766977200,0.18,0.2,0.19,0.2,111
KXNBAGAME-25DEC29DENMIA-DEN,KXNBAGAME-25DEC29DENMIA,KXNBAGAME,game_winner,Denver vs Miami Winner?,Denver,Denver,no,0,finalized,2025-12-27T16:06:00Z,2025-12-30T03:00:55.333392Z,2025-12-30T03:30:00Z,3965393.00,0.00,1767056400,expected_expiration-150m,1767056400,0.39,0.4,0.395,0.4,111
KXNBAGAME-25DEC29PHXWAS-WAS,KXNBAGAME-25DEC29PHXWAS,KXNBAGAME,game_winner,Phoenix vs Washington Winner?,Washington,Washington,no,0,finalized,2025-12-27T16:06:00Z,2025-12-30T02:24:55.735835Z,2025-12-30T03:00:00Z,2659849.00,0.00,1767054600,expected_expiration-150m,1767054600,0.26,0.27,0.265,0.27,111
KXNBAGAME-25DEC28DETLAC-LAC,KXNBAGAME-25DEC28DETLAC,KXNBAGAME,game_winner,Detroit vs Los Angeles C Winner?,Los Angeles C,Los Angeles C,yes,1,finalized,2025-12-26T19:06:00Z,2025-12-29T05:04:25.942686Z,2025-12-29T05:00:00Z,3006881.00,0.00,1766975400,expected_expiration-150m,1766975400,0.53,0.56,0.545,0.56,111
KXNBAGAME-25DEC28DETLAC-DET,KXNBAGAME-25DEC28DETLAC,KXNBAGAME,game_winner,Detroit vs Los Angeles C Winner?,Detroit,Detroit,no,0,finalized,2025-12-26T19:06:00Z,2025-12-29T05:04:25.942686Z,2025-12-29T05:00:00Z,3884676.00,0.00,1766975400,expected_expiration-150m,1766975400,0.45,0.47,0.45999999999999996,0.47,111
KXNBAGAME-25DEC29MINCHI-CHI,KXNBAGAME-25DEC29MINCHI,KXNBAGAME,game_winner,Minnesota vs Chicago Winner?,Chicago,Chicago,no,0,finalized,2025-12-27T16:06:00Z,2025-12-30T03:44:38.096512Z,2025-12-30T04:00:00Z,687214.00,0.00,1767058200,expected_expiration-150m,1767058200,0.42,0.43,0.425,0.43,111
KXNBAGAME-25DEC28PHIOKC-PHI,KXNBAGAME-25DEC28PHIOKC,KXNBAGAME,game_winner,Philadelphia vs Oklahoma City Winner?,Philadelphia,Philadelphia,no,0,finalized,2025-12-26T13:06:00Z,2025-12-28T23:04:35.740197Z,2025-12-28T23:30:00Z,4195265.00,0.00,1766955600,expected_expiration-150m,1766955600,0.15,0.16,0.155,0.16,111
KXNBAGAME-25DEC29PHXWAS-PHX,KXNBAGAME-25DEC29PHXWAS,KXNBAGAME,game_winner,Phoenix vs Washington Winner?,Phoenix,Phoenix,yes,1,finalized,2025-12-27T16:06:00Z,2025-12-30T02:24:55.735835Z,2025-12-30T03:00:00Z,1108200.00,0.00,1767054600,expected_expiration-150m,1767054600,0.73,0.74,0.735,0.74,111
KXNBAGAME-25DEC28MEMWAS-WAS,KXNBAGAME-25DEC28MEMWAS,KXNBAGAME,game_winner,Memphis vs Washington Winner?,Washington,Washington,yes,1,finalized,2025-12-26T16:06:00Z,2025-12-29T01:49:40.961338Z,2025-12-29T02:00:00Z,3906501.00,0.00,1766964600,expected_expiration-150m,1766964600,0.22,0.23,0.225,0.22,111
KXNBAGAME-25DEC28PHIOKC-OKC,KXNBAGAME-25DEC28PHIOKC,KXNBAGAME,game_winner,Philadelphia vs Oklahoma City Winner?,Oklahoma City,Oklahoma City,yes,1,finalized,2025-12-26T13:06:00Z,2025-12-28T23:04:35.740197Z,2025-12-28T23:30:00Z,1393243.00,0.00,1766955600,expected_expiration-150m,1766955600,0.85,0.86,0.855,0.86,111
KXNBAGAME-25DEC27UTASAS-UTA,KXNBAGAME-25DEC27UTASAS,KXNBAGAME,game_winner,Utah vs San Antonio Winner?,Utah,Utah,yes,1,finalized,2025-12-25T16:06:00Z,2025-12-28T03:44:33.856566Z,2025-12-28T04:00:00Z,4901936.00,0.00,1766885400,expected_expiration-150m,1766885400,0.07,0.09,0.08,0.09,111
KXNBAGAME-25DEC28SACLAL-LAL,KXNBAGAME-25DEC28SACLAL,KXNBAGAME,game_winner,Sacramento vs Los Angeles L Winner?,Los Angeles L,Los Angeles L,yes,1,finalized,2025-12-26T19:06:00Z,2025-12-29T05:14:31.067292Z,2025-12-29T05:30:00Z,1449819.00,0.00,1766977200,expected_expiration-150m,1766977200,0.8,0.82,0.81,0.82,111
KXNBAGAME-25DEC27UTASAS-SAS,KXNBAGAME-25DEC27UTASAS,KXNBAGAME,game_winner,Utah vs San Antonio Winner?,San Antonio,San Antonio,no,0,finalized,2025-12-25T16:06:00Z,2025-12-28T03:44:33.856566Z,2025-12-28T04:00:00Z,2690833.00,0.00,1766885400,expected_expiration-150m,1766885400,0.91,0.92,0.915,0.93,111
KXNBAGAME-25DEC29GSWBKN-BKN,KXNBAGAME-25DEC29GSWBKN,KXNBAGAME,game_winner,Golden State vs Brooklyn Winner?,Brooklyn,Brooklyn,no,0,finalized,2025-12-27T16:06:00Z,2025-12-30T03:15:10.566233Z,2025-12-30T03:30:00Z,2383648.00,0.00,1767056400,expected_expiration-150m,1767056400,0.53,0.54,0.535,0.54,111
KXNBAGAME-25DEC27CLEHOU-HOU,KXNBAGAME-25DEC27CLEHOU,KXNBAGAME,game_winner,Cleveland vs Houston Winner?,Houston,Houston,yes,1,finalized,2025-12-25T16:06:00Z,2025-12-28T03:40:37.34178Z,2025-12-28T04:00:00Z,702526.00,0.00,1766885400,expected_expiration-150m,1766885400,0.69,0.71,0.7,0.71,111
KXNBAGAME-25DEC27CLEHOU-CLE,KXNBAGAME-25DEC27CLEHOU,KXNBAGAME,game_winner,Cleveland vs Houston Winner?,Cleveland,Cleveland,no,0,finalized,2025-12-25T16:06:00Z,2025-12-28T03:40:37.34178Z,2025-12-28T04:00:00Z,902636.00,0.00,1766885400,expected_expiration-150m,1766885400,0.29,0.3,0.295,0.3,111
KXNBAGAME-25DEC28BOSPOR-POR,KXNBAGAME-25DEC28BOSPOR,KXNBAGAME,game_winner,Boston vs Portland Winner?,Portland,Portland,yes,1,finalized,2025-12-26T16:06:00Z,2025-12-29T01:49:40.573251Z,2025-12-29T02:00:00Z,3987838.00,0.00,1766964600,expected_expiration-150m,1766964600,0.28,0.3,0.29000000000000004,0.3,111
KXNBAGAME-25DEC28GSWTOR-TOR,KXNBAGAME-25DEC28GSWTOR,KXNBAGAME,game_winner,Golden State vs Toronto Winner?,Toronto,Toronto,yes,1,finalized,2025-12-26T13:06:00Z,2025-12-28T23:24:31.340122Z,2025-12-28T23:30:00Z,5382901.00,0.00,1766955600,expected_expiration-150m,1766955600,0.47,0.49,0.48,0.49,111
KXNBAGAME-25DEC28GSWTOR-GSW,KXNBAGAME-25DEC28GSWTOR,KXNBAGAME,game_winner,Golden State vs Toronto Winner?,Golden State,Golden State,no,0,finalized,2025-12-26T13:06:00Z,2025-12-28T23:24:31.340122Z,2025-12-28T23:30:00Z,4581513.00,0.00,1766955600,expected_expiration-150m,1766955600,0.52,0.53,0.525,0.53,111
KXNBAGAME-25DEC27MILCHI-MIL,KXNBAGAME-25DEC27MILCHI,KXNBAGAME,game_winner,Milwaukee vs Chicago Winner?,Milwaukee,Milwaukee,yes,1,finalized,2025-12-25T16:06:00Z,2025-12-28T04:00:44.204537Z,2025-12-28T04:00:00Z,1535129.00,0.00,1766885400,expected_expiration-150m,1766885400,0.45,0.47,0.45999999999999996,0.47,111
KXNBAGAME-25DEC27INDMIA-MIA,KXNBAGAME-25DEC27INDMIA,KXNBAGAME,game_winner,Indiana vs Miami Winner?,Miami,Miami,yes,1,finalized,2025-12-25T16:06:00Z,2025-12-28T03:50:17.822264Z,2025-12-28T04:00:00Z,716440.00,0.00,1766885400,expected_expiration-150m,1766885400,0.69,0.71,0.7,0.71,111
KXNBAGAME-25DEC27NYKATL-NYK,KXNBAGAME-25DEC27NYKATL,KXNBAGAME,game_winner,New York vs Atlanta Winner?,New York,New York,yes,1,finalized,2025-12-25T16:06:00Z,2025-12-28T03:55:08.499709Z,2025-12-28T04:00:00Z,1864351.00,0.00,1766885400,expected_expiration-150m,1766885400,0.63,0.64,0.635,0.64,111
KXNBAGAME-25DEC27NYKATL-ATL,KXNBAGAME-25DEC27NYKATL,KXNBAGAME,game_winner,New York vs Atlanta Winner?,Atlanta,Atlanta,no,0,finalized,2025-12-25T16:06:00Z,2025-12-28T03:55:08.499709Z,2025-12-28T04:00:00Z,2476192.00,0.00,1766885400,expected_expiration-150m,1766885400,0.36,0.38,0.37,0.38,111
KXNBAGAME-25DEC27INDMIA-IND,KXNBAGAME-25DEC27INDMIA,KXNBAGAME,game_winner,Indiana vs Miami Winner?,Indiana,Indiana,no,0,finalized,2025-12-25T16:06:00Z,2025-12-28T03:50:17.822264Z,2025-12-28T04:00:00Z,916223.00,0.00,1766885400,expected_expiration-150m,1766885400,0.3,0.31,0.305,0.31,111
KXNBAGAME-25DEC27PHXNOP-PHX,KXNBAGAME-25DEC27PHXNOP,KXNBAGAME,game_winner,Phoenix vs New Orleans Winner?,Phoenix,Phoenix,yes,1,finalized,2025-12-25T16:06:00Z,2025-12-28T03:10:20.747598Z,2025-12-28T03:00:00Z,1615966.00,0.00,1766881800,expected_expiration-150m,1766881800,0.62,0.63,0.625,0.62,111
KXNBAGAME-25DEC27MILCHI-CHI,KXNBAGAME-25DEC27MILCHI,KXNBAGAME,game_winner,Milwaukee vs Chicago Winner?,Chicago,Chicago,no,0,finalized,2025-12-25T16:06:00Z,2025-12-28T04:00:44.204537Z,2025-12-28T04:00:00Z,2281732.00,0.00,1766885400,expected_expiration-150m,1766885400,0.53,0.55,0.54,0.55,111
KXNBAGAME-25DEC27PHXNOP-NOP,KXNBAGAME-25DEC27PHXNOP,KXNBAGAME,game_winner,Phoenix vs New Orleans Winner?,New Orleans,New Orleans,no,0,finalized,2025-12-25T16:06:00Z,2025-12-28T03:10:20.747598Z,2025-12-28T03:00:00Z,2030103.00,0.00,1766881800,expected_expiration-150m,1766881800,0.38,0.39,0.385,0.39,111
KXNBAGAME-25DEC27DALSAC-SAC,KXNBAGAME-25DEC27DALSAC,KXNBAGAME,game_winner,Dallas vs Sacramento Winner?,Sacramento,Sacramento,yes,1,finalized,2025-12-25T13:06:00Z,2025-12-28T00:24:41.85528Z,2025-12-28T01:00:00Z,2077870.00,0.00,1766874600,expected_expiration-150m,1766874600,0.68,0.7,0.69,0.7,111
KXNBAGAME-25DEC27DALSAC-DAL,KXNBAGAME-25DEC27DALSAC,KXNBAGAME,game_winner,Dallas vs Sacramento Winner?,Dallas,Dallas,no,0,finalized,2025-12-25T13:06:00Z,2025-12-28T00:24:41.85528Z,2025-12-28T01:00:00Z,3427873.00,0.00,1766874600,expected_expiration-150m,1766874600,0.3,0.32,0.31,0.32,111
KXNBAGAME-25DEC26LACPOR-LAC,KXNBAGAME-25DEC26LACPOR,KXNBAGAME,game_winner,Los Angeles C vs Portland Winner?,Los Angeles C,Los Angeles C,yes,1,finalized,2025-12-24T19:05:00Z,2025-12-27T05:50:02.860326Z,2025-12-27T06:00:00Z,5122727.00,0.00,1766806200,expected_expiration-150m,1766806200,0.41,0.42,0.415,0.42,111
KXNBAGAME-25DEC27BKNMIN-MIN,KXNBAGAME-25DEC27BKNMIN,KXNBAGAME,game_winner,Brooklyn vs Minnesota Winner?,Minnesota,Minnesota,no,0,finalized,2025-12-25T16:06:00Z,2025-12-28T03:35:18.110264Z,2025-12-28T04:00:00Z,1490431.00,0.00,1766885400,expected_expiration-150m,1766885400,0.87,0.88,0.875,0.88,111
KXNBAGAME-25DEC27BKNMIN-BKN,KXNBAGAME-25DEC27BKNMIN,KXNBAGAME,game_winner,Brooklyn vs Minnesota Winner?,Brooklyn,Brooklyn,yes,1,finalized,2025-12-25T16:06:00Z,2025-12-28T03:35:18.110264Z,2025-12-28T04:00:00Z,1937394.00,0.00,1766885400,expected_expiration-150m,1766885400,0.12,0.13,0.125,0.13,111
KXNBAGAME-25DEC26DETUTA-DET,KXNBAGAME-25DEC26DETUTA,KXNBAGAME,game_winner,Detroit vs Utah Winner?,Detroit,Detroit,no,0,finalized,2025-12-24T19:05:00Z,2025-12-27T05:19:45.680338Z,2025-12-27T05:30:00Z,5238477.00,0.00,1766804400,expected_expiration-150m,1766804400,0.71,0.72,0.715,0.71,111
KXNBAGAME-25DEC26DETUTA-UTA,KXNBAGAME-25DEC26DETUTA,KXNBAGAME,game_winner,Detroit vs Utah Winner?,Utah,Utah,yes,1,finalized,2025-12-24T19:05:00Z,2025-12-27T05:19:45.680338Z,2025-12-27T05:30:00Z,7156992.00,0.00,1766804400,expected_expiration-150m,1766804400,0.28,0.29,0.28500000000000003,0.29,111
KXNBAGAME-25DEC26PHXNOP-PHX,KXNBAGAME-25DEC26PHXNOP,KXNBAGAME,game_winner,Phoenix vs New Orleans Winner?,Phoenix,Phoenix,yes,1,finalized,2025-12-24T16:05:00Z,2025-12-27T03:54:29.131724Z,2025-12-27T04:00:00Z,4189391.00,0.00,1766799000,expected_expiration-150m,1766799000,0.71,0.73,0.72,0.73,111
KXNBAGAME-25DEC27DENORL-DEN,KXNBAGAME-25DEC27DENORL,KXNBAGAME,game_winner,Denver vs Orlando Winner?,Denver,Denver,no,0,finalized,2025-12-25T16:06:00Z,2025-12-28T03:19:55.274947Z,2025-12-28T03:00:00Z,4587995.00,0.00,1766881800,expected_expiration-150m,1766881800,0.62,0.63,0.625,0.64,111
KXNBAGAME-25DEC26CHAORL-ORL,KXNBAGAME-25DEC26CHAORL,KXNBAGAME,game_winner,Charlotte vs Orlando Winner?,Orlando,Orlando,no,0,finalized,2025-12-24T16:05:00Z,2025-12-27T02:44:43.312833Z,2025-12-27T03:00:00Z,2904434.00,0.00,1766795400,expected_expiration-150m,1766795400,0.48,0.49,0.485,0.49,111
KXNBAGAME-25DEC26PHXNOP-NOP,KXNBAGAME-25DEC26PHXNOP,KXNBAGAME,game_winner,Phoenix vs New Orleans Winner?,New Orleans,New Orleans,no,0,finalized,2025-12-24T16:05:00Z,2025-12-27T03:54:29.131724Z,2025-12-27T04:00:00Z,3011172.00,0.00,1766799000,expected_expiration-150m,1766799000,0.27,0.29,0.28,0.27,111
KXNBAGAME-25DEC26PHICHI-PHI,KXNBAGAME-25DEC26PHICHI,KXNBAGAME,game_winner,Philadelphia vs Chicago Winner?,Philadelphia,Philadelphia,no,0,finalized,2025-12-24T16:05:00Z,2025-12-27T03:20:17.091856Z,2025-12-27T03:30:00Z,4308393.00,0.00,1766797200,expected_expiration-150m,1766797200,0.52,0.54,0.53,0.54,111
KXNBAGAME-25DEC26LACPOR-POR,KXNBAGAME-25DEC26LACPOR,KXNBAGAME,game_winner,Los Angeles C vs Portland Winner?,Portland,Portland,no,0,finalized,2025-12-24T19:05:00Z,2025-12-27T05:50:02.860326Z,2025-12-27T06:00:00Z,5887558.00,0.00,1766806200,expected_expiration-150m,1766806200,0.6,0.61,0.605,0.61,111
KXNBAGAME-25DEC26PHICHI-CHI,KXNBAGAME-25DEC26PHICHI,KXNBAGAME,game_winner,Philadelphia vs Chicago Winner?,Chicago,Chicago,yes,1,finalized,2025-12-24T16:05:00Z,2025-12-27T03:20:17.091856Z,2025-12-27T03:30:00Z,4956421.00,0.00,1766797200,expected_expiration-150m,1766797200,0.46,0.48,0.47,0.48,111
KXNBAGAME-25DEC26CHAORL-CHA,KXNBAGAME-25DEC26CHAORL,KXNBAGAME,game_winner,Charlotte vs Orlando Winner?,Charlotte,Charlotte,yes,1,finalized,2025-12-24T16:05:00Z,2025-12-27T02:44:43.312833Z,2025-12-27T03:00:00Z,2027068.00,0.00,1766795400,expected_expiration-150m,1766795400,0.51,0.52,0.515,0.52,111
KXNBAGAME-25DEC26BOSIND-IND,KXNBAGAME-25DEC26BOSIND,KXNBAGAME,game_winner,Boston vs Indiana Winner?,Indiana,Indiana,no,0,finalized,2025-12-24T16:05:00Z,2025-12-27T02:44:43.665276Z,2025-12-27T03:00:00Z,2280688.00,0.00,1766795400,expected_expiration-150m,1766795400,0.41,0.42,0.415,0.42,111
KXNBAGAME-25DEC26TORWAS-WAS,KXNBAGAME-25DEC26TORWAS,KXNBAGAME,game_winner,Toronto vs Washington Winner?,Washington,Washington,yes,1,finalized,2025-12-24T16:05:00Z,2025-12-27T02:34:40.339525Z,2025-12-27T03:00:00Z,2333714.00,0.00,1766795400,expected_expiration-150m,1766795400,0.28,0.29,0.28500000000000003,0.29,111
KXNBAGAME-25DEC26BOSIND-BOS,KXNBAGAME-25DEC26BOSIND,KXNBAGAME,game_winner,Boston vs Indiana Winner?,Boston,Boston,yes,1,finalized,2025-12-24T16:05:00Z,2025-12-27T02:44:43.665276Z,2025-12-27T03:00:00Z,2055467.00,0.00,1766795400,expected_expiration-150m,1766795400,0.59,0.6,0.595,0.6,111
KXNBAGAME-25DEC26TORWAS-TOR,KXNBAGAME-25DEC26TORWAS,KXNBAGAME,game_winner,Toronto vs Washington Winner?,Toronto,Toronto,no,0,finalized,2025-12-24T16:05:00Z,2025-12-27T02:34:40.339525Z,2025-12-27T03:00:00Z,2757116.00,0.00,1766795400,expected_expiration-150m,1766795400,0.71,0.72,0.715,0.72,111
KXNBAGAME-25DEC26MILMEM-MIL,KXNBAGAME-25DEC26MILMEM,KXNBAGAME,game_winner,Milwaukee vs Memphis Winner?,Milwaukee,Milwaukee,no,0,finalized,2025-12-24T16:05:00Z,2025-12-27T03:44:30.419432Z,2025-12-27T04:00:00Z,2142318.00,0.00,1766799000,expected_expiration-150m,1766799000,0.36,0.37,0.365,0.37,111
KXNBAGAME-25DEC26MILMEM-MEM,KXNBAGAME-25DEC26MILMEM,KXNBAGAME,game_winner,Milwaukee vs Memphis Winner?,Memphis,Memphis,yes,1,finalized,2025-12-24T16:05:00Z,2025-12-27T03:44:30.419432Z,2025-12-27T04:00:00Z,906547.00,0.00,1766799000,expected_expiration-150m,1766799000,0.63,0.64,0.635,0.65,111
KXNBAGAME-25DEC25MINDEN-DEN,KXNBAGAME-25DEC25MINDEN,KXNBAGAME,game_winner,Minnesota vs Denver Winner?,Denver,Denver,yes,1,finalized,2025-12-22T18:20:00Z,2025-12-26T07:04:24.416899Z,2025-12-26T06:30:00Z,15751919.00,0.00,1766721600,expected_expiration-150m,1766721600,0.39,0.4,0.395,0.4,111
KXNBAGAME-25DEC26MIAATL-ATL,KXNBAGAME-25DEC26MIAATL,KXNBAGAME,game_winner,Miami vs Atlanta Winner?,Atlanta,Atlanta,no,0,finalized,2025-12-24T16:05:00Z,2025-12-27T02:30:36.244964Z,2025-12-27T03:00:00Z,2368689.00,0.00,1766795400,expected_expiration-150m,1766795400,0.58,0.59,0.585,0.6,111
KXNBAGAME-25DEC25DALGSW-GSW,KXNBAGAME-25DEC25DALGSW,KXNBAGAME,game_winner,Dallas vs Golden State Winner?,Golden State,Golden State,yes,1,finalized,2025-12-22T18:20:00Z,2025-12-26T01:01:03.609687Z,2025-12-26T01:00:00Z,3074141.00,0.00,1766701800,expected_expiration-150m,1766701800,0.74,0.75,0.745,0.75,111
KXNBAGAME-25DEC25DALGSW-DAL,KXNBAGAME-25DEC25DALGSW,KXNBAGAME,game_winner,Dallas vs Golden State Winner?,Dallas,Dallas,no,0,finalized,2025-12-22T18:20:00Z,2025-12-26T01:01:03.609687Z,2025-12-26T01:00:00Z,8523940.00,0.00,1766701800,expected_expiration-150m,1766701800,0.26,0.27,0.265,0.27,111
KXNBAGAME-25DEC25CLENYK-CLE,KXNBAGAME-25DEC25CLENYK,KXNBAGAME,game_winner,Cleveland vs New York Winner?,Cleveland,Cleveland,no,0,finalized,2025-12-22T18:20:00Z,2025-12-25T19:54:27.817598Z,2025-12-25T20:00:00Z,7930737.00,0.00,1766683800,expected_expiration-150m,1766683800,0.55,0.57,0.56,0.54,111
KXNBAGAME-25DEC25HOULAL-LAL,KXNBAGAME-25DEC25HOULAL,KXNBAGAME,game_winner,Houston vs Los Angeles L Winner?,Los Angeles L,Los Angeles L,no,0,finalized,2025-12-22T18:20:00Z,2025-12-26T03:49:56.246482Z,2025-12-26T04:00:00Z,9755447.00,0.00,1766712600,expected_expiration-150m,1766712600,0.35,0.36,0.355,0.36,111
KXNBAGAME-25DEC25SASOKC-SAS,KXNBAGAME-25DEC25SASOKC,KXNBAGAME,game_winner,San Antonio vs Oklahoma City Winner?,San Antonio,San Antonio,yes,1,finalized,2025-12-22T18:20:00Z,2025-12-25T22:10:10.587605Z,2025-12-25T22:30:00Z,13904008.00,0.00,1766692800,expected_expiration-150m,1766692800,0.19,0.2,0.195,0.2,111
KXNBAGAME-25DEC25SASOKC-OKC,KXNBAGAME-25DEC25SASOKC,KXNBAGAME,game_winner,San Antonio vs Oklahoma City Winner?,Oklahoma City,Oklahoma City,no,0,finalized,2025-12-22T18:20:00Z,2025-12-25T22:10:10.587605Z,2025-12-25T22:30:00Z,7290411.00,0.00,1766692800,expected_expiration-150m,1766692800,0.8,0.81,0.805,0.8,111
KXNBAGAME-25DEC23ORLPOR-POR,KXNBAGAME-25DEC23ORLPOR,KXNBAGAME,game_winner,Orlando vs Portland Winner?,Portland,Portland,no,0,finalized,2025-12-21T19:06:00Z,2025-12-24T05:39:58.178743Z,2025-12-24T06:00:00Z,2971823.00,0.00,1766547000,expected_expiration-150m,1766547000,0.33,0.34,0.335,0.34,110
KXNBAGAME-25DEC25HOULAL-HOU,KXNBAGAME-25DEC25HOULAL,KXNBAGAME,game_winner,Houston vs Los Angeles L Winner?,Houston,Houston,yes,1,finalized,2025-12-22T18:20:00Z,2025-12-26T03:49:56.246482Z,2025-12-26T04:00:00Z,4803285.00,0.00,1766712600,expected_expiration-150m,1766712600,0.64,0.65,0.645,0.65,111
KXNBAGAME-25DEC23HOULAC-LAC,KXNBAGAME-25DEC23HOULAC,KXNBAGAME,game_winner,Houston vs Los Angeles C Winner?,Los Angeles C,Los Angeles C,yes,1,finalized,2025-12-21T19:06:00Z,2025-12-24T06:09:45.618125Z,2025-12-24T06:30:00Z,3305049.00,0.00,1766548800,expected_expiration-150m,1766548800,0.23,0.24,0.235,0.24,111
KXNBAGAME-25DEC23ORLPOR-ORL,KXNBAGAME-25DEC23ORLPOR,KXNBAGAME,game_winner,Orlando vs Portland Winner?,Orlando,Orlando,yes,1,finalized,2025-12-21T19:06:00Z,2025-12-24T05:39:58.178743Z,2025-12-24T06:00:00Z,3046923.00,0.00,1766547000,expected_expiration-150m,1766547000,0.65,0.67,0.66,0.67,111
KXNBAGAME-25DEC25CLENYK-NYK,KXNBAGAME-25DEC25CLENYK,KXNBAGAME,game_winner,Cleveland vs New York Winner?,New York,New York,yes,1,finalized,2025-12-22T18:20:00Z,2025-12-25T19:54:27.817598Z,2025-12-25T20:00:00Z,11887750.00,0.00,1766683800,expected_expiration-150m,1766683800,0.45,0.46,0.455,0.46,111
KXNBAGAME-25DEC23DETSAC-SAC,KXNBAGAME-25DEC23DETSAC,KXNBAGAME,game_winner,Detroit vs Sacramento Winner?,Sacramento,Sacramento,no,0,finalized,2025-12-21T19:06:00Z,2025-12-24T06:00:04.271701Z,2025-12-24T06:00:00Z,2262806.00,0.00,1766547000,expected_expiration-150m,1766547000,0.15,0.16,0.155,0.16,111
KXNBAGAME-25DEC23LALPHX-PHX,KXNBAGAME-25DEC23LALPHX,KXNBAGAME,game_winner,Los Angeles L vs Phoenix Winner?,Phoenix,Phoenix,yes,1,finalized,2025-12-21T19:06:00Z,2025-12-24T04:39:47.248718Z,2025-12-24T05:00:00Z,774643.00,0.00,1766543400,expected_expiration-150m,1766543400,0.55,0.57,0.56,0.57,111
KXNBAGAME-25DEC23DETSAC-DET,KXNBAGAME-25DEC23DETSAC,KXNBAGAME,game_winner,Detroit vs Sacramento Winner?,Detroit,Detroit,yes,1,finalized,2025-12-21T19:06:00Z,2025-12-24T06:00:04.271701Z,2025-12-24T06:00:00Z,907973.00,0.00,1766547000,expected_expiration-150m,1766547000,0.84,0.85,0.845,0.85,111
KXNBAGAME-25DEC23MEMUTA-UTA,KXNBAGAME-25DEC23MEMUTA,KXNBAGAME,game_winner,Memphis vs Utah Winner?,Utah,Utah,no,0,finalized,2025-12-21T19:06:00Z,2025-12-24T04:54:33.869747Z,2025-12-24T05:00:00Z,2496604.00,0.00,1766543400,expected_expiration-150m,1766543400,0.29,0.31,0.3,0.31,111
KXNBAGAME-25DEC23LALPHX-LAL,KXNBAGAME-25DEC23LALPHX,KXNBAGAME,game_winner,Los Angeles L vs Phoenix Winner?,Los Angeles L,Los Angeles L,no,0,finalized,2025-12-21T19:06:00Z,2025-12-24T04:39:47.248718Z,2025-12-24T05:00:00Z,2176906.00,0.00,1766543400,expected_expiration-150m,1766543400,0.43,0.45,0.44,0.45,111
KXNBAGAME-25DEC23MEMUTA-MEM,KXNBAGAME-25DEC23MEMUTA,KXNBAGAME,game_winner,Memphis vs Utah Winner?,Memphis,Memphis,yes,1,finalized,2025-12-21T19:06:00Z,2025-12-24T04:54:33.869747Z,2025-12-24T05:00:00Z,1228999.00,0.00,1766543400,expected_expiration-150m,1766543400,0.7,0.71,0.705,0.68,110
KXNBAGAME-25DEC23OKCSAS-SAS,KXNBAGAME-25DEC23OKCSAS,KXNBAGAME,game_winner,Oklahoma City vs San Antonio Winner?,San Antonio,San Antonio,yes,1,finalized,2025-12-21T19:06:00Z,2025-12-24T04:14:41.405399Z,2025-12-24T04:30:00Z,3448285.00,0.00,1766541600,expected_expiration-150m,1766541600,0.35,0.36,0.355,0.37,111
KXNBAGAME-25DEC23NYKMIN-NYK,KXNBAGAME-25DEC23NYKMIN,KXNBAGAME,game_winner,New York vs Minnesota Winner?,New York,New York,no,0,finalized,2025-12-21T16:06:00Z,2025-12-24T03:50:02.899562Z,2025-12-24T04:00:00Z,3134961.00,0.00,1766539800,expected_expiration-150m,1766539800,0.34,0.35,0.345,0.34,111
KXNBAGAME-25DEC23NYKMIN-MIN,KXNBAGAME-25DEC23NYKMIN,KXNBAGAME,game_winner,New York vs Minnesota Winner?,Minnesota,Minnesota,yes,1,finalized,2025-12-21T16:06:00Z,2025-12-24T03:50:02.899562Z,2025-12-24T04:00:00Z,1233494.00,0.00,1766539800,expected_expiration-150m,1766539800,0.65,0.66,0.655,0.67,111
KXNBAGAME-25DEC23DENDAL-DEN,KXNBAGAME-25DEC23DENDAL,KXNBAGAME,game_winner,Denver vs Dallas Winner?,Denver,Denver,no,0,finalized,2025-12-21T16:06:00Z,2025-12-24T03:34:41.067424Z,2025-12-24T04:00:00Z,5098020.00,0.00,1766539800,expected_expiration-150m,1766539800,0.41,0.42,0.415,0.42,111
KXNBAGAME-25DEC23DENDAL-DAL,KXNBAGAME-25DEC23DENDAL,KXNBAGAME,game_winner,Denver vs Dallas Winner?,Dallas,Dallas,yes,1,finalized,2025-12-21T16:06:00Z,2025-12-24T03:34:41.067424Z,2025-12-24T04:00:00Z,2583079.00,0.00,1766539800,expected_expiration-150m,1766539800,0.58,0.59,0.585,0.59,111
KXNBAGAME-25DEC23TORMIA-TOR,KXNBAGAME-25DEC23TORMIA,KXNBAGAME,game_winner,Toronto vs Miami Winner?,Toronto,Toronto,yes,1,finalized,2025-12-21T16:06:00Z,2025-12-24T03:14:50.846887Z,2025-12-24T03:30:00Z,1473270.00,0.00,1766538000,expected_expiration-150m,1766538000,0.45,0.46,0.455,0.46,111
KXNBAGAME-25DEC23TORMIA-MIA,KXNBAGAME-25DEC23TORMIA,KXNBAGAME,game_winner,Toronto vs Miami Winner?,Miami,Miami,no,0,finalized,2025-12-21T16:06:00Z,2025-12-24T03:14:50.846887Z,2025-12-24T03:30:00Z,951597.00,0.00,1766538000,expected_expiration-150m,1766538000,0.54,0.55,0.545,0.54,110
KXNBAGAME-25DEC23CHIATL-CHI,KXNBAGAME-25DEC23CHIATL,KXNBAGAME,game_winner,Chicago vs Atlanta Winner?,Chicago,Chicago,yes,1,finalized,2025-12-21T16:06:00Z,2025-12-24T03:20:08.270656Z,2025-12-24T03:30:00Z,2130988.00,0.00,1766538000,expected_expiration-150m,1766538000,0.27,0.28,0.275,0.28,111
KXNBAGAME-25DEC23CHIATL-ATL,KXNBAGAME-25DEC23CHIATL,KXNBAGAME,game_winner,Chicago vs Atlanta Winner?,Atlanta,Atlanta,no,0,finalized,2025-12-21T16:06:00Z,2025-12-24T03:20:08.270656Z,2025-12-24T03:30:00Z,1584267.00,0.00,1766538000,expected_expiration-150m,1766538000,0.72,0.74,0.73,0.74,111
KXNBAGAME-25DEC23NOPCLE-NOP,KXNBAGAME-25DEC23NOPCLE,KXNBAGAME,game_winner,New Orleans vs Cleveland Winner?,New Orleans,New Orleans,no,0,finalized,2025-12-21T16:06:00Z,2025-12-24T03:10:18.801971Z,2025-12-24T03:30:00Z,1076281.00,0.00,1766538000,expected_expiration-150m,1766538000,0.14,0.15,0.14500000000000002,0.15,111
KXNBAGAME-25DEC27DENORL-ORL,KXNBAGAME-25DEC27DENORL,KXNBAGAME,game_winner,Denver vs Orlando Winner?,Orlando,Orlando,yes,1,finalized,2025-12-25T16:06:00Z,2025-12-28T03:19:55.274947Z,2025-12-28T03:00:00Z,3683860.00,0.00,1766881800,expected_expiration-150m,1766881800,0.38,0.39,0.385,0.38,111
KXNBAGAME-25DEC23OKCSAS-OKC,KXNBAGAME-25DEC23OKCSAS,KXNBAGAME,game_winner,Oklahoma City vs San Antonio Winner?,Oklahoma City,Oklahoma City,no,0,finalized,2025-12-21T19:06:00Z,2025-12-24T04:14:41.405399Z,2025-12-24T04:30:00Z,3397071.00,0.00,1766541600,expected_expiration-150m,1766541600,0.64,0.65,0.645,0.66,111
KXNBAGAME-25DEC23NOPCLE-CLE,KXNBAGAME-25DEC23NOPCLE,KXNBAGAME,game_winner,New Orleans vs Cleveland Winner?,Cleveland,Cleveland,yes,1,finalized,2025-12-21T16:06:00Z,2025-12-24T03:10:18.801971Z,2025-12-24T03:30:00Z,286056.00,0.00,1766538000,expected_expiration-150m,1766538000,0.87,0.88,0.875,0.88,110
KXNBAGAME-25DEC23MILIND-MIL,KXNBAGAME-25DEC23MILIND,KXNBAGAME,game_winner,Milwaukee vs Indiana Winner?,Milwaukee,Milwaukee,yes,1,finalized,2025-12-21T16:06:00Z,2025-12-24T03:10:20.078099Z,2025-12-24T03:30:00Z,425902.00,0.00,1766538000,expected_expiration-150m,1766538000,0.51,0.52,0.515,0.52,111
KXNBAGAME-25DEC23WASCHA-WAS,KXNBAGAME-25DEC23WASCHA,KXNBAGAME,game_winner,Washington vs Charlotte Winner?,Washington,Washington,no,0,finalized,2025-12-21T16:06:00Z,2025-12-24T02:40:21.209516Z,2025-12-24T03:00:00Z,1355201.00,0.00,1766536200,expected_expiration-150m,1766536200,0.38,0.39,0.385,0.39,111
KXNBAGAME-25DEC23MILIND-IND,KXNBAGAME-25DEC23MILIND,KXNBAGAME,game_winner,Milwaukee vs Indiana Winner?,Indiana,Indiana,no,0,finalized,2025-12-21T16:06:00Z,2025-12-24T03:10:20.078099Z,2025-12-24T03:30:00Z,618649.00,0.00,1766538000,expected_expiration-150m,1766538000,0.48,0.49,0.485,0.48,111
KXNBAGAME-25DEC23WASCHA-CHA,KXNBAGAME-25DEC23WASCHA,KXNBAGAME,game_winner,Washington vs Charlotte Winner?,Charlotte,Charlotte,yes,1,finalized,2025-12-21T16:06:00Z,2025-12-24T02:40:21.209516Z,2025-12-24T03:00:00Z,1075760.00,0.00,1766536200,expected_expiration-150m,1766536200,0.62,0.63,0.625,0.63,111
KXNBAGAME-25DEC23BKNPHI-PHI,KXNBAGAME-25DEC23BKNPHI,KXNBAGAME,game_winner,Brooklyn vs Philadelphia Winner?,Philadelphia,Philadelphia,no,0,finalized,2025-12-21T16:06:00Z,2025-12-24T03:00:21.027361Z,2025-12-24T03:00:00Z,2525393.00,0.00,1766536200,expected_expiration-150m,1766536200,0.73,0.74,0.735,0.74,111
KXNBAGAME-25DEC22MEMOKC-OKC,KXNBAGAME-25DEC22MEMOKC,KXNBAGAME,game_winner,Memphis vs Oklahoma City Winner?,Oklahoma City,Oklahoma City,yes,1,finalized,2025-12-20T19:06:00Z,2025-12-23T05:09:41.840704Z,2025-12-23T05:30:00Z,1329823.00,0.00,1766458800,expected_expiration-150m,1766458800,0.88,0.89,0.885,0.88,110
KXNBAGAME-25DEC23BKNPHI-BKN,KXNBAGAME-25DEC23BKNPHI,KXNBAGAME,game_winner,Brooklyn vs Philadelphia Winner?,Brooklyn,Brooklyn,yes,1,finalized,2025-12-21T16:06:00Z,2025-12-24T03:00:21.027361Z,2025-12-24T03:00:00Z,2304111.00,0.00,1766536200,expected_expiration-150m,1766536200,0.27,0.28,0.275,0.28,111
KXNBAGAME-25DEC22MEMOKC-MEM,KXNBAGAME-25DEC22MEMOKC,KXNBAGAME,game_winner,Memphis vs Oklahoma City Winner?,Memphis,Memphis,no,0,finalized,2025-12-20T19:06:00Z,2025-12-23T05:09:41.840704Z,2025-12-23T05:30:00Z,3916292.00,0.00,1766458800,expected_expiration-150m,1766458800,0.11,0.12,0.11499999999999999,0.12,111
KXNBAGAME-25DEC22DETPOR-POR,KXNBAGAME-25DEC22DETPOR,KXNBAGAME,game_winner,Detroit vs Portland Winner?,Portland,Portland,no,0,finalized,2025-12-20T19:06:00Z,2025-12-23T06:00:35.085833Z,2025-12-23T06:00:00Z,3723513.00,0.00,1766460600,expected_expiration-150m,1766460600,0.25,0.27,0.26,0.27,111
KXNBAGAME-25DEC22DETPOR-DET,KXNBAGAME-25DEC22DETPOR,KXNBAGAME,game_winner,Detroit vs Portland Winner?,Detroit,Detroit,yes,1,finalized,2025-12-20T19:06:00Z,2025-12-23T06:00:35.085833Z,2025-12-23T06:00:00Z,2720864.00,0.00,1766460600,expected_expiration-150m,1766460600,0.74,0.75,0.745,0.75,111
KXNBAGAME-25DEC22ORLGSW-ORL,KXNBAGAME-25DEC22ORLGSW,KXNBAGAME,game_winner,Orlando vs Golden State Winner?,Orlando,Orlando,no,0,finalized,2025-12-20T19:06:00Z,2025-12-23T05:44:28.622448Z,2025-12-23T06:00:00Z,4326448.00,0.00,1766460600,expected_expiration-150m,1766460600,0.35,0.36,0.355,0.36,111
KXNBAGAME-25DEC22ORLGSW-GSW,KXNBAGAME-25DEC22ORLGSW,KXNBAGAME,game_winner,Orlando vs Golden State Winner?,Golden State,Golden State,yes,1,finalized,2025-12-20T19:06:00Z,2025-12-23T05:44:28.622448Z,2025-12-23T06:00:00Z,2850517.00,0.00,1766460600,expected_expiration-150m,1766460600,0.64,0.65,0.645,0.65,111
KXNBAGAME-25DEC22UTADEN-UTA,KXNBAGAME-25DEC22UTADEN,KXNBAGAME,game_winner,Utah vs Denver Winner?,Utah,Utah,no,0,finalized,2025-12-20T19:06:00Z,2025-12-23T04:44:31.12941Z,2025-12-23T05:00:00Z,1787905.00,0.00,1766457000,expected_expiration-150m,1766457000,0.04,0.06,0.05,0.04,111
KXNBAGAME-25DEC22DALNOP-NOP,KXNBAGAME-25DEC22DALNOP,KXNBAGAME,game_winner,Dallas vs New Orleans Winner?,New Orleans,New Orleans,yes,1,finalized,2025-12-20T16:06:00Z,2025-12-23T03:39:46.09021Z,2025-12-23T04:00:00Z,2252873.00,0.00,1766453400,expected_expiration-150m,1766453400,0.56,0.58,0.5700000000000001,0.57,110
KXNBAGAME-25DEC22UTADEN-DEN,KXNBAGAME-25DEC22UTADEN,KXNBAGAME,game_winner,Utah vs Denver Winner?,Denver,Denver,yes,1,finalized,2025-12-20T19:06:00Z,2025-12-23T04:44:31.12941Z,2025-12-23T05:00:00Z,465182.00,0.00,1766457000,expected_expiration-150m,1766457000,0.94,0.96,0.95,0.94,108
KXNBAGAME-25DEC22DALNOP-DAL,KXNBAGAME-25DEC22DALNOP,KXNBAGAME,game_winner,Dallas vs New Orleans Winner?,Dallas,Dallas,no,0,finalized,2025-12-20T16:06:00Z,2025-12-23T03:39:46.09021Z,2025-12-23T04:00:00Z,3463044.00,0.00,1766453400,expected_expiration-150m,1766453400,0.42,0.43,0.425,0.43,111
KXNBAGAME-25DEC22INDBOS-IND,KXNBAGAME-25DEC22INDBOS,KXNBAGAME,game_winner,Indiana vs Boston Winner?,Indiana,Indiana,no,0,finalized,2025-12-20T16:06:00Z,2025-12-23T03:00:38.49992Z,2025-12-23T03:30:00Z,3533139.00,0.00,1766451600,expected_expiration-150m,1766451600,0.33,0.34,0.335,0.34,111
KXNBAGAME-25DEC25MINDEN-MIN,KXNBAGAME-25DEC25MINDEN,KXNBAGAME,game_winner,Minnesota vs Denver Winner?,Minnesota,Minnesota,no,0,finalized,2025-12-22T18:20:00Z,2025-12-26T07:04:24.416899Z,2025-12-26T06:30:00Z,15795760.00,0.00,1766721600,expected_expiration-150m,1766721600,0.6,0.62,0.61,0.62,111
KXNBAGAME-25DEC21HOUSAC-SAC,KXNBAGAME-25DEC21HOUSAC,KXNBAGAME,game_winner,Houston vs Sacramento Winner?,Sacramento,Sacramento,yes,1,finalized,2025-12-19T19:06:00Z,2025-12-22T06:00:04.319568Z,2025-12-22T06:00:00Z,9024136.00,0.00,1766374200,expected_expiration-150m,1766374200,0.19,0.2,0.195,0.2,111
KXNBAGAME-25DEC22CHACLE-CLE,KXNBAGAME-25DEC22CHACLE,KXNBAGAME,game_winner,Charlotte vs Cleveland Winner?,Cleveland,Cleveland,yes,1,finalized,2025-12-20T16:06:00Z,2025-12-23T03:00:39.393619Z,2025-12-23T03:00:00Z,1200432.00,0.00,1766449800,expected_expiration-150m,1766449800,0.77,0.78,0.775,0.78,111
KXNBAGAME-25DEC22INDBOS-BOS,KXNBAGAME-25DEC22INDBOS,KXNBAGAME,game_winner,Indiana vs Boston Winner?,Boston,Boston,yes,1,finalized,2025-12-20T16:06:00Z,2025-12-23T03:00:38.49992Z,2025-12-23T03:30:00Z,3216255.00,0.00,1766451600,expected_expiration-150m,1766451600,0.66,0.68,0.67,0.68,111
KXNBAGAME-25DEC21SASWAS-WAS,KXNBAGAME-25DEC21SASWAS,KXNBAGAME,game_winner,San Antonio vs Washington Winner?,Washington,Washington,no,0,finalized,2025-12-19T16:06:00Z,2025-12-22T02:49:42.91859Z,2025-12-22T03:00:00Z,1826093.00,0.00,1766363400,expected_expiration-150m,1766363400,0.1,0.11,0.10500000000000001,0.11,111
KXNBAGAME-25DEC21MILMIN-MIN,KXNBAGAME-25DEC21MILMIN,KXNBAGAME,game_winner,Milwaukee vs Minnesota Winner?,Minnesota,Minnesota,yes,1,finalized,2025-12-19T16:06:00Z,2025-12-22T02:44:34.059086Z,2025-12-22T03:00:00Z,2483276.00,0.00,1766363400,expected_expiration-150m,1766363400,0.73,0.76,0.745,0.75,111
KXNBAGAME-25DEC21SASWAS-SAS,KXNBAGAME-25DEC21SASWAS,KXNBAGAME,game_winner,San Antonio vs Washington Winner?,San Antonio,San Antonio,yes,1,finalized,2025-12-19T16:06:00Z,2025-12-22T02:49:42.91859Z,2025-12-22T03:00:00Z,406970.00,0.00,1766363400,expected_expiration-150m,1766363400,0.89,0.9,0.895,0.9,111
KXNBAGAME-25DEC21TORBKN-TOR,KXNBAGAME-25DEC21TORBKN,KXNBAGAME,game_winner,Toronto vs Brooklyn Winner?,Toronto,Toronto,no,0,finalized,2025-12-19T16:06:00Z,2025-12-22T01:30:21.696679Z,2025-12-22T02:00:00Z,3026472.00,0.00,1766359800,expected_expiration-150m,1766359800,0.58,0.59,0.585,0.59,111
KXNBAGAME-25DEC21MILMIN-MIL,KXNBAGAME-25DEC21MILMIN,KXNBAGAME,game_winner,Milwaukee vs Minnesota Winner?,Milwaukee,Milwaukee,no,0,finalized,2025-12-19T16:06:00Z,2025-12-22T02:44:34.059086Z,2025-12-22T03:00:00Z,3041786.00,0.00,1766363400,expected_expiration-150m,1766363400,0.24,0.27,0.255,0.25,111
KXNBAGAME-25DEC21TORBKN-BKN,KXNBAGAME-25DEC21TORBKN,KXNBAGAME,game_winner,Toronto vs Brooklyn Winner?,Brooklyn,Brooklyn,yes,1,finalized,2025-12-19T16:06:00Z,2025-12-22T01:30:21.696679Z,2025-12-22T02:00:00Z,1973220.00,0.00,1766359800,expected_expiration-150m,1766359800,0.41,0.43,0.42,0.43,111
KXNBAGAME-25DEC21MIANYK-NYK,KXNBAGAME-25DEC21MIANYK,KXNBAGAME,game_winner,Miami vs New York Winner?,New York,New York,yes,1,finalized,2025-12-19T16:06:00Z,2025-12-22T01:40:30.976484Z,2025-12-22T02:00:00Z,2168324.00,0.00,1766359800,expected_expiration-150m,1766359800,0.54,0.55,0.545,0.55,111
KXNBAGAME-25DEC21CHIATL-CHI,KXNBAGAME-25DEC21CHIATL,KXNBAGAME,game_winner,Chicago vs Atlanta Winner?,Chicago,Chicago,yes,1,finalized,2025-12-19T13:05:00Z,2025-12-21T23:20:19.213981Z,2025-12-21T23:30:00Z,2434714.00,0.00,1766350800,expected_expiration-150m,1766350800,0.55,0.56,0.555,0.56,111
KXNBAGAME-25DEC21HOUSAC-HOU,KXNBAGAME-25DEC21HOUSAC,KXNBAGAME,game_winner,Houston vs Sacramento Winner?,Houston,Houston,no,0,finalized,2025-12-19T19:06:00Z,2025-12-22T06:00:04.319568Z,2025-12-22T06:00:00Z,4952195.00,0.00,1766374200,expected_expiration-150m,1766374200,0.8,0.81,0.805,0.81,111
KXNBAGAME-25DEC23HOULAC-HOU,KXNBAGAME-25DEC23HOULAC,KXNBAGAME,game_winner,Houston vs Los Angeles C Winner?,Houston,Houston,no,0,finalized,2025-12-21T19:06:00Z,2025-12-24T06:09:45.618125Z,2025-12-24T06:30:00Z,5049654.00,0.00,1766548800,expected_expiration-150m,1766548800,0.76,0.77,0.765,0.76,111
KXNBAGAME-25DEC21MIANYK-MIA,KXNBAGAME-25DEC21MIANYK,KXNBAGAME,game_winner,Miami vs New York Winner?,Miami,Miami,no,0,finalized,2025-12-19T16:06:00Z,2025-12-22T01:40:30.976484Z,2025-12-22T02:00:00Z,2991730.00,0.00,1766359800,expected_expiration-150m,1766359800,0.45,0.46,0.455,0.46,111
KXNBAGAME-25DEC28BOSPOR-BOS,KXNBAGAME-25DEC28BOSPOR,KXNBAGAME,game_winner,Boston vs Portland Winner?,Boston,Boston,no,0,finalized,2025-12-26T16:06:00Z,2025-12-29T01:49:40.573251Z,2025-12-29T02:00:00Z,3609458.00,0.00,1766964600,expected_expiration-150m,,,,,,0
KXNBAGAME-25DEC20PORSAC-SAC,KXNBAGAME-25DEC20PORSAC,KXNBAGAME,game_winner,Portland vs Sacramento Winner?,Sacramento,Sacramento,no,0,finalized,2025-12-18T19:06:00Z,2025-12-21T06:14:35.114902Z,2025-12-21T06:00:00Z,2381201.00,0.00,1766287800,expected_expiration-150m,1766287800,0.28,0.29,0.28500000000000003,0.3,111
KXNBAGAME-25DEC20PORSAC-POR,KXNBAGAME-25DEC20PORSAC,KXNBAGAME,game_winner,Portland vs Sacramento Winner?,Portland,Portland,yes,1,finalized,2025-12-18T19:06:00Z,2025-12-21T06:14:35.114902Z,2025-12-21T06:00:00Z,1985269.00,0.00,1766287800,expected_expiration-150m,1766287800,0.71,0.72,0.715,0.72,110
KXNBAGAME-25DEC20ORLUTA-UTA,KXNBAGAME-25DEC20ORLUTA,KXNBAGAME,game_winner,Orlando vs Utah Winner?,Utah,Utah,no,0,finalized,2025-12-18T19:06:00Z,2025-12-21T05:44:28.861385Z,2025-12-21T05:30:00Z,5948565.00,0.00,1766286000,expected_expiration-150m,1766286000,0.33,0.34,0.335,0.34,111
KXNBAGAME-25DEC20PHXGSW-PHX,KXNBAGAME-25DEC20PHXGSW,KXNBAGAME,game_winner,Phoenix vs Golden State Winner?,Phoenix,Phoenix,no,0,finalized,2025-12-18T19:06:00Z,2025-12-21T04:24:31.507005Z,2025-12-21T04:30:00Z,3899357.00,0.00,1766282400,expected_expiration-150m,1766282400,0.46,0.48,0.47,0.47,111
KXNBAGAME-25DEC20ORLUTA-ORL,KXNBAGAME-25DEC20ORLUTA,KXNBAGAME,game_winner,Orlando vs Utah Winner?,Orlando,Orlando,yes,1,finalized,2025-12-18T19:06:00Z,2025-12-21T05:44:28.861385Z,2025-12-21T05:30:00Z,3645162.00,0.00,1766286000,expected_expiration-150m,1766286000,0.67,0.68,0.675,0.68,111
KXNBAGAME-25DEC20WASMEM-WAS,KXNBAGAME-25DEC20WASMEM,KXNBAGAME,game_winner,Washington vs Memphis Winner?,Washington,Washington,yes,1,finalized,2025-12-18T16:06:00Z,2025-12-21T03:44:34.70298Z,2025-12-21T04:00:00Z,2719634.00,0.00,1766280600,expected_expiration-150m,1766280600,0.12,0.13,0.125,0.12,111
KXNBAGAME-25DEC20LALLAC-LAL,KXNBAGAME-25DEC20LALLAC,KXNBAGAME,game_winner,Los Angeles L vs Los Angeles C Winner?,Los Angeles L,Los Angeles L,no,0,finalized,2025-12-18T19:06:00Z,2025-12-21T06:14:34.795206Z,2025-12-21T06:30:00Z,9126696.00,0.00,1766289600,expected_expiration-150m,1766289600,0.26,0.27,0.265,0.27,111
KXNBAGAME-25DEC21CHIATL-ATL,KXNBAGAME-25DEC21CHIATL,KXNBAGAME,game_winner,Chicago vs Atlanta Winner?,Atlanta,Atlanta,no,0,finalized,2025-12-19T13:05:00Z,2025-12-21T23:20:19.213981Z,2025-12-21T23:30:00Z,3004263.00,0.00,1766350800,expected_expiration-150m,1766350800,0.46,0.47,0.46499999999999997,0.47,111
KXNBAGAME-25DEC22CHACLE-CHA,KXNBAGAME-25DEC22CHACLE,KXNBAGAME,game_winner,Charlotte vs Cleveland Winner?,Charlotte,Charlotte,no,0,finalized,2025-12-20T16:06:00Z,2025-12-23T03:00:39.393619Z,2025-12-23T03:00:00Z,3998380.00,0.00,1766449800,expected_expiration-150m,1766449800,0.23,0.24,0.235,0.24,111
KXNBAGAME-25DEC28MEMWAS-MEM,KXNBAGAME-25DEC28MEMWAS,KXNBAGAME,game_winner,Memphis vs Washington Winner?,Memphis,Memphis,no,0,finalized,2025-12-26T16:06:00Z,2025-12-29T01:49:40.961338Z,2025-12-29T02:00:00Z,2706858.00,0.00,1766964600,expected_expiration-150m,,,,,,0
KXNBAGAME-25DEC20BOSTOR-TOR,KXNBAGAME-25DEC20BOSTOR,KXNBAGAME,game_winner,Boston vs Toronto Winner?,Toronto,Toronto,no,0,finalized,2025-12-18T16:06:00Z,2025-12-21T02:34:54.593804Z,2025-12-21T03:00:00Z,2181328.00,0.00,1766277000,expected_expiration-150m,1766277000,0.54,0.55,0.545,0.55,111
KXNBAGAME-25DEC20WASMEM-MEM,KXNBAGAME-25DEC20WASMEM,KXNBAGAME,game_winner,Washington vs Memphis Winner?,Memphis,Memphis,no,0,finalized,2025-12-18T16:06:00Z,2025-12-21T03:44:34.70298Z,2025-12-21T04:00:00Z,1383711.00,0.00,1766280600,expected_expiration-150m,1766280600,0.87,0.88,0.875,0.9,110
KXNBAGAME-25DEC20BOSTOR-BOS,KXNBAGAME-25DEC20BOSTOR,KXNBAGAME,game_winner,Boston vs Toronto Winner?,Boston,Boston,yes,1,finalized,2025-12-18T16:06:00Z,2025-12-21T02:34:54.593804Z,2025-12-21T03:00:00Z,1899118.00,0.00,1766277000,expected_expiration-150m,1766277000,0.46,0.49,0.475,0.49,111
KXNBAGAME-25DEC20LALLAC-LAC,KXNBAGAME-25DEC20LALLAC,KXNBAGAME,game_winner,Los Angeles L vs Los Angeles C Winner?,Los Angeles C,Los Angeles C,yes,1,finalized,2025-12-18T19:06:00Z,2025-12-21T06:14:34.795206Z,2025-12-21T06:30:00Z,2520925.00,0.00,1766289600,expected_expiration-150m,1766289600,0.73,0.74,0.735,0.74,111
KXNBAGAME-25DEC20DALPHI-PHI,KXNBAGAME-25DEC20DALPHI,KXNBAGAME,game_winner,Dallas vs Philadelphia Winner?,Philadelphia,Philadelphia,yes,1,finalized,2025-12-18T16:06:00Z,2025-12-21T02:34:54.669547Z,2025-12-21T03:00:00Z,3081947.00,0.00,1766277000,expected_expiration-150m,1766277000,0.51,0.53,0.52,0.53,111
KXNBAGAME-25DEC20CHADET-DET,KXNBAGAME-25DEC20CHADET,KXNBAGAME,game_winner,Charlotte vs Detroit Winner?,Detroit,Detroit,yes,1,finalized,2025-12-18T16:06:00Z,2025-12-21T03:30:21.984226Z,2025-12-21T03:30:00Z,653534.00,0.00,1766278800,expected_expiration-150m,1766278800,0.84,0.86,0.85,0.85,110
KXNBAGAME-25DEC20INDNOP-NOP,KXNBAGAME-25DEC20INDNOP,KXNBAGAME,game_winner,Indiana vs New Orleans Winner?,New Orleans,New Orleans,yes,1,finalized,2025-12-18T16:06:00Z,2025-12-21T03:00:18.882957Z,2025-12-21T03:00:00Z,741746.00,0.00,1766277000,expected_expiration-150m,1766277000,0.76,0.78,0.77,0.78,110
KXNBAGAME-25DEC20INDNOP-IND,KXNBAGAME-25DEC20INDNOP,KXNBAGAME,game_winner,Indiana vs New Orleans Winner?,Indiana,Indiana,no,0,finalized,2025-12-18T16:06:00Z,2025-12-21T03:00:18.882957Z,2025-12-21T03:00:00Z,1200069.00,0.00,1766277000,expected_expiration-150m,1766277000,0.22,0.23,0.225,0.23,111
KXNBAGAME-25DEC20DALPHI-DAL,KXNBAGAME-25DEC20DALPHI,KXNBAGAME,game_winner,Dallas vs Philadelphia Winner?,Dallas,Dallas,no,0,finalized,2025-12-18T16:06:00Z,2025-12-21T02:34:54.669547Z,2025-12-21T03:00:00Z,2527880.00,0.00,1766277000,expected_expiration-150m,1766277000,0.49,0.5,0.495,0.5,111
KXNBAGAME-25DEC20HOUDEN-HOU,KXNBAGAME-25DEC20HOUDEN,KXNBAGAME,game_winner,Houston vs Denver Winner?,Houston,Houston,yes,1,finalized,2025-12-18T13:06:00Z,2025-12-21T00:50:25.3438Z,2025-12-21T01:00:00Z,2337485.00,0.00,1766269800,expected_expiration-150m,1766269800,0.52,0.54,0.53,0.54,111
KXNBAGAME-25DEC19SASATL-ATL,KXNBAGAME-25DEC19SASATL,KXNBAGAME,game_winner,San Antonio vs Atlanta Winner?,Atlanta,Atlanta,no,0,finalized,2025-12-17T16:06:00Z,2025-12-20T02:50:15.214983Z,2025-12-20T03:30:00Z,805749.00,0.00,1766192400,expected_expiration-150m,1766192400,0.2,0.21,0.20500000000000002,0.21,111
KXNBAGAME-25DEC19CHICLE-CLE,KXNBAGAME-25DEC19CHICLE,KXNBAGAME,game_winner,Chicago vs Cleveland Winner?,Cleveland,Cleveland,no,0,finalized,2025-12-17T16:06:00Z,2025-12-20T03:04:30.010911Z,2025-12-20T03:30:00Z,2391669.00,0.00,1766192400,expected_expiration-150m,1766192400,0.62,0.63,0.625,0.63,111
KXNBAGAME-25DEC20CHADET-CHA,KXNBAGAME-25DEC20CHADET,KXNBAGAME,game_winner,Charlotte vs Detroit Winner?,Charlotte,Charlotte,no,0,finalized,2025-12-18T16:06:00Z,2025-12-21T03:30:21.984226Z,2025-12-21T03:30:00Z,1530420.00,0.00,1766278800,expected_expiration-150m,1766278800,0.14,0.16,0.15000000000000002,0.16,111
KXNBAGAME-25DEC19MIABOS-MIA,KXNBAGAME-25DEC19MIABOS,KXNBAGAME,game_winner,Miami vs Boston Winner?,Miami,Miami,no,0,finalized,2025-12-17T16:06:00Z,2025-12-20T02:44:36.584012Z,2025-12-20T03:00:00Z,3709670.00,0.00,1766190600,expected_expiration-150m,1766190600,0.31,0.32,0.315,0.32,111
KXNBAGAME-25DEC20PHXGSW-GSW,KXNBAGAME-25DEC20PHXGSW,KXNBAGAME,game_winner,Phoenix vs Golden State Winner?,Golden State,Golden State,yes,1,finalized,2025-12-18T19:06:00Z,2025-12-21T04:24:31.507005Z,2025-12-21T04:30:00Z,2751302.00,0.00,1766282400,expected_expiration-150m,1766282400,0.52,0.54,0.53,0.54,111
KXNBAGAME-25DEC19CHICLE-CHI,KXNBAGAME-25DEC19CHICLE,KXNBAGAME,game_winner,Chicago vs Cleveland Winner?,Chicago,Chicago,yes,1,finalized,2025-12-17T16:06:00Z,2025-12-20T03:04:30.010911Z,2025-12-20T03:30:00Z,2215151.00,0.00,1766192400,expected_expiration-150m,1766192400,0.37,0.39,0.38,0.39,111
KXNBAGAME-25DEC19PHINYK-NYK,KXNBAGAME-25DEC19PHINYK,KXNBAGAME,game_winner,Philadelphia vs New York Winner?,New York,New York,no,0,finalized,2025-12-17T16:06:00Z,2025-12-20T02:54:29.847866Z,2025-12-20T03:00:00Z,4225086.00,0.00,1766190600,expected_expiration-150m,1766190600,0.66,0.67,0.665,0.66,111
KXNBAGAME-25DEC19MIABOS-BOS,KXNBAGAME-25DEC19MIABOS,KXNBAGAME,game_winner,Miami vs Boston Winner?,Boston,Boston,yes,1,finalized,2025-12-17T16:06:00Z,2025-12-20T02:44:36.584012Z,2025-12-20T03:00:00Z,1479060.00,0.00,1766190600,expected_expiration-150m,1766190600,0.69,0.7,0.695,0.7,111
KXNBAGAME-25DEC18GSWPHX-GSW,KXNBAGAME-25DEC18GSWPHX,KXNBAGAME,game_winner,Golden State vs Phoenix Winner?,Golden State,Golden State,no,0,finalized,2025-12-17T04:06:00Z,2025-12-19T05:34:26.172128Z,2025-12-19T05:00:00Z,2321867.00,0.00,1766111400,expected_expiration-150m,1766111400,0.56,0.58,0.5700000000000001,0.58,111
KXNBAGAME-25DEC18SACPOR-SAC,KXNBAGAME-25DEC18SACPOR,KXNBAGAME,game_winner,Sacramento vs Portland Winner?,Sacramento,Sacramento,no,0,finalized,2025-12-17T04:06:00Z,2025-12-19T06:14:32.39859Z,2025-12-19T06:00:00Z,6862293.00,0.00,1766115000,expected_expiration-150m,1766115000,0.32,0.38,0.35,0.34,111
KXNBAGAME-25DEC18GSWPHX-PHX,KXNBAGAME-25DEC18GSWPHX,KXNBAGAME,game_winner,Golden State vs Phoenix Winner?,Phoenix,Phoenix,yes,1,finalized,2025-12-17T04:06:00Z,2025-12-19T05:34:26.172128Z,2025-12-19T05:00:00Z,2194809.00,0.00,1766111400,expected_expiration-150m,1766111400,0.41,0.44,0.425,0.44,111
KXNBAGAME-25DEC19OKCMIN-MIN,KXNBAGAME-25DEC19OKCMIN,KXNBAGAME,game_winner,Oklahoma City vs Minnesota Winner?,Minnesota,Minnesota,yes,1,finalized,2025-12-17T19:06:00Z,2025-12-20T05:29:42.660737Z,2025-12-20T05:30:00Z,6320885.00,0.00,1766199600,expected_expiration-150m,1766199600,0.17,0.19,0.18,0.19,111
KXNBAGAME-25DEC18SACPOR-POR,KXNBAGAME-25DEC18SACPOR,KXNBAGAME,game_winner,Sacramento vs Portland Winner?,Portland,Portland,yes,1,finalized,2025-12-17T04:06:00Z,2025-12-19T06:14:32.39859Z,2025-12-19T06:00:00Z,3775706.00,0.00,1766115000,expected_expiration-150m,1766115000,0.65,0.7,0.675,,111
KXNBAGAME-25DEC18LALUTA-UTA,KXNBAGAME-25DEC18LALUTA,KXNBAGAME,game_winner,Los Angeles L vs Utah Winner?,Utah,Utah,no,0,finalized,2025-12-17T04:06:00Z,2025-12-19T05:01:24.294483Z,2025-12-19T05:00:00Z,2267460.00,0.00,1766111400,expected_expiration-150m,1766111400,0.32,0.33,0.325,0.33,111
KXNBAGAME-25DEC18LALUTA-LAL,KXNBAGAME-25DEC18LALUTA,KXNBAGAME,game_winner,Los Angeles L vs Utah Winner?,Los Angeles L,Los Angeles L,yes,1,finalized,2025-12-17T04:06:00Z,2025-12-19T05:01:24.294483Z,2025-12-19T05:00:00Z,2324495.00,0.00,1766111400,expected_expiration-150m,1766111400,0.67,0.68,0.675,0.68,109
KXNBAGAME-25DEC18ORLDEN-ORL,KXNBAGAME-25DEC18ORLDEN,KXNBAGAME,game_winner,Orlando vs Denver Winner?,Orlando,Orlando,no,0,finalized,2025-12-17T04:06:00Z,2025-12-19T04:34:39.007528Z,2025-12-19T05:00:00Z,1133184.00,0.00,1766111400,expected_expiration-150m,1766111400,0.41,0.42,0.415,0.42,111
KXNBAGAME-25DEC18TORMIL-MIL,KXNBAGAME-25DEC18TORMIL,KXNBAGAME,game_winner,Toronto vs Milwaukee Winner?,Milwaukee,Milwaukee,no,0,finalized,2025-12-17T04:06:00Z,2025-12-19T04:00:45.363058Z,2025-12-19T04:00:00Z,1416096.00,0.00,1766107800,expected_expiration-150m,1766107800,0.27,0.28,0.275,0.28,111
KXNBAGAME-25DEC18TORMIL-TOR,KXNBAGAME-25DEC18TORMIL,KXNBAGAME,game_winner,Toronto vs Milwaukee Winner?,Toronto,Toronto,yes,1,finalized,2025-12-17T04:06:00Z,2025-12-19T04:00:45.363058Z,2025-12-19T04:00:00Z,1146116.00,0.00,1766107800,expected_expiration-150m,1766107800,0.71,0.72,0.715,0.72,111
KXNBAGAME-25DEC26MIAATL-MIA,KXNBAGAME-25DEC26MIAATL,KXNBAGAME,game_winner,Miami vs Atlanta Winner?,Miami,Miami,yes,1,finalized,2025-12-24T16:05:00Z,2025-12-27T02:30:36.244964Z,2025-12-27T03:00:00Z,2083308.00,0.00,1766795400,expected_expiration-150m,,,,,,0
KXNBAGAME-25DEC18DETDAL-DAL,KXNBAGAME-25DEC18DETDAL,KXNBAGAME,game_winner,Detroit vs Dallas Winner?,Dallas,Dallas,yes,1,finalized,2025-12-17T04:06:00Z,2025-12-19T05:01:24.588679Z,2025-12-19T04:30:00Z,2672495.00,0.00,1766109600,expected_expiration-150m,1766109600,0.39,0.4,0.395,0.4,111
KXNBAGAME-25DEC18DETDAL-DET,KXNBAGAME-25DEC18DETDAL,KXNBAGAME,game_winner,Detroit vs Dallas Winner?,Detroit,Detroit,no,0,finalized,2025-12-17T04:06:00Z,2025-12-19T05:01:24.588679Z,2025-12-19T04:30:00Z,3913334.00,0.00,1766109600,expected_expiration-150m,1766109600,0.6,0.62,0.61,0.62,111
KXNBAGAME-25DEC18HOUNOP-HOU,KXNBAGAME-25DEC18HOUNOP,KXNBAGAME,game_winner,Houston vs New Orleans Winner?,Houston,Houston,no,0,finalized,2025-12-17T04:05:00Z,2025-12-19T04:05:15.15932Z,2025-12-19T04:00:00Z,1673566.00,0.00,1766107800,expected_expiration-150m,1766107800,0.87,0.88,0.875,0.88,111
KXNBAGAME-25DEC18ORLDEN-DEN,KXNBAGAME-25DEC18ORLDEN,KXNBAGAME,game_winner,Orlando vs Denver Winner?,Denver,Denver,yes,1,finalized,2025-12-17T04:06:00Z,2025-12-19T04:34:39.007528Z,2025-12-19T05:00:00Z,802961.00,0.00,1766111400,expected_expiration-150m,1766111400,0.58,0.59,0.585,0.59,111
KXNBAGAME-25DEC18LACOKC-OKC,KXNBAGAME-25DEC18LACOKC,KXNBAGAME,game_winner,Los Angeles C vs Oklahoma City Winner?,Oklahoma City,Oklahoma City,yes,1,finalized,2025-12-17T04:05:00Z,2025-12-19T03:34:45.383772Z,2025-12-19T04:00:00Z,952863.00,0.00,1766107800,expected_expiration-150m,1766107800,0.8,0.81,0.805,0.81,111
KXNBAGAME-25DEC18HOUNOP-NOP,KXNBAGAME-25DEC18HOUNOP,KXNBAGAME,game_winner,Houston vs New Orleans Winner?,New Orleans,New Orleans,yes,1,finalized,2025-12-17T04:05:00Z,2025-12-19T04:05:15.15932Z,2025-12-19T04:00:00Z,1776865.00,0.00,1766107800,expected_expiration-150m,1766107800,0.12,0.13,0.125,0.13,111
KXNBAGAME-25DEC19OKCMIN-OKC,KXNBAGAME-25DEC19OKCMIN,KXNBAGAME,game_winner,Oklahoma City vs Minnesota Winner?,Oklahoma City,Oklahoma City,no,0,finalized,2025-12-17T19:06:00Z,2025-12-20T05:29:42.660737Z,2025-12-20T05:30:00Z,9067632.00,0.00,1766199600,expected_expiration-150m,1766199600,0.81,0.83,0.8200000000000001,0.83,111
KXNBAGAME-25DEC18LACOKC-LAC,KXNBAGAME-25DEC18LACOKC,KXNBAGAME,game_winner,Los Angeles C vs Oklahoma City Winner?,Los Angeles C,Los Angeles C,no,0,finalized,2025-12-17T04:05:00Z,2025-12-19T03:34:45.383772Z,2025-12-19T04:00:00Z,2712696.00,0.00,1766107800,expected_expiration-150m,1766107800,0.18,0.2,0.19,0.2,111
KXNBAGAME-25DEC18NYKIND-NYK,KXNBAGAME-25DEC18NYKIND,KXNBAGAME,game_winner,New York vs Indiana Winner?,New York,New York,yes,1,finalized,2025-12-17T04:05:00Z,2025-12-19T02:44:59.016873Z,2025-12-19T03:00:00Z,7486178.00,0.00,1766104200,expected_expiration-150m,1766104200,0.32,0.33,0.325,0.33,111
KXNBAGAME-25DEC18NYKIND-IND,KXNBAGAME-25DEC18NYKIND,KXNBAGAME,game_winner,New York vs Indiana Winner?,Indiana,Indiana,no,0,finalized,2025-12-17T04:05:00Z,2025-12-19T02:44:59.016873Z,2025-12-19T03:00:00Z,3132291.00,0.00,1766104200,expected_expiration-150m,1766104200,0.67,0.69,0.6799999999999999,0.69,111
KXNBAGAME-25DEC18MIABKN-MIA,KXNBAGAME-25DEC18MIABKN,KXNBAGAME,game_winner,Miami vs Brooklyn Winner?,Miami,Miami,yes,1,finalized,2025-12-17T04:05:00Z,2025-12-19T03:10:58.14369Z,2025-12-19T03:30:00Z,1346568.00,0.00,1766106000,expected_expiration-150m,1766106000,0.83,0.84,0.835,0.84,111
KXNBAGAME-25DEC19PHINYK-PHI,KXNBAGAME-25DEC19PHINYK,KXNBAGAME,game_winner,Philadelphia vs New York Winner?,Philadelphia,Philadelphia,yes,1,finalized,2025-12-17T16:06:00Z,2025-12-20T02:54:29.847866Z,2025-12-20T03:00:00Z,4328632.00,0.00,1766190600,expected_expiration-150m,1766190600,0.35,0.36,0.355,0.34,111
KXNBAGAME-25DEC17MEMMIN-MIN,KXNBAGAME-25DEC17MEMMIN,KXNBAGAME,game_winner,Memphis vs Minnesota Winner?,Minnesota,Minnesota,no,0,finalized,2025-12-15T16:05:00Z,2025-12-18T04:14:45.985537Z,2025-12-18T04:00:00Z,4544538.00,0.00,1766021400,expected_expiration-150m,1766021400,0.7,0.71,0.705,0.71,111
KXNBAGAME-25DEC17MEMMIN-MEM,KXNBAGAME-25DEC17MEMMIN,KXNBAGAME,game_winner,Memphis vs Minnesota Winner?,Memphis,Memphis,yes,1,finalized,2025-12-15T16:05:00Z,2025-12-18T04:14:45.985537Z,2025-12-18T04:00:00Z,5724134.00,0.00,1766021400,expected_expiration-150m,1766021400,0.29,0.3,0.295,0.31,111
KXNBAGAME-25DEC17CLECHI-CLE,KXNBAGAME-25DEC17CLECHI,KXNBAGAME,game_winner,Cleveland vs Chicago Winner?,Cleveland,Cleveland,no,0,finalized,2025-12-15T16:05:00Z,2025-12-18T03:41:05.137345Z,2025-12-18T04:00:00Z,3528101.00,0.00,1766021400,expected_expiration-150m,1766021400,0.69,0.7,0.695,0.7,111
KXNBAGAME-25DEC18MIABKN-BKN,KXNBAGAME-25DEC18MIABKN,KXNBAGAME,game_winner,Miami vs Brooklyn Winner?,Brooklyn,Brooklyn,no,0,finalized,2025-12-17T04:05:00Z,2025-12-19T03:10:58.14369Z,2025-12-19T03:30:00Z,1903885.00,0.00,1766106000,expected_expiration-150m,1766106000,0.16,0.17,0.165,0.15,111
KXNBAGAME-25DEC17CLECHI-CHI,KXNBAGAME-25DEC17CLECHI,KXNBAGAME,game_winner,Cleveland vs Chicago Winner?,Chicago,Chicago,yes,1,finalized,2025-12-15T16:05:00Z,2025-12-18T03:41:05.137345Z,2025-12-18T04:00:00Z,3405409.00,0.00,1766021400,expected_expiration-150m,1766021400,0.31,0.32,0.315,0.32,111
KXNBAGAME-25DEC15MEMLAC-MEM,KXNBAGAME-25DEC15MEMLAC,KXNBAGAME,game_winner,Memphis vs Los Angeles C Winner?,Memphis,Memphis,yes,1,finalized,2025-12-13T19:06:00Z,2025-12-16T05:59:51.216237Z,2025-12-16T06:30:00Z,4582696.00,0.00,1765857600,expected_expiration-150m,1765857600,0.34,0.35,0.345,0.35,111
KXNBAGAME-25DEC15MEMLAC-LAC,KXNBAGAME-25DEC15MEMLAC,KXNBAGAME,game_winner,Memphis vs Los Angeles C Winner?,Los Angeles C,Los Angeles C,no,0,finalized,2025-12-13T19:06:00Z,2025-12-16T05:59:51.216237Z,2025-12-16T06:30:00Z,3213576.00,0.00,1765857600,expected_expiration-150m,1765857600,0.66,0.67,0.665,0.67,111
KXNBAGAME-25DEC15HOUDEN-HOU,KXNBAGAME-25DEC15HOUDEN,KXNBAGAME,game_winner,Houston vs Denver Winner?,Houston,Houston,no,0,finalized,2025-12-13T19:06:00Z,2025-12-16T05:39:46.886369Z,2025-12-16T05:30:00Z,6788097.00,0.00,1765854000,expected_expiration-150m,1765854000,0.54,0.55,0.545,0.55,111
KXNBAGAME-25DEC15DALUTA-UTA,KXNBAGAME-25DEC15DALUTA,KXNBAGAME,game_winner,Dallas vs Utah Winner?,Utah,Utah,yes,1,finalized,2025-12-13T19:06:00Z,2025-12-16T05:10:02.128462Z,2025-12-16T05:00:00Z,6213627.00,0.00,1765852200,expected_expiration-150m,1765852200,0.5,0.51,0.505,0.51,111
KXNBAGAME-25DEC18ATLCHA-CHA,KXNBAGAME-25DEC18ATLCHA,KXNBAGAME,game_winner,Atlanta vs Charlotte Winner?,Charlotte,Charlotte,yes,1,finalized,2025-12-17T04:05:00Z,2025-12-19T02:41:14.288085Z,2025-12-19T03:00:00Z,2526930.00,0.00,1766104200,expected_expiration-150m,1766104200,0.5,0.52,0.51,0.52,111
KXNBAGAME-25DEC18ATLCHA-ATL,KXNBAGAME-25DEC18ATLCHA,KXNBAGAME,game_winner,Atlanta vs Charlotte Winner?,Atlanta,Atlanta,no,0,finalized,2025-12-17T04:05:00Z,2025-12-19T02:41:14.288085Z,2025-12-19T03:00:00Z,3401927.00,0.00,1766104200,expected_expiration-150m,1766104200,0.48,0.5,0.49,0.5,111
KXNBAGAME-25DEC15HOUDEN-DEN,KXNBAGAME-25DEC15HOUDEN,KXNBAGAME,game_winner,Houston vs Denver Winner?,Denver,Denver,yes,1,finalized,2025-12-13T19:06:00Z,2025-12-16T05:39:46.886369Z,2025-12-16T05:30:00Z,7795625.00,0.00,1765854000,expected_expiration-150m,1765854000,0.46,0.47,0.46499999999999997,0.47,111
KXNBAGAME-25DEC15TORMIA-TOR,KXNBAGAME-25DEC15TORMIA,KXNBAGAME,game_winner,Toronto vs Miami Winner?,Toronto,Toronto,yes,1,finalized,2025-12-13T16:06:00Z,2025-12-16T03:14:33.352664Z,2025-12-16T03:30:00Z,4038336.00,0.00,1765846800,expected_expiration-150m,1765846800,0.32,0.34,0.33,0.34,111
KXNBAGAME-25DEC15DETBOS-DET,KXNBAGAME-25DEC15DETBOS,KXNBAGAME,game_winner,Detroit vs Boston Winner?,Detroit,Detroit,yes,1,finalized,2025-12-13T16:06:00Z,2025-12-16T03:00:19.918994Z,2025-12-16T03:00:00Z,5875520.00,0.00,1765845000,expected_expiration-150m,1765845000,0.55,0.56,0.555,0.57,111
KXNBAGAME-25DEC15DETBOS-BOS,KXNBAGAME-25DEC15DETBOS,KXNBAGAME,game_winner,Detroit vs Boston Winner?,Boston,Boston,no,0,finalized,2025-12-13T16:06:00Z,2025-12-16T03:00:19.918994Z,2025-12-16T03:00:00Z,4385662.00,0.00,1765845000,expected_expiration-150m,1765845000,0.44,0.45,0.445,0.44,111
KXNBAGAME-25DEC14GSWPOR-POR,KXNBAGAME-25DEC14GSWPOR,KXNBAGAME,game_winner,Golden State vs Portland Winner?,Portland,Portland,yes,1,finalized,2025-12-12T19:06:00Z,2025-12-15T04:50:14.185548Z,2025-12-15T05:00:00Z,4290198.00,0.00,1765765800,expected_expiration-150m,1765765800,0.46,0.48,0.47,0.48,111
KXNBAGAME-25DEC15TORMIA-MIA,KXNBAGAME-25DEC15TORMIA,KXNBAGAME,game_winner,Toronto vs Miami Winner?,Miami,Miami,no,0,finalized,2025-12-13T16:06:00Z,2025-12-16T03:14:33.352664Z,2025-12-16T03:30:00Z,1536900.00,0.00,1765846800,expected_expiration-150m,1765846800,0.67,0.68,0.675,0.68,111
KXNBAGAME-25DEC14NOPCHI-CHI,KXNBAGAME-25DEC14NOPCHI,KXNBAGAME,game_winner,New Orleans vs Chicago Winner?,Chicago,Chicago,no,0,finalized,2025-12-12T16:06:00Z,2025-12-15T02:50:14.729386Z,2025-12-15T03:00:00Z,2450832.00,0.00,1765758600,expected_expiration-150m,1765758600,0.71,0.73,0.72,0.73,111
KXNBAGAME-25DEC14MILBKN-MIL,KXNBAGAME-25DEC14MILBKN,KXNBAGAME,game_winner,Milwaukee vs Brooklyn Winner?,Milwaukee,Milwaukee,no,0,finalized,2025-12-12T16:06:00Z,2025-12-15T01:24:43.542389Z,2025-12-15T02:00:00Z,1550107.00,0.00,1765755000,expected_expiration-150m,1765755000,0.4,0.42,0.41000000000000003,0.41,111
KXNBAGAME-25DEC14GSWPOR-GSW,KXNBAGAME-25DEC14GSWPOR,KXNBAGAME,game_winner,Golden State vs Portland Winner?,Golden State,Golden State,no,0,finalized,2025-12-12T19:06:00Z,2025-12-15T04:50:14.185548Z,2025-12-15T05:00:00Z,5173672.00,0.00,1765765800,expected_expiration-150m,1765765800,0.54,0.55,0.545,0.55,111
KXNBAGAME-25DEC14MILBKN-BKN,KXNBAGAME-25DEC14MILBKN,KXNBAGAME,game_winner,Milwaukee vs Brooklyn Winner?,Brooklyn,Brooklyn,yes,1,finalized,2025-12-12T16:06:00Z,2025-12-15T01:24:43.542389Z,2025-12-15T02:00:00Z,804350.00,0.00,1765755000,expected_expiration-150m,1765755000,0.56,0.59,0.575,0.6,111
KXNBAGAME-25DEC19SASATL-SAS,KXNBAGAME-25DEC19SASATL,KXNBAGAME,game_winner,San Antonio vs Atlanta Winner?,San Antonio,San Antonio,yes,1,finalized,2025-12-17T16:06:00Z,2025-12-20T02:50:15.214983Z,2025-12-20T03:30:00Z,1312620.00,0.00,1766192400,expected_expiration-150m,1766192400,0.79,0.8,0.795,0.8,111
KXNBAGAME-25DEC14LALPHX-LAL,KXNBAGAME-25DEC14LALPHX,KXNBAGAME,game_winner,Los Angeles L vs Phoenix Winner?,Los Angeles L,Los Angeles L,yes,1,finalized,2025-12-12T16:06:00Z,2025-12-15T04:10:11.578568Z,2025-12-15T04:00:00Z,6440740.00,0.00,1765762200,expected_expiration-150m,1765762200,0.52,0.53,0.525,0.53,111
KXNBAGAME-25DEC14SACMIN-SAC,KXNBAGAME-25DEC14SACMIN,KXNBAGAME,game_winner,Sacramento vs Minnesota Winner?,Sacramento,Sacramento,no,0,finalized,2025-12-12T16:06:00Z,2025-12-15T02:34:39.453431Z,2025-12-15T03:00:00Z,3032672.00,0.00,1765758600,expected_expiration-150m,1765758600,0.28,0.29,0.28500000000000003,0.29,111
KXNBAGAME-25DEC14PHIATL-PHI,KXNBAGAME-25DEC14PHIATL,KXNBAGAME,game_winner,Philadelphia vs Atlanta Winner?,Philadelphia,Philadelphia,no,0,finalized,2025-12-12T16:06:00Z,2025-12-15T01:44:42.986392Z,2025-12-15T02:00:00Z,4322298.00,0.00,1765755000,expected_expiration-150m,1765755000,0.35,0.37,0.36,0.37,111
KXNBAGAME-25DEC14NOPCHI-NOP,KXNBAGAME-25DEC14NOPCHI,KXNBAGAME,game_winner,New Orleans vs Chicago Winner?,New Orleans,New Orleans,yes,1,finalized,2025-12-12T16:06:00Z,2025-12-15T02:50:14.729386Z,2025-12-15T03:00:00Z,1881540.00,0.00,1765758600,expected_expiration-150m,1765758600,0.27,0.29,0.28,0.29,111
KXNBAGAME-25DEC14SACMIN-MIN,KXNBAGAME-25DEC14SACMIN,KXNBAGAME,game_winner,Sacramento vs Minnesota Winner?,Minnesota,Minnesota,yes,1,finalized,2025-12-12T16:06:00Z,2025-12-15T02:34:39.453431Z,2025-12-15T03:00:00Z,1582167.00,0.00,1765758600,expected_expiration-150m,1765758600,0.72,0.73,0.725,0.73,111
KXNBAGAME-25DEC14WASIND-WAS,KXNBAGAME-25DEC14WASIND,KXNBAGAME,game_winner,Washington vs Indiana Winner?,Washington,Washington,yes,1,finalized,2025-12-12T13:06:00Z,2025-12-14T22:50:01.101493Z,2025-12-14T23:00:00Z,2110366.00,0.00,1765744200,expected_expiration-150m,1765744200,0.25,0.26,0.255,0.26,111
KXNBAGAME-25DEC14WASIND-IND,KXNBAGAME-25DEC14WASIND,KXNBAGAME,game_winner,Washington vs Indiana Winner?,Indiana,Indiana,no,0,finalized,2025-12-12T13:06:00Z,2025-12-14T22:50:01.101493Z,2025-12-14T23:00:00Z,1237464.00,0.00,1765744200,expected_expiration-150m,1765744200,0.75,0.76,0.755,0.75,110
KXNBAGAME-25DEC14LALPHX-PHX,KXNBAGAME-25DEC14LALPHX,KXNBAGAME,game_winner,Los Angeles L vs Phoenix Winner?,Phoenix,Phoenix,no,0,finalized,2025-12-12T16:06:00Z,2025-12-15T04:10:11.578568Z,2025-12-15T04:00:00Z,3778336.00,0.00,1765762200,expected_expiration-150m,1765762200,0.48,0.49,0.485,0.49,111
KXNBAGAME-25DEC13SASOKC-SAS,KXNBAGAME-25DEC13SASOKC,KXNBAGAME,game_winner,San Antonio vs Oklahoma City Winner?,San Antonio,San Antonio,yes,1,finalized,2025-12-11T19:06:00Z,2025-12-14T05:06:14.451512Z,2025-12-14T05:00:00Z,15246010.00,0.00,1765679400,expected_expiration-150m,1765679400,0.13,0.14,0.135,0.14,111
KXNBAGAME-25DEC13SASOKC-OKC,KXNBAGAME-25DEC13SASOKC,KXNBAGAME,game_winner,San Antonio vs Oklahoma City Winner?,Oklahoma City,Oklahoma City,no,0,finalized,2025-12-11T19:06:00Z,2025-12-14T05:06:14.451512Z,2025-12-14T05:00:00Z,11041892.00,0.00,1765679400,expected_expiration-150m,1765679400,0.86,0.87,0.865,0.87,111
KXNBAGAME-25DEC14CHACLE-CLE,KXNBAGAME-25DEC14CHACLE,KXNBAGAME,game_winner,Charlotte vs Cleveland Winner?,Cleveland,Cleveland,no,0,finalized,2025-12-12T13:06:00Z,2025-12-14T23:30:48.682855Z,2025-12-14T23:30:00Z,2521404.00,0.00,1765746000,expected_expiration-150m,1765746000,0.77,0.78,0.775,0.78,111
KXNBAGAME-25DEC13NYKORL-ORL,KXNBAGAME-25DEC13NYKORL,KXNBAGAME,game_winner,New York K vs Orlando Winner?,Orlando,Orlando,no,0,finalized,2025-12-11T16:07:00Z,2025-12-14T01:34:31.228251Z,2025-12-14T01:30:00Z,5746193.00,0.00,1765666800,expected_expiration-150m,1765666800,0.42,0.43,0.425,0.43,111
KXNBAGAME-25DEC14PHIATL-ATL,KXNBAGAME-25DEC14PHIATL,KXNBAGAME,game_winner,Philadelphia vs Atlanta Winner?,Atlanta,Atlanta,yes,1,finalized,2025-12-12T16:06:00Z,2025-12-15T01:44:42.986392Z,2025-12-15T02:00:00Z,2105108.00,0.00,1765755000,expected_expiration-150m,1765755000,0.63,0.64,0.635,0.65,111
KXNBAGAME-25DEC12MINGSW-GSW,KXNBAGAME-25DEC12MINGSW,KXNBAGAME,game_winner,Minnesota vs Golden State Winner?,Golden State,Golden State,no,0,finalized,2025-12-10T19:06:00Z,2025-12-13T05:54:28.731257Z,2025-12-13T06:00:00Z,9376182.00,0.00,1765596600,expected_expiration-150m,1765596600,0.63,0.64,0.635,0.63,111
KXNBAGAME-25DEC12BKNDAL-DAL,KXNBAGAME-25DEC12BKNDAL,KXNBAGAME,game_winner,Brooklyn vs Dallas Winner?,Dallas,Dallas,yes,1,finalized,2025-12-10T19:06:00Z,2025-12-13T04:04:32.927423Z,2025-12-13T04:30:00Z,3296127.00,0.00,1765591200,expected_expiration-150m,1765591200,0.68,0.69,0.685,0.69,111
KXNBAGAME-25DEC13NYKORL-NYK,KXNBAGAME-25DEC13NYKORL,KXNBAGAME,game_winner,New York K vs Orlando Winner?,New York K,New York K,yes,1,finalized,2025-12-11T16:07:00Z,2025-12-14T01:34:31.228251Z,2025-12-14T01:30:00Z,5163056.00,0.00,1765666800,expected_expiration-150m,1765666800,0.58,0.59,0.585,0.59,111
KXNBAGAME-25DEC14CHACLE-CHA,KXNBAGAME-25DEC14CHACLE,KXNBAGAME,game_winner,Charlotte vs Cleveland Winner?,Charlotte,Charlotte,yes,1,finalized,2025-12-12T13:06:00Z,2025-12-14T23:30:48.682855Z,2025-12-14T23:30:00Z,3164819.00,0.00,1765746000,expected_expiration-150m,1765746000,0.23,0.24,0.235,0.24,111
KXNBAGAME-25DEC12INDPHI-IND,KXNBAGAME-25DEC12INDPHI,KXNBAGAME,game_winner,Indiana vs Philadelphia Winner?,Indiana,Indiana,no,0,finalized,2025-12-10T16:06:00Z,2025-12-13T02:50:22.484957Z,2025-12-13T03:00:00Z,3735343.00,0.00,1765585800,expected_expiration-150m,1765585800,0.27,0.28,0.275,0.28,111
KXNBAGAME-25DEC12BKNDAL-BKN,KXNBAGAME-25DEC12BKNDAL,KXNBAGAME,game_winner,Brooklyn vs Dallas Winner?,Brooklyn,Brooklyn,no,0,finalized,2025-12-10T19:06:00Z,2025-12-13T04:04:32.927423Z,2025-12-13T04:30:00Z,3959984.00,0.00,1765591200,expected_expiration-150m,1765591200,0.31,0.32,0.315,0.32,111
KXNBAGAME-25DEC12CHICHA-CHI,KXNBAGAME-25DEC12CHICHA,KXNBAGAME,game_winner,Chicago vs Charlotte Winner?,Chicago,Chicago,yes,1,finalized,2025-12-10T16:06:00Z,2025-12-13T02:40:21.854314Z,2025-12-13T03:00:00Z,3595715.00,0.00,1765585800,expected_expiration-150m,1765585800,0.53,0.54,0.535,0.54,111
KXNBAGAME-25DEC12UTAMEM-UTA,KXNBAGAME-25DEC12UTAMEM,KXNBAGAME,game_winner,Utah vs Memphis Winner?,Utah,Utah,yes,1,finalized,2025-12-10T16:06:00Z,2025-12-13T03:54:34.582907Z,2025-12-13T04:00:00Z,4775961.00,0.00,1765589400,expected_expiration-150m,1765589400,0.35,0.36,0.355,0.37,111
KXNBAGAME-25DEC18WASSAS-WAS,KXNBAGAME-25DEC18WASSAS,KXNBAGAME,game_winner,Washington vs San Antonio Winner?,Washington,Washington,no,0,finalized,2025-12-17T04:05:00Z,2025-12-19T04:11:03.23008Z,2025-12-19T04:00:00Z,931832.00,0.00,1766107800,expected_expiration-150m,1766107800,0.1,0.12,0.11,0.12,111
KXNBAGAME-25DEC18WASSAS-SAS,KXNBAGAME-25DEC18WASSAS,KXNBAGAME,game_winner,Washington vs San Antonio Winner?,San Antonio,San Antonio,yes,1,finalized,2025-12-17T04:05:00Z,2025-12-19T04:11:03.23008Z,2025-12-19T04:00:00Z,305891.00,0.00,1766107800,expected_expiration-150m,1766107800,0.89,0.91,0.9,0.91,110
KXNBAGAME-25DEC12MINGSW-MIN,KXNBAGAME-25DEC12MINGSW,KXNBAGAME,game_winner,Minnesota vs Golden State Winner?,Minnesota,Minnesota,yes,1,finalized,2025-12-10T19:06:00Z,2025-12-13T05:54:28.731257Z,2025-12-13T06:00:00Z,8989242.00,0.00,1765596600,expected_expiration-150m,1765596600,0.37,0.38,0.375,0.38,111
KXNBAGAME-25DEC12ATLDET-DET,KXNBAGAME-25DEC12ATLDET,KXNBAGAME,game_winner,Atlanta vs Detroit Winner?,Detroit,Detroit,yes,1,finalized,2025-12-10T16:05:00Z,2025-12-13T03:00:53.736411Z,2025-12-13T03:00:00Z,1745314.00,0.00,1765585800,expected_expiration-150m,1765585800,0.72,0.73,0.725,0.73,111
KXNBAGAME-25DEC12CLEWAS-CLE,KXNBAGAME-25DEC12CLEWAS,KXNBAGAME,game_winner,Cleveland vs Washington Winner?,Cleveland,Cleveland,yes,1,finalized,2025-12-10T16:05:00Z,2025-12-13T02:54:36.672108Z,2025-12-13T03:00:00Z,4187170.00,0.00,1765585800,expected_expiration-150m,1765585800,0.88,0.89,0.885,0.9,111
KXNBAGAME-25DEC12CLEWAS-WAS,KXNBAGAME-25DEC12CLEWAS,KXNBAGAME,game_winner,Cleveland vs Washington Winner?,Washington,Washington,no,0,finalized,2025-12-10T16:05:00Z,2025-12-13T02:54:36.672108Z,2025-12-13T03:00:00Z,6636388.00,0.00,1765585800,expected_expiration-150m,1765585800,0.11,0.12,0.11499999999999999,0.12,111
KXNBAGAME-25DEC12INDPHI-PHI,KXNBAGAME-25DEC12INDPHI,KXNBAGAME,game_winner,Indiana vs Philadelphia Winner?,Philadelphia,Philadelphia,yes,1,finalized,2025-12-10T16:06:00Z,2025-12-13T02:50:22.484957Z,2025-12-13T03:00:00Z,3754763.00,0.00,1765585800,expected_expiration-150m,1765585800,0.71,0.72,0.715,0.72,111
KXNBAGAME-25DEC12ATLDET-ATL,KXNBAGAME-25DEC12ATLDET,KXNBAGAME,game_winner,Atlanta vs Detroit Winner?,Atlanta,Atlanta,no,0,finalized,2025-12-10T16:05:00Z,2025-12-13T03:00:53.736411Z,2025-12-13T03:00:00Z,1625054.00,0.00,1765585800,expected_expiration-150m,1765585800,0.26,0.28,0.27,0.28,111
KXNBAGAME-25DEC12CHICHA-CHA,KXNBAGAME-25DEC12CHICHA,KXNBAGAME,game_winner,Chicago vs Charlotte Winner?,Charlotte,Charlotte,no,0,finalized,2025-12-10T16:06:00Z,2025-12-13T02:40:21.854314Z,2025-12-13T03:00:00Z,3487929.00,0.00,1765585800,expected_expiration-150m,1765585800,0.47,0.48,0.475,0.48,111
KXNBAGAME-25DEC11DENSAC-SAC,KXNBAGAME-25DEC11DENSAC,KXNBAGAME,game_winner,Denver vs Sacramento Winner?,Sacramento,Sacramento,no,0,finalized,2025-12-09T19:05:00Z,2025-12-12T05:24:31.572049Z,2025-12-12T06:00:00Z,1616777.00,0.00,1765510200,expected_expiration-150m,1765510200,0.09,0.1,0.095,0.1,111
KXNBAGAME-25DEC11DENSAC-DEN,KXNBAGAME-25DEC11DENSAC,KXNBAGAME,game_winner,Denver vs Sacramento Winner?,Denver,Denver,yes,1,finalized,2025-12-09T19:05:00Z,2025-12-12T05:24:31.572049Z,2025-12-12T06:00:00Z,1173645.00,0.00,1765510200,expected_expiration-150m,1765510200,0.9,0.91,0.905,0.91,111
KXNBAGAME-25DEC11LACHOU-HOU,KXNBAGAME-25DEC11LACHOU,KXNBAGAME,game_winner,Los Angeles C vs Houston Winner?,Houston,Houston,yes,1,finalized,2025-12-09T16:05:00Z,2025-12-12T04:54:30.762183Z,2025-12-12T04:00:00Z,4414917.00,0.00,1765503000,expected_expiration-150m,1765503000,0.77,0.78,0.775,0.78,111
KXNBAGAME-25DEC11BOSMIL-BOS,KXNBAGAME-25DEC11BOSMIL,KXNBAGAME,game_winner,Boston vs Milwaukee Winner?,Boston,Boston,no,0,finalized,2025-12-09T16:05:00Z,2025-12-12T04:54:31.636021Z,2025-12-12T04:00:00Z,2126544.00,0.00,1765503000,expected_expiration-150m,1765503000,0.82,0.83,0.825,0.83,111
KXNBAGAME-25DEC11PORNOP-POR,KXNBAGAME-25DEC11PORNOP,KXNBAGAME,game_winner,Portland vs New Orleans Winner?,Portland,Portland,no,0,finalized,2025-12-09T16:05:00Z,2025-12-12T04:54:31.784302Z,2025-12-12T04:00:00Z,3080058.00,0.00,1765503000,expected_expiration-150m,1765503000,0.57,0.59,0.58,0.59,111
KXNBAGAME-25DEC11PORNOP-NOP,KXNBAGAME-25DEC11PORNOP,KXNBAGAME,game_winner,Portland vs New Orleans Winner?,New Orleans,New Orleans,yes,1,finalized,2025-12-09T16:05:00Z,2025-12-12T04:54:31.784302Z,2025-12-12T04:00:00Z,1934968.00,0.00,1765503000,expected_expiration-150m,1765503000,0.41,0.42,0.415,0.42,111
KXNBAGAME-25DEC10SASLAL-LAL,KXNBAGAME-25DEC10SASLAL,KXNBAGAME,game_winner,San Antonio vs Los Angeles L Winner?,Los Angeles L,Los Angeles L,no,0,finalized,2025-12-08T19:05:00Z,2025-12-11T05:49:47.946541Z,2025-12-11T06:00:00Z,13405258.00,0.00,1765423800,expected_expiration-150m,1765423800,0.75,0.76,0.755,0.75,111
KXNBAGAME-25DEC10SASLAL-SAS,KXNBAGAME-25DEC10SASLAL,KXNBAGAME,game_winner,San Antonio vs Los Angeles L Winner?,San Antonio,San Antonio,yes,1,finalized,2025-12-08T19:05:00Z,2025-12-11T05:49:47.946541Z,2025-12-11T06:00:00Z,11271702.00,0.00,1765423800,expected_expiration-150m,1765423800,0.23,0.24,0.235,0.24,111
KXNBAGAME-25DEC09NYKTOR-TOR,KXNBAGAME-25DEC09NYKTOR,KXNBAGAME,game_winner,New York K vs Toronto Winner?,Toronto,Toronto,no,0,finalized,2025-12-07T19:06:00Z,2025-12-10T04:24:34.733247Z,2025-12-10T04:30:00Z,6501035.00,0.00,1765332000,expected_expiration-150m,1765332000,0.37,0.38,0.375,0.38,111
KXNBAGAME-25DEC11LACHOU-LAC,KXNBAGAME-25DEC11LACHOU,KXNBAGAME,game_winner,Los Angeles C vs Houston Winner?,Los Angeles C,Los Angeles C,no,0,finalized,2025-12-09T16:05:00Z,2025-12-12T04:54:30.762183Z,2025-12-12T04:00:00Z,4022487.00,0.00,1765503000,expected_expiration-150m,1765503000,0.23,0.24,0.235,0.24,111
KXNBAGAME-25DEC10PHXOKC-PHX,KXNBAGAME-25DEC10PHXOKC,KXNBAGAME,game_winner,Phoenix vs Oklahoma City Winner?,Phoenix,Phoenix,no,0,finalized,2025-12-08T16:05:00Z,2025-12-11T03:00:34.475393Z,2025-12-11T03:30:00Z,4770089.00,0.00,1765414800,expected_expiration-150m,1765414800,0.04,0.05,0.045,0.05,111
KXNBAGAME-25DEC09NYKTOR-NYK,KXNBAGAME-25DEC09NYKTOR,KXNBAGAME,game_winner,New York K vs Toronto Winner?,New York K,New York K,yes,1,finalized,2025-12-07T19:06:00Z,2025-12-10T04:24:34.733247Z,2025-12-10T04:30:00Z,5545400.00,0.00,1765332000,expected_expiration-150m,1765332000,0.63,0.64,0.635,0.64,111
KXNBAGAME-25DEC08SASNOP-SAS,KXNBAGAME-25DEC08SASNOP,KXNBAGAME,game_winner,San Antonio vs New Orleans Winner?,San Antonio,San Antonio,yes,1,finalized,2025-12-06T16:06:00Z,2025-12-09T03:44:34.23357Z,2025-12-09T04:00:00Z,4319832.00,0.00,1765243800,expected_expiration-150m,1765243800,0.78,0.79,0.785,0.79,111
KXNBAGAME-25DEC09MIAORL-ORL,KXNBAGAME-25DEC09MIAORL,KXNBAGAME,game_winner,Miami vs Orlando Winner?,Orlando,Orlando,yes,1,finalized,2025-12-07T16:06:00Z,2025-12-10T01:50:24.396285Z,2025-12-10T02:00:00Z,7773231.00,0.00,1765323000,expected_expiration-150m,1765323000,0.27,0.28,0.275,0.27,111
KXNBAGAME-25DEC11BOSMIL-MIL,KXNBAGAME-25DEC11BOSMIL,KXNBAGAME,game_winner,Boston vs Milwaukee Winner?,Milwaukee,Milwaukee,yes,1,finalized,2025-12-09T16:05:00Z,2025-12-12T04:54:31.636021Z,2025-12-12T04:00:00Z,2158364.00,0.00,1765503000,expected_expiration-150m,1765503000,0.17,0.19,0.18,0.19,111
KXNBAGAME-25DEC12UTAMEM-MEM,KXNBAGAME-25DEC12UTAMEM,KXNBAGAME,game_winner,Utah vs Memphis Winner?,Memphis,Memphis,no,0,finalized,2025-12-10T16:06:00Z,2025-12-13T03:54:34.582907Z,2025-12-13T04:00:00Z,3496848.00,0.00,1765589400,expected_expiration-150m,1765589400,0.64,0.65,0.645,0.65,111
KXNBAGAME-25DEC08SACIND-SAC,KXNBAGAME-25DEC08SACIND,KXNBAGAME,game_winner,Sacramento vs Indiana Winner?,Sacramento,Sacramento,no,0,finalized,2025-12-06T16:06:00Z,2025-12-09T02:39:42.773863Z,2025-12-09T03:00:00Z,4230781.00,0.00,1765240200,expected_expiration-150m,1765240200,0.29,0.3,0.295,0.29,111
KXNBAGAME-25DEC08SACIND-IND,KXNBAGAME-25DEC08SACIND,KXNBAGAME,game_winner,Sacramento vs Indiana Winner?,Indiana,Indiana,yes,1,finalized,2025-12-06T16:06:00Z,2025-12-09T02:39:42.773863Z,2025-12-09T03:00:00Z,3768144.00,0.00,1765240200,expected_expiration-150m,1765240200,0.7,0.72,0.71,0.72,111
KXNBAGAME-25DEC08SASNOP-NOP,KXNBAGAME-25DEC08SASNOP,KXNBAGAME,game_winner,San Antonio vs New Orleans Winner?,New Orleans,New Orleans,no,0,finalized,2025-12-06T16:06:00Z,2025-12-09T03:44:34.23357Z,2025-12-09T04:00:00Z,2894447.00,0.00,1765243800,expected_expiration-150m,1765243800,0.21,0.22,0.215,0.22,111
KXNBAGAME-25DEC09MIAORL-MIA,KXNBAGAME-25DEC09MIAORL,KXNBAGAME,game_winner,Miami vs Orlando Winner?,Miami,Miami,no,0,finalized,2025-12-07T16:06:00Z,2025-12-10T01:50:24.396285Z,2025-12-10T02:00:00Z,8481570.00,0.00,1765323000,expected_expiration-150m,1765323000,0.71,0.73,0.72,0.73,111
KXNBAGAME-25DEC07OKCUTA-UTA,KXNBAGAME-25DEC07OKCUTA,KXNBAGAME,game_winner,Oklahoma City vs Utah Winner?,Utah,Utah,no,0,finalized,2025-12-05T16:07:00Z,2025-12-08T03:44:34.847419Z,2025-12-08T04:00:00Z,851068.00,0.00,1765157400,expected_expiration-150m,1765157400,0.04,0.05,0.045,0.05,111
KXNBAGAME-25DEC07OKCUTA-OKC,KXNBAGAME-25DEC07OKCUTA,KXNBAGAME,game_winner,Oklahoma City vs Utah Winner?,Oklahoma City,Oklahoma City,yes,1,finalized,2025-12-05T16:07:00Z,2025-12-08T03:44:34.847419Z,2025-12-08T04:00:00Z,1280834.00,0.00,1765157400,expected_expiration-150m,1765157400,0.95,0.96,0.955,0.96,111
KXNBAGAME-25DEC07LALPHI-PHI,KXNBAGAME-25DEC07LALPHI,KXNBAGAME,game_winner,Los Angeles L vs Philadelphia Winner?,Philadelphia,Philadelphia,no,0,finalized,2025-12-05T16:07:00Z,2025-12-08T03:09:38.526571Z,2025-12-08T03:30:00Z,3693716.00,0.00,1765155600,expected_expiration-150m,1765155600,0.56,0.57,0.565,0.57,111
KXNBAGAME-25DEC07GSWCHI-CHI,KXNBAGAME-25DEC07GSWCHI,KXNBAGAME,game_winner,Golden State vs Chicago Winner?,Chicago,Chicago,no,0,finalized,2025-12-05T16:07:00Z,2025-12-08T02:29:51.579345Z,2025-12-08T03:00:00Z,1309656.00,0.00,1765153800,expected_expiration-150m,1765153800,0.32,0.34,0.33,0.33,111
KXNBAGAME-25DEC08PHXMIN-PHX,KXNBAGAME-25DEC08PHXMIN,KXNBAGAME,game_winner,Phoenix vs Minnesota Winner?,Phoenix,Phoenix,yes,1,finalized,2025-12-06T16:06:00Z,2025-12-09T03:20:10.874379Z,2025-12-09T03:30:00Z,5622974.00,0.00,1765242000,expected_expiration-150m,1765242000,0.31,0.32,0.315,0.31,111
KXNBAGAME-25DEC08PHXMIN-MIN,KXNBAGAME-25DEC08PHXMIN,KXNBAGAME,game_winner,Phoenix vs Minnesota Winner?,Minnesota,Minnesota,no,0,finalized,2025-12-06T16:06:00Z,2025-12-09T03:20:10.874379Z,2025-12-09T03:30:00Z,5051202.00,0.00,1765242000,expected_expiration-150m,1765242000,0.69,0.7,0.695,0.7,111
KXNBAGAME-25DEC07DENCHA-DEN,KXNBAGAME-25DEC07DENCHA,KXNBAGAME,game_winner,Denver vs Charlotte Winner?,Denver,Denver,yes,1,finalized,2025-12-05T16:07:00Z,2025-12-08T01:34:38.39954Z,2025-12-08T02:00:00Z,2578752.00,0.00,1765150200,expected_expiration-150m,1765150200,0.81,0.82,0.815,0.82,111
KXNBAGAME-25DEC07PORMEM-POR,KXNBAGAME-25DEC07PORMEM,KXNBAGAME,game_winner,Portland vs Memphis Winner?,Portland,Portland,no,0,finalized,2025-12-05T16:07:00Z,2025-12-08T01:50:22.888176Z,2025-12-08T02:00:00Z,1705317.00,0.00,1765150200,expected_expiration-150m,1765150200,0.21,0.22,0.215,0.22,111
KXNBAGAME-25DEC07BOSTOR-TOR,KXNBAGAME-25DEC07BOSTOR,KXNBAGAME,game_winner,Boston vs Toronto Winner?,Toronto,Toronto,no,0,finalized,2025-12-05T13:06:00Z,2025-12-07T23:02:16.537056Z,2025-12-07T23:30:00Z,2173078.00,0.00,1765141200,expected_expiration-150m,1765141200,0.23,0.25,0.24,0.26,111
KXNBAGAME-25DEC07BOSTOR-BOS,KXNBAGAME-25DEC07BOSTOR,KXNBAGAME,game_winner,Boston vs Toronto Winner?,Boston,Boston,yes,1,finalized,2025-12-05T13:06:00Z,2025-12-07T23:02:16.537056Z,2025-12-07T23:30:00Z,2256203.00,0.00,1765141200,expected_expiration-150m,1765141200,0.76,0.77,0.765,0.77,111
KXNBAGAME-25DEC07ORLNYK-ORL,KXNBAGAME-25DEC07ORLNYK,KXNBAGAME,game_winner,Orlando vs New York K Winner?,Orlando,Orlando,no,0,finalized,2025-12-05T10:06:00Z,2025-12-07T19:50:26.268347Z,2025-12-07T20:00:00Z,3087550.00,0.00,1765128600,expected_expiration-150m,1765128600,0.53,0.54,0.535,0.54,111
KXNBAGAME-25DEC10PHXOKC-OKC,KXNBAGAME-25DEC10PHXOKC,KXNBAGAME,game_winner,Phoenix vs Oklahoma City Winner?,Oklahoma City,Oklahoma City,yes,1,finalized,2025-12-08T16:05:00Z,2025-12-11T03:00:34.475393Z,2025-12-11T03:30:00Z,2706383.00,0.00,1765414800,expected_expiration-150m,1765414800,0.96,0.97,0.965,0.96,111
KXNBAGAME-25DEC06HOUDAL-HOU,KXNBAGAME-25DEC06HOUDAL,KXNBAGAME,game_winner,Houston vs Dallas Winner?,Houston,Houston,no,0,finalized,2025-12-04T19:07:00Z,2025-12-07T04:00:14.968608Z,2025-12-07T04:30:00Z,1666742.00,0.00,1765072800,expected_expiration-150m,1765072800,0.7,0.71,0.705,0.71,111
KXNBAGAME-25DEC06HOUDAL-DAL,KXNBAGAME-25DEC06HOUDAL,KXNBAGAME,game_winner,Houston vs Dallas Winner?,Dallas,Dallas,yes,1,finalized,2025-12-04T19:07:00Z,2025-12-07T04:00:14.968608Z,2025-12-07T04:30:00Z,1315956.00,0.00,1765072800,expected_expiration-150m,1765072800,0.29,0.3,0.295,0.3,111
KXNBAGAME-25DEC07GSWCHI-GSW,KXNBAGAME-25DEC07GSWCHI,KXNBAGAME,game_winner,Golden State vs Chicago Winner?,Golden State,Golden State,yes,1,finalized,2025-12-05T16:07:00Z,2025-12-08T02:29:51.579345Z,2025-12-08T03:00:00Z,2209345.00,0.00,1765153800,expected_expiration-150m,1765153800,0.67,0.68,0.675,0.68,111
KXNBAGAME-25DEC07PORMEM-MEM,KXNBAGAME-25DEC07PORMEM,KXNBAGAME,game_winner,Portland vs Memphis Winner?,Memphis,Memphis,yes,1,finalized,2025-12-05T16:07:00Z,2025-12-08T01:50:22.888176Z,2025-12-08T02:00:00Z,1788495.00,0.00,1765150200,expected_expiration-150m,1765150200,0.78,0.8,0.79,0.79,111
KXNBAGAME-25DEC06SACMIA-SAC,KXNBAGAME-25DEC06SACMIA,KXNBAGAME,game_winner,Sacramento vs Miami Winner?,Sacramento,Sacramento,yes,1,finalized,2025-12-04T16:07:00Z,2025-12-07T03:34:36.288276Z,2025-12-07T04:00:00Z,832770.00,0.00,1765071000,expected_expiration-150m,1765071000,0.3,0.32,0.31,0.3,111
KXNBAGAME-25DEC07DENCHA-CHA,KXNBAGAME-25DEC07DENCHA,KXNBAGAME,game_winner,Denver vs Charlotte Winner?,Charlotte,Charlotte,no,0,finalized,2025-12-05T16:07:00Z,2025-12-08T01:34:38.39954Z,2025-12-08T02:00:00Z,1591418.00,0.00,1765150200,expected_expiration-150m,1765150200,0.19,0.2,0.195,0.2,111
KXNBAGAME-25DEC06MILDET-MIL,KXNBAGAME-25DEC06MILDET,KXNBAGAME,game_winner,Milwaukee vs Detroit Winner?,Milwaukee,Milwaukee,no,0,finalized,2025-12-04T16:07:00Z,2025-12-07T03:19:56.167007Z,2025-12-07T03:30:00Z,1165774.00,0.00,1765069200,expected_expiration-150m,1765069200,0.18,0.2,0.19,0.2,110
KXNBAGAME-25DEC06LACMIN-LAC,KXNBAGAME-25DEC06LACMIN,KXNBAGAME,game_winner,Los Angeles C vs Minnesota Winner?,Los Angeles C,Los Angeles C,no,0,finalized,2025-12-04T16:07:00Z,2025-12-07T03:44:39.486259Z,2025-12-07T04:00:00Z,2160697.00,0.00,1765071000,expected_expiration-150m,1765071000,0.56,0.57,0.565,0.57,111
KXNBAGAME-25DEC07ORLNYK-NYK,KXNBAGAME-25DEC07ORLNYK,KXNBAGAME,game_winner,Orlando vs New York K Winner?,New York K,New York K,yes,1,finalized,2025-12-05T10:06:00Z,2025-12-07T19:50:26.268347Z,2025-12-07T20:00:00Z,3243242.00,0.00,1765128600,expected_expiration-150m,1765128600,0.46,0.47,0.46499999999999997,0.47,111
KXNBAGAME-25DEC06MILDET-DET,KXNBAGAME-25DEC06MILDET,KXNBAGAME,game_winner,Milwaukee vs Detroit Winner?,Detroit,Detroit,yes,1,finalized,2025-12-04T16:07:00Z,2025-12-07T03:19:56.167007Z,2025-12-07T03:30:00Z,641025.00,0.00,1765069200,expected_expiration-150m,1765069200,0.81,0.82,0.815,0.82,111
KXNBAGAME-25DEC06GSWCLE-CLE,KXNBAGAME-25DEC06GSWCLE,KXNBAGAME,game_winner,Golden State vs Cleveland Winner?,Cleveland,Cleveland,no,0,finalized,2025-12-04T16:07:00Z,2025-12-07T03:14:40.110091Z,2025-12-07T03:30:00Z,3145733.00,0.00,1765069200,expected_expiration-150m,1765069200,0.77,0.78,0.775,0.78,111
KXNBAGAME-25DEC06GSWCLE-GSW,KXNBAGAME-25DEC06GSWCLE,KXNBAGAME,game_winner,Golden State vs Cleveland Winner?,Golden State,Golden State,yes,1,finalized,2025-12-04T16:07:00Z,2025-12-07T03:14:40.110091Z,2025-12-07T03:30:00Z,3579853.00,0.00,1765069200,expected_expiration-150m,1765069200,0.22,0.23,0.225,0.23,111
KXNBAGAME-25DEC06NOPBKN-NOP,KXNBAGAME-25DEC06NOPBKN,KXNBAGAME,game_winner,New Orleans vs Brooklyn Winner?,New Orleans,New Orleans,no,0,finalized,2025-12-04T13:06:00Z,2025-12-07T00:24:42.753874Z,2025-12-07T01:00:00Z,1024462.00,0.00,1765060200,expected_expiration-150m,1765060200,0.21,0.22,0.215,0.22,111
KXNBAGAME-25DEC06NOPBKN-BKN,KXNBAGAME-25DEC06NOPBKN,KXNBAGAME,game_winner,New Orleans vs Brooklyn Winner?,Brooklyn,Brooklyn,yes,1,finalized,2025-12-04T13:06:00Z,2025-12-07T00:24:42.753874Z,2025-12-07T01:00:00Z,1689940.00,0.00,1765060200,expected_expiration-150m,1765060200,0.78,0.79,0.785,0.8,111
KXNBAGAME-25DEC05DALOKC-OKC,KXNBAGAME-25DEC05DALOKC,KXNBAGAME,game_winner,Dallas vs Oklahoma City Winner?,Oklahoma City,Oklahoma City,yes,1,finalized,2025-12-03T19:07:00Z,2025-12-06T05:14:36.14652Z,2025-12-06T05:30:00Z,1953869.00,0.00,1764990000,expected_expiration-150m,1764990000,0.85,0.87,0.86,0.86,111
KXNBAGAME-25DEC07LALPHI-LAL,KXNBAGAME-25DEC07LALPHI,KXNBAGAME,game_winner,Los Angeles L vs Philadelphia Winner?,Los Angeles L,Los Angeles L,yes,1,finalized,2025-12-05T16:07:00Z,2025-12-08T03:09:38.526571Z,2025-12-08T03:30:00Z,6118590.00,0.00,1765155600,expected_expiration-150m,1765155600,0.43,0.44,0.435,0.44,111
KXNBAGAME-25DEC20HOUDEN-DEN,KXNBAGAME-25DEC20HOUDEN,KXNBAGAME,game_winner,Houston vs Denver Winner?,Denver,Denver,no,0,finalized,2025-12-18T13:06:00Z,2025-12-21T00:50:25.3438Z,2025-12-21T01:00:00Z,5122836.00,0.00,1766269800,expected_expiration-150m,,,,,,0
KXNBAGAME-25DEC06LACMIN-MIN,KXNBAGAME-25DEC06LACMIN,KXNBAGAME,game_winner,Los Angeles C vs Minnesota Winner?,Minnesota,Minnesota,yes,1,finalized,2025-12-04T16:07:00Z,2025-12-07T03:44:39.486259Z,2025-12-07T04:00:00Z,3291157.00,0.00,1765071000,expected_expiration-150m,1765071000,0.44,0.45,0.445,0.45,110
KXNBAGAME-25DEC05DALOKC-DAL,KXNBAGAME-25DEC05DALOKC,KXNBAGAME,game_winner,Dallas vs Oklahoma City Winner?,Dallas,Dallas,no,0,finalized,2025-12-03T19:07:00Z,2025-12-06T05:14:36.14652Z,2025-12-06T05:30:00Z,4630013.00,0.00,1764990000,expected_expiration-150m,1764990000,0.15,0.16,0.155,0.16,111
KXNBAGAME-25DEC05PHIMIL-MIL,KXNBAGAME-25DEC05PHIMIL,KXNBAGAME,game_winner,Philadelphia vs Milwaukee Winner?,Milwaukee,Milwaukee,no,0,finalized,2025-12-03T16:07:00Z,2025-12-06T03:44:37.669197Z,2025-12-06T04:00:00Z,554023.00,0.00,1764984600,expected_expiration-150m,1764984600,0.32,0.33,0.325,0.32,110
KXNBAGAME-25DEC05PHXHOU-PHX,KXNBAGAME-25DEC05PHXHOU,KXNBAGAME,game_winner,Phoenix vs Houston Winner?,Phoenix,Phoenix,no,0,finalized,2025-12-03T16:07:00Z,2025-12-06T03:30:04.812248Z,2025-12-06T04:00:00Z,1124022.00,0.00,1764984600,expected_expiration-150m,1764984600,0.32,0.33,0.325,0.32,111
KXNBAGAME-25DEC06ATLWAS-WAS,KXNBAGAME-25DEC06ATLWAS,KXNBAGAME,game_winner,Atlanta vs Washington Winner?,Washington,Washington,no,0,finalized,2025-12-04T16:07:00Z,2025-12-07T02:34:43.104548Z,2025-12-07T03:00:00Z,1339083.00,0.00,1765067400,expected_expiration-150m,1765067400,0.16,0.18,0.16999999999999998,0.18,111
KXNBAGAME-25DEC06ATLWAS-ATL,KXNBAGAME-25DEC06ATLWAS,KXNBAGAME,game_winner,Atlanta vs Washington Winner?,Atlanta,Atlanta,yes,1,finalized,2025-12-04T16:07:00Z,2025-12-07T02:34:43.104548Z,2025-12-07T03:00:00Z,1720582.00,0.00,1765067400,expected_expiration-150m,1765067400,0.83,0.84,0.835,0.83,111
KXNBAGAME-25DEC05LACMEM-MEM,KXNBAGAME-25DEC05LACMEM,KXNBAGAME,game_winner,Los Angeles C vs Memphis Winner?,Memphis,Memphis,yes,1,finalized,2025-12-03T16:07:00Z,2025-12-06T03:30:05.414576Z,2025-12-06T04:00:00Z,1085827.00,0.00,1764984600,expected_expiration-150m,1764984600,0.34,0.36,0.35,0.36,111
KXNBAGAME-25DEC05PORDET-POR,KXNBAGAME-25DEC05PORDET,KXNBAGAME,game_winner,Portland vs Detroit Winner?,Portland,Portland,no,0,finalized,2025-12-03T16:07:00Z,2025-12-06T03:39:51.561875Z,2025-12-06T03:30:00Z,2298354.00,0.00,1764982800,expected_expiration-150m,1764982800,0.28,0.3,0.29000000000000004,0.3,111
KXNBAGAME-25DEC05PORDET-DET,KXNBAGAME-25DEC05PORDET,KXNBAGAME,game_winner,Portland vs Detroit Winner?,Detroit,Detroit,yes,1,finalized,2025-12-03T16:07:00Z,2025-12-06T03:39:51.561875Z,2025-12-06T03:30:00Z,2725885.00,0.00,1764982800,expected_expiration-150m,1764982800,0.7,0.71,0.705,0.71,111
KXNBAGAME-25DEC05INDCHI-IND,KXNBAGAME-25DEC05INDCHI,KXNBAGAME,game_winner,Indiana vs Chicago Winner?,Indiana,Indiana,yes,1,finalized,2025-12-03T16:07:00Z,2025-12-06T03:39:51.825904Z,2025-12-06T04:00:00Z,736525.00,0.00,1764984600,expected_expiration-150m,1764984600,0.34,0.35,0.345,0.35,111
KXNBAGAME-25DEC06SACMIA-MIA,KXNBAGAME-25DEC06SACMIA,KXNBAGAME,game_winner,Sacramento vs Miami Winner?,Miami,Miami,no,0,finalized,2025-12-04T16:07:00Z,2025-12-07T03:34:36.288276Z,2025-12-07T04:00:00Z,984853.00,0.00,1765071000,expected_expiration-150m,1765071000,0.68,0.7,0.69,0.7,111
KXNBAGAME-25DEC05CHATOR-TOR,KXNBAGAME-25DEC05CHATOR,KXNBAGAME,game_winner,Charlotte vs Toronto Winner?,Toronto,Toronto,no,0,finalized,2025-12-03T16:07:00Z,2025-12-06T03:19:50.650116Z,2025-12-06T03:30:00Z,1945481.00,0.00,1764982800,expected_expiration-150m,1764982800,0.68,0.69,0.685,0.69,111
KXNBAGAME-25DEC05CHATOR-CHA,KXNBAGAME-25DEC05CHATOR,KXNBAGAME,game_winner,Charlotte vs Toronto Winner?,Charlotte,Charlotte,yes,1,finalized,2025-12-03T16:07:00Z,2025-12-06T03:19:50.650116Z,2025-12-06T03:30:00Z,773128.00,0.00,1764982800,expected_expiration-150m,1764982800,0.31,0.33,0.32,0.33,110
KXNBAGAME-25DEC05SASCLE-SAS,KXNBAGAME-25DEC05SASCLE,KXNBAGAME,game_winner,San Antonio vs Cleveland Winner?,San Antonio,San Antonio,no,0,finalized,2025-12-03T16:07:00Z,2025-12-06T03:19:51.167078Z,2025-12-06T03:30:00Z,1675314.00,0.00,1764982800,expected_expiration-150m,1764982800,0.53,0.54,0.535,0.54,111
KXNBAGAME-25DEC05LACMEM-LAC,KXNBAGAME-25DEC05LACMEM,KXNBAGAME,game_winner,Los Angeles C vs Memphis Winner?,Los Angeles C,Los Angeles C,no,0,finalized,2025-12-03T16:07:00Z,2025-12-06T03:30:05.414576Z,2025-12-06T04:00:00Z,1263384.00,0.00,1764984600,expected_expiration-150m,1764984600,0.64,0.66,0.65,0.66,111
KXNBAGAME-25DEC05UTANYK-UTA,KXNBAGAME-25DEC05UTANYK,KXNBAGAME,game_winner,Utah vs New York K Winner?,Utah,Utah,no,0,finalized,2025-12-03T16:07:00Z,2025-12-06T03:14:58.424434Z,2025-12-06T03:30:00Z,1504699.00,0.00,1764982800,expected_expiration-150m,1764982800,0.03,0.05,0.04,0.05,111
KXNBAGAME-25DEC05UTANYK-NYK,KXNBAGAME-25DEC05UTANYK,KXNBAGAME,game_winner,Utah vs New York K Winner?,New York K,New York K,yes,1,finalized,2025-12-03T16:07:00Z,2025-12-06T03:14:58.424434Z,2025-12-06T03:30:00Z,439194.00,0.00,1764982800,expected_expiration-150m,1764982800,0.95,0.97,0.96,0.97,111
KXNBAGAME-25DEC05MIAORL-ORL,KXNBAGAME-25DEC05MIAORL,KXNBAGAME,game_winner,Miami vs Orlando Winner?,Orlando,Orlando,yes,1,finalized,2025-12-03T16:07:00Z,2025-12-06T02:45:04.078733Z,2025-12-06T03:00:00Z,1820674.00,0.00,1764981000,expected_expiration-150m,1764981000,0.74,0.76,0.75,0.76,111
KXNBAGAME-25DEC15DALUTA-DAL,KXNBAGAME-25DEC15DALUTA,KXNBAGAME,game_winner,Dallas vs Utah Winner?,Dallas,Dallas,no,0,finalized,2025-12-13T19:06:00Z,2025-12-16T05:10:02.128462Z,2025-12-16T05:00:00Z,5931248.00,0.00,1765852200,expected_expiration-150m,,,,,,0
KXNBAGAME-25DEC05SASCLE-CLE,KXNBAGAME-25DEC05SASCLE,KXNBAGAME,game_winner,San Antonio vs Cleveland Winner?,Cleveland,Cleveland,yes,1,finalized,2025-12-03T16:07:00Z,2025-12-06T03:19:51.167078Z,2025-12-06T03:30:00Z,969566.00,0.00,1764982800,expected_expiration-150m,1764982800,0.47,0.48,0.475,0.48,111
KXNBAGAME-25DEC05LALBOS-BOS,KXNBAGAME-25DEC05LALBOS,KXNBAGAME,game_winner,Los Angeles L vs Boston Winner?,Boston,Boston,yes,1,finalized,2025-12-03T16:07:00Z,2025-12-06T02:40:03.867314Z,2025-12-06T03:00:00Z,1643221.00,0.00,1764981000,expected_expiration-150m,1764981000,0.88,0.89,0.885,0.89,111
KXNBAGAME-25DEC05MIAORL-MIA,KXNBAGAME-25DEC05MIAORL,KXNBAGAME,game_winner,Miami vs Orlando Winner?,Miami,Miami,no,0,finalized,2025-12-03T16:07:00Z,2025-12-06T02:45:04.078733Z,2025-12-06T03:00:00Z,3143663.00,0.00,1764981000,expected_expiration-150m,1764981000,0.24,0.26,0.25,0.26,111
KXNBAGAME-25DEC04MINNOP-NOP,KXNBAGAME-25DEC04MINNOP,KXNBAGAME,game_winner,Minnesota vs New Orleans Winner?,New Orleans,New Orleans,no,0,finalized,2025-12-02T16:06:00Z,2025-12-05T03:39:36.373457Z,2025-12-05T04:00:00Z,2521822.00,0.00,1764898200,expected_expiration-150m,1764898200,0.17,0.18,0.175,0.18,111
KXNBAGAME-25DEC04UTABKN-UTA,KXNBAGAME-25DEC04UTABKN,KXNBAGAME,game_winner,Utah vs Brooklyn Winner?,Utah,Utah,yes,1,finalized,2025-12-02T16:06:00Z,2025-12-05T03:14:38.82822Z,2025-12-05T03:30:00Z,2559785.00,0.00,1764896400,expected_expiration-150m,1764896400,0.55,0.56,0.555,0.56,111
KXNBAGAME-25DEC05DENATL-DEN,KXNBAGAME-25DEC05DENATL,KXNBAGAME,game_winner,Denver vs Atlanta Winner?,Denver,Denver,yes,1,finalized,2025-12-03T16:07:00Z,2025-12-06T03:15:07.908174Z,2025-12-06T03:30:00Z,5430256.00,0.00,1764982800,expected_expiration-150m,1764982800,0.32,0.33,0.325,0.33,111
KXNBAGAME-25DEC04GSWPHI-PHI,KXNBAGAME-25DEC04GSWPHI,KXNBAGAME,game_winner,Golden State vs Philadelphia Winner?,Philadelphia,Philadelphia,yes,1,finalized,2025-12-02T16:06:00Z,2025-12-05T02:44:42.213037Z,2025-12-05T03:00:00Z,4488357.00,0.00,1764894600,expected_expiration-150m,1764894600,0.87,0.88,0.875,0.88,111
KXNBAGAME-25DEC04MINNOP-MIN,KXNBAGAME-25DEC04MINNOP,KXNBAGAME,game_winner,Minnesota vs New Orleans Winner?,Minnesota,Minnesota,yes,1,finalized,2025-12-02T16:06:00Z,2025-12-05T03:39:36.373457Z,2025-12-05T04:00:00Z,1920144.00,0.00,1764898200,expected_expiration-150m,1764898200,0.82,0.83,0.825,0.83,111
KXNBAGAME-25DEC05PHIMIL-PHI,KXNBAGAME-25DEC05PHIMIL,KXNBAGAME,game_winner,Philadelphia vs Milwaukee Winner?,Philadelphia,Philadelphia,yes,1,finalized,2025-12-03T16:07:00Z,2025-12-06T03:44:37.669197Z,2025-12-06T04:00:00Z,1155381.00,0.00,1764984600,expected_expiration-150m,1764984600,0.68,0.69,0.685,0.68,111
KXNBAGAME-25DEC04LALTOR-LAL,KXNBAGAME-25DEC04LALTOR,KXNBAGAME,game_winner,Los Angeles L vs Toronto Winner?,Los Angeles L,Los Angeles L,yes,1,finalized,2025-12-02T16:06:00Z,2025-12-05T03:14:38.836473Z,2025-12-05T03:30:00Z,4430774.00,0.00,1764896400,expected_expiration-150m,1764896400,0.63,0.64,0.635,0.64,111
KXNBAGAME-25DEC04GSWPHI-GSW,KXNBAGAME-25DEC04GSWPHI,KXNBAGAME,game_winner,Golden State vs Philadelphia Winner?,Golden State,Golden State,no,0,finalized,2025-12-02T16:06:00Z,2025-12-05T02:44:42.213037Z,2025-12-05T03:00:00Z,5069556.00,0.00,1764894600,expected_expiration-150m,1764894600,0.13,0.14,0.135,0.15,111
KXNBAGAME-25DEC04BOSWAS-BOS,KXNBAGAME-25DEC04BOSWAS,KXNBAGAME,game_winner,Boston vs Washington Winner?,Boston,Boston,yes,1,finalized,2025-12-02T16:06:00Z,2025-12-05T02:29:54.471337Z,2025-12-05T03:00:00Z,1882717.00,0.00,1764894600,expected_expiration-150m,1764894600,0.86,0.88,0.87,0.88,111
KXNBAGAME-25DEC04LALTOR-TOR,KXNBAGAME-25DEC04LALTOR,KXNBAGAME,game_winner,Los Angeles L vs Toronto Winner?,Toronto,Toronto,no,0,finalized,2025-12-02T16:06:00Z,2025-12-05T03:14:38.836473Z,2025-12-05T03:30:00Z,2966122.00,0.00,1764896400,expected_expiration-150m,1764896400,0.35,0.37,0.36,0.37,111
KXNBAGAME-25DEC03MIADAL-DAL,KXNBAGAME-25DEC03MIADAL,KXNBAGAME,game_winner,Miami vs Dallas Winner?,Dallas,Dallas,yes,1,finalized,2025-12-01T19:06:00Z,2025-12-04T04:00:22.262525Z,2025-12-04T04:30:00Z,3844848.00,0.00,1764813600,expected_expiration-150m,1764813600,0.34,0.35,0.345,0.35,111
KXNBAGAME-25DEC03MIADAL-MIA,KXNBAGAME-25DEC03MIADAL,KXNBAGAME,game_winner,Miami vs Dallas Winner?,Miami,Miami,no,0,finalized,2025-12-01T19:06:00Z,2025-12-04T04:00:22.262525Z,2025-12-04T04:30:00Z,3476947.00,0.00,1764813600,expected_expiration-150m,1764813600,0.63,0.65,0.64,0.64,111
KXNBAGAME-25DEC04UTABKN-BKN,KXNBAGAME-25DEC04UTABKN,KXNBAGAME,game_winner,Utah vs Brooklyn Winner?,Brooklyn,Brooklyn,no,0,finalized,2025-12-02T16:06:00Z,2025-12-05T03:14:38.82822Z,2025-12-05T03:30:00Z,2594523.00,0.00,1764896400,expected_expiration-150m,1764896400,0.45,0.46,0.455,0.46,111
KXNBAGAME-25DEC03SACHOU-HOU,KXNBAGAME-25DEC03SACHOU,KXNBAGAME,game_winner,Sacramento vs Houston Winner?,Houston,Houston,yes,1,finalized,2025-12-01T16:06:00Z,2025-12-04T03:49:53.195346Z,2025-12-04T04:00:00Z,646262.00,0.00,1764811800,expected_expiration-150m,1764811800,0.87,0.89,0.88,0.89,110
KXNBAGAME-25DEC03DETMIL-MIL,KXNBAGAME-25DEC03DETMIL,KXNBAGAME,game_winner,Detroit vs Milwaukee Winner?,Milwaukee,Milwaukee,yes,1,finalized,2025-12-01T16:06:00Z,2025-12-04T03:54:36.020682Z,2025-12-04T04:00:00Z,4886237.00,0.00,1764811800,expected_expiration-150m,1764811800,0.12,0.13,0.125,0.13,111
KXNBAGAME-25DEC03SACHOU-SAC,KXNBAGAME-25DEC03SACHOU,KXNBAGAME,game_winner,Sacramento vs Houston Winner?,Sacramento,Sacramento,no,0,finalized,2025-12-01T16:06:00Z,2025-12-04T03:49:53.195346Z,2025-12-04T04:00:00Z,1984769.00,0.00,1764811800,expected_expiration-150m,1764811800,0.11,0.12,0.11499999999999999,0.12,111
KXNBAGAME-25DEC05DENATL-ATL,KXNBAGAME-25DEC05DENATL,KXNBAGAME,game_winner,Denver vs Atlanta Winner?,Atlanta,Atlanta,no,0,finalized,2025-12-03T16:07:00Z,2025-12-06T03:15:07.908174Z,2025-12-06T03:30:00Z,2741481.00,0.00,1764982800,expected_expiration-150m,1764982800,0.67,0.69,0.6799999999999999,0.69,111
KXNBAGAME-25DEC03DETMIL-DET,KXNBAGAME-25DEC03DETMIL,KXNBAGAME,game_winner,Detroit vs Milwaukee Winner?,Detroit,Detroit,no,0,finalized,2025-12-01T16:06:00Z,2025-12-04T03:54:36.020682Z,2025-12-04T04:00:00Z,4696816.00,0.00,1764811800,expected_expiration-150m,1764811800,0.87,0.88,0.875,0.88,111
KXNBAGAME-25DEC04BOSWAS-WAS,KXNBAGAME-25DEC04BOSWAS,KXNBAGAME,game_winner,Boston vs Washington Winner?,Washington,Washington,no,0,finalized,2025-12-02T16:06:00Z,2025-12-05T02:29:54.471337Z,2025-12-05T03:00:00Z,2063201.00,0.00,1764894600,expected_expiration-150m,1764894600,0.12,0.13,0.125,0.13,111
KXNBAGAME-25DEC03BKNCHI-BKN,KXNBAGAME-25DEC03BKNCHI,KXNBAGAME,game_winner,Brooklyn vs Chicago Winner?,Brooklyn,Brooklyn,yes,1,finalized,2025-12-01T16:06:00Z,2025-12-04T03:34:35.843896Z,2025-12-04T04:00:00Z,2060852.00,0.00,1764811800,expected_expiration-150m,1764811800,0.3,0.31,0.305,0.31,111
KXNBAGAME-25DEC03LACATL-ATL,KXNBAGAME-25DEC03LACATL,KXNBAGAME,game_winner,Los Angeles C vs Atlanta Winner?,Atlanta,Atlanta,no,0,finalized,2025-12-01T16:06:00Z,2025-12-04T03:00:12.366915Z,2025-12-04T03:30:00Z,2969161.00,0.00,1764810000,expected_expiration-150m,1764810000,0.37,0.38,0.375,0.38,111
KXNBAGAME-25DEC03CHANYK-NYK,KXNBAGAME-25DEC03CHANYK,KXNBAGAME,game_winner,Charlotte vs New York K Winner?,New York K,New York K,yes,1,finalized,2025-12-01T16:06:00Z,2025-12-04T03:10:00.871773Z,2025-12-04T03:30:00Z,1517609.00,0.00,1764810000,expected_expiration-150m,1764810000,0.88,0.89,0.885,0.89,111
KXNBAGAME-25DEC03CHANYK-CHA,KXNBAGAME-25DEC03CHANYK,KXNBAGAME,game_winner,Charlotte vs New York K Winner?,Charlotte,Charlotte,no,0,finalized,2025-12-01T16:06:00Z,2025-12-04T03:10:00.871773Z,2025-12-04T03:30:00Z,929530.00,0.00,1764810000,expected_expiration-150m,1764810000,0.11,0.13,0.12,0.13,110
KXNBAGAME-25DEC03SASORL-ORL,KXNBAGAME-25DEC03SASORL,KXNBAGAME,game_winner,San Antonio vs Orlando Winner?,Orlando,Orlando,no,0,finalized,2025-12-01T16:06:00Z,2025-12-04T02:44:54.598126Z,2025-12-04T03:00:00Z,2734240.00,0.00,1764808200,expected_expiration-150m,1764808200,0.72,0.73,0.725,0.73,111
KXNBAGAME-25DEC03SASORL-SAS,KXNBAGAME-25DEC03SASORL,KXNBAGAME,game_winner,San Antonio vs Orlando Winner?,San Antonio,San Antonio,yes,1,finalized,2025-12-01T16:06:00Z,2025-12-04T02:44:54.598126Z,2025-12-04T03:00:00Z,6037807.00,0.00,1764808200,expected_expiration-150m,1764808200,0.27,0.28,0.275,0.28,111
KXNBAGAME-25DEC03DENIND-IND,KXNBAGAME-25DEC03DENIND,KXNBAGAME,game_winner,Denver vs Indiana Winner?,Indiana,Indiana,no,0,finalized,2025-12-01T16:06:00Z,2025-12-04T02:54:46.318606Z,2025-12-04T03:00:00Z,1003505.00,0.00,1764808200,expected_expiration-150m,1764808200,0.14,0.15,0.14500000000000002,0.14,111
KXNBAGAME-25DEC03DENIND-DEN,KXNBAGAME-25DEC03DENIND,KXNBAGAME,game_winner,Denver vs Indiana Winner?,Denver,Denver,yes,1,finalized,2025-12-01T16:06:00Z,2025-12-04T02:54:46.318606Z,2025-12-04T03:00:00Z,3110094.00,0.00,1764808200,expected_expiration-150m,1764808200,0.85,0.87,0.86,0.87,111
KXNBAGAME-25DEC03PORCLE-POR,KXNBAGAME-25DEC03PORCLE,KXNBAGAME,game_winner,Portland vs Cleveland Winner?,Portland,Portland,yes,1,finalized,2025-12-01T16:06:00Z,2025-12-04T02:40:22.091546Z,2025-12-04T03:00:00Z,2915375.00,0.00,1764808200,expected_expiration-150m,1764808200,0.13,0.14,0.135,0.14,111
KXNBAGAME-25DEC03LACATL-LAC,KXNBAGAME-25DEC03LACATL,KXNBAGAME,game_winner,Los Angeles C vs Atlanta Winner?,Los Angeles C,Los Angeles C,yes,1,finalized,2025-12-01T16:06:00Z,2025-12-04T03:00:12.366915Z,2025-12-04T03:30:00Z,2437987.00,0.00,1764810000,expected_expiration-150m,1764810000,0.62,0.63,0.625,0.63,111
KXNBAGAME-25DEC02MINNOP-NOP,KXNBAGAME-25DEC02MINNOP,KXNBAGAME,game_winner,Minnesota vs New Orleans Winner?,New Orleans,New Orleans,no,0,finalized,2025-11-30T16:06:00Z,2025-12-03T03:59:50.09614Z,2025-12-03T04:00:00Z,4328719.00,0.00,1764725400,expected_expiration-150m,1764725400,0.1,0.11,0.10500000000000001,0.11,111
KXNBAGAME-25DEC02OKCGSW-OKC,KXNBAGAME-25DEC02OKCGSW,KXNBAGAME,game_winner,Oklahoma City vs Golden State Winner?,Oklahoma City,Oklahoma City,yes,1,finalized,2025-11-30T19:06:00Z,2025-12-03T06:44:30.92378Z,2025-12-03T07:00:00Z,5341957.00,0.00,1764736200,expected_expiration-150m,1764736200,0.86,0.87,0.865,0.87,111
KXNBAGAME-25DEC02MINNOP-MIN,KXNBAGAME-25DEC02MINNOP,KXNBAGAME,game_winner,Minnesota vs New Orleans Winner?,Minnesota,Minnesota,yes,1,finalized,2025-11-30T16:06:00Z,2025-12-03T03:59:50.09614Z,2025-12-03T04:00:00Z,4902469.00,0.00,1764725400,expected_expiration-150m,1764725400,0.91,0.92,0.915,0.92,111
KXNBAGAME-25DEC05PHXHOU-HOU,KXNBAGAME-25DEC05PHXHOU,KXNBAGAME,game_winner,Phoenix vs Houston Winner?,Houston,Houston,yes,1,finalized,2025-12-03T16:07:00Z,2025-12-06T03:30:04.812248Z,2025-12-06T04:00:00Z,630630.00,0.00,1764984600,expected_expiration-150m,1764984600,0.68,0.69,0.685,0.69,111
KXNBAGAME-25DEC03PORCLE-CLE,KXNBAGAME-25DEC03PORCLE,KXNBAGAME,game_winner,Portland vs Cleveland Winner?,Cleveland,Cleveland,no,0,finalized,2025-12-01T16:06:00Z,2025-12-04T02:40:22.091546Z,2025-12-04T03:00:00Z,2462013.00,0.00,1764808200,expected_expiration-150m,1764808200,0.87,0.88,0.875,0.88,111
KXNBAGAME-25DEC02NYKBOS-BOS,KXNBAGAME-25DEC02NYKBOS,KXNBAGAME,game_winner,New York K vs Boston Winner?,Boston,Boston,yes,1,finalized,2025-11-30T16:06:00Z,2025-12-03T03:49:49.023879Z,2025-12-03T04:00:00Z,4477280.00,0.00,1764725400,expected_expiration-150m,1764725400,0.25,0.26,0.255,0.26,111
KXNBAGAME-25DEC02MEMSAS-SAS,KXNBAGAME-25DEC02MEMSAS,KXNBAGAME,game_winner,Memphis vs San Antonio Winner?,San Antonio,San Antonio,yes,1,finalized,2025-11-30T16:06:00Z,2025-12-03T04:04:28.012208Z,2025-12-03T04:00:00Z,2242920.00,0.00,1764725400,expected_expiration-150m,1764725400,0.64,0.65,0.645,0.65,111
KXNBAGAME-25DEC02MEMSAS-MEM,KXNBAGAME-25DEC02MEMSAS,KXNBAGAME,game_winner,Memphis vs San Antonio Winner?,Memphis,Memphis,no,0,finalized,2025-11-30T16:06:00Z,2025-12-03T04:04:28.012208Z,2025-12-03T04:00:00Z,1374297.00,0.00,1764725400,expected_expiration-150m,1764725400,0.36,0.37,0.365,0.37,111
KXNBAGAME-25DEC02WASPHI-WAS,KXNBAGAME-25DEC02WASPHI,KXNBAGAME,game_winner,Washington vs Philadelphia Winner?,Washington,Washington,no,0,finalized,2025-11-30T16:06:00Z,2025-12-03T02:29:52.643385Z,2025-12-03T03:00:00Z,2553971.00,0.00,1764721800,expected_expiration-150m,1764721800,0.16,0.17,0.165,0.17,111
KXNBAGAME-25DEC05INDCHI-CHI,KXNBAGAME-25DEC05INDCHI,KXNBAGAME,game_winner,Indiana vs Chicago Winner?,Chicago,Chicago,no,0,finalized,2025-12-03T16:07:00Z,2025-12-06T03:39:51.825904Z,2025-12-06T04:00:00Z,1098439.00,0.00,1764984600,expected_expiration-150m,1764984600,0.64,0.66,0.65,0.66,111
KXNBAGAME-25DEC01PHXLAL-PHX,KXNBAGAME-25DEC01PHXLAL,KXNBAGAME,game_winner,Phoenix vs Los Angeles L Winner?,Phoenix,Phoenix,yes,1,finalized,2025-11-29T19:07:00Z,2025-12-02T05:39:37.04015Z,2025-12-02T06:00:00Z,4939151.00,0.00,1764646200,expected_expiration-150m,1764646200,0.3,0.31,0.305,0.31,111
KXNBAGAME-25DEC01PHXLAL-LAL,KXNBAGAME-25DEC01PHXLAL,KXNBAGAME,game_winner,Phoenix vs Los Angeles L Winner?,Los Angeles L,Los Angeles L,no,0,finalized,2025-11-29T19:07:00Z,2025-12-02T05:39:37.04015Z,2025-12-02T06:00:00Z,6599383.00,0.00,1764646200,expected_expiration-150m,1764646200,0.69,0.7,0.695,0.7,111
KXNBAGAME-25DEC02WASPHI-PHI,KXNBAGAME-25DEC02WASPHI,KXNBAGAME,game_winner,Washington vs Philadelphia Winner?,Philadelphia,Philadelphia,yes,1,finalized,2025-11-30T16:06:00Z,2025-12-03T02:29:52.643385Z,2025-12-03T03:00:00Z,1272790.00,0.00,1764721800,expected_expiration-150m,1764721800,0.83,0.84,0.835,0.84,111
KXNBAGAME-25DEC01DALDEN-DAL,KXNBAGAME-25DEC01DALDEN,KXNBAGAME,game_winner,Dallas vs Denver Winner?,Dallas,Dallas,yes,1,finalized,2025-11-29T19:06:00Z,2025-12-02T04:34:31.119045Z,2025-12-02T05:00:00Z,3613613.00,0.00,1764642600,expected_expiration-150m,1764642600,0.08,0.1,0.09,0.1,111
KXNBAGAME-25DEC02NYKBOS-NYK,KXNBAGAME-25DEC02NYKBOS,KXNBAGAME,game_winner,New York K vs Boston Winner?,New York K,New York K,no,0,finalized,2025-11-30T16:06:00Z,2025-12-03T03:49:49.023879Z,2025-12-03T04:00:00Z,4727399.00,0.00,1764725400,expected_expiration-150m,1764725400,0.74,0.76,0.75,0.75,111
KXNBAGAME-25DEC01HOUUTA-HOU,KXNBAGAME-25DEC01HOUUTA,KXNBAGAME,game_winner,Houston vs Utah Winner?,Houston,Houston,no,0,finalized,2025-11-29T19:06:00Z,2025-12-02T05:09:34.245267Z,2025-12-02T05:00:00Z,5530572.00,0.00,1764642600,expected_expiration-150m,1764642600,0.82,0.84,0.83,0.84,111
KXNBAGAME-25DEC01DALDEN-DEN,KXNBAGAME-25DEC01DALDEN,KXNBAGAME,game_winner,Dallas vs Denver Winner?,Denver,Denver,no,0,finalized,2025-11-29T19:06:00Z,2025-12-02T04:34:31.119045Z,2025-12-02T05:00:00Z,2440597.00,0.00,1764642600,expected_expiration-150m,1764642600,0.91,0.92,0.915,0.92,111
KXNBAGAME-25DEC01HOUUTA-UTA,KXNBAGAME-25DEC01HOUUTA,KXNBAGAME,game_winner,Houston vs Utah Winner?,Utah,Utah,yes,1,finalized,2025-11-29T19:06:00Z,2025-12-02T05:09:34.245267Z,2025-12-02T05:00:00Z,5883954.00,0.00,1764642600,expected_expiration-150m,1764642600,0.17,0.18,0.175,0.18,110
KXNBAGAME-25DEC02PORTOR-TOR,KXNBAGAME-25DEC02PORTOR,KXNBAGAME,game_winner,Portland vs Toronto Winner?,Toronto,Toronto,yes,1,finalized,2025-11-30T16:06:00Z,2025-12-03T03:19:45.822561Z,2025-12-03T03:30:00Z,3477012.00,0.00,1764723600,expected_expiration-150m,1764723600,0.5,0.51,0.505,0.51,111
KXNBAGAME-25DEC01CHIORL-ORL,KXNBAGAME-25DEC01CHIORL,KXNBAGAME,game_winner,Chicago vs Orlando Winner?,Orlando,Orlando,yes,1,finalized,2025-11-29T16:06:00Z,2025-12-02T03:39:35.718832Z,2025-12-02T03:30:00Z,2744201.00,0.00,1764637200,expected_expiration-150m,1764637200,0.73,0.74,0.735,0.74,109
KXNBAGAME-25DEC01CHABKN-CHA,KXNBAGAME-25DEC01CHABKN,KXNBAGAME,game_winner,Charlotte vs Brooklyn Winner?,Charlotte,Charlotte,no,0,finalized,2025-11-29T16:06:00Z,2025-12-02T03:14:49.531174Z,2025-12-02T03:30:00Z,2155084.00,0.00,1764637200,expected_expiration-150m,1764637200,0.61,0.63,0.62,0.63,111
KXNBAGAME-25DEC05LALBOS-LAL,KXNBAGAME-25DEC05LALBOS,KXNBAGAME,game_winner,Los Angeles L vs Boston Winner?,Los Angeles L,Los Angeles L,no,0,finalized,2025-12-03T16:07:00Z,2025-12-06T02:40:03.867314Z,2025-12-06T03:00:00Z,5067603.00,0.00,1764981000,expected_expiration-150m,1764981000,0.11,0.12,0.11499999999999999,0.12,111
KXNBAGAME-25DEC01CHIORL-CHI,KXNBAGAME-25DEC01CHIORL,KXNBAGAME,game_winner,Chicago vs Orlando Winner?,Chicago,Chicago,no,0,finalized,2025-11-29T16:06:00Z,2025-12-02T03:39:35.718832Z,2025-12-02T03:30:00Z,3732385.00,0.00,1764637200,expected_expiration-150m,1764637200,0.25,0.27,0.26,0.27,111
KXNBAGAME-25DEC01ATLDET-DET,KXNBAGAME-25DEC01ATLDET,KXNBAGAME,game_winner,Atlanta vs Detroit Winner?,Detroit,Detroit,yes,1,finalized,2025-11-29T16:06:00Z,2025-12-02T02:49:50.757445Z,2025-12-02T03:00:00Z,1944768.00,0.00,1764635400,expected_expiration-150m,1764635400,0.73,0.75,0.74,0.75,111
KXNBAGAME-25DEC01CLEIND-IND,KXNBAGAME-25DEC01CLEIND,KXNBAGAME,game_winner,Cleveland vs Indiana Winner?,Indiana,Indiana,no,0,finalized,2025-11-29T16:06:00Z,2025-12-02T02:49:49.901869Z,2025-12-02T03:00:00Z,1125739.00,0.00,1764635400,expected_expiration-150m,1764635400,0.21,0.22,0.215,0.22,111
KXNBAGAME-25DEC01ATLDET-ATL,KXNBAGAME-25DEC01ATLDET,KXNBAGAME,game_winner,Atlanta vs Detroit Winner?,Atlanta,Atlanta,no,0,finalized,2025-11-29T16:06:00Z,2025-12-02T02:49:50.757445Z,2025-12-02T03:00:00Z,3900105.00,0.00,1764635400,expected_expiration-150m,1764635400,0.25,0.27,0.26,0.27,111
KXNBAGAME-25DEC01CHABKN-BKN,KXNBAGAME-25DEC01CHABKN,KXNBAGAME,game_winner,Charlotte vs Brooklyn Winner?,Brooklyn,Brooklyn,yes,1,finalized,2025-11-29T16:06:00Z,2025-12-02T03:14:49.531174Z,2025-12-02T03:30:00Z,1955103.00,0.00,1764637200,expected_expiration-150m,1764637200,0.37,0.39,0.38,0.39,111
KXNBAGAME-25DEC01MILWAS-WAS,KXNBAGAME-25DEC01MILWAS,KXNBAGAME,game_winner,Milwaukee vs Washington Winner?,Washington,Washington,yes,1,finalized,2025-11-29T16:06:00Z,2025-12-02T02:34:55.660659Z,2025-12-02T03:00:00Z,1898581.00,0.00,1764635400,expected_expiration-150m,1764635400,0.15,0.16,0.155,0.16,111
KXNBAGAME-25DEC01CLEIND-CLE,KXNBAGAME-25DEC01CLEIND,KXNBAGAME,game_winner,Cleveland vs Indiana Winner?,Cleveland,Cleveland,yes,1,finalized,2025-11-29T16:06:00Z,2025-12-02T02:49:49.901869Z,2025-12-02T03:00:00Z,2755876.00,0.00,1764635400,expected_expiration-150m,1764635400,0.79,0.8,0.795,0.8,111
KXNBAGAME-25DEC01MILWAS-MIL,KXNBAGAME-25DEC01MILWAS,KXNBAGAME,game_winner,Milwaukee vs Washington Winner?,Milwaukee,Milwaukee,no,0,finalized,2025-11-29T16:06:00Z,2025-12-02T02:34:55.660659Z,2025-12-02T03:00:00Z,2251977.00,0.00,1764635400,expected_expiration-150m,1764635400,0.84,0.85,0.845,0.85,111
KXNBAGAME-25NOV30NOPLAL-NOP,KXNBAGAME-25NOV30NOPLAL,KXNBAGAME,game_winner,New Orleans vs Los Angeles L Winner?,New Orleans,New Orleans,no,0,finalized,2025-11-28T19:07:00Z,2025-12-01T05:09:35.3196Z,2025-12-01T05:30:00Z,1480457.00,0.00,1764558000,expected_expiration-150m,1764558000,0.04,0.05,0.045,0.04,111
KXNBAGAME-25DEC01LACMIA-MIA,KXNBAGAME-25DEC01LACMIA,KXNBAGAME,game_winner,Los Angeles C vs Miami Winner?,Miami,Miami,yes,1,finalized,2025-11-29T16:06:00Z,2025-12-02T03:14:48.788473Z,2025-12-02T03:30:00Z,796427.00,0.00,1764637200,expected_expiration-150m,1764637200,0.72,0.73,0.725,0.73,111
KXNBAGAME-25DEC01LACMIA-LAC,KXNBAGAME-25DEC01LACMIA,KXNBAGAME,game_winner,Los Angeles C vs Miami Winner?,Los Angeles C,Los Angeles C,no,0,finalized,2025-11-29T16:06:00Z,2025-12-02T03:14:48.788473Z,2025-12-02T03:30:00Z,987208.00,0.00,1764637200,expected_expiration-150m,1764637200,0.26,0.28,0.27,0.28,111
KXNBAGAME-25NOV30MEMSAC-SAC,KXNBAGAME-25NOV30MEMSAC,KXNBAGAME,game_winner,Memphis vs Sacramento Winner?,Sacramento,Sacramento,no,0,finalized,2025-11-28T19:07:00Z,2025-12-01T04:54:28.718174Z,2025-12-01T05:00:00Z,3451706.00,0.00,1764556200,expected_expiration-150m,1764556200,0.33,0.34,0.335,0.34,111
KXNBAGAME-25NOV30NOPLAL-LAL,KXNBAGAME-25NOV30NOPLAL,KXNBAGAME,game_winner,New Orleans vs Los Angeles L Winner?,Los Angeles L,Los Angeles L,yes,1,finalized,2025-11-28T19:07:00Z,2025-12-01T05:09:35.3196Z,2025-12-01T05:30:00Z,769065.00,0.00,1764558000,expected_expiration-150m,1764558000,0.95,0.96,0.955,0.96,111
KXNBAGAME-25NOV30SASMIN-SAS,KXNBAGAME-25NOV30SASMIN,KXNBAGAME,game_winner,San Antonio vs Minnesota Winner?,San Antonio,San Antonio,no,0,finalized,2025-11-28T16:06:00Z,2025-12-01T02:44:37.407267Z,2025-12-01T03:00:00Z,2207181.00,0.00,1764549000,expected_expiration-150m,1764549000,0.46,0.47,0.46499999999999997,0.46,111
KXNBAGAME-25NOV30SASMIN-MIN,KXNBAGAME-25NOV30SASMIN,KXNBAGAME,game_winner,San Antonio vs Minnesota Winner?,Minnesota,Minnesota,yes,1,finalized,2025-11-28T16:06:00Z,2025-12-01T02:44:37.407267Z,2025-12-01T03:00:00Z,2537325.00,0.00,1764549000,expected_expiration-150m,1764549000,0.55,0.56,0.555,0.57,111
KXNBAGAME-25NOV30TORNYK-NYK,KXNBAGAME-25NOV30TORNYK,KXNBAGAME,game_winner,Toronto vs New York K Winner?,New York K,New York K,yes,1,finalized,2025-11-28T16:06:00Z,2025-12-01T01:39:43.241996Z,2025-12-01T02:00:00Z,1777904.00,0.00,1764545400,expected_expiration-150m,1764545400,0.89,0.91,0.9,0.9,111
KXNBAGAME-25NOV30ATLPHI-ATL,KXNBAGAME-25NOV30ATLPHI,KXNBAGAME,game_winner,Atlanta vs Philadelphia Winner?,Atlanta,Atlanta,yes,1,finalized,2025-11-28T16:06:00Z,2025-12-01T02:24:31.131433Z,2025-12-01T02:00:00Z,3857093.00,0.00,1764545400,expected_expiration-150m,1764545400,0.38,0.39,0.385,0.39,111
KXNBAGAME-25NOV30OKCPOR-OKC,KXNBAGAME-25NOV30OKCPOR,KXNBAGAME,game_winner,Oklahoma City vs Portland Winner?,Oklahoma City,Oklahoma City,yes,1,finalized,2025-11-28T16:06:00Z,2025-12-01T01:39:43.50768Z,2025-12-01T02:00:00Z,3205481.00,0.00,1764545400,expected_expiration-150m,1764545400,0.81,0.82,0.815,0.82,111
KXNBAGAME-25NOV30BOSCLE-CLE,KXNBAGAME-25NOV30BOSCLE,KXNBAGAME,game_winner,Boston vs Cleveland Winner?,Cleveland,Cleveland,no,0,finalized,2025-11-28T16:06:00Z,2025-12-01T01:34:40.698525Z,2025-12-01T02:00:00Z,2269690.00,0.00,1764545400,expected_expiration-150m,1764545400,0.55,0.56,0.555,0.56,111
KXNBAGAME-25NOV30OKCPOR-POR,KXNBAGAME-25NOV30OKCPOR,KXNBAGAME,game_winner,Oklahoma City vs Portland Winner?,Portland,Portland,no,0,finalized,2025-11-28T16:06:00Z,2025-12-01T01:39:43.50768Z,2025-12-01T02:00:00Z,2783053.00,0.00,1764545400,expected_expiration-150m,1764545400,0.18,0.19,0.185,0.19,111
KXNBAGAME-25NOV30HOUUTA-UTA,KXNBAGAME-25NOV30HOUUTA,KXNBAGAME,game_winner,Houston vs Utah Winner?,Utah,Utah,no,0,finalized,2025-11-28T13:06:00Z,2025-11-30T22:49:50.356913Z,2025-11-30T23:00:00Z,839490.00,0.00,1764534600,expected_expiration-150m,1764534600,0.1,0.12,0.11,0.13,111
KXNBAGAME-25NOV30HOUUTA-HOU,KXNBAGAME-25NOV30HOUUTA,KXNBAGAME,game_winner,Houston vs Utah Winner?,Houston,Houston,yes,1,finalized,2025-11-28T13:06:00Z,2025-11-30T22:49:50.356913Z,2025-11-30T23:00:00Z,662815.00,0.00,1764534600,expected_expiration-150m,1764534600,0.88,0.89,0.885,0.89,111
KXNBAGAME-25NOV30BOSCLE-BOS,KXNBAGAME-25NOV30BOSCLE,KXNBAGAME,game_winner,Boston vs Cleveland Winner?,Boston,Boston,yes,1,finalized,2025-11-28T16:06:00Z,2025-12-01T01:34:40.698525Z,2025-12-01T02:00:00Z,3424332.00,0.00,1764545400,expected_expiration-150m,1764545400,0.43,0.45,0.44,0.45,111
KXNBAGAME-25NOV30ATLPHI-PHI,KXNBAGAME-25NOV30ATLPHI,KXNBAGAME,game_winner,Atlanta vs Philadelphia Winner?,Philadelphia,Philadelphia,no,0,finalized,2025-11-28T16:06:00Z,2025-12-01T02:24:31.131433Z,2025-12-01T02:00:00Z,4715576.00,0.00,1764545400,expected_expiration-150m,1764545400,0.61,0.62,0.615,0.62,111
KXNBAGAME-25NOV29DENPHX-PHX,KXNBAGAME-25NOV29DENPHX,KXNBAGAME,game_winner,Denver vs Phoenix Winner?,Phoenix,Phoenix,no,0,finalized,2025-11-27T19:06:00Z,2025-11-30T04:29:38.170741Z,2025-11-30T05:00:00Z,1599983.00,0.00,1764469800,expected_expiration-150m,1764469800,0.35,0.36,0.355,0.37,111
KXNBAGAME-25NOV29DALLAC-LAC,KXNBAGAME-25NOV29DALLAC,KXNBAGAME,game_winner,Dallas vs Los Angeles C Winner?,Los Angeles C,Los Angeles C,no,0,finalized,2025-11-27T19:06:00Z,2025-11-30T05:54:29.363549Z,2025-11-30T06:00:00Z,3010121.00,0.00,1764473400,expected_expiration-150m,1764473400,0.84,0.86,0.85,0.85,111
KXNBAGAME-25NOV30TORNYK-TOR,KXNBAGAME-25NOV30TORNYK,KXNBAGAME,game_winner,Toronto vs New York K Winner?,Toronto,Toronto,no,0,finalized,2025-11-28T16:06:00Z,2025-12-01T01:39:43.241996Z,2025-12-01T02:00:00Z,2924017.00,0.00,1764545400,expected_expiration-150m,1764545400,0.1,0.11,0.10500000000000001,0.11,111
KXNBAGAME-25NOV29DENPHX-DEN,KXNBAGAME-25NOV29DENPHX,KXNBAGAME,game_winner,Denver vs Phoenix Winner?,Denver,Denver,yes,1,finalized,2025-11-27T19:06:00Z,2025-11-30T04:29:38.170741Z,2025-11-30T05:00:00Z,2284571.00,0.00,1764469800,expected_expiration-150m,1764469800,0.63,0.64,0.635,0.63,111
KXNBAGAME-25NOV29BKNMIL-MIL,KXNBAGAME-25NOV29BKNMIL,KXNBAGAME,game_winner,Brooklyn vs Milwaukee Winner?,Milwaukee,Milwaukee,yes,1,finalized,2025-11-27T16:06:00Z,2025-11-30T03:29:41.434905Z,2025-11-30T04:00:00Z,605980.00,0.00,1764466200,expected_expiration-150m,1764466200,0.9,0.91,0.905,0.91,111
KXNBAGAME-25NOV29BKNMIL-BKN,KXNBAGAME-25NOV29BKNMIL,KXNBAGAME,game_winner,Brooklyn vs Milwaukee Winner?,Brooklyn,Brooklyn,no,0,finalized,2025-11-27T16:06:00Z,2025-11-30T03:29:41.434905Z,2025-11-30T04:00:00Z,638356.00,0.00,1764466200,expected_expiration-150m,1764466200,0.09,0.1,0.095,0.1,111
KXNBAGAME-25NOV29NOPGSW-NOP,KXNBAGAME-25NOV29NOPGSW,KXNBAGAME,game_winner,New Orleans vs Golden State Winner?,New Orleans,New Orleans,no,0,finalized,2025-11-27T19:06:00Z,2025-11-30T04:29:37.962085Z,2025-11-30T04:30:00Z,2365696.00,0.00,1764468000,expected_expiration-150m,1764468000,0.14,0.15,0.14500000000000002,0.15,111
KXNBAGAME-25NOV29TORCHA-CHA,KXNBAGAME-25NOV29TORCHA,KXNBAGAME,game_winner,Toronto vs Charlotte Winner?,Charlotte,Charlotte,yes,1,finalized,2025-11-27T16:06:00Z,2025-11-30T02:00:13.855656Z,2025-11-30T02:00:00Z,4765112.00,0.00,1764459000,expected_expiration-150m,1764459000,0.12,0.13,0.125,0.13,111
KXNBAGAME-25NOV29DALLAC-DAL,KXNBAGAME-25NOV29DALLAC,KXNBAGAME,game_winner,Dallas vs Los Angeles C Winner?,Dallas,Dallas,yes,1,finalized,2025-11-27T19:06:00Z,2025-11-30T05:54:29.363549Z,2025-11-30T06:00:00Z,5845201.00,0.00,1764473400,expected_expiration-150m,1764473400,0.16,0.17,0.165,0.16,111
KXNBAGAME-25NOV29TORCHA-TOR,KXNBAGAME-25NOV29TORCHA,KXNBAGAME,game_winner,Toronto vs Charlotte Winner?,Toronto,Toronto,no,0,finalized,2025-11-27T16:06:00Z,2025-11-30T02:00:13.855656Z,2025-11-30T02:00:00Z,3598095.00,0.00,1764459000,expected_expiration-150m,1764459000,0.87,0.88,0.875,0.88,111
KXNBAGAME-25NOV29DETMIA-DET,KXNBAGAME-25NOV29DETMIA,KXNBAGAME,game_winner,Detroit vs Miami Winner?,Detroit,Detroit,yes,1,finalized,2025-11-27T16:06:00Z,2025-11-30T03:59:41.378435Z,2025-11-30T04:00:00Z,2276249.00,0.00,1764466200,expected_expiration-150m,1764466200,0.44,0.45,0.445,0.46,111
KXNBAGAME-25NOV29CHIIND-IND,KXNBAGAME-25NOV29CHIIND,KXNBAGAME,game_winner,Chicago vs Indiana Winner?,Indiana,Indiana,yes,1,finalized,2025-11-27T16:06:00Z,2025-11-30T03:04:35.228344Z,2025-11-30T03:30:00Z,2595939.00,0.00,1764464400,expected_expiration-150m,1764464400,0.36,0.37,0.365,0.37,111
KXNBAGAME-25NOV29BOSMIN-MIN,KXNBAGAME-25NOV29BOSMIN,KXNBAGAME,game_winner,Boston vs Minnesota Winner?,Minnesota,Minnesota,yes,1,finalized,2025-11-27T13:06:00Z,2025-11-30T00:34:46.574474Z,2025-11-30T01:00:00Z,2903635.00,0.00,1764455400,expected_expiration-150m,1764455400,0.65,0.66,0.655,0.66,111
KXNBAGAME-25NOV30MEMSAC-MEM,KXNBAGAME-25NOV30MEMSAC,KXNBAGAME,game_winner,Memphis vs Sacramento Winner?,Memphis,Memphis,yes,1,finalized,2025-11-28T19:07:00Z,2025-12-01T04:54:28.718174Z,2025-12-01T05:00:00Z,2839718.00,0.00,1764556200,expected_expiration-150m,1764556200,0.67,0.68,0.675,0.68,111
KXNBAGAME-25NOV29NOPGSW-GSW,KXNBAGAME-25NOV29NOPGSW,KXNBAGAME,game_winner,New Orleans vs Golden State Winner?,Golden State,Golden State,yes,1,finalized,2025-11-27T19:06:00Z,2025-11-30T04:29:37.962085Z,2025-11-30T04:30:00Z,2029555.00,0.00,1764468000,expected_expiration-150m,1764468000,0.85,0.86,0.855,0.84,111
KXNBAGAME-25NOV29CHIIND-CHI,KXNBAGAME-25NOV29CHIIND,KXNBAGAME,game_winner,Chicago vs Indiana Winner?,Chicago,Chicago,no,0,finalized,2025-11-27T16:06:00Z,2025-11-30T03:04:35.228344Z,2025-11-30T03:30:00Z,3949517.00,0.00,1764464400,expected_expiration-150m,1764464400,0.65,0.67,0.66,0.66,111
KXNBAGAME-25DEC02PORTOR-POR,KXNBAGAME-25DEC02PORTOR,KXNBAGAME,game_winner,Portland vs Toronto Winner?,Portland,Portland,no,0,finalized,2025-11-30T16:06:00Z,2025-12-03T03:19:45.822561Z,2025-12-03T03:30:00Z,2726454.00,0.00,1764723600,expected_expiration-150m,1764723600,0.49,0.5,0.495,0.5,111
KXNBAGAME-25NOV28MEMLAC-LAC,KXNBAGAME-25NOV28MEMLAC,KXNBAGAME,game_winner,Memphis vs Los Angeles C Winner?,Los Angeles C,Los Angeles C,no,0,finalized,2025-11-26T19:06:00Z,2025-11-29T05:49:34.255363Z,2025-11-29T06:00:00Z,1666810.00,0.00,1764387000,expected_expiration-150m,1764387000,0.74,0.75,0.745,0.75,111
KXNBAGAME-25NOV28SASDEN-SAS,KXNBAGAME-25NOV28SASDEN,KXNBAGAME,game_winner,San Antonio vs Denver Winner?,San Antonio,San Antonio,yes,1,finalized,2025-11-26T19:06:00Z,2025-11-29T05:19:41.753639Z,2025-11-29T05:30:00Z,2687184.00,0.00,1764385200,expected_expiration-150m,1764385200,0.3,0.31,0.305,0.31,111
KXNBAGAME-25NOV29DETMIA-MIA,KXNBAGAME-25NOV29DETMIA,KXNBAGAME,game_winner,Detroit vs Miami Winner?,Miami,Miami,no,0,finalized,2025-11-27T16:06:00Z,2025-11-30T03:59:41.378435Z,2025-11-30T04:00:00Z,1791552.00,0.00,1764466200,expected_expiration-150m,1764466200,0.54,0.55,0.545,0.55,111
KXNBAGAME-25NOV28SASDEN-DEN,KXNBAGAME-25NOV28SASDEN,KXNBAGAME,game_winner,San Antonio vs Denver Winner?,Denver,Denver,no,0,finalized,2025-11-26T19:06:00Z,2025-11-29T05:19:41.753639Z,2025-11-29T05:30:00Z,2466812.00,0.00,1764385200,expected_expiration-150m,1764385200,0.71,0.72,0.715,0.72,111
KXNBAGAME-25NOV28SACUTA-SAC,KXNBAGAME-25NOV28SACUTA,KXNBAGAME,game_winner,Sacramento vs Utah Winner?,Sacramento,Sacramento,no,0,finalized,2025-11-26T19:06:00Z,2025-11-29T05:19:41.457759Z,2025-11-29T05:30:00Z,1247650.00,0.00,1764385200,expected_expiration-150m,1764385200,0.46,0.47,0.46499999999999997,0.47,111
KXNBAGAME-25NOV28PHXOKC-PHX,KXNBAGAME-25NOV28PHXOKC,KXNBAGAME,game_winner,Phoenix vs Oklahoma City Winner?,Phoenix,Phoenix,no,0,finalized,2025-11-26T19:06:00Z,2025-11-29T05:09:46.975043Z,2025-11-29T05:30:00Z,4027001.00,0.00,1764385200,expected_expiration-150m,1764385200,0.13,0.14,0.135,0.14,111
KXNBAGAME-25NOV28SACUTA-UTA,KXNBAGAME-25NOV28SACUTA,KXNBAGAME,game_winner,Sacramento vs Utah Winner?,Utah,Utah,yes,1,finalized,2025-11-26T19:06:00Z,2025-11-29T05:19:41.457759Z,2025-11-29T05:30:00Z,1088909.00,0.00,1764385200,expected_expiration-150m,1764385200,0.53,0.54,0.535,0.54,111
KXNBAGAME-25NOV29BOSMIN-BOS,KXNBAGAME-25NOV29BOSMIN,KXNBAGAME,game_winner,Boston vs Minnesota Winner?,Boston,Boston,no,0,finalized,2025-11-27T13:06:00Z,2025-11-30T00:34:46.574474Z,2025-11-30T01:00:00Z,4197372.00,0.00,1764455400,expected_expiration-150m,1764455400,0.34,0.36,0.35,0.36,111
KXNBAGAME-25NOV28DALLAL-LAL,KXNBAGAME-25NOV28DALLAL,KXNBAGAME,game_winner,Dallas vs Los Angeles L Winner?,Los Angeles L,Los Angeles L,yes,1,finalized,2025-11-26T19:06:00Z,2025-11-29T05:49:33.635204Z,2025-11-29T06:00:00Z,3331371.00,0.00,1764387000,expected_expiration-150m,1764387000,0.81,0.83,0.8200000000000001,0.83,111
KXNBAGAME-25NOV28MILNYK-NYK,KXNBAGAME-25NOV28MILNYK,KXNBAGAME,game_winner,Milwaukee vs New York K Winner?,New York K,New York K,yes,1,finalized,2025-11-26T16:06:00Z,2025-11-29T03:29:43.176021Z,2025-11-29T03:30:00Z,1828020.00,0.00,1764378000,expected_expiration-150m,1764378000,0.69,0.7,0.695,0.7,111
KXNBAGAME-25NOV28MEMLAC-MEM,KXNBAGAME-25NOV28MEMLAC,KXNBAGAME,game_winner,Memphis vs Los Angeles C Winner?,Memphis,Memphis,yes,1,finalized,2025-11-26T19:06:00Z,2025-11-29T05:49:34.255363Z,2025-11-29T06:00:00Z,1905859.00,0.00,1764387000,expected_expiration-150m,1764387000,0.25,0.27,0.26,0.27,111
KXNBAGAME-25NOV28PHIBKN-PHI,KXNBAGAME-25NOV28PHIBKN,KXNBAGAME,game_winner,Philadelphia vs Brooklyn Winner?,Philadelphia,Philadelphia,yes,1,finalized,2025-11-26T16:06:00Z,2025-11-29T03:19:47.903452Z,2025-11-29T03:30:00Z,1220517.00,0.00,1764378000,expected_expiration-150m,1764378000,0.79,0.8,0.795,0.81,111
KXNBAGAME-25NOV28MILNYK-MIL,KXNBAGAME-25NOV28MILNYK,KXNBAGAME,game_winner,Milwaukee vs New York K Winner?,Milwaukee,Milwaukee,no,0,finalized,2025-11-26T16:06:00Z,2025-11-29T03:29:43.176021Z,2025-11-29T03:30:00Z,3212665.00,0.00,1764378000,expected_expiration-150m,1764378000,0.31,0.32,0.315,0.32,111
KXNBAGAME-25NOV28CLEATL-CLE,KXNBAGAME-25NOV28CLEATL,KXNBAGAME,game_winner,Cleveland vs Atlanta Winner?,Cleveland,Cleveland,no,0,finalized,2025-11-26T16:06:00Z,2025-11-29T03:19:53.308111Z,2025-11-29T03:30:00Z,1775286.00,0.00,1764378000,expected_expiration-150m,1764378000,0.51,0.52,0.515,0.52,111
KXNBAGAME-25NOV28CLEATL-ATL,KXNBAGAME-25NOV28CLEATL,KXNBAGAME,game_winner,Cleveland vs Atlanta Winner?,Atlanta,Atlanta,yes,1,finalized,2025-11-26T16:06:00Z,2025-11-29T03:19:53.308111Z,2025-11-29T03:30:00Z,2064164.00,0.00,1764378000,expected_expiration-150m,1764378000,0.49,0.5,0.495,0.5,111
KXNBAGAME-25NOV28PHIBKN-BKN,KXNBAGAME-25NOV28PHIBKN,KXNBAGAME,game_winner,Philadelphia vs Brooklyn Winner?,Brooklyn,Brooklyn,no,0,finalized,2025-11-26T16:06:00Z,2025-11-29T03:19:47.903452Z,2025-11-29T03:30:00Z,407496.00,0.00,1764378000,expected_expiration-150m,1764378000,0.2,0.21,0.20500000000000002,0.21,111
KXNBAGAME-25NOV28WASIND-IND,KXNBAGAME-25NOV28WASIND,KXNBAGAME,game_winner,Washington vs Indiana Winner?,Indiana,Indiana,yes,1,finalized,2025-11-26T16:06:00Z,2025-11-29T03:14:52.804095Z,2025-11-29T03:30:00Z,292584.00,0.00,1764378000,expected_expiration-150m,1764378000,0.69,0.7,0.695,0.7,111
KXNBAGAME-25NOV28CHICHA-CHI,KXNBAGAME-25NOV28CHICHA,KXNBAGAME,game_winner,Chicago vs Charlotte Winner?,Chicago,Chicago,no,0,finalized,2025-11-26T16:06:00Z,2025-11-29T03:14:55.300817Z,2025-11-29T03:30:00Z,2421214.00,0.00,1764378000,expected_expiration-150m,1764378000,0.62,0.63,0.625,0.63,111
KXNBAGAME-25NOV28PHXOKC-OKC,KXNBAGAME-25NOV28PHXOKC,KXNBAGAME,game_winner,Phoenix vs Oklahoma City Winner?,Oklahoma City,Oklahoma City,yes,1,finalized,2025-11-26T19:06:00Z,2025-11-29T05:09:46.975043Z,2025-11-29T05:30:00Z,1243564.00,0.00,1764385200,expected_expiration-150m,1764385200,0.87,0.88,0.875,0.87,111
KXNBAGAME-25NOV28ORLDET-ORL,KXNBAGAME-25NOV28ORLDET,KXNBAGAME,game_winner,Orlando vs Detroit Winner?,Orlando,Orlando,yes,1,finalized,2025-11-26T16:06:00Z,2025-11-29T03:24:43.204351Z,2025-11-29T03:30:00Z,2271172.00,0.00,1764378000,expected_expiration-150m,1764378000,0.2,0.21,0.20500000000000002,0.21,111
KXNBAGAME-25NOV28CHICHA-CHA,KXNBAGAME-25NOV28CHICHA,KXNBAGAME,game_winner,Chicago vs Charlotte Winner?,Charlotte,Charlotte,yes,1,finalized,2025-11-26T16:06:00Z,2025-11-29T03:14:55.300817Z,2025-11-29T03:30:00Z,1194716.00,0.00,1764378000,expected_expiration-150m,1764378000,0.37,0.38,0.375,0.38,111
KXNBAGAME-25NOV26SASPOR-SAS,KXNBAGAME-25NOV26SASPOR,KXNBAGAME,game_winner,San Antonio vs Portland Winner?,San Antonio,San Antonio,yes,1,finalized,2025-11-24T19:06:00Z,2025-11-27T05:39:42.551527Z,2025-11-27T06:00:00Z,2896536.00,0.00,1764214200,expected_expiration-150m,1764214200,0.44,0.45,0.445,0.44,111
KXNBAGAME-25NOV26SASPOR-POR,KXNBAGAME-25NOV26SASPOR,KXNBAGAME,game_winner,San Antonio vs Portland Winner?,Portland,Portland,no,0,finalized,2025-11-24T19:06:00Z,2025-11-27T05:39:42.551527Z,2025-11-27T06:00:00Z,2403455.00,0.00,1764214200,expected_expiration-150m,1764214200,0.56,0.57,0.565,0.57,111
KXNBAGAME-25NOV26HOUGSW-HOU,KXNBAGAME-25NOV26HOUGSW,KXNBAGAME,game_winner,Houston vs Golden State Winner?,Houston,Houston,yes,1,finalized,2025-11-24T19:06:00Z,2025-11-27T06:04:27.510656Z,2025-11-27T06:00:00Z,6581703.00,0.00,1764214200,expected_expiration-150m,1764214200,0.27,0.28,0.275,0.28,111
KXNBAGAME-25NOV28WASIND-WAS,KXNBAGAME-25NOV28WASIND,KXNBAGAME,game_winner,Washington vs Indiana Winner?,Washington,Washington,no,0,finalized,2025-11-26T16:06:00Z,2025-11-29T03:14:52.804095Z,2025-11-29T03:30:00Z,818760.00,0.00,1764378000,expected_expiration-150m,1764378000,0.29,0.3,0.295,0.3,111
KXNBAGAME-25NOV26PHXSAC-SAC,KXNBAGAME-25NOV26PHXSAC,KXNBAGAME,game_winner,Phoenix vs Sacramento Winner?,Sacramento,Sacramento,no,0,finalized,2025-11-24T19:06:00Z,2025-11-27T05:49:40.634827Z,2025-11-27T06:00:00Z,1667330.00,0.00,1764214200,expected_expiration-150m,1764214200,0.13,0.14,0.135,0.14,111
KXNBAGAME-25NOV26PHXSAC-PHX,KXNBAGAME-25NOV26PHXSAC,KXNBAGAME,game_winner,Phoenix vs Sacramento Winner?,Phoenix,Phoenix,yes,1,finalized,2025-11-24T19:06:00Z,2025-11-27T05:49:40.634827Z,2025-11-27T06:00:00Z,2008106.00,0.00,1764214200,expected_expiration-150m,1764214200,0.87,0.88,0.875,0.88,111
KXNBAGAME-25NOV26INDTOR-TOR,KXNBAGAME-25NOV26INDTOR,KXNBAGAME,game_winner,Indiana vs Toronto Winner?,Toronto,Toronto,yes,1,finalized,2025-11-24T16:06:00Z,2025-11-27T03:14:43.276959Z,2025-11-27T03:30:00Z,3069381.00,0.00,1764205200,expected_expiration-150m,1764205200,0.75,0.76,0.755,0.76,111
KXNBAGAME-25NOV26MEMNOP-NOP,KXNBAGAME-25NOV26MEMNOP,KXNBAGAME,game_winner,Memphis vs New Orleans Winner?,New Orleans,New Orleans,no,0,finalized,2025-11-24T16:06:00Z,2025-11-27T03:54:30.311328Z,2025-11-27T04:00:00Z,3467385.00,0.00,1764207000,expected_expiration-150m,1764207000,0.4,0.41,0.405,0.41,111
KXNBAGAME-25NOV26HOUGSW-GSW,KXNBAGAME-25NOV26HOUGSW,KXNBAGAME,game_winner,Houston vs Golden State Winner?,Golden State,Golden State,no,0,finalized,2025-11-24T19:06:00Z,2025-11-27T06:04:27.510656Z,2025-11-27T06:00:00Z,7835814.00,0.00,1764214200,expected_expiration-150m,1764214200,0.72,0.73,0.725,0.73,111
KXNBAGAME-25NOV26MILMIA-MIA,KXNBAGAME-25NOV26MILMIA,KXNBAGAME,game_winner,Milwaukee vs Miami Winner?,Miami,Miami,yes,1,finalized,2025-11-24T16:06:00Z,2025-11-27T03:00:03.099416Z,2025-11-27T03:30:00Z,1474554.00,0.00,1764205200,expected_expiration-150m,1764205200,0.82,0.83,0.825,0.83,111
KXNBAGAME-25NOV26INDTOR-IND,KXNBAGAME-25NOV26INDTOR,KXNBAGAME,game_winner,Indiana vs Toronto Winner?,Indiana,Indiana,no,0,finalized,2025-11-24T16:06:00Z,2025-11-27T03:14:43.276959Z,2025-11-27T03:30:00Z,2666408.00,0.00,1764205200,expected_expiration-150m,1764205200,0.24,0.25,0.245,0.25,111
KXNBAGAME-25NOV26MEMNOP-MEM,KXNBAGAME-25NOV26MEMNOP,KXNBAGAME,game_winner,Memphis vs New Orleans Winner?,Memphis,Memphis,yes,1,finalized,2025-11-24T16:06:00Z,2025-11-27T03:54:30.311328Z,2025-11-27T04:00:00Z,2701438.00,0.00,1764207000,expected_expiration-150m,1764207000,0.59,0.6,0.595,0.59,111
KXNBAGAME-25DEC03BKNCHI-CHI,KXNBAGAME-25DEC03BKNCHI,KXNBAGAME,game_winner,Brooklyn vs Chicago Winner?,Chicago,Chicago,no,0,finalized,2025-12-01T16:06:00Z,2025-12-04T03:34:35.843896Z,2025-12-04T04:00:00Z,2272401.00,0.00,1764811800,expected_expiration-150m,,,,,,0
KXNBAGAME-25NOV26NYKCHA-CHA,KXNBAGAME-25NOV26NYKCHA,KXNBAGAME,game_winner,New York K vs Charlotte Winner?,Charlotte,Charlotte,no,0,finalized,2025-11-24T16:06:00Z,2025-11-27T02:40:02.718342Z,2025-11-27T03:00:00Z,602062.00,0.00,1764203400,expected_expiration-150m,1764203400,0.23,0.24,0.235,0.24,111
KXNBAGAME-25NOV26MINOKC-OKC,KXNBAGAME-25NOV26MINOKC,KXNBAGAME,game_winner,Minnesota vs Oklahoma City Winner?,Oklahoma City,Oklahoma City,yes,1,finalized,2025-11-24T16:06:00Z,2025-11-27T03:39:46.581486Z,2025-11-27T03:30:00Z,4960316.00,0.00,1764205200,expected_expiration-150m,1764205200,0.74,0.75,0.745,0.75,111
KXNBAGAME-25NOV26DETBOS-BOS,KXNBAGAME-25NOV26DETBOS,KXNBAGAME,game_winner,Detroit vs Boston Winner?,Boston,Boston,yes,1,finalized,2025-11-24T13:06:00Z,2025-11-27T01:04:59.393006Z,2025-11-27T01:00:00Z,5199405.00,0.00,1764196200,expected_expiration-150m,1764196200,0.39,0.4,0.395,0.4,111
KXNBAGAME-25NOV26DETBOS-DET,KXNBAGAME-25NOV26DETBOS,KXNBAGAME,game_winner,Detroit vs Boston Winner?,Detroit,Detroit,no,0,finalized,2025-11-24T13:06:00Z,2025-11-27T01:04:59.393006Z,2025-11-27T01:00:00Z,9287810.00,0.00,1764196200,expected_expiration-150m,1764196200,0.6,0.61,0.605,0.61,111
KXNBAGAME-25NOV26MILMIA-MIL,KXNBAGAME-25NOV26MILMIA,KXNBAGAME,game_winner,Milwaukee vs Miami Winner?,Milwaukee,Milwaukee,no,0,finalized,2025-11-24T16:06:00Z,2025-11-27T03:00:03.099416Z,2025-11-27T03:30:00Z,1973114.00,0.00,1764205200,expected_expiration-150m,1764205200,0.17,0.18,0.175,0.18,111
KXNBAGAME-25NOV25LACLAL-LAC,KXNBAGAME-25NOV25LACLAL,KXNBAGAME,game_winner,Los Angeles C vs Los Angeles L Winner?,Los Angeles C,Los Angeles C,no,0,finalized,2025-11-23T19:06:00Z,2025-11-26T06:54:27.440556Z,2025-11-26T07:00:00Z,4804410.00,0.00,1764131400,expected_expiration-150m,1764131400,0.26,0.27,0.265,0.26,111
KXNBAGAME-25NOV25LACLAL-LAL,KXNBAGAME-25NOV25LACLAL,KXNBAGAME,game_winner,Los Angeles C vs Los Angeles L Winner?,Los Angeles L,Los Angeles L,yes,1,finalized,2025-11-23T19:06:00Z,2025-11-26T06:54:27.440556Z,2025-11-26T07:00:00Z,8316245.00,0.00,1764131400,expected_expiration-150m,1764131400,0.73,0.74,0.735,0.74,111
KXNBAGAME-25NOV25ORLPHI-PHI,KXNBAGAME-25NOV25ORLPHI,KXNBAGAME,game_winner,Orlando vs Philadelphia Winner?,Philadelphia,Philadelphia,no,0,finalized,2025-11-23T16:06:00Z,2025-11-26T03:54:28.682625Z,2025-11-26T04:00:00Z,3313835.00,0.00,1764120600,expected_expiration-150m,1764120600,0.33,0.35,0.33999999999999997,0.35,111
KXNBAGAME-25NOV26MINOKC-MIN,KXNBAGAME-25NOV26MINOKC,KXNBAGAME,game_winner,Minnesota vs Oklahoma City Winner?,Minnesota,Minnesota,no,0,finalized,2025-11-24T16:06:00Z,2025-11-27T03:39:46.581486Z,2025-11-27T03:30:00Z,4990711.00,0.00,1764205200,expected_expiration-150m,1764205200,0.26,0.27,0.265,0.27,111
KXNBAGAME-25NOV24MINSAC-SAC,KXNBAGAME-25NOV24MINSAC,KXNBAGAME,game_winner,Minnesota vs Sacramento Winner?,Sacramento,Sacramento,yes,1,finalized,2025-11-22T19:07:00Z,2025-11-25T06:09:36.497576Z,2025-11-25T06:00:00Z,3674053.00,0.00,1764041400,expected_expiration-150m,1764041400,0.15,0.16,0.155,0.15,111
KXNBAGAME-25NOV24MINSAC-MIN,KXNBAGAME-25NOV24MINSAC,KXNBAGAME,game_winner,Minnesota vs Sacramento Winner?,Minnesota,Minnesota,no,0,finalized,2025-11-22T19:07:00Z,2025-11-25T06:09:36.497576Z,2025-11-25T06:00:00Z,3017292.00,0.00,1764041400,expected_expiration-150m,1764041400,0.84,0.85,0.845,0.85,111
KXNBAGAME-25NOV25ATLWAS-WAS,KXNBAGAME-25NOV25ATLWAS,KXNBAGAME,game_winner,Atlanta vs Washington Winner?,Washington,Washington,yes,1,finalized,2025-11-23T16:06:00Z,2025-11-26T02:34:29.449355Z,2025-11-26T03:00:00Z,4345307.00,0.00,1764117000,expected_expiration-150m,1764117000,0.57,0.59,0.58,0.58,111
KXNBAGAME-25DEC02OKCGSW-GSW,KXNBAGAME-25DEC02OKCGSW,KXNBAGAME,game_winner,Oklahoma City vs Golden State Winner?,Golden State,Golden State,no,0,finalized,2025-11-30T19:06:00Z,2025-12-03T06:44:30.92378Z,2025-12-03T07:00:00Z,8416770.00,0.00,1764736200,expected_expiration-150m,,,,,,0
KXNBAGAME-25NOV24HOUPHX-PHX,KXNBAGAME-25NOV24HOUPHX,KXNBAGAME,game_winner,Houston vs Phoenix Winner?,Phoenix,Phoenix,no,0,finalized,2025-11-22T19:07:00Z,2025-11-25T05:34:28.875424Z,2025-11-25T05:30:00Z,3968586.00,0.00,1764039600,expected_expiration-150m,1764039600,0.32,0.33,0.325,0.33,111
KXNBAGAME-25NOV24HOUPHX-HOU,KXNBAGAME-25NOV24HOUPHX,KXNBAGAME,game_winner,Houston vs Phoenix Winner?,Houston,Houston,yes,1,finalized,2025-11-22T19:07:00Z,2025-11-25T05:34:28.875424Z,2025-11-25T05:30:00Z,2028931.00,0.00,1764039600,expected_expiration-150m,1764039600,0.67,0.68,0.675,0.68,111
KXNBAGAME-25NOV24DENMEM-MEM,KXNBAGAME-25NOV24DENMEM,KXNBAGAME,game_winner,Denver vs Memphis Winner?,Memphis,Memphis,no,0,finalized,2025-11-22T16:06:00Z,2025-11-25T03:34:41.681421Z,2025-11-25T04:00:00Z,772002.00,0.00,1764034200,expected_expiration-150m,1764034200,0.21,0.22,0.215,0.22,111
KXNBAGAME-25NOV28DALLAL-DAL,KXNBAGAME-25NOV28DALLAL,KXNBAGAME,game_winner,Dallas vs Los Angeles L Winner?,Dallas,Dallas,no,0,finalized,2025-11-26T19:06:00Z,2025-11-29T05:49:33.635204Z,2025-11-29T06:00:00Z,4272977.00,0.00,1764387000,expected_expiration-150m,1764387000,0.17,0.18,0.175,0.18,111
KXNBAGAME-25NOV25ORLPHI-ORL,KXNBAGAME-25NOV25ORLPHI,KXNBAGAME,game_winner,Orlando vs Philadelphia Winner?,Orlando,Orlando,yes,1,finalized,2025-11-23T16:06:00Z,2025-11-26T03:54:28.682625Z,2025-11-26T04:00:00Z,2442853.00,0.00,1764120600,expected_expiration-150m,1764120600,0.65,0.67,0.66,0.65,111
KXNBAGAME-25NOV24PORMIL-POR,KXNBAGAME-25NOV24PORMIL,KXNBAGAME,game_winner,Portland vs Milwaukee Winner?,Portland,Portland,yes,1,finalized,2025-11-22T16:06:00Z,2025-11-25T03:59:51.073669Z,2025-11-25T04:00:00Z,745837.00,0.00,1764034200,expected_expiration-150m,1764034200,0.58,0.59,0.585,0.59,111
KXNBAGAME-25NOV24CHINOP-NOP,KXNBAGAME-25NOV24CHINOP,KXNBAGAME,game_winner,Chicago vs New Orleans Winner?,New Orleans,New Orleans,yes,1,finalized,2025-11-22T16:06:00Z,2025-11-25T03:44:39.108784Z,2025-11-25T04:00:00Z,1371692.00,0.00,1764034200,expected_expiration-150m,1764034200,0.42,0.43,0.425,0.43,111
KXNBAGAME-25NOV24UTAGSW-UTA,KXNBAGAME-25NOV24UTAGSW,KXNBAGAME,game_winner,Utah vs Golden State Winner?,Utah,Utah,no,0,finalized,2025-11-22T19:07:00Z,2025-11-25T05:54:29.51913Z,2025-11-25T06:00:00Z,2477090.00,0.00,1764041400,expected_expiration-150m,1764041400,0.23,0.24,0.235,0.24,111
KXNBAGAME-25NOV24PORMIL-MIL,KXNBAGAME-25NOV24PORMIL,KXNBAGAME,game_winner,Portland vs Milwaukee Winner?,Milwaukee,Milwaukee,no,0,finalized,2025-11-22T16:06:00Z,2025-11-25T03:59:51.073669Z,2025-11-25T04:00:00Z,933162.00,0.00,1764034200,expected_expiration-150m,1764034200,0.4,0.41,0.405,0.41,110
KXNBAGAME-25NOV24UTAGSW-GSW,KXNBAGAME-25NOV24UTAGSW,KXNBAGAME,game_winner,Utah vs Golden State Winner?,Golden State,Golden State,yes,1,finalized,2025-11-22T19:07:00Z,2025-11-25T05:54:29.51913Z,2025-11-25T06:00:00Z,762926.00,0.00,1764041400,expected_expiration-150m,1764041400,0.76,0.77,0.765,0.77,108
KXNBAGAME-25NOV24DALMIA-MIA,KXNBAGAME-25NOV24DALMIA,KXNBAGAME,game_winner,Dallas vs Miami Winner?,Miami,Miami,yes,1,finalized,2025-11-22T16:06:00Z,2025-11-25T03:34:41.591517Z,2025-11-25T03:30:00Z,1718245.00,0.00,1764032400,expected_expiration-150m,1764032400,0.79,0.8,0.795,0.8,111
KXNBAGAME-25NOV26NYKCHA-NYK,KXNBAGAME-25NOV26NYKCHA,KXNBAGAME,game_winner,New York K vs Charlotte Winner?,New York K,New York K,yes,1,finalized,2025-11-24T16:06:00Z,2025-11-27T02:40:02.718342Z,2025-11-27T03:00:00Z,1978670.00,0.00,1764203400,expected_expiration-150m,1764203400,0.76,0.77,0.765,0.77,111
KXNBAGAME-25NOV24NYKBKN-NYK,KXNBAGAME-25NOV24NYKBKN,KXNBAGAME,game_winner,New York K vs Brooklyn Winner?,New York K,New York K,yes,1,finalized,2025-11-22T16:06:00Z,2025-11-25T03:14:43.688559Z,2025-11-25T03:30:00Z,519783.00,0.00,1764032400,expected_expiration-150m,1764032400,0.82,0.83,0.825,0.82,111
KXNBAGAME-25NOV24NYKBKN-BKN,KXNBAGAME-25NOV24NYKBKN,KXNBAGAME,game_winner,New York K vs Brooklyn Winner?,Brooklyn,Brooklyn,no,0,finalized,2025-11-22T16:06:00Z,2025-11-25T03:14:43.688559Z,2025-11-25T03:30:00Z,1289831.00,0.00,1764032400,expected_expiration-150m,1764032400,0.18,0.19,0.185,0.19,111
KXNBAGAME-25NOV28ORLDET-DET,KXNBAGAME-25NOV28ORLDET,KXNBAGAME,game_winner,Orlando vs Detroit Winner?,Detroit,Detroit,no,0,finalized,2025-11-26T16:06:00Z,2025-11-29T03:24:43.204351Z,2025-11-29T03:30:00Z,4492940.00,0.00,1764378000,expected_expiration-150m,1764378000,0.79,0.8,0.795,0.8,111
KXNBAGAME-25NOV24CHINOP-CHI,KXNBAGAME-25NOV24CHINOP,KXNBAGAME,game_winner,Chicago vs New Orleans Winner?,Chicago,Chicago,no,0,finalized,2025-11-22T16:06:00Z,2025-11-25T03:44:39.108784Z,2025-11-25T04:00:00Z,2465950.00,0.00,1764034200,expected_expiration-150m,1764034200,0.57,0.58,0.575,0.58,111
KXNBAGAME-25NOV24DETIND-IND,KXNBAGAME-25NOV24DETIND,KXNBAGAME,game_winner,Detroit vs Indiana Winner?,Indiana,Indiana,no,0,finalized,2025-11-22T16:06:00Z,2025-11-25T03:04:53.853863Z,2025-11-25T03:00:00Z,1494734.00,0.00,1764030600,expected_expiration-150m,1764030600,0.18,0.19,0.185,0.19,111
KXNBAGAME-25NOV23SASPHX-SAS,KXNBAGAME-25NOV23SASPHX,KXNBAGAME,game_winner,San Antonio vs Phoenix Winner?,San Antonio,San Antonio,no,0,finalized,2025-11-21T16:06:00Z,2025-11-24T03:49:38.320032Z,2025-11-24T04:00:00Z,3709981.00,0.00,1763947800,expected_expiration-150m,1763947800,0.58,0.59,0.585,0.59,111
KXNBAGAME-25NOV24DETIND-DET,KXNBAGAME-25NOV24DETIND,KXNBAGAME,game_winner,Detroit vs Indiana Winner?,Detroit,Detroit,yes,1,finalized,2025-11-22T16:06:00Z,2025-11-25T03:04:53.853863Z,2025-11-25T03:00:00Z,2538423.00,0.00,1764030600,expected_expiration-150m,1764030600,0.82,0.83,0.825,0.83,111
KXNBAGAME-25NOV23BKNTOR-TOR,KXNBAGAME-25NOV23BKNTOR,KXNBAGAME,game_winner,Brooklyn vs Toronto Winner?,Toronto,Toronto,yes,1,finalized,2025-11-21T16:06:00Z,2025-11-24T01:49:41.17653Z,2025-11-24T02:00:00Z,1593398.00,0.00,1763940600,expected_expiration-150m,1763940600,0.84,0.85,0.845,0.85,111
KXNBAGAME-25NOV24DALMIA-DAL,KXNBAGAME-25NOV24DALMIA,KXNBAGAME,game_winner,Dallas vs Miami Winner?,Dallas,Dallas,no,0,finalized,2025-11-22T16:06:00Z,2025-11-25T03:34:41.591517Z,2025-11-25T03:30:00Z,1761625.00,0.00,1764032400,expected_expiration-150m,1764032400,0.19,0.2,0.195,0.2,111
KXNBAGAME-25NOV23LALUTA-LAL,KXNBAGAME-25NOV23LALUTA,KXNBAGAME,game_winner,Los Angeles L vs Utah Winner?,Los Angeles L,Los Angeles L,yes,1,finalized,2025-11-21T16:06:00Z,2025-11-24T03:54:29.982831Z,2025-11-24T04:00:00Z,3422044.00,0.00,1763947800,expected_expiration-150m,1763947800,0.8,0.81,0.805,0.81,111
KXNBAGAME-25NOV24CLETOR-CLE,KXNBAGAME-25NOV24CLETOR,KXNBAGAME,game_winner,Cleveland vs Toronto Winner?,Cleveland,Cleveland,no,0,finalized,2025-11-22T16:06:00Z,2025-11-25T02:49:59.832209Z,2025-11-25T03:00:00Z,3327461.00,0.00,1764030600,expected_expiration-150m,1764030600,0.48,0.49,0.485,0.49,111
KXNBAGAME-25NOV23BKNTOR-BKN,KXNBAGAME-25NOV23BKNTOR,KXNBAGAME,game_winner,Brooklyn vs Toronto Winner?,Brooklyn,Brooklyn,no,0,finalized,2025-11-21T16:06:00Z,2025-11-24T01:49:41.17653Z,2025-11-24T02:00:00Z,2118481.00,0.00,1763940600,expected_expiration-150m,1763940600,0.15,0.16,0.155,0.16,111
KXNBAGAME-25NOV23CHAATL-CHA,KXNBAGAME-25NOV23CHAATL,KXNBAGAME,game_winner,Charlotte vs Atlanta Winner?,Charlotte,Charlotte,no,0,finalized,2025-11-21T16:06:00Z,2025-11-24T01:39:45.86566Z,2025-11-24T02:00:00Z,2006584.00,0.00,1763940600,expected_expiration-150m,1763940600,0.23,0.24,0.235,0.25,111
KXNBAGAME-25NOV23CHAATL-ATL,KXNBAGAME-25NOV23CHAATL,KXNBAGAME,game_winner,Charlotte vs Atlanta Winner?,Atlanta,Atlanta,yes,1,finalized,2025-11-21T16:06:00Z,2025-11-24T01:39:45.86566Z,2025-11-24T02:00:00Z,2463921.00,0.00,1763940600,expected_expiration-150m,1763940600,0.75,0.77,0.76,0.76,111
KXNBAGAME-25NOV23POROKC-OKC,KXNBAGAME-25NOV23POROKC,KXNBAGAME,game_winner,Portland vs Oklahoma City Winner?,Oklahoma City,Oklahoma City,yes,1,finalized,2025-11-21T16:06:00Z,2025-11-24T02:59:47.727653Z,2025-11-24T03:00:00Z,1389899.00,0.00,1763944200,expected_expiration-150m,1763944200,0.91,0.92,0.915,0.92,111
KXNBAGAME-25NOV23ORLBOS-ORL,KXNBAGAME-25NOV23ORLBOS,KXNBAGAME,game_winner,Orlando vs Boston Winner?,Orlando,Orlando,no,0,finalized,2025-11-21T16:06:00Z,2025-11-24T01:44:48.434292Z,2025-11-24T02:00:00Z,1166008.00,0.00,1763940600,expected_expiration-150m,1763940600,0.24,0.25,0.245,0.25,111
KXNBAGAME-25NOV23LACCLE-LAC,KXNBAGAME-25NOV23LACCLE,KXNBAGAME,game_winner,Los Angeles C vs Cleveland Winner?,Los Angeles C,Los Angeles C,no,0,finalized,2025-11-21T16:06:00Z,2025-11-24T01:34:44.466011Z,2025-11-24T02:00:00Z,1683414.00,0.00,1763940600,expected_expiration-150m,1763940600,0.4,0.42,0.41000000000000003,0.42,111
KXNBAGAME-25NOV23SASPHX-PHX,KXNBAGAME-25NOV23SASPHX,KXNBAGAME,game_winner,San Antonio vs Phoenix Winner?,Phoenix,Phoenix,yes,1,finalized,2025-11-21T16:06:00Z,2025-11-24T03:49:38.320032Z,2025-11-24T04:00:00Z,4596533.00,0.00,1763947800,expected_expiration-150m,1763947800,0.4,0.41,0.405,0.41,111
KXNBAGAME-25NOV23MIAPHI-PHI,KXNBAGAME-25NOV23MIAPHI,KXNBAGAME,game_winner,Miami vs Philadelphia Winner?,Philadelphia,Philadelphia,no,0,finalized,2025-11-21T10:06:00Z,2025-11-23T20:39:54.142662Z,2025-11-23T21:00:00Z,2229066.00,0.00,1763922600,expected_expiration-150m,1763922600,0.38,0.41,0.395,0.42,111
KXNBAGAME-25NOV23LALUTA-UTA,KXNBAGAME-25NOV23LALUTA,KXNBAGAME,game_winner,Los Angeles L vs Utah Winner?,Utah,Utah,no,0,finalized,2025-11-21T16:06:00Z,2025-11-24T03:54:29.982831Z,2025-11-24T04:00:00Z,2829105.00,0.00,1763947800,expected_expiration-150m,1763947800,0.19,0.2,0.195,0.2,111
KXNBAGAME-25NOV23LACCLE-CLE,KXNBAGAME-25NOV23LACCLE,KXNBAGAME,game_winner,Los Angeles C vs Cleveland Winner?,Cleveland,Cleveland,yes,1,finalized,2025-11-21T16:06:00Z,2025-11-24T01:34:44.466011Z,2025-11-24T02:00:00Z,1016767.00,0.00,1763940600,expected_expiration-150m,1763940600,0.6,0.61,0.605,0.61,111
KXNBAGAME-25NOV23MIAPHI-MIA,KXNBAGAME-25NOV23MIAPHI,KXNBAGAME,game_winner,Miami vs Philadelphia Winner?,Miami,Miami,yes,1,finalized,2025-11-21T10:06:00Z,2025-11-23T20:39:54.142662Z,2025-11-23T21:00:00Z,1707023.00,0.00,1763922600,expected_expiration-150m,1763922600,0.57,0.6,0.585,0.6,111
KXNBAGAME-25NOV23POROKC-POR,KXNBAGAME-25NOV23POROKC,KXNBAGAME,game_winner,Portland vs Oklahoma City Winner?,Portland,Portland,no,0,finalized,2025-11-21T16:06:00Z,2025-11-24T02:59:47.727653Z,2025-11-24T03:00:00Z,1346129.00,0.00,1763944200,expected_expiration-150m,1763944200,0.06,0.07,0.065,0.08,111
KXNBAGAME-25NOV22SACDEN-SAC,KXNBAGAME-25NOV22SACDEN,KXNBAGAME,game_winner,Sacramento vs Denver Winner?,Sacramento,Sacramento,yes,1,finalized,2025-11-20T19:06:00Z,2025-11-23T05:54:31.810031Z,2025-11-23T06:00:00Z,4104757.00,0.00,1763868600,expected_expiration-150m,1763868600,0.16,0.17,0.165,0.17,111
KXNBAGAME-25NOV22WASCHI-WAS,KXNBAGAME-25NOV22WASCHI,KXNBAGAME,game_winner,Washington vs Chicago Winner?,Washington,Washington,no,0,finalized,2025-11-20T16:06:00Z,2025-11-23T03:39:41.785738Z,2025-11-23T04:00:00Z,2608139.00,0.00,1763861400,expected_expiration-150m,1763861400,0.22,0.23,0.225,0.23,110
KXNBAGAME-25NOV23ORLBOS-BOS,KXNBAGAME-25NOV23ORLBOS,KXNBAGAME,game_winner,Orlando vs Boston Winner?,Boston,Boston,yes,1,finalized,2025-11-21T16:06:00Z,2025-11-24T01:44:48.434292Z,2025-11-24T02:00:00Z,670237.00,0.00,1763940600,expected_expiration-150m,1763940600,0.74,0.75,0.745,0.74,111
KXNBAGAME-25NOV22DETMIL-MIL,KXNBAGAME-25NOV22DETMIL,KXNBAGAME,game_winner,Detroit vs Milwaukee Winner?,Milwaukee,Milwaukee,no,0,finalized,2025-11-20T16:06:00Z,2025-11-23T03:49:41.674339Z,2025-11-23T04:00:00Z,1348129.00,0.00,1763861400,expected_expiration-150m,1763861400,0.19,0.2,0.195,0.2,111
KXNBAGAME-25NOV22SACDEN-DEN,KXNBAGAME-25NOV22SACDEN,KXNBAGAME,game_winner,Sacramento vs Denver Winner?,Denver,Denver,no,0,finalized,2025-11-20T19:06:00Z,2025-11-23T05:54:31.810031Z,2025-11-23T06:00:00Z,6059124.00,0.00,1763868600,expected_expiration-150m,1763868600,0.83,0.84,0.835,0.84,111
KXNBAGAME-25NOV22WASCHI-CHI,KXNBAGAME-25NOV22WASCHI,KXNBAGAME,game_winner,Washington vs Chicago Winner?,Chicago,Chicago,yes,1,finalized,2025-11-20T16:06:00Z,2025-11-23T03:39:41.785738Z,2025-11-23T04:00:00Z,3618225.00,0.00,1763861400,expected_expiration-150m,1763861400,0.77,0.78,0.775,0.78,111
KXNBAGAME-25NOV22ATLNOP-ATL,KXNBAGAME-25NOV22ATLNOP,KXNBAGAME,game_winner,Atlanta vs New Orleans Winner?,Atlanta,Atlanta,yes,1,finalized,2025-11-20T16:06:00Z,2025-11-23T02:34:36.158486Z,2025-11-23T03:00:00Z,1580770.00,0.00,1763857800,expected_expiration-150m,1763857800,0.72,0.73,0.725,0.72,111
KXNBAGAME-25NOV22MEMDAL-MEM,KXNBAGAME-25NOV22MEMDAL,KXNBAGAME,game_winner,Memphis vs Dallas Winner?,Memphis,Memphis,yes,1,finalized,2025-11-20T19:06:00Z,2025-11-23T04:04:33.142009Z,2025-11-23T04:30:00Z,2328924.00,0.00,1763863200,expected_expiration-150m,1763863200,0.45,0.46,0.455,0.46,111
KXNBAGAME-25NOV22NYKORL-NYK,KXNBAGAME-25NOV22NYKORL,KXNBAGAME,game_winner,New York K vs Orlando Winner?,New York K,New York K,no,0,finalized,2025-11-20T13:06:00Z,2025-11-23T01:19:50.804337Z,2025-11-23T01:00:00Z,4213558.00,0.00,1763850600,expected_expiration-150m,1763850600,0.41,0.42,0.415,0.42,111
KXNBAGAME-25NOV22MEMDAL-DAL,KXNBAGAME-25NOV22MEMDAL,KXNBAGAME,game_winner,Memphis vs Dallas Winner?,Dallas,Dallas,no,0,finalized,2025-11-20T19:06:00Z,2025-11-23T04:04:33.142009Z,2025-11-23T04:30:00Z,3766023.00,0.00,1763863200,expected_expiration-150m,1763863200,0.54,0.55,0.545,0.55,111
KXNBAGAME-25NOV22NYKORL-ORL,KXNBAGAME-25NOV22NYKORL,KXNBAGAME,game_winner,New York K vs Orlando Winner?,Orlando,Orlando,yes,1,finalized,2025-11-20T13:06:00Z,2025-11-23T01:19:50.804337Z,2025-11-23T01:00:00Z,2646304.00,0.00,1763850600,expected_expiration-150m,1763850600,0.58,0.6,0.59,0.59,111
KXNBAGAME-25NOV21OKCUTA-UTA,KXNBAGAME-25NOV21OKCUTA,KXNBAGAME,game_winner,Oklahoma City vs Utah Winner?,Utah,Utah,no,0,finalized,2025-11-19T19:06:00Z,2025-11-22T05:44:46.845231Z,2025-11-22T06:00:00Z,2917776.00,0.00,1763782200,expected_expiration-150m,1763782200,0.19,0.21,0.2,0.21,111
KXNBAGAME-25NOV21OKCUTA-OKC,KXNBAGAME-25NOV21OKCUTA,KXNBAGAME,game_winner,Oklahoma City vs Utah Winner?,Oklahoma City,Oklahoma City,yes,1,finalized,2025-11-19T19:06:00Z,2025-11-22T05:44:46.845231Z,2025-11-22T06:00:00Z,1741240.00,0.00,1763782200,expected_expiration-150m,1763782200,0.79,0.81,0.8,0.81,111
KXNBAGAME-25NOV21PORGSW-POR,KXNBAGAME-25NOV21PORGSW,KXNBAGAME,game_winner,Portland vs Golden State Winner?,Portland,Portland,yes,1,finalized,2025-11-19T19:06:00Z,2025-11-22T06:09:34.72596Z,2025-11-22T06:00:00Z,4005013.00,0.00,1763782200,expected_expiration-150m,1763782200,0.28,0.3,0.29000000000000004,0.3,110
KXNBAGAME-25NOV22DETMIL-DET,KXNBAGAME-25NOV22DETMIL,KXNBAGAME,game_winner,Detroit vs Milwaukee Winner?,Detroit,Detroit,yes,1,finalized,2025-11-20T16:06:00Z,2025-11-23T03:49:41.674339Z,2025-11-23T04:00:00Z,1572985.00,0.00,1763861400,expected_expiration-150m,1763861400,0.8,0.81,0.805,0.81,111
KXNBAGAME-25NOV22ATLNOP-NOP,KXNBAGAME-25NOV22ATLNOP,KXNBAGAME,game_winner,Atlanta vs New Orleans Winner?,New Orleans,New Orleans,no,0,finalized,2025-11-20T16:06:00Z,2025-11-23T02:34:36.158486Z,2025-11-23T03:00:00Z,1337608.00,0.00,1763857800,expected_expiration-150m,1763857800,0.27,0.28,0.275,0.28,111
KXNBAGAME-25NOV21DENHOU-HOU,KXNBAGAME-25NOV21DENHOU,KXNBAGAME,game_winner,Denver vs Houston Winner?,Houston,Houston,no,0,finalized,2025-11-19T19:06:00Z,2025-11-22T05:29:49.528374Z,2025-11-22T05:30:00Z,4863924.00,0.00,1763780400,expected_expiration-150m,1763780400,0.4,0.42,0.41000000000000003,0.41,111
KXNBAGAME-25NOV21PORGSW-GSW,KXNBAGAME-25NOV21PORGSW,KXNBAGAME,game_winner,Portland vs Golden State Winner?,Golden State,Golden State,no,0,finalized,2025-11-19T19:06:00Z,2025-11-22T06:09:34.72596Z,2025-11-22T06:00:00Z,5077845.00,0.00,1763782200,expected_expiration-150m,1763782200,0.7,0.72,0.71,0.72,111
KXNBAGAME-25NOV21MINPHX-MIN,KXNBAGAME-25NOV21MINPHX,KXNBAGAME,game_winner,Minnesota vs Phoenix Winner?,Minnesota,Minnesota,no,0,finalized,2025-11-19T19:06:00Z,2025-11-22T05:04:38.541794Z,2025-11-22T05:00:00Z,3327056.00,0.00,1763778600,expected_expiration-150m,1763778600,0.64,0.66,0.65,0.66,111
KXNBAGAME-25NOV21NOPDAL-NOP,KXNBAGAME-25NOV21NOPDAL,KXNBAGAME,game_winner,New Orleans vs Dallas Winner?,New Orleans,New Orleans,no,0,finalized,2025-11-19T19:06:00Z,2025-11-22T04:24:37.434753Z,2025-11-22T04:30:00Z,2129723.00,0.00,1763776800,expected_expiration-150m,1763776800,0.49,0.5,0.495,0.49,111
KXNBAGAME-25NOV22LACCHA-LAC,KXNBAGAME-25NOV22LACCHA,KXNBAGAME,game_winner,Los Angeles C vs Charlotte Winner?,Los Angeles C,Los Angeles C,yes,1,finalized,2025-11-20T10:06:00Z,2025-11-22T20:54:45.095867Z,2025-11-22T21:00:00Z,2160883.00,0.00,1763836200,expected_expiration-150m,1763836200,0.5,0.51,0.505,0.5,111
KXNBAGAME-25NOV22LACCHA-CHA,KXNBAGAME-25NOV22LACCHA,KXNBAGAME,game_winner,Los Angeles C vs Charlotte Winner?,Charlotte,Charlotte,no,0,finalized,2025-11-20T10:06:00Z,2025-11-22T20:54:45.095867Z,2025-11-22T21:00:00Z,1877786.00,0.00,1763836200,expected_expiration-150m,1763836200,0.49,0.5,0.495,0.5,111
KXNBAGAME-25NOV21NOPDAL-DAL,KXNBAGAME-25NOV21NOPDAL,KXNBAGAME,game_winner,New Orleans vs Dallas Winner?,Dallas,Dallas,yes,1,finalized,2025-11-19T19:06:00Z,2025-11-22T04:24:37.434753Z,2025-11-22T04:30:00Z,4060080.00,0.00,1763776800,expected_expiration-150m,1763776800,0.5,0.51,0.505,0.51,111
KXNBAGAME-25NOV21INDCLE-IND,KXNBAGAME-25NOV21INDCLE,KXNBAGAME,game_winner,Indiana vs Cleveland Winner?,Indiana,Indiana,no,0,finalized,2025-11-19T16:06:00Z,2025-11-22T03:00:07.936344Z,2025-11-22T03:00:00Z,2486168.00,0.00,1763771400,expected_expiration-150m,1763771400,0.14,0.16,0.15000000000000002,0.16,111
KXNBAGAME-25NOV21INDCLE-CLE,KXNBAGAME-25NOV21INDCLE,KXNBAGAME,game_winner,Indiana vs Cleveland Winner?,Cleveland,Cleveland,yes,1,finalized,2025-11-19T16:06:00Z,2025-11-22T03:00:07.936344Z,2025-11-22T03:00:00Z,1525231.00,0.00,1763771400,expected_expiration-150m,1763771400,0.85,0.87,0.86,0.86,111
KXNBAGAME-25NOV21MIACHI-CHI,KXNBAGAME-25NOV21MIACHI,KXNBAGAME,game_winner,Miami vs Chicago Winner?,Chicago,Chicago,no,0,finalized,2025-11-19T16:06:00Z,2025-11-22T03:49:50.45277Z,2025-11-22T04:00:00Z,2446271.00,0.00,1763775000,expected_expiration-150m,1763775000,0.54,0.55,0.545,0.54,111
KXNBAGAME-25NOV21BKNBOS-BKN,KXNBAGAME-25NOV21BKNBOS,KXNBAGAME,game_winner,Brooklyn vs Boston Winner?,Brooklyn,Brooklyn,yes,1,finalized,2025-11-19T16:06:00Z,2025-11-22T03:14:50.822407Z,2025-11-22T03:30:00Z,2945374.00,0.00,1763773200,expected_expiration-150m,1763773200,0.14,0.15,0.14500000000000002,0.15,111
KXNBAGAME-25NOV21WASTOR-WAS,KXNBAGAME-25NOV21WASTOR,KXNBAGAME,game_winner,Washington vs Toronto Winner?,Washington,Washington,no,0,finalized,2025-11-19T16:06:00Z,2025-11-22T03:29:51.870847Z,2025-11-22T03:30:00Z,605641.00,0.00,1763773200,expected_expiration-150m,1763773200,0.07,0.08,0.07500000000000001,0.08,111
KXNBAGAME-25NOV21WASTOR-TOR,KXNBAGAME-25NOV21WASTOR,KXNBAGAME,game_winner,Washington vs Toronto Winner?,Toronto,Toronto,yes,1,finalized,2025-11-19T16:06:00Z,2025-11-22T03:29:51.870847Z,2025-11-22T03:30:00Z,758688.00,0.00,1763773200,expected_expiration-150m,1763773200,0.93,0.94,0.935,0.94,111
KXNBAGAME-25NOV20SACMEM-SAC,KXNBAGAME-25NOV20SACMEM,KXNBAGAME,game_winner,Sacramento vs Memphis Winner?,Sacramento,Sacramento,no,0,finalized,2025-11-18T16:06:00Z,2025-11-21T03:29:43.159465Z,2025-11-21T04:00:00Z,1021071.00,0.00,1763688600,expected_expiration-150m,1763688600,0.28,0.3,0.29000000000000004,0.3,111
KXNBAGAME-25NOV24CLETOR-TOR,KXNBAGAME-25NOV24CLETOR,KXNBAGAME,game_winner,Cleveland vs Toronto Winner?,Toronto,Toronto,yes,1,finalized,2025-11-22T16:06:00Z,2025-11-25T02:49:59.832209Z,2025-11-25T03:00:00Z,3423663.00,0.00,1764030600,expected_expiration-150m,1764030600,0.51,0.52,0.515,0.52,111
KXNBAGAME-25NOV21MIACHI-MIA,KXNBAGAME-25NOV21MIACHI,KXNBAGAME,game_winner,Miami vs Chicago Winner?,Miami,Miami,yes,1,finalized,2025-11-19T16:06:00Z,2025-11-22T03:49:50.45277Z,2025-11-22T04:00:00Z,2207636.00,0.00,1763775000,expected_expiration-150m,1763775000,0.46,0.47,0.46499999999999997,0.48,111
KXNBAGAME-25NOV20SACMEM-MEM,KXNBAGAME-25NOV20SACMEM,KXNBAGAME,game_winner,Sacramento vs Memphis Winner?,Memphis,Memphis,yes,1,finalized,2025-11-18T16:06:00Z,2025-11-21T03:29:43.159465Z,2025-11-21T04:00:00Z,528411.00,0.00,1763688600,expected_expiration-150m,1763688600,0.7,0.72,0.71,0.72,111
KXNBAGAME-25NOV20ATLSAS-ATL,KXNBAGAME-25NOV20ATLSAS,KXNBAGAME,game_winner,Atlanta vs San Antonio Winner?,Atlanta,Atlanta,no,0,finalized,2025-11-18T16:06:00Z,2025-11-21T03:39:37.299389Z,2025-11-21T04:00:00Z,3078473.00,0.00,1763688600,expected_expiration-150m,1763688600,0.54,0.56,0.55,0.56,111
KXNBAGAME-25NOV20PHIMIL-PHI,KXNBAGAME-25NOV20PHIMIL,KXNBAGAME,game_winner,Philadelphia vs Milwaukee Winner?,Philadelphia,Philadelphia,yes,1,finalized,2025-11-18T16:06:00Z,2025-11-21T03:54:33.142864Z,2025-11-21T04:00:00Z,4740136.00,0.00,1763688600,expected_expiration-150m,1763688600,0.69,0.71,0.7,0.69,111
KXNBAGAME-25NOV20LACORL-ORL,KXNBAGAME-25NOV20LACORL,KXNBAGAME,game_winner,Los Angeles C vs Orlando Winner?,Orlando,Orlando,yes,1,finalized,2025-11-18T16:06:00Z,2025-11-21T02:44:39.920553Z,2025-11-21T03:00:00Z,2591576.00,0.00,1763685000,expected_expiration-150m,1763685000,0.74,0.75,0.745,0.75,111
KXNBAGAME-25NOV21BKNBOS-BOS,KXNBAGAME-25NOV21BKNBOS,KXNBAGAME,game_winner,Brooklyn vs Boston Winner?,Boston,Boston,no,0,finalized,2025-11-19T16:06:00Z,2025-11-22T03:14:50.822407Z,2025-11-22T03:30:00Z,3864659.00,0.00,1763773200,expected_expiration-150m,1763773200,0.85,0.87,0.86,0.86,111
KXNBAGAME-25NOV19NYKDAL-NYK,KXNBAGAME-25NOV19NYKDAL,KXNBAGAME,game_winner,New York K vs Dallas Winner?,New York K,New York K,yes,1,finalized,2025-11-17T19:06:00Z,2025-11-20T05:34:31.950631Z,2025-11-20T05:30:00Z,7808362.00,0.00,1763607600,expected_expiration-150m,1763607600,0.7,0.71,0.705,0.71,111
KXNBAGAME-25NOV19NYKDAL-DAL,KXNBAGAME-25NOV19NYKDAL,KXNBAGAME,game_winner,New York K vs Dallas Winner?,Dallas,Dallas,no,0,finalized,2025-11-17T19:06:00Z,2025-11-20T05:34:31.950631Z,2025-11-20T05:30:00Z,5641020.00,0.00,1763607600,expected_expiration-150m,1763607600,0.29,0.3,0.295,0.3,111
KXNBAGAME-25NOV19CHIPOR-POR,KXNBAGAME-25NOV19CHIPOR,KXNBAGAME,game_winner,Chicago vs Portland Winner?,Portland,Portland,no,0,finalized,2025-11-17T19:06:00Z,2025-11-20T05:44:37.587377Z,2025-11-20T06:00:00Z,3380192.00,0.00,1763609400,expected_expiration-150m,1763609400,0.47,0.48,0.475,0.48,111
KXNBAGAME-25NOV20ATLSAS-SAS,KXNBAGAME-25NOV20ATLSAS,KXNBAGAME,game_winner,Atlanta vs San Antonio Winner?,San Antonio,San Antonio,yes,1,finalized,2025-11-18T16:06:00Z,2025-11-21T03:39:37.299389Z,2025-11-21T04:00:00Z,2902856.00,0.00,1763688600,expected_expiration-150m,1763688600,0.45,0.46,0.455,0.46,111
KXNBAGAME-25NOV19WASMIN-WAS,KXNBAGAME-25NOV19WASMIN,KXNBAGAME,game_winner,Washington vs Minnesota Winner?,Washington,Washington,no,0,finalized,2025-11-17T16:06:00Z,2025-11-20T04:04:39.099111Z,2025-11-20T04:00:00Z,1188431.00,0.00,1763602200,expected_expiration-150m,1763602200,0.07,0.08,0.07500000000000001,0.07,108
KXNBAGAME-25NOV21DENHOU-DEN,KXNBAGAME-25NOV21DENHOU,KXNBAGAME,game_winner,Denver vs Houston Winner?,Denver,Denver,yes,1,finalized,2025-11-19T19:06:00Z,2025-11-22T05:29:49.528374Z,2025-11-22T05:30:00Z,6457568.00,0.00,1763780400,expected_expiration-150m,1763780400,0.59,0.61,0.6,0.59,111
KXNBAGAME-25NOV19WASMIN-MIN,KXNBAGAME-25NOV19WASMIN,KXNBAGAME,game_winner,Washington vs Minnesota Winner?,Minnesota,Minnesota,yes,1,finalized,2025-11-17T16:06:00Z,2025-11-20T04:04:39.099111Z,2025-11-20T04:00:00Z,956808.00,0.00,1763602200,expected_expiration-150m,1763602200,0.92,0.93,0.925,0.93,110
KXNBAGAME-25NOV19DENNOP-DEN,KXNBAGAME-25NOV19DENNOP,KXNBAGAME,game_winner,Denver vs New Orleans Winner?,Denver,Denver,yes,1,finalized,2025-11-17T16:06:00Z,2025-11-20T03:59:44.157061Z,2025-11-20T04:00:00Z,2432566.00,0.00,1763602200,expected_expiration-150m,1763602200,0.69,0.7,0.695,0.7,111
KXNBAGAME-25NOV19GSWMIA-MIA,KXNBAGAME-25NOV19GSWMIA,KXNBAGAME,game_winner,Golden State vs Miami Winner?,Miami,Miami,yes,1,finalized,2025-11-17T16:06:00Z,2025-11-20T03:09:42.866012Z,2025-11-20T03:30:00Z,2431129.00,0.00,1763600400,expected_expiration-150m,1763600400,0.89,0.9,0.895,0.89,111
KXNBAGAME-25NOV20LACORL-LAC,KXNBAGAME-25NOV20LACORL,KXNBAGAME,game_winner,Los Angeles C vs Orlando Winner?,Los Angeles C,Los Angeles C,no,0,finalized,2025-11-18T16:06:00Z,2025-11-21T02:44:39.920553Z,2025-11-21T03:00:00Z,1897651.00,0.00,1763685000,expected_expiration-150m,1763685000,0.27,0.28,0.275,0.28,111
KXNBAGAME-25NOV19DENNOP-NOP,KXNBAGAME-25NOV19DENNOP,KXNBAGAME,game_winner,Denver vs New Orleans Winner?,New Orleans,New Orleans,no,0,finalized,2025-11-17T16:06:00Z,2025-11-20T03:59:44.157061Z,2025-11-20T04:00:00Z,731175.00,0.00,1763602200,expected_expiration-150m,1763602200,0.3,0.31,0.305,0.31,111
KXNBAGAME-25NOV19SACOKC-OKC,KXNBAGAME-25NOV19SACOKC,KXNBAGAME,game_winner,Sacramento vs Oklahoma City Winner?,Oklahoma City,Oklahoma City,yes,1,finalized,2025-11-17T16:06:00Z,2025-11-20T03:49:43.485514Z,2025-11-20T04:00:00Z,700202.00,0.00,1763602200,expected_expiration-150m,1763602200,0.94,0.95,0.945,0.95,111
KXNBAGAME-25NOV19HOUCLE-HOU,KXNBAGAME-25NOV19HOUCLE,KXNBAGAME,game_winner,Houston vs Cleveland Winner?,Houston,Houston,yes,1,finalized,2025-11-17T16:05:00Z,2025-11-20T02:59:52.611705Z,2025-11-20T03:00:00Z,3929814.00,0.00,1763598600,expected_expiration-150m,1763598600,0.59,0.6,0.595,0.6,111
KXNBAGAME-25NOV19CHIPOR-CHI,KXNBAGAME-25NOV19CHIPOR,KXNBAGAME,game_winner,Chicago vs Portland Winner?,Chicago,Chicago,yes,1,finalized,2025-11-17T19:06:00Z,2025-11-20T05:44:37.587377Z,2025-11-20T06:00:00Z,6426685.00,0.00,1763609400,expected_expiration-150m,1763609400,0.52,0.53,0.525,0.53,111
KXNBAGAME-25NOV19SACOKC-SAC,KXNBAGAME-25NOV19SACOKC,KXNBAGAME,game_winner,Sacramento vs Oklahoma City Winner?,Sacramento,Sacramento,no,0,finalized,2025-11-17T16:06:00Z,2025-11-20T03:49:43.485514Z,2025-11-20T04:00:00Z,1663486.00,0.00,1763602200,expected_expiration-150m,1763602200,0.06,0.07,0.065,0.07,111
KXNBAGAME-25NOV19TORPHI-TOR,KXNBAGAME-25NOV19TORPHI,KXNBAGAME,game_winner,Toronto vs Philadelphia Winner?,Toronto,Toronto,yes,1,finalized,2025-11-17T16:05:00Z,2025-11-20T02:34:47.002319Z,2025-11-20T03:00:00Z,1904915.00,0.00,1763598600,expected_expiration-150m,1763598600,0.56,0.57,0.565,0.57,111
KXNBAGAME-25NOV19HOUCLE-CLE,KXNBAGAME-25NOV19HOUCLE,KXNBAGAME,game_winner,Houston vs Cleveland Winner?,Cleveland,Cleveland,no,0,finalized,2025-11-17T16:05:00Z,2025-11-20T02:59:52.611705Z,2025-11-20T03:00:00Z,3606919.00,0.00,1763598600,expected_expiration-150m,1763598600,0.41,0.42,0.415,0.42,111
KXNBAGAME-25NOV19CHAIND-CHA,KXNBAGAME-25NOV19CHAIND,KXNBAGAME,game_winner,Charlotte vs Indiana Winner?,Charlotte,Charlotte,no,0,finalized,2025-11-17T16:05:00Z,2025-11-20T02:34:53.011655Z,2025-11-20T03:00:00Z,3188990.00,0.00,1763598600,expected_expiration-150m,1763598600,0.59,0.6,0.595,0.6,111
KXNBAGAME-25NOV18PHXPOR-POR,KXNBAGAME-25NOV18PHXPOR,KXNBAGAME,game_winner,Phoenix vs Portland Winner?,Portland,Portland,no,0,finalized,2025-11-16T19:06:00Z,2025-11-19T06:44:32.328838Z,2025-11-19T07:00:00Z,3185424.00,0.00,1763526600,expected_expiration-150m,1763526600,0.43,0.45,0.44,0.45,111
KXNBAGAME-25NOV19TORPHI-PHI,KXNBAGAME-25NOV19TORPHI,KXNBAGAME,game_winner,Toronto vs Philadelphia Winner?,Philadelphia,Philadelphia,no,0,finalized,2025-11-17T16:05:00Z,2025-11-20T02:34:47.002319Z,2025-11-20T03:00:00Z,2309595.00,0.00,1763598600,expected_expiration-150m,1763598600,0.43,0.44,0.435,0.44,111
KXNBAGAME-25NOV19GSWMIA-GSW,KXNBAGAME-25NOV19GSWMIA,KXNBAGAME,game_winner,Golden State vs Miami Winner?,Golden State,Golden State,no,0,finalized,2025-11-17T16:06:00Z,2025-11-20T03:09:42.866012Z,2025-11-20T03:30:00Z,4516162.00,0.00,1763600400,expected_expiration-150m,1763600400,0.1,0.11,0.10500000000000001,0.11,111
KXNBAGAME-25NOV18PHXPOR-PHX,KXNBAGAME-25NOV18PHXPOR,KXNBAGAME,game_winner,Phoenix vs Portland Winner?,Phoenix,Phoenix,yes,1,finalized,2025-11-16T19:06:00Z,2025-11-19T06:44:32.328838Z,2025-11-19T07:00:00Z,4942048.00,0.00,1763526600,expected_expiration-150m,1763526600,0.55,0.57,0.56,0.57,111
KXNBAGAME-25NOV20PHIMIL-MIL,KXNBAGAME-25NOV20PHIMIL,KXNBAGAME,game_winner,Philadelphia vs Milwaukee Winner?,Milwaukee,Milwaukee,no,0,finalized,2025-11-18T16:06:00Z,2025-11-21T03:54:33.142864Z,2025-11-21T04:00:00Z,3359643.00,0.00,1763688600,expected_expiration-150m,1763688600,0.29,0.31,0.3,0.29,111
KXNBAGAME-25NOV18MEMSAS-SAS,KXNBAGAME-25NOV18MEMSAS,KXNBAGAME,game_winner,Memphis vs San Antonio Winner?,San Antonio,San Antonio,yes,1,finalized,2025-11-16T16:06:00Z,2025-11-19T03:44:35.309143Z,2025-11-19T04:00:00Z,3835437.00,0.00,1763515800,expected_expiration-150m,1763515800,0.69,0.7,0.695,0.7,111
KXNBAGAME-25NOV18UTALAL-UTA,KXNBAGAME-25NOV18UTALAL,KXNBAGAME,game_winner,Utah vs Los Angeles L Winner?,Utah,Utah,no,0,finalized,2025-11-16T19:06:00Z,2025-11-19T06:24:28.090048Z,2025-11-19T06:30:00Z,5137947.00,0.00,1763524800,expected_expiration-150m,1763524800,0.2,0.21,0.20500000000000002,0.21,111
KXNBAGAME-25NOV19CHAIND-IND,KXNBAGAME-25NOV19CHAIND,KXNBAGAME,game_winner,Charlotte vs Indiana Winner?,Indiana,Indiana,yes,1,finalized,2025-11-17T16:05:00Z,2025-11-20T02:34:53.011655Z,2025-11-20T03:00:00Z,1811144.00,0.00,1763598600,expected_expiration-150m,1763598600,0.41,0.42,0.415,0.42,111
KXNBAGAME-25NOV18DETATL-DET,KXNBAGAME-25NOV18DETATL,KXNBAGAME,game_winner,Detroit vs Atlanta Winner?,Detroit,Detroit,yes,1,finalized,2025-11-16T16:06:00Z,2025-11-19T03:14:34.931877Z,2025-11-19T03:30:00Z,4233844.00,0.00,1763514000,expected_expiration-150m,1763514000,0.54,0.55,0.545,0.55,111
KXNBAGAME-25NOV18MEMSAS-MEM,KXNBAGAME-25NOV18MEMSAS,KXNBAGAME,game_winner,Memphis vs San Antonio Winner?,Memphis,Memphis,no,0,finalized,2025-11-16T16:06:00Z,2025-11-19T03:44:35.309143Z,2025-11-19T04:00:00Z,2409493.00,0.00,1763515800,expected_expiration-150m,1763515800,0.3,0.31,0.305,0.31,111
KXNBAGAME-25NOV18GSWORL-ORL,KXNBAGAME-25NOV18GSWORL,KXNBAGAME,game_winner,Golden State vs Orlando Winner?,Orlando,Orlando,yes,1,finalized,2025-11-16T16:05:00Z,2025-11-19T02:54:34.340968Z,2025-11-19T03:00:00Z,2360506.00,0.00,1763512200,expected_expiration-150m,1763512200,0.48,0.5,0.49,0.5,111
KXNBAGAME-25NOV18BOSBKN-BKN,KXNBAGAME-25NOV18BOSBKN,KXNBAGAME,game_winner,Boston vs Brooklyn Winner?,Brooklyn,Brooklyn,no,0,finalized,2025-11-16T16:06:00Z,2025-11-19T03:09:36.316608Z,2025-11-19T03:30:00Z,1930028.00,0.00,1763514000,expected_expiration-150m,1763514000,0.29,0.3,0.295,0.29,111
KXNBAGAME-25NOV18UTALAL-LAL,KXNBAGAME-25NOV18UTALAL,KXNBAGAME,game_winner,Utah vs Los Angeles L Winner?,Los Angeles L,Los Angeles L,yes,1,finalized,2025-11-16T19:06:00Z,2025-11-19T06:24:28.090048Z,2025-11-19T06:30:00Z,4742113.00,0.00,1763524800,expected_expiration-150m,1763524800,0.78,0.8,0.79,0.8,111
KXNBAGAME-25NOV17CHIDEN-CHI,KXNBAGAME-25NOV17CHIDEN,KXNBAGAME,game_winner,Chicago vs Denver Winner?,Chicago,Chicago,yes,1,finalized,2025-11-15T19:06:00Z,2025-11-18T05:04:29.851064Z,2025-11-18T05:00:00Z,7153449.00,0.00,1763433000,expected_expiration-150m,1763433000,0.15,0.16,0.155,0.16,111
KXNBAGAME-25NOV18DETATL-ATL,KXNBAGAME-25NOV18DETATL,KXNBAGAME,game_winner,Detroit vs Atlanta Winner?,Atlanta,Atlanta,no,0,finalized,2025-11-16T16:06:00Z,2025-11-19T03:14:34.931877Z,2025-11-19T03:30:00Z,2474414.00,0.00,1763514000,expected_expiration-150m,1763514000,0.45,0.46,0.455,0.46,111
KXNBAGAME-25NOV17CHIDEN-DEN,KXNBAGAME-25NOV17CHIDEN,KXNBAGAME,game_winner,Chicago vs Denver Winner?,Denver,Denver,no,0,finalized,2025-11-15T19:06:00Z,2025-11-18T05:04:29.851064Z,2025-11-18T05:00:00Z,8303303.00,0.00,1763433000,expected_expiration-150m,1763433000,0.84,0.85,0.845,0.85,111
KXNBAGAME-25NOV25ATLWAS-ATL,KXNBAGAME-25NOV25ATLWAS,KXNBAGAME,game_winner,Atlanta vs Washington Winner?,Atlanta,Atlanta,no,0,finalized,2025-11-23T16:06:00Z,2025-11-26T02:34:29.449355Z,2025-11-26T03:00:00Z,6442523.00,0.00,1764117000,expected_expiration-150m,,,,,,0
KXNBAGAME-25NOV21MINPHX-PHX,KXNBAGAME-25NOV21MINPHX,KXNBAGAME,game_winner,Minnesota vs Phoenix Winner?,Phoenix,Phoenix,yes,1,finalized,2025-11-19T19:06:00Z,2025-11-22T05:04:38.541794Z,2025-11-22T05:00:00Z,3736512.00,0.00,1763778600,expected_expiration-150m,1763778600,0.35,0.36,0.355,0.36,111
KXNBAGAME-25NOV17OKCNOP-OKC,KXNBAGAME-25NOV17OKCNOP,KXNBAGAME,game_winner,Oklahoma City vs New Orleans Winner?,Oklahoma City,Oklahoma City,yes,1,finalized,2025-11-15T16:06:00Z,2025-11-18T03:44:33.931016Z,2025-11-18T04:00:00Z,688568.00,0.00,1763429400,expected_expiration-150m,1763429400,0.99,1.0,0.995,,111
KXNBAGAME-25NOV17CHATOR-CHA,KXNBAGAME-25NOV17CHATOR,KXNBAGAME,game_winner,Charlotte vs Toronto Winner?,Charlotte,Charlotte,no,0,finalized,2025-11-15T16:06:00Z,2025-11-18T03:24:32.693273Z,2025-11-18T03:30:00Z,1677013.00,0.00,1763427600,expected_expiration-150m,1763427600,0.18,0.2,0.19,0.19,110
KXNBAGAME-25NOV17DALMIN-MIN,KXNBAGAME-25NOV17DALMIN,KXNBAGAME,game_winner,Dallas vs Minnesota Winner?,Minnesota,Minnesota,yes,1,finalized,2025-11-15T16:06:00Z,2025-11-18T03:44:34.201965Z,2025-11-18T04:00:00Z,369059.00,0.00,1763429400,expected_expiration-150m,1763429400,0.89,0.91,0.9,0.9,110
KXNBAGAME-25NOV17CHATOR-TOR,KXNBAGAME-25NOV17CHATOR,KXNBAGAME,game_winner,Charlotte vs Toronto Winner?,Toronto,Toronto,yes,1,finalized,2025-11-15T16:06:00Z,2025-11-18T03:24:32.693273Z,2025-11-18T03:30:00Z,1956939.00,0.00,1763427600,expected_expiration-150m,1763427600,0.79,0.82,0.8049999999999999,0.81,111
KXNBAGAME-25NOV18BOSBKN-BOS,KXNBAGAME-25NOV18BOSBKN,KXNBAGAME,game_winner,Boston vs Brooklyn Winner?,Boston,Boston,yes,1,finalized,2025-11-16T16:06:00Z,2025-11-19T03:09:36.316608Z,2025-11-19T03:30:00Z,2177087.00,0.00,1763514000,expected_expiration-150m,1763514000,0.72,0.73,0.725,0.73,111
KXNBAGAME-25NOV17NYKMIA-NYK,KXNBAGAME-25NOV17NYKMIA,KXNBAGAME,game_winner,New York K vs Miami Winner?,New York K,New York K,no,0,finalized,2025-11-15T16:06:00Z,2025-11-18T03:19:37.787155Z,2025-11-18T03:30:00Z,2549646.00,0.00,1763427600,expected_expiration-150m,1763427600,0.54,0.55,0.545,0.56,111
KXNBAGAME-25NOV17LACPHI-PHI,KXNBAGAME-25NOV17LACPHI,KXNBAGAME,game_winner,Los Angeles C vs Philadelphia Winner?,Philadelphia,Philadelphia,yes,1,finalized,2025-11-15T16:05:00Z,2025-11-18T02:49:41.129036Z,2025-11-18T03:00:00Z,4885696.00,0.00,1763425800,expected_expiration-150m,1763425800,0.51,0.52,0.515,0.49,111
KXNBAGAME-25NOV17OKCNOP-NOP,KXNBAGAME-25NOV17OKCNOP,KXNBAGAME,game_winner,Oklahoma City vs New Orleans Winner?,New Orleans,New Orleans,no,0,finalized,2025-11-15T16:06:00Z,2025-11-18T03:44:33.931016Z,2025-11-18T04:00:00Z,502323.00,0.00,1763429400,expected_expiration-150m,1763429400,0.0,0.01,0.005,0.01,111
KXNBAGAME-25NOV17MILCLE-MIL,KXNBAGAME-25NOV17MILCLE,KXNBAGAME,game_winner,Milwaukee vs Cleveland Winner?,Milwaukee,Milwaukee,no,0,finalized,2025-11-15T16:05:00Z,2025-11-18T02:34:46.877748Z,2025-11-18T03:00:00Z,2855720.00,0.00,1763425800,expected_expiration-150m,1763425800,0.49,0.51,0.5,0.51,111
KXNBAGAME-25NOV24DENMEM-DEN,KXNBAGAME-25NOV24DENMEM,KXNBAGAME,game_winner,Denver vs Memphis Winner?,Denver,Denver,yes,1,finalized,2025-11-22T16:06:00Z,2025-11-25T03:34:41.681421Z,2025-11-25T04:00:00Z,1218875.00,0.00,1764034200,expected_expiration-150m,,,,,,0
KXNBAGAME-25NOV17LACPHI-LAC,KXNBAGAME-25NOV17LACPHI,KXNBAGAME,game_winner,Los Angeles C vs Philadelphia Winner?,Los Angeles C,Los Angeles C,no,0,finalized,2025-11-15T16:05:00Z,2025-11-18T02:49:41.129036Z,2025-11-18T03:00:00Z,2557756.00,0.00,1763425800,expected_expiration-150m,1763425800,0.48,0.49,0.485,0.53,111
KXNBAGAME-25NOV17INDDET-IND,KXNBAGAME-25NOV17INDDET,KXNBAGAME,game_winner,Indiana vs Detroit Winner?,Indiana,Indiana,no,0,finalized,2025-11-15T16:05:00Z,2025-11-18T03:04:37.160397Z,2025-11-18T03:00:00Z,1519464.00,0.00,1763425800,expected_expiration-150m,1763425800,0.2,0.21,0.20500000000000002,0.21,111
KXNBAGAME-25NOV17INDDET-DET,KXNBAGAME-25NOV17INDDET,KXNBAGAME,game_winner,Indiana vs Detroit Winner?,Detroit,Detroit,yes,1,finalized,2025-11-15T16:05:00Z,2025-11-18T03:04:37.160397Z,2025-11-18T03:00:00Z,2659919.00,0.00,1763425800,expected_expiration-150m,1763425800,0.79,0.81,0.8,0.79,111
KXNBAGAME-25NOV16CHIUTA-UTA,KXNBAGAME-25NOV16CHIUTA,KXNBAGAME,game_winner,Chicago vs Utah Winner?,Utah,Utah,yes,1,finalized,2025-11-14T16:06:00Z,2025-11-17T04:39:28.917803Z,2025-11-17T04:00:00Z,3522530.00,0.00,1763343000,expected_expiration-150m,1763343000,0.4,0.41,0.405,0.41,111
KXNBAGAME-25NOV16ATLPHX-PHX,KXNBAGAME-25NOV16ATLPHX,KXNBAGAME,game_winner,Atlanta vs Phoenix Winner?,Phoenix,Phoenix,no,0,finalized,2025-11-14T16:06:00Z,2025-11-17T04:24:27.775801Z,2025-11-17T04:00:00Z,2375974.00,0.00,1763343000,expected_expiration-150m,1763343000,0.4,0.41,0.405,0.41,111
KXNBAGAME-25NOV17MILCLE-CLE,KXNBAGAME-25NOV17MILCLE,KXNBAGAME,game_winner,Milwaukee vs Cleveland Winner?,Cleveland,Cleveland,yes,1,finalized,2025-11-15T16:05:00Z,2025-11-18T02:34:46.877748Z,2025-11-18T03:00:00Z,1571636.00,0.00,1763425800,expected_expiration-150m,1763425800,0.5,0.51,0.505,0.51,111
KXNBAGAME-25NOV16ORLHOU-ORL,KXNBAGAME-25NOV16ORLHOU,KXNBAGAME,game_winner,Orlando vs Houston Winner?,Orlando,Orlando,no,0,finalized,2025-11-14T16:06:00Z,2025-11-17T03:19:35.837001Z,2025-11-17T03:00:00Z,3361859.00,0.00,1763339400,expected_expiration-150m,1763339400,0.41,0.42,0.415,0.42,111
KXNBAGAME-25NOV16CHIUTA-CHI,KXNBAGAME-25NOV16CHIUTA,KXNBAGAME,game_winner,Chicago vs Utah Winner?,Chicago,Chicago,no,0,finalized,2025-11-14T16:06:00Z,2025-11-17T04:39:28.917803Z,2025-11-17T04:00:00Z,4381454.00,0.00,1763343000,expected_expiration-150m,1763343000,0.59,0.6,0.595,0.61,111
KXNBAGAME-25NOV16BKNWAS-WAS,KXNBAGAME-25NOV16BKNWAS,KXNBAGAME,game_winner,Brooklyn vs Washington Winner?,Washington,Washington,no,0,finalized,2025-11-14T16:06:00Z,2025-11-17T01:44:40.458193Z,2025-11-17T02:00:00Z,1753861.00,0.00,1763335800,expected_expiration-150m,1763335800,0.58,0.59,0.585,0.58,111
KXNBAGAME-25NOV16ORLHOU-HOU,KXNBAGAME-25NOV16ORLHOU,KXNBAGAME,game_winner,Orlando vs Houston Winner?,Houston,Houston,yes,1,finalized,2025-11-14T16:06:00Z,2025-11-17T03:19:35.837001Z,2025-11-17T03:00:00Z,6555288.00,0.00,1763339400,expected_expiration-150m,1763339400,0.58,0.59,0.585,0.59,111
KXNBAGAME-25NOV16PORDAL-POR,KXNBAGAME-25NOV16PORDAL,KXNBAGAME,game_winner,Portland vs Dallas Winner?,Portland,Portland,no,0,finalized,2025-11-14T16:06:00Z,2025-11-17T03:39:33.207947Z,2025-11-17T03:30:00Z,2684036.00,0.00,1763341200,expected_expiration-150m,1763341200,0.61,0.62,0.615,0.61,111
KXNBAGAME-25NOV16GSWNOP-NOP,KXNBAGAME-25NOV16GSWNOP,KXNBAGAME,game_winner,Golden State vs New Orleans Winner?,New Orleans,New Orleans,no,0,finalized,2025-11-14T16:06:00Z,2025-11-17T02:44:34.544531Z,2025-11-17T03:00:00Z,576561.00,0.00,1763339400,expected_expiration-150m,1763339400,0.06,0.07,0.065,0.07,111
KXNBAGAME-25NOV16SACSAS-SAS,KXNBAGAME-25NOV16SACSAS,KXNBAGAME,game_winner,Sacramento vs San Antonio Winner?,San Antonio,San Antonio,yes,1,finalized,2025-11-14T13:05:00Z,2025-11-16T23:44:41.474103Z,2025-11-17T00:00:00Z,1927443.00,0.00,1763328600,expected_expiration-150m,1763328600,0.74,0.76,0.75,0.76,111
KXNBAGAME-25NOV17DALMIN-DAL,KXNBAGAME-25NOV17DALMIN,KXNBAGAME,game_winner,Dallas vs Minnesota Winner?,Dallas,Dallas,no,0,finalized,2025-11-15T16:06:00Z,2025-11-18T03:44:34.201965Z,2025-11-18T04:00:00Z,984185.00,0.00,1763429400,expected_expiration-150m,1763429400,0.1,0.11,0.10500000000000001,0.11,111
KXNBAGAME-25NOV16LACBOS-LAC,KXNBAGAME-25NOV16LACBOS,KXNBAGAME,game_winner,Los Angeles C vs Boston Winner?,Los Angeles C,Los Angeles C,no,0,finalized,2025-11-14T13:05:00Z,2025-11-16T23:29:50.961642Z,2025-11-16T23:30:00Z,1783748.00,0.00,1763326800,expected_expiration-150m,1763326800,0.13,0.15,0.14,0.13,111
KXNBAGAME-25NOV16GSWNOP-GSW,KXNBAGAME-25NOV16GSWNOP,KXNBAGAME,game_winner,Golden State vs New Orleans Winner?,Golden State,Golden State,yes,1,finalized,2025-11-14T16:06:00Z,2025-11-17T02:44:34.544531Z,2025-11-17T03:00:00Z,1458340.00,0.00,1763339400,expected_expiration-150m,1763339400,0.93,0.94,0.935,0.94,111
KXNBAGAME-25NOV16ATLPHX-ATL,KXNBAGAME-25NOV16ATLPHX,KXNBAGAME,game_winner,Atlanta vs Phoenix Winner?,Atlanta,Atlanta,yes,1,finalized,2025-11-14T16:06:00Z,2025-11-17T04:24:27.775801Z,2025-11-17T04:00:00Z,2206941.00,0.00,1763343000,expected_expiration-150m,1763343000,0.59,0.6,0.595,0.6,111
KXNBAGAME-25NOV17NYKMIA-MIA,KXNBAGAME-25NOV17NYKMIA,KXNBAGAME,game_winner,New York K vs Miami Winner?,Miami,Miami,yes,1,finalized,2025-11-15T16:06:00Z,2025-11-18T03:19:37.787155Z,2025-11-18T03:30:00Z,2684151.00,0.00,1763427600,expected_expiration-150m,1763427600,0.44,0.45,0.445,0.45,111
KXNBAGAME-25NOV15DENMIN-MIN,KXNBAGAME-25NOV15DENMIN,KXNBAGAME,game_winner,Denver vs Minnesota Winner?,Minnesota,Minnesota,no,0,finalized,2025-11-13T16:05:00Z,2025-11-16T04:03:59.829116Z,2025-11-16T04:00:00Z,4420459.00,0.00,1763256600,expected_expiration-150m,1763256600,0.33,0.35,0.33999999999999997,0.35,111
KXNBAGAME-25NOV15DENMIN-DEN,KXNBAGAME-25NOV15DENMIN,KXNBAGAME,game_winner,Denver vs Minnesota Winner?,Denver,Denver,yes,1,finalized,2025-11-13T16:05:00Z,2025-11-16T04:03:59.829116Z,2025-11-16T04:00:00Z,5020619.00,0.00,1763256600,expected_expiration-150m,1763256600,0.65,0.67,0.66,0.67,111
KXNBAGAME-25NOV15OKCCHA-OKC,KXNBAGAME-25NOV15OKCCHA,KXNBAGAME,game_winner,Oklahoma City vs Charlotte Winner?,Oklahoma City,Oklahoma City,yes,1,finalized,2025-11-13T16:05:00Z,2025-11-16T02:59:38.603579Z,2025-11-16T03:00:00Z,759398.00,0.00,1763253000,expected_expiration-150m,1763253000,0.92,0.93,0.925,0.93,109
KXNBAGAME-25NOV16SACSAS-SAC,KXNBAGAME-25NOV16SACSAS,KXNBAGAME,game_winner,Sacramento vs San Antonio Winner?,Sacramento,Sacramento,no,0,finalized,2025-11-14T13:05:00Z,2025-11-16T23:44:41.474103Z,2025-11-17T00:00:00Z,1204783.00,0.00,1763328600,expected_expiration-150m,1763328600,0.24,0.26,0.25,0.26,111
KXNBAGAME-25NOV15OKCCHA-CHA,KXNBAGAME-25NOV15OKCCHA,KXNBAGAME,game_winner,Oklahoma City vs Charlotte Winner?,Charlotte,Charlotte,no,0,finalized,2025-11-13T16:05:00Z,2025-11-16T02:59:38.603579Z,2025-11-16T03:00:00Z,1685827.00,0.00,1763253000,expected_expiration-150m,1763253000,0.07,0.08,0.07500000000000001,0.08,111
KXNBAGAME-25NOV15TORIND-TOR,KXNBAGAME-25NOV15TORIND,KXNBAGAME,game_winner,Toronto vs Indiana Winner?,Toronto,Toronto,yes,1,finalized,2025-11-13T16:05:00Z,2025-11-16T02:59:37.651809Z,2025-11-16T03:00:00Z,2679612.00,0.00,1763253000,expected_expiration-150m,1763253000,0.62,0.64,0.63,0.63,111
KXNBAGAME-25NOV15TORIND-IND,KXNBAGAME-25NOV15TORIND,KXNBAGAME,game_winner,Toronto vs Indiana Winner?,Indiana,Indiana,no,0,finalized,2025-11-13T16:05:00Z,2025-11-16T02:59:37.651809Z,2025-11-16T03:00:00Z,1311734.00,0.00,1763253000,expected_expiration-150m,1763253000,0.37,0.38,0.375,0.38,111
KXNBAGAME-25NOV15MEMCLE-MEM,KXNBAGAME-25NOV15MEMCLE,KXNBAGAME,game_winner,Memphis vs Cleveland Winner?,Memphis,Memphis,no,0,finalized,2025-11-13T13:05:00Z,2025-11-16T00:49:36.215877Z,2025-11-16T01:00:00Z,3044220.00,0.00,1763245800,expected_expiration-150m,1763245800,0.26,0.27,0.265,0.27,111
KXNBAGAME-25NOV14GSWSAS-SAS,KXNBAGAME-25NOV14GSWSAS,KXNBAGAME,game_winner,Golden State vs San Antonio Winner?,San Antonio,San Antonio,no,0,finalized,2025-11-12T19:06:00Z,2025-11-15T05:24:25.702232Z,2025-11-15T05:30:00Z,5349394.00,0.00,1763175600,expected_expiration-150m,1763175600,0.56,0.57,0.565,0.57,111
KXNBAGAME-25NOV15LALMIL-MIL,KXNBAGAME-25NOV15LALMIL,KXNBAGAME,game_winner,Los Angeles L vs Milwaukee Winner?,Milwaukee,Milwaukee,no,0,finalized,2025-11-13T16:05:00Z,2025-11-16T04:14:29.589633Z,2025-11-16T04:00:00Z,2186144.00,0.00,1763256600,expected_expiration-150m,1763256600,0.35,0.36,0.355,0.36,111
KXNBAGAME-25NOV14LACDAL-LAC,KXNBAGAME-25NOV14LACDAL,KXNBAGAME,game_winner,Los Angeles C vs Dallas Winner?,Los Angeles C,Los Angeles C,yes,1,finalized,2025-11-12T19:06:00Z,2025-11-15T05:14:29.811719Z,2025-11-15T04:30:00Z,5256730.00,0.00,1763172000,expected_expiration-150m,1763172000,0.79,0.8,0.795,0.8,111
KXNBAGAME-25NOV15MEMCLE-CLE,KXNBAGAME-25NOV15MEMCLE,KXNBAGAME,game_winner,Memphis vs Cleveland Winner?,Cleveland,Cleveland,yes,1,finalized,2025-11-13T13:05:00Z,2025-11-16T00:49:36.215877Z,2025-11-16T01:00:00Z,2805520.00,0.00,1763245800,expected_expiration-150m,1763245800,0.72,0.74,0.73,0.74,111
KXNBAGAME-25NOV14SACMIN-SAC,KXNBAGAME-25NOV14SACMIN,KXNBAGAME,game_winner,Sacramento vs Minnesota Winner?,Sacramento,Sacramento,no,0,finalized,2025-11-12T16:06:00Z,2025-11-15T03:49:35.933204Z,2025-11-15T04:00:00Z,1475609.00,0.00,1763170200,expected_expiration-150m,1763170200,0.13,0.14,0.135,0.14,111
KXNBAGAME-25NOV18GSWORL-GSW,KXNBAGAME-25NOV18GSWORL,KXNBAGAME,game_winner,Golden State vs Orlando Winner?,Golden State,Golden State,no,0,finalized,2025-11-16T16:05:00Z,2025-11-19T02:54:34.340968Z,2025-11-19T03:00:00Z,8006907.00,0.00,1763512200,expected_expiration-150m,1763512200,0.49,0.52,0.505,0.52,111
KXNBAGAME-25NOV14LACDAL-DAL,KXNBAGAME-25NOV14LACDAL,KXNBAGAME,game_winner,Los Angeles C vs Dallas Winner?,Dallas,Dallas,no,0,finalized,2025-11-12T19:06:00Z,2025-11-15T05:14:29.811719Z,2025-11-15T04:30:00Z,3884153.00,0.00,1763172000,expected_expiration-150m,1763172000,0.2,0.21,0.20500000000000002,0.2,111
KXNBAGAME-25NOV14CHAMIL-CHA,KXNBAGAME-25NOV14CHAMIL,KXNBAGAME,game_winner,Charlotte vs Milwaukee Winner?,Charlotte,Charlotte,no,0,finalized,2025-11-12T16:06:00Z,2025-11-15T04:04:28.88581Z,2025-11-15T04:00:00Z,2346339.00,0.00,1763170200,expected_expiration-150m,1763170200,0.17,0.18,0.175,0.18,109
KXNBAGAME-25NOV14PORHOU-POR,KXNBAGAME-25NOV14PORHOU,KXNBAGAME,game_winner,Portland vs Houston Winner?,Portland,Portland,no,0,finalized,2025-11-12T16:06:00Z,2025-11-15T03:39:34.184848Z,2025-11-15T04:00:00Z,618701.00,0.00,1763170200,expected_expiration-150m,1763170200,0.24,0.25,0.245,0.25,111
KXNBAGAME-25NOV14CHAMIL-MIL,KXNBAGAME-25NOV14CHAMIL,KXNBAGAME,game_winner,Charlotte vs Milwaukee Winner?,Milwaukee,Milwaukee,yes,1,finalized,2025-11-12T16:06:00Z,2025-11-15T04:04:28.88581Z,2025-11-15T04:00:00Z,3930118.00,0.00,1763170200,expected_expiration-150m,1763170200,0.82,0.83,0.825,0.83,111
KXNBAGAME-25NOV14LALNOP-NOP,KXNBAGAME-25NOV14LALNOP,KXNBAGAME,game_winner,Los Angeles L vs New Orleans Winner?,New Orleans,New Orleans,no,0,finalized,2025-11-12T16:06:00Z,2025-11-15T03:54:28.745773Z,2025-11-15T04:00:00Z,399490.00,0.00,1763170200,expected_expiration-150m,1763170200,0.09,0.11,0.1,0.1,111
KXNBAGAME-25NOV14GSWSAS-GSW,KXNBAGAME-25NOV14GSWSAS,KXNBAGAME,game_winner,Golden State vs San Antonio Winner?,Golden State,Golden State,yes,1,finalized,2025-11-12T19:06:00Z,2025-11-15T05:24:25.702232Z,2025-11-15T05:30:00Z,6372260.00,0.00,1763175600,expected_expiration-150m,1763175600,0.42,0.43,0.425,0.43,111
KXNBAGAME-25NOV14PORHOU-HOU,KXNBAGAME-25NOV14PORHOU,KXNBAGAME,game_winner,Portland vs Houston Winner?,Houston,Houston,yes,1,finalized,2025-11-12T16:06:00Z,2025-11-15T03:39:34.184848Z,2025-11-15T04:00:00Z,847787.00,0.00,1763170200,expected_expiration-150m,1763170200,0.75,0.76,0.755,0.76,111
KXNBAGAME-25NOV14BKNORL-BKN,KXNBAGAME-25NOV14BKNORL,KXNBAGAME,game_winner,Brooklyn vs Orlando Winner?,Brooklyn,Brooklyn,no,0,finalized,2025-11-12T16:06:00Z,2025-11-15T02:49:43.309393Z,2025-11-15T03:00:00Z,3717680.00,0.00,1763166600,expected_expiration-150m,1763166600,0.21,0.22,0.215,0.22,111
KXNBAGAME-25NOV16LACBOS-BOS,KXNBAGAME-25NOV16LACBOS,KXNBAGAME,game_winner,Los Angeles C vs Boston Winner?,Boston,Boston,yes,1,finalized,2025-11-14T13:05:00Z,2025-11-16T23:29:50.961642Z,2025-11-16T23:30:00Z,2049197.00,0.00,1763326800,expected_expiration-150m,1763326800,0.85,0.86,0.855,0.9,111
KXNBAGAME-25NOV14MIANYK-MIA,KXNBAGAME-25NOV14MIANYK,KXNBAGAME,game_winner,Miami vs New York K Winner?,Miami,Miami,no,0,finalized,2025-11-12T16:06:00Z,2025-11-15T03:04:37.290467Z,2025-11-15T03:00:00Z,4153460.00,0.00,1763166600,expected_expiration-150m,1763166600,0.36,0.37,0.365,0.37,111
KXNBAGAME-25NOV14PHIDET-PHI,KXNBAGAME-25NOV14PHIDET,KXNBAGAME,game_winner,Philadelphia vs Detroit Winner?,Philadelphia,Philadelphia,no,0,finalized,2025-11-12T16:06:00Z,2025-11-15T03:09:39.163138Z,2025-11-15T03:30:00Z,2646487.00,0.00,1763168400,expected_expiration-150m,1763168400,0.46,0.48,0.47,0.47,111
KXNBAGAME-25NOV14MIANYK-NYK,KXNBAGAME-25NOV14MIANYK,KXNBAGAME,game_winner,Miami vs New York K Winner?,New York K,New York K,yes,1,finalized,2025-11-12T16:06:00Z,2025-11-15T03:04:37.290467Z,2025-11-15T03:00:00Z,2456358.00,0.00,1763166600,expected_expiration-150m,1763166600,0.62,0.64,0.63,0.64,111
KXNBAGAME-25NOV13INDPHX-PHX,KXNBAGAME-25NOV13INDPHX,KXNBAGAME,game_winner,Indiana vs Phoenix Winner?,Phoenix,Phoenix,yes,1,finalized,2025-11-11T19:06:00Z,2025-11-14T05:09:31.392812Z,2025-11-14T05:00:00Z,5038311.00,0.00,1763087400,expected_expiration-150m,1763087400,0.65,0.66,0.655,0.66,111
KXNBAGAME-25NOV13INDPHX-IND,KXNBAGAME-25NOV13INDPHX,KXNBAGAME,game_winner,Indiana vs Phoenix Winner?,Indiana,Indiana,no,0,finalized,2025-11-11T19:06:00Z,2025-11-14T05:09:31.392812Z,2025-11-14T05:00:00Z,1765473.00,0.00,1763087400,expected_expiration-150m,1763087400,0.34,0.36,0.35,0.36,111
KXNBAGAME-25NOV13ATLUTA-UTA,KXNBAGAME-25NOV13ATLUTA,KXNBAGAME,game_winner,Atlanta vs Utah Winner?,Utah,Utah,no,0,finalized,2025-11-11T19:06:00Z,2025-11-14T04:44:30.133759Z,2025-11-14T05:00:00Z,4115243.00,0.00,1763087400,expected_expiration-150m,1763087400,0.34,0.36,0.35,0.36,111
KXNBAGAME-25NOV14LALNOP-LAL,KXNBAGAME-25NOV14LALNOP,KXNBAGAME,game_winner,Los Angeles L vs New Orleans Winner?,Los Angeles L,Los Angeles L,yes,1,finalized,2025-11-12T16:06:00Z,2025-11-15T03:54:28.745773Z,2025-11-15T04:00:00Z,1317342.00,0.00,1763170200,expected_expiration-150m,1763170200,0.89,0.9,0.895,0.9,111
KXNBAGAME-25NOV14BKNORL-ORL,KXNBAGAME-25NOV14BKNORL,KXNBAGAME,game_winner,Brooklyn vs Orlando Winner?,Orlando,Orlando,yes,1,finalized,2025-11-12T16:06:00Z,2025-11-15T02:49:43.309393Z,2025-11-15T03:00:00Z,2430947.00,0.00,1763166600,expected_expiration-150m,1763166600,0.78,0.79,0.785,0.79,111
KXNBAGAME-25NOV13ATLUTA-ATL,KXNBAGAME-25NOV13ATLUTA,KXNBAGAME,game_winner,Atlanta vs Utah Winner?,Atlanta,Atlanta,yes,1,finalized,2025-11-11T19:06:00Z,2025-11-14T04:44:30.133759Z,2025-11-14T05:00:00Z,5240575.00,0.00,1763087400,expected_expiration-150m,1763087400,0.65,0.66,0.655,0.65,111
KXNBAGAME-25NOV13TORCLE-TOR,KXNBAGAME-25NOV13TORCLE,KXNBAGAME,game_winner,Toronto vs Cleveland Winner?,Toronto,Toronto,yes,1,finalized,2025-11-11T16:05:00Z,2025-11-14T02:49:29.743787Z,2025-11-14T03:00:00Z,4106661.00,0.00,1763080200,expected_expiration-150m,1763080200,0.2,0.21,0.20500000000000002,0.21,111
KXNBAGAME-25NOV12DENLAC-LAC,KXNBAGAME-25NOV12DENLAC,KXNBAGAME,game_winner,Denver vs Los Angeles C Winner?,Los Angeles C,Los Angeles C,no,0,finalized,2025-11-10T19:06:00Z,2025-11-13T06:19:26.346969Z,2025-11-13T06:30:00Z,3488873.00,0.00,1763006400,expected_expiration-150m,1763006400,0.19,0.2,0.195,0.2,111
KXNBAGAME-25NOV14PHIDET-DET,KXNBAGAME-25NOV14PHIDET,KXNBAGAME,game_winner,Philadelphia vs Detroit Winner?,Detroit,Detroit,yes,1,finalized,2025-11-12T16:06:00Z,2025-11-15T03:09:39.163138Z,2025-11-15T03:30:00Z,2892640.00,0.00,1763168400,expected_expiration-150m,1763168400,0.52,0.53,0.525,0.53,111
KXNBAGAME-25NOV12LALOKC-LAL,KXNBAGAME-25NOV12LALOKC,KXNBAGAME,game_winner,Los Angeles L vs Oklahoma City Winner?,Los Angeles L,Los Angeles L,no,0,finalized,2025-11-10T19:06:00Z,2025-11-13T05:24:24.298618Z,2025-11-13T05:30:00Z,3690489.00,0.00,1763002800,expected_expiration-150m,1763002800,0.2,0.21,0.20500000000000002,0.21,111
KXNBAGAME-25NOV13TORCLE-CLE,KXNBAGAME-25NOV13TORCLE,KXNBAGAME,game_winner,Toronto vs Cleveland Winner?,Cleveland,Cleveland,no,0,finalized,2025-11-11T16:05:00Z,2025-11-14T02:49:29.743787Z,2025-11-14T03:00:00Z,4125129.00,0.00,1763080200,expected_expiration-150m,1763080200,0.79,0.8,0.795,0.8,111
KXNBAGAME-25NOV12ATLSAC-ATL,KXNBAGAME-25NOV12ATLSAC,KXNBAGAME,game_winner,Atlanta vs Sacramento Winner?,Atlanta,Atlanta,yes,1,finalized,2025-11-10T19:06:00Z,2025-11-13T05:34:26.38333Z,2025-11-13T06:00:00Z,1401261.00,0.00,1763004600,expected_expiration-150m,1763004600,0.77,0.78,0.775,0.78,111
KXNBAGAME-25NOV12PHXDAL-PHX,KXNBAGAME-25NOV12PHXDAL,KXNBAGAME,game_winner,Phoenix vs Dallas Winner?,Phoenix,Phoenix,yes,1,finalized,2025-11-10T19:06:00Z,2025-11-13T04:34:27.488979Z,2025-11-13T04:30:00Z,2763169.00,0.00,1762999200,expected_expiration-150m,1762999200,0.43,0.44,0.435,0.42,111
KXNBAGAME-25NOV12ATLSAC-SAC,KXNBAGAME-25NOV12ATLSAC,KXNBAGAME,game_winner,Atlanta vs Sacramento Winner?,Sacramento,Sacramento,no,0,finalized,2025-11-10T19:06:00Z,2025-11-13T05:34:26.38333Z,2025-11-13T06:00:00Z,2082452.00,0.00,1763004600,expected_expiration-150m,1763004600,0.22,0.23,0.225,0.23,111
KXNBAGAME-25NOV12GSWSAS-SAS,KXNBAGAME-25NOV12GSWSAS,KXNBAGAME,game_winner,Golden State vs San Antonio Winner?,San Antonio,San Antonio,no,0,finalized,2025-11-10T16:06:00Z,2025-11-13T04:14:32.565636Z,2025-11-13T04:00:00Z,4190907.00,0.00,1762997400,expected_expiration-150m,1762997400,0.72,0.73,0.725,0.73,111
KXNBAGAME-25NOV12GSWSAS-GSW,KXNBAGAME-25NOV12GSWSAS,KXNBAGAME,game_winner,Golden State vs San Antonio Winner?,Golden State,Golden State,yes,1,finalized,2025-11-10T16:06:00Z,2025-11-13T04:14:32.565636Z,2025-11-13T04:00:00Z,3894621.00,0.00,1762997400,expected_expiration-150m,1762997400,0.27,0.28,0.275,0.28,111
KXNBAGAME-25NOV12PHXDAL-DAL,KXNBAGAME-25NOV12PHXDAL,KXNBAGAME,game_winner,Phoenix vs Dallas Winner?,Dallas,Dallas,no,0,finalized,2025-11-10T19:06:00Z,2025-11-13T04:34:27.488979Z,2025-11-13T04:30:00Z,1686447.00,0.00,1762999200,expected_expiration-150m,1762999200,0.56,0.57,0.565,0.59,111
KXNBAGAME-25NOV12WASHOU-WAS,KXNBAGAME-25NOV12WASHOU,KXNBAGAME,game_winner,Washington vs Houston Winner?,Washington,Washington,no,0,finalized,2025-11-10T16:06:00Z,2025-11-13T03:59:40.190858Z,2025-11-13T04:00:00Z,856872.00,0.00,1762997400,expected_expiration-150m,1762997400,0.07,0.08,0.07500000000000001,0.08,111
KXNBAGAME-25NOV16BKNWAS-BKN,KXNBAGAME-25NOV16BKNWAS,KXNBAGAME,game_winner,Brooklyn vs Washington Winner?,Brooklyn,Brooklyn,yes,1,finalized,2025-11-14T16:06:00Z,2025-11-17T01:44:40.458193Z,2025-11-17T02:00:00Z,1353451.00,0.00,1763335800,expected_expiration-150m,1763335800,0.41,0.43,0.42,0.43,111
KXNBAGAME-25NOV12PORNOP-NOP,KXNBAGAME-25NOV12PORNOP,KXNBAGAME,game_winner,Portland vs New Orleans Winner?,New Orleans,New Orleans,no,0,finalized,2025-11-10T16:06:00Z,2025-11-13T03:54:32.737889Z,2025-11-13T04:00:00Z,766963.00,0.00,1762997400,expected_expiration-150m,1762997400,0.19,0.2,0.195,0.2,111
KXNBAGAME-25NOV12WASHOU-HOU,KXNBAGAME-25NOV12WASHOU,KXNBAGAME,game_winner,Washington vs Houston Winner?,Houston,Houston,yes,1,finalized,2025-11-10T16:06:00Z,2025-11-13T03:59:40.190858Z,2025-11-13T04:00:00Z,395322.00,0.00,1762997400,expected_expiration-150m,1762997400,0.93,0.94,0.935,0.93,109
KXNBAGAME-25NOV12CLEMIA-CLE,KXNBAGAME-25NOV12CLEMIA,KXNBAGAME,game_winner,Cleveland vs Miami Winner?,Cleveland,Cleveland,yes,1,finalized,2025-11-10T16:06:00Z,2025-11-13T03:24:37.319131Z,2025-11-13T03:30:00Z,2824189.00,0.00,1762995600,expected_expiration-150m,1762995600,0.32,0.34,0.33,0.34,111
KXNBAGAME-25NOV12PORNOP-POR,KXNBAGAME-25NOV12PORNOP,KXNBAGAME,game_winner,Portland vs New Orleans Winner?,Portland,Portland,yes,1,finalized,2025-11-10T16:06:00Z,2025-11-13T03:54:32.737889Z,2025-11-13T04:00:00Z,934046.00,0.00,1762997400,expected_expiration-150m,1762997400,0.8,0.81,0.805,0.8,111
KXNBAGAME-25NOV12CLEMIA-MIA,KXNBAGAME-25NOV12CLEMIA,KXNBAGAME,game_winner,Cleveland vs Miami Winner?,Miami,Miami,no,0,finalized,2025-11-10T16:06:00Z,2025-11-13T03:24:37.319131Z,2025-11-13T03:30:00Z,1918361.00,0.00,1762995600,expected_expiration-150m,1762995600,0.67,0.68,0.675,0.68,111
KXNBAGAME-25NOV12MILCHA-MIL,KXNBAGAME-25NOV12MILCHA,KXNBAGAME,game_winner,Milwaukee vs Charlotte Winner?,Milwaukee,Milwaukee,no,0,finalized,2025-11-10T16:06:00Z,2025-11-13T02:54:50.94623Z,2025-11-13T03:00:00Z,3035936.00,0.00,1762993800,expected_expiration-150m,1762993800,0.5,0.53,0.515,0.53,111
KXNBAGAME-25NOV12MILCHA-CHA,KXNBAGAME-25NOV12MILCHA,KXNBAGAME,game_winner,Milwaukee vs Charlotte Winner?,Charlotte,Charlotte,yes,1,finalized,2025-11-10T16:06:00Z,2025-11-13T02:54:50.94623Z,2025-11-13T03:00:00Z,1733963.00,0.00,1762993800,expected_expiration-150m,1762993800,0.48,0.5,0.49,0.5,111
KXNBAGAME-25NOV12MEMBOS-MEM,KXNBAGAME-25NOV12MEMBOS,KXNBAGAME,game_winner,Memphis vs Boston Winner?,Memphis,Memphis,no,0,finalized,2025-11-10T16:06:00Z,2025-11-13T03:09:42.533857Z,2025-11-13T03:30:00Z,604213.00,0.00,1762995600,expected_expiration-150m,1762995600,0.12,0.13,0.125,0.13,111
KXNBAGAME-25NOV12CHIDET-DET,KXNBAGAME-25NOV12CHIDET,KXNBAGAME,game_winner,Chicago vs Detroit Winner?,Detroit,Detroit,yes,1,finalized,2025-11-10T16:06:00Z,2025-11-13T02:39:48.425112Z,2025-11-13T03:00:00Z,3273216.00,0.00,1762993800,expected_expiration-150m,1762993800,0.61,0.62,0.615,0.62,111
KXNBAGAME-25NOV12CHIDET-CHI,KXNBAGAME-25NOV12CHIDET,KXNBAGAME,game_winner,Chicago vs Detroit Winner?,Chicago,Chicago,no,0,finalized,2025-11-10T16:06:00Z,2025-11-13T02:39:48.425112Z,2025-11-13T03:00:00Z,2765687.00,0.00,1762993800,expected_expiration-150m,1762993800,0.39,0.4,0.395,0.4,111
KXNBAGAME-25NOV12ORLNYK-ORL,KXNBAGAME-25NOV12ORLNYK,KXNBAGAME,game_winner,Orlando vs New York K Winner?,Orlando,Orlando,yes,1,finalized,2025-11-10T16:06:00Z,2025-11-13T03:09:48.72535Z,2025-11-13T03:00:00Z,2012927.00,0.00,1762993800,expected_expiration-150m,1762993800,0.44,0.45,0.445,0.45,111
KXNBAGAME-25NOV12ORLNYK-NYK,KXNBAGAME-25NOV12ORLNYK,KXNBAGAME,game_winner,Orlando vs New York K Winner?,New York K,New York K,no,0,finalized,2025-11-10T16:06:00Z,2025-11-13T03:09:48.72535Z,2025-11-13T03:00:00Z,4383548.00,0.00,1762993800,expected_expiration-150m,1762993800,0.54,0.56,0.55,0.56,111
KXNBAGAME-25NOV11DENSAC-SAC,KXNBAGAME-25NOV11DENSAC,KXNBAGAME,game_winner,Denver vs Sacramento Winner?,Sacramento,Sacramento,no,0,finalized,2025-11-09T19:06:00Z,2025-11-12T06:49:28.240117Z,2025-11-12T07:00:00Z,4663929.00,0.00,1762921800,expected_expiration-150m,1762921800,0.19,0.2,0.195,0.2,111
KXNBAGAME-25NOV11INDUTA-UTA,KXNBAGAME-25NOV11INDUTA,KXNBAGAME,game_winner,Indiana vs Utah Winner?,Utah,Utah,yes,1,finalized,2025-11-09T19:06:00Z,2025-11-12T05:09:28.040956Z,2025-11-12T05:00:00Z,2781759.00,0.00,1762914600,expected_expiration-150m,1762914600,0.37,0.39,0.38,0.38,111
KXNBAGAME-25NOV12LALOKC-OKC,KXNBAGAME-25NOV12LALOKC,KXNBAGAME,game_winner,Los Angeles L vs Oklahoma City Winner?,Oklahoma City,Oklahoma City,yes,1,finalized,2025-11-10T19:06:00Z,2025-11-13T05:24:24.298618Z,2025-11-13T05:30:00Z,1357780.00,0.00,1763002800,expected_expiration-150m,1763002800,0.8,0.81,0.805,0.8,111
KXNBAGAME-25NOV11BOSPHI-PHI,KXNBAGAME-25NOV11BOSPHI,KXNBAGAME,game_winner,Boston vs Philadelphia Winner?,Philadelphia,Philadelphia,yes,1,finalized,2025-11-09T16:05:00Z,2025-11-12T03:44:29.706977Z,2025-11-12T04:00:00Z,4838098.00,0.00,1762911000,expected_expiration-150m,1762911000,0.47,0.48,0.475,0.48,111
KXNBAGAME-25NOV11DENSAC-DEN,KXNBAGAME-25NOV11DENSAC,KXNBAGAME,game_winner,Denver vs Sacramento Winner?,Denver,Denver,yes,1,finalized,2025-11-09T19:06:00Z,2025-11-12T06:49:28.240117Z,2025-11-12T07:00:00Z,6795702.00,0.00,1762921800,expected_expiration-150m,1762921800,0.8,0.81,0.805,0.81,111
KXNBAGAME-25NOV11GSWOKC-OKC,KXNBAGAME-25NOV11GSWOKC,KXNBAGAME,game_winner,Golden State vs Oklahoma City Winner?,Oklahoma City,Oklahoma City,yes,1,finalized,2025-11-09T16:05:00Z,2025-11-12T04:04:36.727732Z,2025-11-12T04:00:00Z,1280157.00,0.00,1762911000,expected_expiration-150m,1762911000,0.7,0.71,0.705,0.71,111
KXNBAGAME-25NOV11BOSPHI-BOS,KXNBAGAME-25NOV11BOSPHI,KXNBAGAME,game_winner,Boston vs Philadelphia Winner?,Boston,Boston,no,0,finalized,2025-11-09T16:05:00Z,2025-11-12T03:44:29.706977Z,2025-11-12T04:00:00Z,3760271.00,0.00,1762911000,expected_expiration-150m,1762911000,0.52,0.53,0.525,0.53,111
KXNBAGAME-25NOV11MEMNYK-NYK,KXNBAGAME-25NOV11MEMNYK,KXNBAGAME,game_winner,Memphis vs New York K Winner?,New York K,New York K,yes,1,finalized,2025-11-09T16:05:00Z,2025-11-12T03:09:32.932744Z,2025-11-12T03:30:00Z,1386215.00,0.00,1762909200,expected_expiration-150m,1762909200,0.79,0.81,0.8,0.81,111
KXNBAGAME-25NOV11MEMNYK-MEM,KXNBAGAME-25NOV11MEMNYK,KXNBAGAME,game_winner,Memphis vs New York K Winner?,Memphis,Memphis,no,0,finalized,2025-11-09T16:05:00Z,2025-11-12T03:09:32.932744Z,2025-11-12T03:30:00Z,1968214.00,0.00,1762909200,expected_expiration-150m,1762909200,0.19,0.2,0.195,0.2,111
KXNBAGAME-25NOV11GSWOKC-GSW,KXNBAGAME-25NOV11GSWOKC,KXNBAGAME,game_winner,Golden State vs Oklahoma City Winner?,Golden State,Golden State,no,0,finalized,2025-11-09T16:05:00Z,2025-11-12T04:04:36.727732Z,2025-11-12T04:00:00Z,3097502.00,0.00,1762911000,expected_expiration-150m,1762911000,0.29,0.32,0.305,0.32,111
KXNBAGAME-25NOV14SACMIN-MIN,KXNBAGAME-25NOV14SACMIN,KXNBAGAME,game_winner,Sacramento vs Minnesota Winner?,Minnesota,Minnesota,yes,1,finalized,2025-11-12T16:06:00Z,2025-11-15T03:49:35.933204Z,2025-11-15T04:00:00Z,1051910.00,0.00,1763170200,expected_expiration-150m,1763170200,0.86,0.87,0.865,0.87,109
KXNBAGAME-25NOV11INDUTA-IND,KXNBAGAME-25NOV11INDUTA,KXNBAGAME,game_winner,Indiana vs Utah Winner?,Indiana,Indiana,no,0,finalized,2025-11-09T19:06:00Z,2025-11-12T05:09:28.040956Z,2025-11-12T05:00:00Z,1678483.00,0.00,1762914600,expected_expiration-150m,1762914600,0.61,0.63,0.62,0.63,111
KXNBAGAME-25NOV10MINUTA-MIN,KXNBAGAME-25NOV10MINUTA,KXNBAGAME,game_winner,Minnesota vs Utah Winner?,Minnesota,Minnesota,yes,1,finalized,2025-11-08T19:05:00Z,2025-11-11T04:44:32.753325Z,2025-11-11T05:00:00Z,906599.00,0.00,1762828200,expected_expiration-150m,1762828200,0.78,0.79,0.785,0.76,111
KXNBAGAME-25NOV11TORBKN-TOR,KXNBAGAME-25NOV11TORBKN,KXNBAGAME,game_winner,Toronto vs Brooklyn Winner?,Toronto,Toronto,yes,1,finalized,2025-11-09T16:05:00Z,2025-11-12T03:14:37.568095Z,2025-11-12T03:30:00Z,2086295.00,0.00,1762909200,expected_expiration-150m,1762909200,0.73,0.74,0.735,0.74,111
KXNBAGAME-25NOV11TORBKN-BKN,KXNBAGAME-25NOV11TORBKN,KXNBAGAME,game_winner,Toronto vs Brooklyn Winner?,Brooklyn,Brooklyn,no,0,finalized,2025-11-09T16:05:00Z,2025-11-12T03:14:37.568095Z,2025-11-12T03:30:00Z,1964595.00,0.00,1762909200,expected_expiration-150m,1762909200,0.25,0.27,0.26,0.27,111
KXNBAGAME-25NOV12MEMBOS-BOS,KXNBAGAME-25NOV12MEMBOS,KXNBAGAME,game_winner,Memphis vs Boston Winner?,Boston,Boston,yes,1,finalized,2025-11-10T16:06:00Z,2025-11-13T03:09:42.533857Z,2025-11-13T03:30:00Z,704448.00,0.00,1762995600,expected_expiration-150m,1762995600,0.87,0.89,0.88,0.88,111
KXNBAGAME-25NOV10MILDAL-DAL,KXNBAGAME-25NOV10MILDAL,KXNBAGAME,game_winner,Milwaukee vs Dallas Winner?,Dallas,Dallas,no,0,finalized,2025-11-08T19:05:00Z,2025-11-11T04:34:29.344952Z,2025-11-11T04:30:00Z,1965154.00,0.00,1762826400,expected_expiration-150m,1762826400,0.36,0.37,0.365,0.38,111
KXNBAGAME-25NOV10NOPPHX-PHX,KXNBAGAME-25NOV10NOPPHX,KXNBAGAME,game_winner,New Orleans vs Phoenix Winner?,Phoenix,Phoenix,yes,1,finalized,2025-11-08T19:05:00Z,2025-11-11T04:49:27.81683Z,2025-11-11T05:00:00Z,393738.00,0.00,1762828200,expected_expiration-150m,1762828200,0.82,0.83,0.825,0.83,111
KXNBAGAME-25NOV10NOPPHX-NOP,KXNBAGAME-25NOV10NOPPHX,KXNBAGAME,game_winner,New Orleans vs Phoenix Winner?,New Orleans,New Orleans,no,0,finalized,2025-11-08T19:05:00Z,2025-11-11T04:49:27.81683Z,2025-11-11T05:00:00Z,321633.00,0.00,1762828200,expected_expiration-150m,1762828200,0.17,0.18,0.175,0.18,111
KXNBAGAME-25NOV10MINUTA-UTA,KXNBAGAME-25NOV10MINUTA,KXNBAGAME,game_winner,Minnesota vs Utah Winner?,Utah,Utah,no,0,finalized,2025-11-08T19:05:00Z,2025-11-11T04:44:32.753325Z,2025-11-11T05:00:00Z,1103290.00,0.00,1762828200,expected_expiration-150m,1762828200,0.21,0.22,0.215,0.22,111
KXNBAGAME-25NOV10SASCHI-CHI,KXNBAGAME-25NOV10SASCHI,KXNBAGAME,game_winner,San Antonio vs Chicago Winner?,Chicago,Chicago,no,0,finalized,2025-11-08T16:05:00Z,2025-11-11T03:34:34.404976Z,2025-11-11T04:00:00Z,1833128.00,0.00,1762824600,expected_expiration-150m,1762824600,0.2,0.21,0.20500000000000002,0.21,111
KXNBAGAME-25NOV10ATLLAC-LAC,KXNBAGAME-25NOV10ATLLAC,KXNBAGAME,game_winner,Atlanta vs Los Angeles C Winner?,Los Angeles C,Los Angeles C,no,0,finalized,2025-11-08T19:05:00Z,2025-11-11T06:09:27.784284Z,2025-11-11T06:30:00Z,5948450.00,0.00,1762833600,expected_expiration-150m,1762833600,0.78,0.8,0.79,0.8,111
KXNBAGAME-25NOV10ATLLAC-ATL,KXNBAGAME-25NOV10ATLLAC,KXNBAGAME,game_winner,Atlanta vs Los Angeles C Winner?,Atlanta,Atlanta,yes,1,finalized,2025-11-08T19:05:00Z,2025-11-11T06:09:27.784284Z,2025-11-11T06:30:00Z,6593772.00,0.00,1762833600,expected_expiration-150m,1762833600,0.2,0.22,0.21000000000000002,0.22,111
KXNBAGAME-25NOV10CLEMIA-MIA,KXNBAGAME-25NOV10CLEMIA,KXNBAGAME,game_winner,Cleveland vs Miami Winner?,Miami,Miami,yes,1,finalized,2025-11-08T16:05:00Z,2025-11-11T04:09:32.029383Z,2025-11-11T03:30:00Z,3193551.00,0.00,1762822800,expected_expiration-150m,1762822800,0.25,0.26,0.255,0.26,111
KXNBAGAME-25NOV10MILDAL-MIL,KXNBAGAME-25NOV10MILDAL,KXNBAGAME,game_winner,Milwaukee vs Dallas Winner?,Milwaukee,Milwaukee,yes,1,finalized,2025-11-08T19:05:00Z,2025-11-11T04:34:29.344952Z,2025-11-11T04:30:00Z,3835218.00,0.00,1762826400,expected_expiration-150m,1762826400,0.63,0.64,0.635,0.64,111
KXNBAGAME-25NOV10LALCHA-LAL,KXNBAGAME-25NOV10LALCHA,KXNBAGAME,game_winner,Los Angeles L vs Charlotte Winner?,Los Angeles L,Los Angeles L,yes,1,finalized,2025-11-08T16:05:00Z,2025-11-11T02:44:47.236093Z,2025-11-11T03:00:00Z,2936007.00,0.00,1762821000,expected_expiration-150m,1762821000,0.68,0.71,0.6950000000000001,0.71,111
KXNBAGAME-25NOV10CLEMIA-CLE,KXNBAGAME-25NOV10CLEMIA,KXNBAGAME,game_winner,Cleveland vs Miami Winner?,Cleveland,Cleveland,no,0,finalized,2025-11-08T16:05:00Z,2025-11-11T04:09:32.029383Z,2025-11-11T03:30:00Z,2789532.00,0.00,1762822800,expected_expiration-150m,1762822800,0.75,0.76,0.755,0.76,111
KXNBAGAME-25NOV10LALCHA-CHA,KXNBAGAME-25NOV10LALCHA,KXNBAGAME,game_winner,Los Angeles L vs Charlotte Winner?,Charlotte,Charlotte,no,0,finalized,2025-11-08T16:05:00Z,2025-11-11T02:44:47.236093Z,2025-11-11T03:00:00Z,988735.00,0.00,1762821000,expected_expiration-150m,1762821000,0.29,0.32,0.305,0.32,111
KXNBAGAME-25NOV10SASCHI-SAS,KXNBAGAME-25NOV10SASCHI,KXNBAGAME,game_winner,San Antonio vs Chicago Winner?,San Antonio,San Antonio,yes,1,finalized,2025-11-08T16:05:00Z,2025-11-11T03:34:34.404976Z,2025-11-11T04:00:00Z,2460735.00,0.00,1762824600,expected_expiration-150m,1762824600,0.82,0.83,0.825,0.83,111
KXNBAGAME-25NOV12DENLAC-DEN,KXNBAGAME-25NOV12DENLAC,KXNBAGAME,game_winner,Denver vs Los Angeles C Winner?,Denver,Denver,yes,1,finalized,2025-11-10T19:06:00Z,2025-11-13T06:19:26.346969Z,2025-11-13T06:30:00Z,7951024.00,0.00,1763006400,expected_expiration-150m,1763006400,0.8,0.81,0.805,0.81,111
KXNBAGAME-25NOV09MINSAC-SAC,KXNBAGAME-25NOV09MINSAC,KXNBAGAME,game_winner,Minnesota vs Sacramento Winner?,Sacramento,Sacramento,no,0,finalized,2025-11-07T19:07:00Z,2025-11-10T05:04:25.050772Z,2025-11-10T05:00:00Z,849603.00,0.00,1762741800,expected_expiration-150m,1762741800,0.23,0.24,0.235,0.25,111
KXNBAGAME-25NOV09MINSAC-MIN,KXNBAGAME-25NOV09MINSAC,KXNBAGAME,game_winner,Minnesota vs Sacramento Winner?,Minnesota,Minnesota,yes,1,finalized,2025-11-07T19:07:00Z,2025-11-10T05:04:25.050772Z,2025-11-10T05:00:00Z,801817.00,0.00,1762741800,expected_expiration-150m,1762741800,0.76,0.77,0.765,0.77,111
KXNBAGAME-25NOV10WASDET-WAS,KXNBAGAME-25NOV10WASDET,KXNBAGAME,game_winner,Washington vs Detroit Winner?,Washington,Washington,no,0,finalized,2025-11-08T16:05:00Z,2025-11-11T03:24:34.929716Z,2025-11-11T03:00:00Z,3682700.00,0.00,1762821000,expected_expiration-150m,1762821000,0.17,0.19,0.18,0.19,111
KXNBAGAME-25NOV10WASDET-DET,KXNBAGAME-25NOV10WASDET,KXNBAGAME,game_winner,Washington vs Detroit Winner?,Detroit,Detroit,yes,1,finalized,2025-11-08T16:05:00Z,2025-11-11T03:24:34.929716Z,2025-11-11T03:00:00Z,4083804.00,0.00,1762821000,expected_expiration-150m,1762821000,0.82,0.83,0.825,0.83,111
KXNBAGAME-25NOV09DETPHI-PHI,KXNBAGAME-25NOV09DETPHI,KXNBAGAME,game_winner,Detroit vs Philadelphia Winner?,Philadelphia,Philadelphia,no,0,finalized,2025-11-07T16:07:00Z,2025-11-10T03:19:25.791378Z,2025-11-10T03:30:00Z,3274282.00,0.00,1762736400,expected_expiration-150m,1762736400,0.33,0.35,0.33999999999999997,0.35,111
KXNBAGAME-25NOV09DETPHI-DET,KXNBAGAME-25NOV09DETPHI,KXNBAGAME,game_winner,Detroit vs Philadelphia Winner?,Detroit,Detroit,yes,1,finalized,2025-11-07T16:07:00Z,2025-11-10T03:19:25.791378Z,2025-11-10T03:30:00Z,2744861.00,0.00,1762736400,expected_expiration-150m,1762736400,0.67,0.68,0.675,0.68,111
KXNBAGAME-25NOV09BKNNYK-BKN,KXNBAGAME-25NOV09BKNNYK,KXNBAGAME,game_winner,Brooklyn vs New York K Winner?,Brooklyn,Brooklyn,no,0,finalized,2025-11-07T16:07:00Z,2025-11-10T01:54:27.936737Z,2025-11-10T02:00:00Z,1047079.00,0.00,1762731000,expected_expiration-150m,1762731000,0.06,0.07,0.065,0.07,111
KXNBAGAME-25NOV09OKCMEM-OKC,KXNBAGAME-25NOV09OKCMEM,KXNBAGAME,game_winner,Oklahoma City vs Memphis Winner?,Oklahoma City,Oklahoma City,yes,1,finalized,2025-11-07T16:07:00Z,2025-11-10T01:39:32.696694Z,2025-11-10T02:00:00Z,3687180.00,0.00,1762731000,expected_expiration-150m,1762731000,0.75,0.76,0.755,0.76,111
KXNBAGAME-25NOV09OKCMEM-MEM,KXNBAGAME-25NOV09OKCMEM,KXNBAGAME,game_winner,Oklahoma City vs Memphis Winner?,Memphis,Memphis,no,0,finalized,2025-11-07T16:07:00Z,2025-11-10T01:39:32.696694Z,2025-11-10T02:00:00Z,2724752.00,0.00,1762731000,expected_expiration-150m,1762731000,0.26,0.27,0.265,0.28,109
KXNBAGAME-25NOV09BOSORL-ORL,KXNBAGAME-25NOV09BOSORL,KXNBAGAME,game_winner,Boston vs Orlando Winner?,Orlando,Orlando,no,0,finalized,2025-11-07T16:07:00Z,2025-11-10T01:59:35.441059Z,2025-11-10T02:00:00Z,2282341.00,0.00,1762731000,expected_expiration-150m,1762731000,0.76,0.78,0.77,0.74,111
KXNBAGAME-25NOV09BOSORL-BOS,KXNBAGAME-25NOV09BOSORL,KXNBAGAME,game_winner,Boston vs Orlando Winner?,Boston,Boston,yes,1,finalized,2025-11-07T16:07:00Z,2025-11-10T01:59:35.441059Z,2025-11-10T02:00:00Z,3135299.00,0.00,1762731000,expected_expiration-150m,1762731000,0.23,0.24,0.235,0.26,111
KXNBAGAME-25NOV09HOUMIL-MIL,KXNBAGAME-25NOV09HOUMIL,KXNBAGAME,game_winner,Houston vs Milwaukee Winner?,Milwaukee,Milwaukee,no,0,finalized,2025-11-07T13:07:00Z,2025-11-09T23:24:36.321072Z,2025-11-09T23:30:00Z,3332437.00,0.00,1762722000,expected_expiration-150m,1762722000,0.37,0.39,0.38,0.38,111
KXNBAGAME-25NOV09INDGSW-IND,KXNBAGAME-25NOV09INDGSW,KXNBAGAME,game_winner,Indiana vs Golden State Winner?,Indiana,Indiana,no,0,finalized,2025-11-07T19:07:00Z,2025-11-10T04:14:36.778502Z,2025-11-10T04:30:00Z,3000566.00,0.00,1762740000,expected_expiration-150m,1762740000,0.1,0.12,0.11,0.12,111
KXNBAGAME-25NOV09INDGSW-GSW,KXNBAGAME-25NOV09INDGSW,KXNBAGAME,game_winner,Indiana vs Golden State Winner?,Golden State,Golden State,yes,1,finalized,2025-11-07T19:07:00Z,2025-11-10T04:14:36.778502Z,2025-11-10T04:30:00Z,1312060.00,0.00,1762740000,expected_expiration-150m,1762740000,0.89,0.9,0.895,0.9,111
KXNBAGAME-25NOV09HOUMIL-HOU,KXNBAGAME-25NOV09HOUMIL,KXNBAGAME,game_winner,Houston vs Milwaukee Winner?,Houston,Houston,yes,1,finalized,2025-11-07T13:07:00Z,2025-11-09T23:24:36.321072Z,2025-11-09T23:30:00Z,3981091.00,0.00,1762722000,expected_expiration-150m,1762722000,0.61,0.62,0.615,0.63,111
KXNBAGAME-25NOV08INDDEN-IND,KXNBAGAME-25NOV08INDDEN,KXNBAGAME,game_winner,Indiana vs Denver Winner?,Indiana,Indiana,no,0,finalized,2025-11-06T19:06:00Z,2025-11-09T04:49:27.588344Z,2025-11-09T05:00:00Z,962160.00,0.00,1762655400,expected_expiration-150m,1762655400,0.17,0.18,0.175,0.18,111
KXNBAGAME-25NOV08INDDEN-DEN,KXNBAGAME-25NOV08INDDEN,KXNBAGAME,game_winner,Indiana vs Denver Winner?,Denver,Denver,yes,1,finalized,2025-11-06T19:06:00Z,2025-11-09T04:49:27.588344Z,2025-11-09T05:00:00Z,1260223.00,0.00,1762655400,expected_expiration-150m,1762655400,0.82,0.83,0.825,0.83,111
KXNBAGAME-25NOV09BKNNYK-NYK,KXNBAGAME-25NOV09BKNNYK,KXNBAGAME,game_winner,Brooklyn vs New York K Winner?,New York K,New York K,yes,1,finalized,2025-11-07T16:07:00Z,2025-11-10T01:54:27.936737Z,2025-11-10T02:00:00Z,562127.00,0.00,1762731000,expected_expiration-150m,1762731000,0.94,0.95,0.945,0.95,107
KXNBAGAME-25NOV08NOPSAS-SAS,KXNBAGAME-25NOV08NOPSAS,KXNBAGAME,game_winner,New Orleans vs San Antonio Winner?,San Antonio,San Antonio,yes,1,finalized,2025-11-06T16:06:00Z,2025-11-09T03:44:38.296093Z,2025-11-09T04:00:00Z,885502.00,0.00,1762651800,expected_expiration-150m,1762651800,0.89,0.9,0.895,0.9,111
KXNBAGAME-25NOV08NOPSAS-NOP,KXNBAGAME-25NOV08NOPSAS,KXNBAGAME,game_winner,New Orleans vs San Antonio Winner?,New Orleans,New Orleans,no,0,finalized,2025-11-06T16:06:00Z,2025-11-09T03:44:38.296093Z,2025-11-09T04:00:00Z,638125.00,0.00,1762651800,expected_expiration-150m,1762651800,0.11,0.12,0.11499999999999999,0.12,109
KXNBAGAME-25NOV15LALMIL-LAL,KXNBAGAME-25NOV15LALMIL,KXNBAGAME,game_winner,Los Angeles L vs Milwaukee Winner?,Los Angeles L,Los Angeles L,yes,1,finalized,2025-11-13T16:05:00Z,2025-11-16T04:14:29.589633Z,2025-11-16T04:00:00Z,1957417.00,0.00,1763256600,expected_expiration-150m,,,,,,0
KXNBAGAME-25NOV08PORMIA-POR,KXNBAGAME-25NOV08PORMIA,KXNBAGAME,game_winner,Portland vs Miami Winner?,Portland,Portland,no,0,finalized,2025-11-06T16:06:00Z,2025-11-09T04:04:26.651655Z,2025-11-09T04:00:00Z,1006505.00,0.00,1762651800,expected_expiration-150m,1762651800,0.69,0.7,0.695,0.7,111
KXNBAGAME-25NOV10PORORL-POR,KXNBAGAME-25NOV10PORORL,KXNBAGAME,game_winner,Portland vs Orlando Winner?,Portland,Portland,no,0,finalized,2025-11-08T16:05:00Z,2025-11-11T03:04:39.084448Z,2025-11-11T03:00:00Z,2606198.00,0.00,1762821000,expected_expiration-150m,1762821000,0.54,0.55,0.545,0.55,111
KXNBAGAME-25NOV08LALATL-LAL,KXNBAGAME-25NOV08LALATL,KXNBAGAME,game_winner,Los Angeles L vs Atlanta Winner?,Los Angeles L,Los Angeles L,no,0,finalized,2025-11-06T16:06:00Z,2025-11-09T03:19:35.973177Z,2025-11-09T04:00:00Z,3386501.00,0.00,1762651800,expected_expiration-150m,1762651800,0.47,0.5,0.485,0.5,111
KXNBAGAME-25NOV08PHXLAC-PHX,KXNBAGAME-25NOV08PHXLAC,KXNBAGAME,game_winner,Phoenix vs Los Angeles C Winner?,Phoenix,Phoenix,yes,1,finalized,2025-11-06T19:06:00Z,2025-11-09T06:14:26.510704Z,2025-11-09T06:30:00Z,5059644.00,0.00,1762660800,expected_expiration-150m,1762660800,0.48,0.49,0.485,0.49,111
KXNBAGAME-25NOV08PORMIA-MIA,KXNBAGAME-25NOV08PORMIA,KXNBAGAME,game_winner,Portland vs Miami Winner?,Miami,Miami,yes,1,finalized,2025-11-06T16:06:00Z,2025-11-09T04:04:26.651655Z,2025-11-09T04:00:00Z,1228190.00,0.00,1762651800,expected_expiration-150m,1762651800,0.3,0.31,0.305,0.3,111
KXNBAGAME-25NOV08TORPHI-PHI,KXNBAGAME-25NOV08TORPHI,KXNBAGAME,game_winner,Toronto vs Philadelphia Winner?,Philadelphia,Philadelphia,yes,1,finalized,2025-11-06T16:06:00Z,2025-11-09T03:19:35.71697Z,2025-11-09T03:30:00Z,1939292.00,0.00,1762650000,expected_expiration-150m,1762650000,0.56,0.57,0.565,0.57,111
KXNBAGAME-25NOV08LALATL-ATL,KXNBAGAME-25NOV08LALATL,KXNBAGAME,game_winner,Los Angeles L vs Atlanta Winner?,Atlanta,Atlanta,yes,1,finalized,2025-11-06T16:06:00Z,2025-11-09T03:19:35.973177Z,2025-11-09T04:00:00Z,781958.00,0.00,1762651800,expected_expiration-150m,1762651800,0.5,0.53,0.515,0.53,111
KXNBAGAME-25NOV08TORPHI-TOR,KXNBAGAME-25NOV08TORPHI,KXNBAGAME,game_winner,Toronto vs Philadelphia Winner?,Toronto,Toronto,no,0,finalized,2025-11-06T16:06:00Z,2025-11-09T03:19:35.71697Z,2025-11-09T03:30:00Z,1783085.00,0.00,1762650000,expected_expiration-150m,1762650000,0.44,0.45,0.445,0.45,111
KXNBAGAME-25NOV07OKCSAC-SAC,KXNBAGAME-25NOV07OKCSAC,KXNBAGAME,game_winner,Oklahoma City vs Sacramento Winner?,Sacramento,Sacramento,no,0,finalized,2025-11-06T07:07:00Z,2025-11-08T05:34:25.35006Z,2025-11-08T06:00:00Z,558243.00,0.00,1762572600,expected_expiration-150m,1762572600,0.17,0.18,0.175,0.18,111
KXNBAGAME-25NOV07OKCSAC-OKC,KXNBAGAME-25NOV07OKCSAC,KXNBAGAME,game_winner,Oklahoma City vs Sacramento Winner?,Oklahoma City,Oklahoma City,yes,1,finalized,2025-11-06T07:07:00Z,2025-11-08T05:34:25.35006Z,2025-11-08T06:00:00Z,253912.00,0.00,1762572600,expected_expiration-150m,1762572600,0.83,0.84,0.835,0.84,111
KXNBAGAME-25NOV07GSWDEN-GSW,KXNBAGAME-25NOV07GSWDEN,KXNBAGAME,game_winner,Golden State vs Denver Winner?,Golden State,Golden State,no,0,finalized,2025-11-06T07:07:00Z,2025-11-08T05:34:25.19606Z,2025-11-08T06:00:00Z,3657760.00,0.00,1762572600,expected_expiration-150m,1762572600,0.12,0.13,0.125,0.12,111
KXNBAGAME-25NOV08DALWAS-WAS,KXNBAGAME-25NOV08DALWAS,KXNBAGAME,game_winner,Dallas vs Washington Winner?,Washington,Washington,no,0,finalized,2025-11-06T16:06:00Z,2025-11-09T02:49:37.620134Z,2025-11-09T03:00:00Z,1575568.00,0.00,1762648200,expected_expiration-150m,1762648200,0.32,0.33,0.325,0.32,111
KXNBAGAME-25NOV08DALWAS-DAL,KXNBAGAME-25NOV08DALWAS,KXNBAGAME,game_winner,Dallas vs Washington Winner?,Dallas,Dallas,yes,1,finalized,2025-11-06T16:06:00Z,2025-11-09T02:49:37.620134Z,2025-11-09T03:00:00Z,1511506.00,0.00,1762648200,expected_expiration-150m,1762648200,0.67,0.68,0.675,0.68,111
KXNBAGAME-25NOV07DALMEM-DAL,KXNBAGAME-25NOV07DALMEM,KXNBAGAME,game_winner,Dallas vs Memphis Winner?,Dallas,Dallas,no,0,finalized,2025-11-06T07:06:00Z,2025-11-08T03:44:31.362961Z,2025-11-08T04:00:00Z,367730.00,0.00,1762565400,expected_expiration-150m,1762565400,0.19,0.2,0.195,0.2,111
KXNBAGAME-25NOV07GSWDEN-DEN,KXNBAGAME-25NOV07GSWDEN,KXNBAGAME,game_winner,Golden State vs Denver Winner?,Denver,Denver,yes,1,finalized,2025-11-06T07:07:00Z,2025-11-08T05:34:25.19606Z,2025-11-08T06:00:00Z,3873637.00,0.00,1762572600,expected_expiration-150m,1762572600,0.85,0.86,0.855,0.86,111
KXNBAGAME-25NOV07DALMEM-MEM,KXNBAGAME-25NOV07DALMEM,KXNBAGAME,game_winner,Dallas vs Memphis Winner?,Memphis,Memphis,yes,1,finalized,2025-11-06T07:06:00Z,2025-11-08T03:44:31.362961Z,2025-11-08T04:00:00Z,349772.00,0.00,1762565400,expected_expiration-150m,1762565400,0.8,0.81,0.805,0.81,111
KXNBAGAME-25NOV08CHICLE-CLE,KXNBAGAME-25NOV08CHICLE,KXNBAGAME,game_winner,Chicago vs Cleveland Winner?,Cleveland,Cleveland,yes,1,finalized,2025-11-06T16:06:00Z,2025-11-09T03:49:33.619523Z,2025-11-09T04:00:00Z,1294812.00,0.00,1762651800,expected_expiration-150m,1762651800,0.79,0.8,0.795,0.78,111
KXNBAGAME-25NOV07CHIMIL-MIL,KXNBAGAME-25NOV07CHIMIL,KXNBAGAME,game_winner,Chicago vs Milwaukee Winner?,Milwaukee,Milwaukee,yes,1,finalized,2025-11-06T07:06:00Z,2025-11-08T03:49:27.94296Z,2025-11-08T04:00:00Z,1221159.00,0.00,1762565400,expected_expiration-150m,1762565400,0.53,0.54,0.535,0.54,111
KXNBAGAME-25NOV08CHICLE-CHI,KXNBAGAME-25NOV08CHICLE,KXNBAGAME,game_winner,Chicago vs Cleveland Winner?,Chicago,Chicago,no,0,finalized,2025-11-06T16:06:00Z,2025-11-09T03:49:33.619523Z,2025-11-09T04:00:00Z,1938603.00,0.00,1762651800,expected_expiration-150m,1762651800,0.21,0.22,0.215,0.22,111
KXNBAGAME-25NOV07CHAMIA-CHA,KXNBAGAME-25NOV07CHAMIA,KXNBAGAME,game_winner,Charlotte vs Miami Winner?,Charlotte,Charlotte,no,0,finalized,2025-11-06T07:06:00Z,2025-11-08T03:49:27.793791Z,2025-11-08T04:00:00Z,1061766.00,0.00,1762565400,expected_expiration-150m,1762565400,0.18,0.19,0.185,0.18,111
KXNBAGAME-25NOV07CHAMIA-MIA,KXNBAGAME-25NOV07CHAMIA,KXNBAGAME,game_winner,Charlotte vs Miami Winner?,Miami,Miami,yes,1,finalized,2025-11-06T07:06:00Z,2025-11-08T03:49:27.793791Z,2025-11-08T04:00:00Z,1216321.00,0.00,1762565400,expected_expiration-150m,1762565400,0.81,0.82,0.815,0.81,111
KXNBAGAME-25NOV07UTAMIN-UTA,KXNBAGAME-25NOV07UTAMIN,KXNBAGAME,game_winner,Utah vs Minnesota Winner?,Utah,Utah,no,0,finalized,2025-11-06T07:06:00Z,2025-11-08T03:44:31.940227Z,2025-11-08T04:00:00Z,686724.00,0.00,1762565400,expected_expiration-150m,1762565400,0.04,0.06,0.05,0.06,111
KXNBAGAME-25NOV07TORATL-TOR,KXNBAGAME-25NOV07TORATL,KXNBAGAME,game_winner,Toronto vs Atlanta Winner?,Toronto,Toronto,yes,1,finalized,2025-11-06T07:06:00Z,2025-11-08T03:19:41.27309Z,2025-11-08T03:30:00Z,2338188.00,0.00,1762563600,expected_expiration-150m,1762563600,0.39,0.41,0.4,0.4,111
KXNBAGAME-25NOV07HOUSAS-SAS,KXNBAGAME-25NOV07HOUSAS,KXNBAGAME,game_winner,Houston vs San Antonio Winner?,San Antonio,San Antonio,yes,1,finalized,2025-11-06T07:06:00Z,2025-11-08T03:34:35.071862Z,2025-11-08T03:30:00Z,3163958.00,0.00,1762563600,expected_expiration-150m,1762563600,0.48,0.49,0.485,0.49,111
KXNBAGAME-25NOV07CHIMIL-CHI,KXNBAGAME-25NOV07CHIMIL,KXNBAGAME,game_winner,Chicago vs Milwaukee Winner?,Chicago,Chicago,no,0,finalized,2025-11-06T07:06:00Z,2025-11-08T03:49:27.94296Z,2025-11-08T04:00:00Z,2030182.00,0.00,1762565400,expected_expiration-150m,1762565400,0.49,0.5,0.495,0.5,111
KXNBAGAME-25NOV07CLEWAS-CLE,KXNBAGAME-25NOV07CLEWAS,KXNBAGAME,game_winner,Cleveland vs Washington Winner?,Cleveland,Cleveland,yes,1,finalized,2025-11-06T07:06:00Z,2025-11-08T02:44:49.46903Z,2025-11-08T03:00:00Z,786850.00,0.00,1762561800,expected_expiration-150m,1762561800,0.92,0.93,0.925,0.93,111
KXNBAGAME-25NOV07TORATL-ATL,KXNBAGAME-25NOV07TORATL,KXNBAGAME,game_winner,Toronto vs Atlanta Winner?,Atlanta,Atlanta,no,0,finalized,2025-11-06T07:06:00Z,2025-11-08T03:19:41.27309Z,2025-11-08T03:30:00Z,1304661.00,0.00,1762563600,expected_expiration-150m,1762563600,0.59,0.61,0.6,,111
KXNBAGAME-25NOV07DETBKN-BKN,KXNBAGAME-25NOV07DETBKN,KXNBAGAME,game_winner,Detroit vs Brooklyn Winner?,Brooklyn,Brooklyn,no,0,finalized,2025-11-06T07:06:00Z,2025-11-08T03:24:35.047494Z,2025-11-08T03:30:00Z,1015310.00,0.00,1762563600,expected_expiration-150m,1762563600,0.28,0.29,0.28500000000000003,0.29,111
KXNBAGAME-25NOV10PORORL-ORL,KXNBAGAME-25NOV10PORORL,KXNBAGAME,game_winner,Portland vs Orlando Winner?,Orlando,Orlando,yes,1,finalized,2025-11-08T16:05:00Z,2025-11-11T03:04:39.084448Z,2025-11-11T03:00:00Z,1946689.00,0.00,1762821000,expected_expiration-150m,1762821000,0.47,0.48,0.475,0.48,111
KXNBAGAME-25NOV07UTAMIN-MIN,KXNBAGAME-25NOV07UTAMIN,KXNBAGAME,game_winner,Utah vs Minnesota Winner?,Minnesota,Minnesota,yes,1,finalized,2025-11-06T07:06:00Z,2025-11-08T03:44:31.940227Z,2025-11-08T04:00:00Z,240416.00,0.00,1762565400,expected_expiration-150m,1762565400,0.95,0.96,0.955,0.96,111
KXNBAGAME-25NOV07BOSORL-BOS,KXNBAGAME-25NOV07BOSORL,KXNBAGAME,game_winner,Boston vs Orlando Winner?,Boston,Boston,no,0,finalized,2025-11-06T07:06:00Z,2025-11-08T02:59:49.425185Z,2025-11-08T03:00:00Z,3685813.00,0.00,1762561800,expected_expiration-150m,1762561800,0.18,0.2,0.19,0.19,111
KXNBAGAME-25NOV07BOSORL-ORL,KXNBAGAME-25NOV07BOSORL,KXNBAGAME,game_winner,Boston vs Orlando Winner?,Orlando,Orlando,yes,1,finalized,2025-11-06T07:06:00Z,2025-11-08T02:59:49.425185Z,2025-11-08T03:00:00Z,1999285.00,0.00,1762561800,expected_expiration-150m,1762561800,0.8,0.82,0.81,0.81,111
KXNBAGAME-25NOV05GSWSAC-SAC,KXNBAGAME-25NOV05GSWSAC,KXNBAGAME,game_winner,Golden State vs Sacramento Winner?,Sacramento,Sacramento,yes,1,finalized,2025-11-03T22:07:00Z,2025-11-06T05:49:55.145384Z,2025-11-06T06:00:00Z,3030446.00,0.00,1762399800,expected_expiration-150m,1762399800,0.44,0.45,0.445,0.45,111
KXNBAGAME-25NOV07HOUSAS-HOU,KXNBAGAME-25NOV07HOUSAS,KXNBAGAME,game_winner,Houston vs San Antonio Winner?,Houston,Houston,no,0,finalized,2025-11-06T07:06:00Z,2025-11-08T03:34:35.071862Z,2025-11-08T03:30:00Z,2755561.00,0.00,1762563600,expected_expiration-150m,1762563600,0.52,0.53,0.525,0.53,111
KXNBAGAME-25NOV06LACPHX-PHX,KXNBAGAME-25NOV06LACPHX,KXNBAGAME,game_winner,LA vs Phoenix Winner?,Phoenix,Phoenix,yes,1,finalized,2025-11-04T19:06:00Z,2025-11-07T04:44:59.625679Z,2025-11-07T05:00:00Z,3443045.00,0.00,1762482600,expected_expiration-150m,1762482600,0.56,0.57,0.565,0.57,111
KXNBAGAME-25NOV07CLEWAS-WAS,KXNBAGAME-25NOV07CLEWAS,KXNBAGAME,game_winner,Cleveland vs Washington Winner?,Washington,Washington,no,0,finalized,2025-11-06T07:06:00Z,2025-11-08T02:44:49.46903Z,2025-11-08T03:00:00Z,969522.00,0.00,1762561800,expected_expiration-150m,1762561800,0.07,0.08,0.07500000000000001,0.07,111
KXNBAGAME-25NOV05GSWSAC-GSW,KXNBAGAME-25NOV05GSWSAC,KXNBAGAME,game_winner,Golden State vs Sacramento Winner?,Golden State,Golden State,no,0,finalized,2025-11-03T22:07:00Z,2025-11-06T05:49:55.145384Z,2025-11-06T06:00:00Z,4581563.00,0.00,1762399800,expected_expiration-150m,1762399800,0.56,0.57,0.565,0.57,111
KXNBAGAME-25NOV05OKCPOR-OKC,KXNBAGAME-25NOV05OKCPOR,KXNBAGAME,game_winner,Oklahoma City vs Portland Winner?,Oklahoma City,Oklahoma City,no,0,finalized,2025-11-03T22:07:00Z,2025-11-06T06:04:55.074866Z,2025-11-06T06:00:00Z,6826935.00,0.00,1762399800,expected_expiration-150m,1762399800,0.78,0.79,0.785,0.79,111
KXNBAGAME-25NOV16PORDAL-DAL,KXNBAGAME-25NOV16PORDAL,KXNBAGAME,game_winner,Portland vs Dallas Winner?,Dallas,Dallas,yes,1,finalized,2025-11-14T16:06:00Z,2025-11-17T03:39:33.207947Z,2025-11-17T03:30:00Z,2414959.00,0.00,1763341200,expected_expiration-150m,,,,,,0
KXNBAGAME-25NOV05SASLAL-LAL,KXNBAGAME-25NOV05SASLAL,KXNBAGAME,game_winner,San Antonio vs Los Angeles L Winner?,Los Angeles L,Los Angeles L,yes,1,finalized,2025-11-03T22:07:00Z,2025-11-06T06:19:48.268222Z,2025-11-06T06:00:00Z,9464298.00,0.00,1762399800,expected_expiration-150m,1762399800,0.35,0.36,0.355,0.36,111
KXNBAGAME-25NOV05HOUMEM-MEM,KXNBAGAME-25NOV05HOUMEM,KXNBAGAME,game_winner,Houston vs Memphis Winner?,Memphis,Memphis,no,0,finalized,2025-11-03T19:06:00Z,2025-11-06T03:40:11.626647Z,2025-11-06T04:00:00Z,996106.00,0.00,1762392600,expected_expiration-150m,1762392600,0.16,0.17,0.165,0.17,109
KXNBAGAME-25NOV05MIADEN-MIA,KXNBAGAME-25NOV05MIADEN,KXNBAGAME,game_winner,Miami vs Denver Winner?,Miami,Miami,no,0,finalized,2025-11-03T19:06:00Z,2025-11-06T05:00:25.199318Z,2025-11-06T05:00:00Z,2096144.00,0.00,1762396200,expected_expiration-150m,1762396200,0.26,0.27,0.265,0.28,111
KXNBAGAME-25NOV06LACPHX-LAC,KXNBAGAME-25NOV06LACPHX,KXNBAGAME,game_winner,LA vs Phoenix Winner?,LA,LA,no,0,finalized,2025-11-04T19:06:00Z,2025-11-07T04:44:59.625679Z,2025-11-07T05:00:00Z,2231566.00,0.00,1762482600,expected_expiration-150m,1762482600,0.41,0.42,0.415,0.42,111
KXNBAGAME-25NOV05HOUMEM-HOU,KXNBAGAME-25NOV05HOUMEM,KXNBAGAME,game_winner,Houston vs Memphis Winner?,Houston,Houston,yes,1,finalized,2025-11-03T19:06:00Z,2025-11-06T03:40:11.626647Z,2025-11-06T04:00:00Z,968128.00,0.00,1762392600,expected_expiration-150m,1762392600,0.84,0.85,0.845,0.84,111
KXNBAGAME-25NOV05MINNYK-NYK,KXNBAGAME-25NOV05MINNYK,KXNBAGAME,game_winner,Minnesota vs New York K Winner?,New York K,New York K,yes,1,finalized,2025-11-03T19:06:00Z,2025-11-06T03:15:14.427906Z,2025-11-06T03:30:00Z,2700987.00,0.00,1762390800,expected_expiration-150m,1762390800,0.48,0.49,0.485,0.49,111
KXNBAGAME-25NOV05MINNYK-MIN,KXNBAGAME-25NOV05MINNYK,KXNBAGAME,game_winner,Minnesota vs New York K Winner?,Minnesota,Minnesota,no,0,finalized,2025-11-03T19:06:00Z,2025-11-06T03:15:14.427906Z,2025-11-06T03:30:00Z,2417042.00,0.00,1762390800,expected_expiration-150m,1762390800,0.47,0.51,0.49,0.49,111
KXNBAGAME-25NOV08PHXLAC-LAC,KXNBAGAME-25NOV08PHXLAC,KXNBAGAME,game_winner,Phoenix vs Los Angeles C Winner?,Los Angeles C,Los Angeles C,no,0,finalized,2025-11-06T19:06:00Z,2025-11-09T06:14:26.510704Z,2025-11-09T06:30:00Z,4053809.00,0.00,1762660800,expected_expiration-150m,1762660800,0.5,0.52,0.51,0.52,111
KXNBAGAME-25NOV05MIADEN-DEN,KXNBAGAME-25NOV05MIADEN,KXNBAGAME,game_winner,Miami vs Denver Winner?,Denver,Denver,yes,1,finalized,2025-11-03T19:06:00Z,2025-11-06T05:00:25.199318Z,2025-11-06T05:00:00Z,1003276.00,0.00,1762396200,expected_expiration-150m,1762396200,0.72,0.73,0.725,0.73,111
KXNBAGAME-25NOV05WASBOS-WAS,KXNBAGAME-25NOV05WASBOS,KXNBAGAME,game_winner,Washington vs Boston Winner?,Washington,Washington,no,0,finalized,2025-11-03T19:06:00Z,2025-11-06T03:05:14.907609Z,2025-11-06T03:30:00Z,831346.00,0.00,1762390800,expected_expiration-150m,1762390800,0.19,0.2,0.195,0.2,109
KXNBAGAME-25NOV05UTADET-UTA,KXNBAGAME-25NOV05UTADET,KXNBAGAME,game_winner,Utah vs Detroit Winner?,Utah,Utah,no,0,finalized,2025-11-03T19:06:00Z,2025-11-06T02:50:26.416671Z,2025-11-06T03:00:00Z,2361261.00,0.00,1762389000,expected_expiration-150m,1762389000,0.21,0.22,0.215,0.22,111
KXNBAGAME-25NOV05UTADET-DET,KXNBAGAME-25NOV05UTADET,KXNBAGAME,game_winner,Utah vs Detroit Winner?,Detroit,Detroit,yes,1,finalized,2025-11-03T19:06:00Z,2025-11-06T02:50:26.416671Z,2025-11-06T03:00:00Z,915824.00,0.00,1762389000,expected_expiration-150m,1762389000,0.79,0.8,0.795,0.8,111
KXNBAGAME-25NOV05BKNIND-IND,KXNBAGAME-25NOV05BKNIND,KXNBAGAME,game_winner,Brooklyn vs Indiana Winner?,Indiana,Indiana,no,0,finalized,2025-11-03T19:06:00Z,2025-11-06T02:55:15.930779Z,2025-11-06T03:00:00Z,2249254.00,0.00,1762389000,expected_expiration-150m,1762389000,0.63,0.64,0.635,0.64,111
KXNBAGAME-25NOV05PHICLE-PHI,KXNBAGAME-25NOV05PHICLE,KXNBAGAME,game_winner,Philadelphia vs Cleveland Winner?,Philadelphia,Philadelphia,no,0,finalized,2025-11-03T19:06:00Z,2025-11-06T02:45:39.61635Z,2025-11-06T03:00:00Z,4605304.00,0.00,1762389000,expected_expiration-150m,1762389000,0.06,0.08,0.07,0.06,111
KXNBAGAME-25NOV05PHICLE-CLE,KXNBAGAME-25NOV05PHICLE,KXNBAGAME,game_winner,Philadelphia vs Cleveland Winner?,Cleveland,Cleveland,yes,1,finalized,2025-11-03T19:06:00Z,2025-11-06T02:45:39.61635Z,2025-11-06T03:00:00Z,1160301.00,0.00,1762389000,expected_expiration-150m,1762389000,0.93,0.94,0.935,0.94,111
KXNBAGAME-25NOV05WASBOS-BOS,KXNBAGAME-25NOV05WASBOS,KXNBAGAME,game_winner,Washington vs Boston Winner?,Boston,Boston,yes,1,finalized,2025-11-03T19:06:00Z,2025-11-06T03:05:14.907609Z,2025-11-06T03:30:00Z,532552.00,0.00,1762390800,expected_expiration-150m,1762390800,0.8,0.81,0.805,0.81,108
KXNBAGAME-25NOV05BKNIND-BKN,KXNBAGAME-25NOV05BKNIND,KXNBAGAME,game_winner,Brooklyn vs Indiana Winner?,Brooklyn,Brooklyn,yes,1,finalized,2025-11-03T19:06:00Z,2025-11-06T02:55:15.930779Z,2025-11-06T03:00:00Z,3104440.00,0.00,1762389000,expected_expiration-150m,1762389000,0.37,0.38,0.375,0.38,111
KXNBAGAME-25NOV04PHXGSW-PHX,KXNBAGAME-25NOV04PHXGSW,KXNBAGAME,game_winner,Phoenix vs Golden State Winner?,Phoenix,Phoenix,no,0,finalized,2025-11-02T22:08:00Z,2025-11-05T05:44:58.222264Z,2025-11-05T06:00:00Z,3888996.00,0.00,1762313400,expected_expiration-150m,1762313400,0.13,0.14,0.135,0.14,111
KXNBAGAME-25NOV04PHXGSW-GSW,KXNBAGAME-25NOV04PHXGSW,KXNBAGAME,game_winner,Phoenix vs Golden State Winner?,Golden State,Golden State,yes,1,finalized,2025-11-02T22:08:00Z,2025-11-05T05:44:58.222264Z,2025-11-05T06:00:00Z,1922000.00,0.00,1762313400,expected_expiration-150m,1762313400,0.87,0.88,0.875,0.88,111
KXNBAGAME-25NOV04PHICHI-PHI,KXNBAGAME-25NOV04PHICHI,KXNBAGAME,game_winner,Philadelphia vs Chicago Winner?,Philadelphia,Philadelphia,no,0,finalized,2025-11-02T19:07:00Z,2025-11-05T03:45:11.22461Z,2025-11-05T04:00:00Z,2679712.00,0.00,1762306200,expected_expiration-150m,1762306200,0.75,0.76,0.755,0.77,111
KXNBAGAME-25NOV05SASLAL-SAS,KXNBAGAME-25NOV05SASLAL,KXNBAGAME,game_winner,San Antonio vs Los Angeles Winner?,San Antonio,San Antonio,no,0,finalized,2025-11-03T22:07:00Z,2025-11-06T06:19:48.268222Z,2025-11-06T06:00:00Z,6683269.00,0.00,1762399800,expected_expiration-150m,1762399800,0.64,0.65,0.645,0.65,111
KXNBAGAME-25NOV05OKCPOR-POR,KXNBAGAME-25NOV05OKCPOR,KXNBAGAME,game_winner,Oklahoma City vs Portland Winner?,Portland,Portland,yes,1,finalized,2025-11-03T22:07:00Z,2025-11-06T06:04:55.074866Z,2025-11-06T06:00:00Z,3989983.00,0.00,1762399800,expected_expiration-150m,1762399800,0.21,0.22,0.215,0.22,110
KXNBAGAME-25NOV04ORLATL-ORL,KXNBAGAME-25NOV04ORLATL,KXNBAGAME,game_winner,Orlando vs Atlanta Winner?,Orlando,Orlando,no,0,finalized,2025-11-02T19:07:00Z,2025-11-05T04:09:58.191137Z,2025-11-05T04:00:00Z,2255887.00,0.00,1762306200,expected_expiration-150m,1762306200,0.54,0.55,0.545,0.56,111
KXNBAGAME-25NOV04ORLATL-ATL,KXNBAGAME-25NOV04ORLATL,KXNBAGAME,game_winner,Orlando vs Atlanta Winner?,Atlanta,Atlanta,yes,1,finalized,2025-11-02T19:07:00Z,2025-11-05T04:09:58.191137Z,2025-11-05T04:00:00Z,2213751.00,0.00,1762306200,expected_expiration-150m,1762306200,0.45,0.46,0.455,0.46,111
KXNBAGAME-25NOV04OKCLAC-OKC,KXNBAGAME-25NOV04OKCLAC,KXNBAGAME,game_winner,Oklahoma City vs LA Winner?,Oklahoma City,Oklahoma City,yes,1,finalized,2025-11-02T22:08:00Z,2025-11-05T06:44:56.102453Z,2025-11-05T07:00:00Z,5669155.00,0.00,1762317000,expected_expiration-150m,1762317000,0.63,0.64,0.635,0.63,111
KXNBAGAME-25NOV04MILTOR-TOR,KXNBAGAME-25NOV04MILTOR,KXNBAGAME,game_winner,Milwaukee vs Toronto Winner?,Toronto,Toronto,yes,1,finalized,2025-11-02T19:07:00Z,2025-11-05T03:10:13.263851Z,2025-11-05T03:30:00Z,1419104.00,0.00,1762304400,expected_expiration-150m,1762304400,0.59,0.6,0.595,0.61,111
KXNBAGAME-25NOV04OKCLAC-LAC,KXNBAGAME-25NOV04OKCLAC,KXNBAGAME,game_winner,Oklahoma City vs Los Angeles C Winner?,Los Angeles C,Los Angeles C,no,0,finalized,2025-11-02T22:08:00Z,2025-11-05T06:44:56.102453Z,2025-11-05T07:00:00Z,5816486.00,0.00,1762317000,expected_expiration-150m,1762317000,0.36,0.37,0.365,0.37,111
KXNBAGAME-25NOV04CHANOP-NOP,KXNBAGAME-25NOV04CHANOP,KXNBAGAME,game_winner,Charlotte vs New Orleans Winner?,New Orleans,New Orleans,yes,1,finalized,2025-11-02T19:07:00Z,2025-11-05T03:45:11.208375Z,2025-11-05T04:00:00Z,2124275.00,0.00,1762306200,expected_expiration-150m,1762306200,0.61,0.62,0.615,0.62,110
KXNBAGAME-25NOV05NOPDAL-NOP,KXNBAGAME-25NOV05NOPDAL,KXNBAGAME,game_winner,New Orleans vs Dallas Winner?,New Orleans,New Orleans,yes,1,finalized,2025-11-03T19:06:00Z,2025-11-06T04:00:21.0095Z,2025-11-06T04:30:00Z,3042582.00,0.00,1762394400,expected_expiration-150m,1762394400,0.4,0.41,0.405,0.41,107
KXNBAGAME-25NOV05NOPDAL-DAL,KXNBAGAME-25NOV05NOPDAL,KXNBAGAME,game_winner,New Orleans vs Dallas Winner?,Dallas,Dallas,no,0,finalized,2025-11-03T19:06:00Z,2025-11-06T04:00:21.0095Z,2025-11-06T04:30:00Z,3254528.00,0.00,1762394400,expected_expiration-150m,1762394400,0.59,0.6,0.595,0.6,109
KXNBAGAME-25NOV03SACDEN-SAC,KXNBAGAME-25NOV03SACDEN,KXNBAGAME,game_winner,Sacramento vs Denver Winner?,Sacramento,Sacramento,no,0,finalized,2025-11-01T20:07:00Z,2025-11-04T04:45:04.753085Z,2025-11-04T05:00:00Z,1293400.00,0.00,1762223400,expected_expiration-150m,1762223400,0.09,0.1,0.095,0.1,111
KXNBAGAME-25NOV03MIALAC-MIA,KXNBAGAME-25NOV03MIALAC,KXNBAGAME,game_winner,Miami vs LA Winner?,Miami,Miami,yes,1,finalized,2025-11-01T20:07:00Z,2025-11-04T06:09:52.367704Z,2025-11-04T06:30:00Z,5826698.00,0.00,1762228800,expected_expiration-150m,1762228800,0.28,0.29,0.28500000000000003,0.28,111
KXNBAGAME-25NOV03LALPOR-LAL,KXNBAGAME-25NOV03LALPOR,KXNBAGAME,game_winner,Los Angeles vs Portland Winner?,Los Angeles,Los Angeles,yes,1,finalized,2025-11-01T20:07:00Z,2025-11-04T05:39:53.430103Z,2025-11-04T06:00:00Z,6886565.00,0.00,1762227000,expected_expiration-150m,1762227000,0.17,0.2,0.185,0.2,111
KXNBAGAME-25NOV03SACDEN-DEN,KXNBAGAME-25NOV03SACDEN,KXNBAGAME,game_winner,Sacramento vs Denver Winner?,Denver,Denver,yes,1,finalized,2025-11-01T20:07:00Z,2025-11-04T04:45:04.753085Z,2025-11-04T05:00:00Z,904369.00,0.00,1762223400,expected_expiration-150m,1762223400,0.91,0.92,0.915,0.9,111
KXNBAGAME-25NOV04MILTOR-MIL,KXNBAGAME-25NOV04MILTOR,KXNBAGAME,game_winner,Milwaukee vs Toronto Winner?,Milwaukee,Milwaukee,no,0,finalized,2025-11-02T19:07:00Z,2025-11-05T03:10:13.263851Z,2025-11-05T03:30:00Z,4774695.00,0.00,1762304400,expected_expiration-150m,1762304400,0.38,0.4,0.39,0.4,111
KXNBAGAME-25NOV03DETMEM-MEM,KXNBAGAME-25NOV03DETMEM,KXNBAGAME,game_winner,Detroit vs Memphis Winner?,Memphis,Memphis,no,0,finalized,2025-11-01T17:07:00Z,2025-11-04T04:05:14.305653Z,2025-11-04T04:00:00Z,819146.00,0.00,1762219800,expected_expiration-150m,1762219800,0.33,0.34,0.335,0.34,111
KXNBAGAME-25NOV03DALHOU-HOU,KXNBAGAME-25NOV03DALHOU,KXNBAGAME,game_winner,Dallas vs Houston Winner?,Houston,Houston,yes,1,finalized,2025-11-01T17:07:00Z,2025-11-04T04:05:14.499747Z,2025-11-04T04:00:00Z,1192221.00,0.00,1762219800,expected_expiration-150m,1762219800,0.8,0.81,0.805,0.82,111
KXNBAGAME-25NOV03WASNYK-WAS,KXNBAGAME-25NOV03WASNYK,KXNBAGAME,game_winner,Washington vs New York K Winner?,Washington,Washington,no,0,finalized,2025-11-01T17:07:00Z,2025-11-04T03:30:34.793683Z,2025-11-04T03:30:00Z,702575.00,0.00,1762218000,expected_expiration-150m,1762218000,0.19,0.21,0.2,0.21,111
KXNBAGAME-25NOV03WASNYK-NYK,KXNBAGAME-25NOV03WASNYK,KXNBAGAME,game_winner,Washington vs New York K Winner?,New York K,New York K,yes,1,finalized,2025-11-01T17:07:00Z,2025-11-04T03:30:34.793683Z,2025-11-04T03:30:00Z,652848.00,0.00,1762218000,expected_expiration-150m,1762218000,0.79,0.81,0.8,0.81,111
KXNBAGAME-25NOV03UTABOS-UTA,KXNBAGAME-25NOV03UTABOS,KXNBAGAME,game_winner,Utah vs Boston Winner?,Utah,Utah,yes,1,finalized,2025-11-01T17:07:00Z,2025-11-04T03:35:20.987826Z,2025-11-04T03:30:00Z,2404042.00,0.00,1762218000,expected_expiration-150m,1762218000,0.12,0.13,0.125,0.13,111
KXNBAGAME-25NOV07DETBKN-DET,KXNBAGAME-25NOV07DETBKN,KXNBAGAME,game_winner,Detroit vs Brooklyn Winner?,Detroit,Detroit,yes,1,finalized,2025-11-06T07:06:00Z,2025-11-08T03:24:35.047494Z,2025-11-08T03:30:00Z,957389.00,0.00,1762563600,expected_expiration-150m,1762563600,0.71,0.72,0.715,0.72,111
KXNBAGAME-25NOV03LALPOR-POR,KXNBAGAME-25NOV03LALPOR,KXNBAGAME,game_winner,Los Angeles vs Portland Winner?,Portland,Portland,no,0,finalized,2025-11-01T20:07:00Z,2025-11-04T05:39:53.430103Z,2025-11-04T06:00:00Z,3518755.00,0.00,1762227000,expected_expiration-150m,1762227000,0.79,0.83,0.81,0.82,111
KXNBAGAME-25NOV03MILIND-MIL,KXNBAGAME-25NOV03MILIND,KXNBAGAME,game_winner,Milwaukee vs Indiana Winner?,Milwaukee,Milwaukee,yes,1,finalized,2025-11-01T17:07:00Z,2025-11-04T02:56:11.599185Z,2025-11-04T03:00:00Z,2917498.00,0.00,1762216200,expected_expiration-150m,1762216200,0.81,0.82,0.815,0.82,111
KXNBAGAME-25NOV03MILIND-IND,KXNBAGAME-25NOV03MILIND,KXNBAGAME,game_winner,Milwaukee vs Indiana Winner?,Indiana,Indiana,no,0,finalized,2025-11-01T17:07:00Z,2025-11-04T02:56:11.599185Z,2025-11-04T03:00:00Z,1767826.00,0.00,1762216200,expected_expiration-150m,1762216200,0.18,0.19,0.185,0.19,111
KXNBAGAME-25NOV04PHICHI-CHI,KXNBAGAME-25NOV04PHICHI,KXNBAGAME,game_winner,Philadelphia vs Chicago Winner?,Chicago,Chicago,yes,1,finalized,2025-11-02T19:07:00Z,2025-11-05T03:45:11.22461Z,2025-11-05T04:00:00Z,2903801.00,0.00,1762306200,expected_expiration-150m,1762306200,0.22,0.23,0.225,0.25,111
KXNBAGAME-25NOV02MIALAL-MIA,KXNBAGAME-25NOV02MIALAL,KXNBAGAME,game_winner,Miami vs Los Angeles Winner?,Miami,Miami,no,0,finalized,2025-10-31T20:06:00Z,2025-11-03T05:19:56.983983Z,2025-11-03T05:30:00Z,4139443.00,0.00,1762138800,expected_expiration-150m,1762138800,0.23,0.25,0.24,0.23,111
KXNBAGAME-25NOV03DALHOU-DAL,KXNBAGAME-25NOV03DALHOU,KXNBAGAME,game_winner,Dallas vs Houston Winner?,Dallas,Dallas,no,0,finalized,2025-11-01T17:07:00Z,2025-11-04T04:05:14.499747Z,2025-11-04T04:00:00Z,1891645.00,0.00,1762219800,expected_expiration-150m,1762219800,0.18,0.19,0.185,0.19,111
KXNBAGAME-25NOV03DETMEM-DET,KXNBAGAME-25NOV03DETMEM,KXNBAGAME,game_winner,Detroit vs Memphis Winner?,Detroit,Detroit,yes,1,finalized,2025-11-01T17:07:00Z,2025-11-04T04:05:14.305653Z,2025-11-04T04:00:00Z,862186.00,0.00,1762219800,expected_expiration-150m,1762219800,0.67,0.68,0.675,0.67,111
KXNBAGAME-25NOV02MIALAL-LAL,KXNBAGAME-25NOV02MIALAL,KXNBAGAME,game_winner,Miami vs Los Angeles Winner?,Los Angeles,Los Angeles,yes,1,finalized,2025-10-31T20:06:00Z,2025-11-03T05:19:56.983983Z,2025-11-03T05:30:00Z,5049529.00,0.00,1762138800,expected_expiration-150m,1762138800,0.76,0.77,0.765,0.77,111
KXNBAGAME-25NOV03UTABOS-BOS,KXNBAGAME-25NOV03UTABOS,KXNBAGAME,game_winner,Utah vs Boston Winner?,Boston,Boston,no,0,finalized,2025-11-01T17:07:00Z,2025-11-04T03:35:20.987826Z,2025-11-04T03:30:00Z,2367282.00,0.00,1762218000,expected_expiration-150m,1762218000,0.87,0.88,0.875,0.88,111
KXNBAGAME-25NOV02SASPHX-SAS,KXNBAGAME-25NOV02SASPHX,KXNBAGAME,game_winner,San Antonio vs Phoenix Winner?,San Antonio,San Antonio,no,0,finalized,2025-10-31T17:06:00Z,2025-11-03T03:39:53.748952Z,2025-11-03T04:00:00Z,4494937.00,0.00,1762133400,expected_expiration-150m,1762133400,0.47,0.49,0.48,0.49,111
KXNBAGAME-25NOV02CHINYK-NYK,KXNBAGAME-25NOV02CHINYK,KXNBAGAME,game_winner,Chicago vs New York K Winner?,New York K,New York K,yes,1,finalized,2025-10-31T17:06:00Z,2025-11-03T02:40:01.392695Z,2025-11-03T03:00:00Z,1324676.00,0.00,1762129800,expected_expiration-150m,1762129800,0.73,0.74,0.735,0.74,111
KXNBAGAME-25NOV04CHANOP-CHA,KXNBAGAME-25NOV04CHANOP,KXNBAGAME,game_winner,Charlotte vs New Orleans Winner?,Charlotte,Charlotte,no,0,finalized,2025-11-02T19:07:00Z,2025-11-05T03:45:11.208375Z,2025-11-05T04:00:00Z,2930949.00,0.00,1762306200,expected_expiration-150m,1762306200,0.37,0.38,0.375,0.38,111
KXNBAGAME-25NOV03MIALAC-LAC,KXNBAGAME-25NOV03MIALAC,KXNBAGAME,game_winner,Miami vs LA Winner?,LA,LA,no,0,finalized,2025-11-01T20:07:00Z,2025-11-04T06:09:52.367704Z,2025-11-04T06:30:00Z,4132870.00,0.00,1762228800,expected_expiration-150m,1762228800,0.71,0.72,0.715,0.73,111
KXNBAGAME-25NOV03MINBKN-MIN,KXNBAGAME-25NOV03MINBKN,KXNBAGAME,game_winner,Minnesota vs Brooklyn Winner?,Minnesota,Minnesota,yes,1,finalized,2025-11-01T17:07:00Z,2025-11-04T03:01:53.418389Z,2025-11-04T03:00:00Z,1267546.00,0.00,1762216200,expected_expiration-150m,1762216200,0.71,0.72,0.715,0.72,111
KXNBAGAME-25NOV02CHINYK-CHI,KXNBAGAME-25NOV02CHINYK,KXNBAGAME,game_winner,Chicago vs New York K Winner?,Chicago,Chicago,no,0,finalized,2025-10-31T17:06:00Z,2025-11-03T02:40:01.392695Z,2025-11-03T03:00:00Z,3514815.00,0.00,1762129800,expected_expiration-150m,1762129800,0.26,0.27,0.265,0.27,111
